username,country,score,date_written,positive,negative,tags
Montero,España,7.0,Escrito en 12 de diciembre de 2025,"Lo que mas me gustó fue la ubicación ya que no estabas en pleno centro, pero muy cerquita para llegar andando.","No me gustó pagar un precio de 4 personas por un apartamento, y que tengan un sofá cama, que menos mal que íbamos personas jóvenes, porque sino, es imposible dormir ahí, por lo incómodo que era. Y tampoco me gustó el parking, ya que es un añadido a la reserva, no es barato a mi parecer, y el primer día que llegamos un poco mas tarde, nos las vimos y nos las deseamos para poder aparcar.","['•Viaje de ocio', '•Familia con niños pequeños', '•Apartamento de 1 dormitorio', '•Estancia de 3 noches', '•Enviado por móvil']"
Gómez,España,7.0,Escrito en 11 de diciembre de 2025,,"En mi reserva pone escritorio, y no tuve, viajo por trabajo y era una necesidad, tuve que trabajar en la encimera de la isla de la cocina con sillas altas sin respaldo y he acabado con dolor de espalda.Tampoco había tostadora. Compre algo de pan para tostar y no lo pude hacer en la tostadora.","['•Viaje de negocios', '•Persona que viaja sola', '•Apartamento Estudio', '•Estancia de 2 noches']"
Cristina,España,9.0,Escrito en 10 de diciembre de 2025,"Ubicación excelente. Muy limpio, la cama muy cómoda.
La cocina pequeña pero tenía de todo, hasta lavavajillas y lavadora
Luminoso",Lo único malo fue que el nórdico del sofá cama era de 90cm cuando la cama era mucho más ancha,"['•Viaje de ocio', '•Familia con niños pequeños', '•Apartamento de 1 dormitorio', '•Estancia de 3 noches', '•Enviado por móvil']"
Manuel,España,10.0,Escrito en 8 de diciembre de 2025,Limpieza y decoración,Almohadas,"['•Viaje de ocio', '•Familia con niños pequeños', '•Apartamento de 1 dormitorio', '•Estancia de 2 noches', '•Enviado por móvil']"
Jose,España,8.0,Escrito en 8 de diciembre de 2025,"Me gusto, la limpieza, centrico. A 10 minutos ( o menos) del centro historico. Servicios como ( supermercado, cafeterias, restaurantes)  a 1 minuto","El tener que hacer el check-in uno mismo, aunque no me resulto complicado, creo que seria mucho mejor el que habria alguna persona para poder hacerlo .El tener la salida a las 11h, normalmente las salida suele ser entre las 12 y 13 horas, aunque comprendo que hay que realizar limpieza, pero una hora mas estaria muy bien. Y el no tener una consigna o un lugar para poder dejar maletas, bien como servicio del alojamiento o bien de pago.","['•Viaje de ocio', '•Grupo', '•Apartamento de 1 dormitorio', '•Estancia de 2 noches']"
Elalbarracin,España,7.0,Escrito en 8 de diciembre de 2025,Buena ubicación. Los baños perfectos. Las camas bien. El sofá cama una castaña.,El olor a humo de la habitación. Pero como no hay recepción no puedes protestar a nadie.,"['•Viaje de ocio', '•Familia con niños pequeños', '•Apartamento de 2 dormitorios', '•Estancia de 2 noches', '•Enviado por móvil']"
Gemma,España,8.0,Escrito en 7 de diciembre de 2025,"Todo, la ubicación, lo fácil que es acceder y lo bien comunicado que está con todo","Hacía muchísima calor, aunque es diciembre pero en el apartamento hacía mucha calor .. por todo para mi fué perfecto ! Lo único la calefacción demasiado alta","['•Viaje de ocio', '•Grupo', '•Apartamento de 1 dormitorio', '•Estancia de 1 noche', '•Enviado por móvil']"
Ane,España,9.0,Escrito en 3 de diciembre de 2025,Centrico y acogedor.,"Al ser el octavo piso las ventanas solo se abre en batiente, por lo que pasamos un poco de calor.","['•Viaje de negocios', '•Pareja', '•Apartamento de 1 dormitorio', '•Estancia de 5 noches', '•Enviado por móvil']"
Dolores,España,9.0,Escrito en 2 de diciembre de 2025,"La ubicación, la limpieza y la comodidad del apartamento. Muy fácil y muy rápido contactar con la conserjería 24 horas.",Nada,"['•Viaje de ocio', '•Pareja', '•Apartamento Estudio', '•Estancia de 3 noches', '•Enviado por móvil']"
Elixabete,España,8.0,Escrito en 2 de diciembre de 2025,,El sofa cama es muy incomodo.,"['•Viaje de ocio', '•Familia con niños pequeños', '•Apartamento de 2 dormitorios', '•Estancia de 2 noches', '•Enviado por móvil']"
Sanz,España,7.0,Escrito en 1 de diciembre de 2025,La ubicación,Un poco caro para lo que ofrece.,"['•Viaje de ocio', '•Pareja', '•Apartamento Estudio', '•Estancia de 5 noches', '•Enviado por móvil']"
Touriño,España,10.0,Escrito en 28 de noviembre de 2025,Nos encantó,Nos gusto todo,"['•Viaje de ocio', '•Familia con niños pequeños', '•Apartamento de 1 dormitorio', '•Estancia de 1 noche', '•Enviado por móvil']"
Gloriadp,España,7.0,Escrito en 23 de noviembre de 2025,"El apartamento en general, bien distribuido y con todo lo necesario. Buena ubicación. Personal amable.","El sofá cama era bastante incómodo,","['•Viaje de ocio', '•Familia con niños pequeños', '•Apartamento de 1 dormitorio', '•Estancia de 2 noches', '•Enviado por móvil']"
Arantxa,España,9.0,Escrito en 20 de noviembre de 2025,"Nos hospedamos con nuestra mascota y la sorpresa fue que nos pusieron una camita, y boles para la comida y elagua además de un poco de comida. Todo un detalle. Gracias.",,"['•Viaje de ocio', '•Pareja', '•Apartamento Estudio', '•Estancia de 1 noche', '•Enviado por móvil']"
Maria,España,8.0,Escrito en 16 de noviembre de 2025,"Bien ubicado. Bastante nuevo, la habitación principal cómoda.","Sofá cama incómodo y no dejan ropa de abrigo (mantas, etc) en noviembre. La falta de personal hace perder calidez a la estancia y detalles como poder dejar el coche en el parking un ratito más resulten imposibles.","['•Viaje de ocio', '•Grupo', '•Apartamento de 1 dormitorio', '•Estancia de 2 noches', '•Enviado por móvil']"
Rocio,España,10.0,Escrito en 16 de noviembre de 2025,"Estaba todo muy limpio, lo cual se agradece muchísimo, pack de bienvenida, más que de agradecer se nota la calidad de la habitación solo entrar. Para nosotros un 10, de echo, volvemos en una dos o tres semanas",,"['•Viaje de ocio', '•Familia con niños pequeños', '•Apartamento de 1 dormitorio', '•Estancia de 1 noche', '•Enviado por móvil']"
Marisa,España,9.0,Escrito en 15 de noviembre de 2025,"Muy buena ubicación, comodidad y buen trato",La única pega el sofá cama,"['•Viaje de ocio', '•Familia con niños pequeños', '•Apartamento de 1 dormitorio', '•Estancia de 5 noches', '•Enviado por móvil']"
Miriam,España,8.0,Escrito en 9 de noviembre de 2025,"La ubicación, se aparca fácil por la zona. Para ir en familia haces uso de la cocina y lavadora.","No había detergente para la lavadora ni lavavajillas, pedimos y no les quedaba. En 7 días no pasaron a limpiar ninguna vez.","['•Viaje de ocio', '•Familia con niños pequeños', '•Apartamento de 1 dormitorio', '•Estancia de 7 noches', '•Enviado por móvil']"
Vanesa,España,8.0,Escrito en 9 de noviembre de 2025,La ubicación a 10 minutos del centro.,Sofá cama un poco incómodo.,"['•Viaje de ocio', '•Familia con niños pequeños', '•Apartamento de 1 dormitorio', '•Estancia de 1 noche', '•Enviado por móvil']"
Gema,España,10.0,Escrito en 9 de noviembre de 2025,Excelente,Si,"['•Viaje de ocio', '•Grupo', '•Apartamento de 1 dormitorio', '•Estancia de 2 noches', '•Enviado por móvil']"
Felipe,España,10.0,Escrito en 8 de noviembre de 2025,Muy confortable y con detalles,La calefacción estaba muy alta,"['•Viaje de ocio', '•Familia con niños pequeños', '•Apartamento de 2 dormitorios', '•Estancia de 1 noche', '•Enviado por móvil']"
Mar,España,8.0,Escrito en 2 de noviembre de 2025,"Me gustó el detalle del regalo ,la caja con snack.",,"['•Viaje de ocio', '•Familia con niños pequeños', '•Apartamento Estudio', '•Estancia de 1 noche', '•Enviado por móvil']"
Maite,España,8.0,Escrito en 31 de octubre de 2025,"Un  bonito apartamento perfecto para visitar Vitoria y los alredederes. Bien situado, y bien equipado. Recepción virtual 24/7 fácil de utilizar.",Hemos echado en falta algo más de menaje en la cocina.,"['•Viaje de ocio', '•Familia con niños pequeños', '•Apartamento de 1 dormitorio', '•Estancia de 3 noches', '•Enviado por móvil']"
Alexandra,Colombia,10.0,Escrito en 31 de octubre de 2025,Seguridad u comodidad súper impecables ubicación 10/10,,"['•Viaje de negocios', '•Pareja', '•Apartamento de 2 dormitorios', '•Estancia de 3 noches', '•Enviado por móvil']"
Enrique,España,10.0,Escrito en 30 de agosto de 2025,"Ubicación muy buena, apartamento muy cómodo y excelente para viajar con perro",,"['•Viaje de ocio', '•Familia con niños pequeños', '•Apartamento de 1 dormitorio', '•Estancia de 4 noches', '•Enviado por móvil']"
Rincon,España,9.0,Escrito en 30 de agosto de 2025,La instalación  y la atención muy bien.,,"['•Viaje de ocio', '•Familia con niños pequeños', '•Apartamento de 1 dormitorio', '•Estancia de 1 noche', '•Enviado por móvil']"
Carol,España,8.0,Escrito en 29 de agosto de 2025,"Todo impecable, limpio, cómodo, bonito, muy céntrico, acceso fácil y automatizado...",La única pega es que me parece caro.,"['•Viaje de ocio', '•Familia con niños pequeños', '•Apartamento de 1 dormitorio', '•Estancia de 1 noche', '•Enviado por móvil']"
Blanca,España,10.0,Escrito en 29 de agosto de 2025,"Limpieza, ubicación y silencio",,"['•Viaje de ocio', '•Familia con niños pequeños', '•Apartamento de 1 dormitorio', '•Estancia de 3 noches', '•Enviado por móvil']"
Laura,España,9.0,Escrito en 29 de agosto de 2025,La limpieza y ubicación.,Se echa en parte una cara visible del alojamiento.,"['•Viaje de ocio', '•Familia con niños pequeños', '•Apartamento de 1 dormitorio', '•Estancia de 5 noches']"
Omisae,España,10.0,Escrito en 29 de agosto de 2025,La limpieza,,"['•Viaje de negocios', '•Familia con niños pequeños', '•Apartamento de 2 dormitorios', '•Estancia de 12 noches', '•Enviado por móvil']"
Carlos,España,8.0,Escrito en 28 de agosto de 2025,Ubicación,La cama del sofá,"['•Viaje de ocio', '•Familia con niños pequeños', '•Apartamento de 1 dormitorio', '•Estancia de 1 noche', '•Enviado por móvil']"
Gabriela,España,9.0,Escrito en 28 de agosto de 2025,"La comodidad del apartamento. Acogedor y amplio
Su ubicación.","El check-in,  para mi gusto, un poco tarde, hasta las 15:00h no es posible entrar y sin posibilidad de dejar las maletas en el hotel si llegas antes.","['•Viaje de ocio', '•Familia con niños pequeños', '•Apartamento de 1 dormitorio', '•Estancia de 1 noche', '•Enviado por móvil']"
Gilberto,España,10.0,Escrito en 28 de agosto de 2025,La comodidad y amplitud de las estancias,Nada,"['•Viaje de ocio', '•Persona que viaja sola', '•Apartamento de 2 dormitorios', '•Estancia de 3 noches', '•Enviado por móvil']"
Carlos,España,9.0,Escrito en 27 de agosto de 2025,"Muy cerca del centro, limpio y comodo",El sistema de apertura con código es incómodo,"['•Viaje de ocio', '•Familia con niños pequeños', '•Apartamento de 2 dormitorios', '•Estancia de 1 noche', '•Enviado por móvil']"
Manuel,España,9.0,Escrito en 27 de agosto de 2025,"Está ubicado en una zona tranquila donde se encuentra fácilmente aparcamiento. Además, está a 10 minutos andando del centro.",El sofá cama no es cómodo.,"['•Viaje de ocio', '•Familia con niños pequeños', '•Apartamento de 1 dormitorio', '•Estancia de 3 noches', '•Enviado por móvil']"
Eduardo,España,8.0,Escrito en 25 de agosto de 2025,La amplitud,No te ayudan con el check in,"['•Viaje de ocio', '•Familia con niños pequeños', '•Apartamento de 1 dormitorio', '•Estancia de 1 noche', '•Enviado por móvil']"
Estrella,España,8.0,Escrito en 25 de agosto de 2025,"La ubicación, limpieza del apartamento, silencia y desayuno","Por ponerle una pega, cuando abres el sofá cama queda muy estrecho y no se puede pasar","['•Viaje de ocio', '•Familia con niños pequeños', '•Apartamento de 1 dormitorio', '•Estancia de 1 noche', '•Enviado por móvil']"
Rubio-bañón,España,8.0,Escrito en 25 de agosto de 2025,Las instalaciones eran muy buenas y muy céntrico,"La limpieza del apartamento, estuvimos cinco noches y no nos cambiaron las toallas ni limpiaron la habitación.","['•Viaje de ocio', '•Grupo', '•Apartamento de 1 dormitorio', '•Estancia de 1 noche']"
Elena,España,8.0,Escrito en 23 de agosto de 2025,"El personal fue muy amable  y la ubicación es fantástica. A 10 minutos  a pie del centro histórico de Vitoria.
El apartamento para 5 personas es espacioso y estaba muy limpio.",El sofa-cama es bastante incómodo para dormir en él. Tuve que pedir material de limpieza como pastilla para el lavavajillas y trapo de cocina porque no estaba en la habitación. Aunque es verdad que la recepcionista me los proporcionó inmediatamente.,"['•Familia con niños pequeños', '•Apartamento de 2 dormitorios', '•Estancia de 1 noche', '•Enviado por móvil']"
Loli,España,8.0,Escrito en 23 de agosto de 2025,"La ubicacion y que aunque haya parking, se puede aparcar con suerte fuera
El apartamento está nuevo y tiene de casi todo","Que no tuviera una escoba para poder recoger lo básico, ni escobilla de wc, así como algo para fregar los cacharros, cosa que hoy día hay en casi todos los apartamentos turísticos
En mi caso con pelo largo he tenido que recoger los pelos con algo de papel","['•Viaje de ocio', '•Familia con niños pequeños', '•Apartamento de 1 dormitorio', '•Estancia de 4 noches', '•Enviado por móvil']"
Andrea,España,9.0,Escrito en 23 de agosto de 2025,"Me pareció muy cómodo el check-in online y autónomo. Muy bien el parking en el edificio. Genial ubicación, muy cómoda.
El apartamento bien decorado y equipado, para unos días genial.","Difícil contar con alguien si se necesita, demasiado autónomo todo. Vistas feas","['•Viaje de ocio', '•Familia con niños pequeños', '•Apartamento de 1 dormitorio', '•Estancia de 1 noche', '•Enviado por móvil']"
Laura,España,10.0,Escrito en 23 de agosto de 2025,"Es un edificio entero dividido en apartamentos. Hay personal de asistencia durante el día, en recepción, y asistencia on line o telefónica por la noche. En todo momento, nuestras dudas fueron resueltas. Las instalaciones son nuevas, de excelente calidad, insonorizado todo y la limpieza excelente. Y la ubicación es perfecta. Es una avenida grande con comercio y lugares donde desayunar. En 5 minutos andando se accede al casco viejo de Vitoria.","Éramos cuatro y, para el sofá cama, sólo había 1 almohada. El colchón se hundía un poco hacia el centro, pero estuvimos sólo una noche y es asumible.","['•Viaje de ocio', '•Grupo', '•Apartamento de 1 dormitorio', '•Estancia de 1 noche']"
Amelia,España,8.0,Escrito en 22 de agosto de 2025,Que estaba muy limpio y era todo nuevo y espacioso.,"Que no había ningún utensilio para la limpieza del hogar, escoba, mocho, bayeta, ademanes había un lavaplatos pero no había ninguna pastilla, ni estropajo ni jabón para lavar los platos, por lo que si querías barrer o fregar tenías que comprar las cosas para hacerlo.","['•Viaje de ocio', '•Familia con niños pequeños', '•Apartamento de 2 dormitorios', '•Estancia de 4 noches', '•Enviado por móvil']"
Raquel,España,9.0,Escrito en 22 de agosto de 2025,Me encantó el detalle de bienvenida para el perrete 😄,,"['•Viaje de ocio', '•Pareja', '•Apartamento Estudio', '•Estancia de 5 noches', '•Enviado por móvil']"
Juan,España,9.0,Escrito en 22 de agosto de 2025,"Apartamento agradable, muy nuevo todo, tranquilo , limpio y cómodo",El sofá cama no era tan cómodo como esperábamos y que no hubiera ni un pequeño estropajo + jabón para poder lavar vajilla,"['•Viaje de ocio', '•Grupo', '•Apartamento de 1 dormitorio', '•Estancia de 2 noches']"
Rodríguez,España,8.0,Escrito en 21 de agosto de 2025,La ubicación.,Era un apartamento en la planta primera y en lugar de hacia la avenida estaba orientado hacia atrás dando a una confluencia de patios de otros edificios altos y ésto hacía que el apartamento tuviera poca luz.,"['•Viaje de ocio', '•Familia con niños pequeños', '•Apartamento de 2 dormitorios', '•Estancia de 3 noches', '•Enviado por móvil']"
Federico,España,8.0,Escrito en 20 de agosto de 2025,La habitación es muy cómoda en general,,"['•Viaje de ocio', '•Pareja', '•Apartamento Estudio', '•Estancia de 1 noche', '•Enviado por móvil']"
Francisco,España,9.0,Escrito en 20 de agosto de 2025,,El sofá cama no era comodo,"['•Viaje de ocio', '•Familia con niños pequeños', '•Apartamento de 1 dormitorio', '•Estancia de 4 noches', '•Enviado por móvil']"
Gemma,España,9.0,Escrito en 19 de agosto de 2025,Estaba todo perfecto,Caro,"['•Viaje de ocio', '•Familia con niños pequeños', '•Apartamento de 1 dormitorio', '•Estancia de 1 noche', '•Enviado por móvil']"
Jose,España,9.0,Escrito en 27 de julio de 2025,Ubicación y equipamiento,"La nevera, por la parte posterior, a veces vibraba en exceso","['•Viaje de ocio', '•Familia con niños pequeños', '•Apartamento de 1 dormitorio', '•Estancia de 2 noches']"
Sara,España,9.0,Escrito en 27 de julio de 2025,"Un apartamento bonito y moderno ideal para viajar una familia de cuatro miembros algunos días. Equipada con una cocina totalmente nueva con todos los pequeños electrodomésticos modernísimos. 
Cuenta con un dormitorio con armario y cómoda de tres cajones y una cama muy confortable, tanto colchón como almohadas. El sofá cama del salón quizás no tan cómodo, pero adecuado para dos niños o adolescentes.","Echamos en falta más luz artificial sobre todo en el baño y la falta estropajo, bayeta, una escoba con recogedor y fregona con cubo para mantener limpio el apartamento durante nuestra estancia.","['•Viaje de ocio', '•Familia con niños pequeños', '•Apartamento de 1 dormitorio', '•Estancia de 4 noches', '•Enviado por móvil']"
Sergio,España,9.0,Escrito en 26 de julio de 2025,"Es un apartahotel muy comodo, bien ubicado y muy limpio. Con cocina bien equipada. Los muebles y el apartamento muy nuevo. Se entra fácil de manera on lline, con la clave que te envían o su aplicación. Y el garage, aunque de pago, es un punto a favor de la instalación.","Por decir algo, que no había cafetera en la cocina.
La echamos en falta.","['•Viaje de ocio', '•Familia con niños pequeños', '•Apartamento de 1 dormitorio', '•Estancia de 2 noches', '•Enviado por móvil']"
Pedro,España,8.0,Escrito en 25 de julio de 2025,"Muy nuevo y todo lo necesario para unos dias, buena ubicación.",El sofá cama muy incómodo para dos personas,"['•Viaje de ocio', '•Grupo', '•Apartamento de 1 dormitorio', '•Estancia de 5 noches', '•Enviado por móvil']"
Laura,España,9.0,Escrito en 25 de julio de 2025,Luminoso..céntrico..muy bien equipado..nos obsequiaron con dos botellas de agua y un snack y un pack de limpieza..cama y sofá cama muy cómodo..no vimos a nadie del personal..rodeado de bares y cafeterías muy ricas,Tuvimos un poco de dificultad al abrir la puerta del edificio pero se resolvió sin problema,"['•Viaje de ocio', '•Familia con niños pequeños', '•Apartamento de 1 dormitorio', '•Estancia de 1 noche', '•Enviado por móvil']"
Ceballos,España,8.0,Escrito en 25 de julio de 2025,,No me gustó que no tienen persianas y entra claridad a las habitaciones.,"['•Viaje de ocio', '•Familia con niños pequeños', '•Apartamento de 1 dormitorio', '•Estancia de 1 noche', '•Enviado por móvil']"
Maria,España,7.0,Escrito en 25 de julio de 2025,"Muy bien ubicado, muy bien equipado, con lavadora, lavavajillas, horno microondas... decoración muy moderna y apartamento amplio, cafeterías para desayunar y en la misma calle hay zona de aparcamiwnto gratuito.",Que el sofá  se hundía cuando te sentabas y las tapicerias de sillones y cojines estaba con cercos de manchas al igual.que una de las fundas de almohada interiores que tenia unos cercos amarillos increibles de suciedad.,"['•Viaje de ocio', '•Familia con niños pequeños', '•Apartamento de 1 dormitorio', '•Estancia de 1 noche', '•Enviado por móvil']"
Noelia,España,9.0,Escrito en 25 de julio de 2025,Estaba muy cuidado.,Que no tuviera una escoba ni fregona,"['•Familia con niños pequeños', '•Apartamento con terraza', '•Estancia de 2 noches', '•Enviado por móvil']"
M,España,8.0,Escrito en 25 de julio de 2025,"Esta a 10 mins de la catedral de Vitoria, es una finca de pisos turísticos que están muy limpios y nuevos y se accede con código",El sofá cama era horrible....no es nada intuitivo para abrirlo y se cerraba cada dos por tres..no descansaron nada las personas que durmieron ahí,"['•Viaje de ocio', '•Familia con niños pequeños', '•Apartamento de 1 dormitorio', '•Estancia de 1 noche', '•Enviado por móvil']"
María,España,8.0,Escrito en 25 de julio de 2025,"Bonito, buena ubicación, cocina bien equipada, buen detalle de bienvenida y el kit de limpieza.","Eché de menos una escoba y recogedor en el apartamento para el día a día a parte de la limpieza que se haga por parte de la empresa.
El sofá cama es incómodo para dormir más de un día.","['•Viaje de ocio', '•Familia con niños pequeños', '•Apartamento de 1 dormitorio', '•Estancia de 3 noches', '•Enviado por móvil']"
Aurora,España,8.0,Escrito en 25 de julio de 2025,"Mal el horario de entradas,,debe ser cuando el cliente llegue, sea 8hs , 12"",,,,o 3de la mañanas, cada usuario es diferente y su estancia termina en 24hs, no cuando ustedes digan,,un  hotel está para éso dar servicio de hospedaje, no a su conveniencia,, mucho ruido las hb de frente a la calle gastéiz,,debería tener otro tipo de ventanas.","Garaje y desayunos, por el precio de estancia, debería incluir","['•Familia con niños pequeños', '•Apartamento de 1 dormitorio', '•Estancia de 2 noches', '•Enviado por móvil']"
Teresa,España,7.0,Escrito en 24 de julio de 2025,"La ubicación y la comodidad de tener parking a 14€/día. Estaba todo muy bien equipado, con un kit de bienvenida y un kit de limpieza, el apartamento tiene todo lo necesario para estar en Vitoria unos días. Para los precios que hay de alojamientos en el País Vasco en general, este está muy bien.",El check in y todo el acceso al hotel es digital. Tener que estar poniendo el código para abrir cada puerta es un poco jaleo pero bueno. El sofá cama deberían renovarlo...,"['•Viaje de ocio', '•Familia con niños pequeños', '•Apartamento de 1 dormitorio', '•Estancia de 2 noches']"
Monica,España,7.0,Escrito en 24 de julio de 2025,Ubicación y lavabo y cama habitación muy cómoda,"Sofá cama incómodo, aire solo iba en la habitación y faltaba la plancha para la ropa","['•Familia con niños pequeños', '•Apartamento de 1 dormitorio', '•Estancia de 2 noches', '•Enviado por móvil']"
Alberto,España,10.0,Escrito en 23 de julio de 2025,"Espectacular apartamento, nuevo,bien equipado ,muy limpio, centrico",Nada,"['•Viaje de ocio', '•Familia con niños pequeños', '•Apartamento de 1 dormitorio', '•Estancia de 2 noches', '•Enviado por móvil']"
Samaniegomiron,España,7.0,Escrito en 22 de julio de 2025,"El apartamento muy bonito, amplio, bien decorado y equipado con casi de todo, bien climatizado, las camas cómodas, incluso el sofá cama, lo mejor la ubicación y el parking al lado aunque debes contratarlo como extra.","Todos los extras que hay, si quieres que te cambien las sabanas y toallas un extra de 37 euros, no había cepillo ni recogedor para barrer pequeñas cosas supongo para que se necesite contratar el servicio de limpieza extra.El sistema de acceso con códigos da muchos problemas, nos fallaba mucho.El menaje de la cocina es muy escaso, solo había un cazo una cazuela grande y un escurridor de pasta, se hubiera agradecido tener una pequeña sartén para hacer una tortilla.","['•Viaje de ocio', '•Familia con niños pequeños', '•Apartamento de 1 dormitorio', '•Estancia de 6 noches']"
Texenery,España,9.0,Escrito en 22 de julio de 2025,Es muy cómodo y moderno.,Ni un mísero detalle en la habitación. El sofá cama bastante incómodo.,"['•Viaje de ocio', '•Grupo', '•Apartamento de 2 dormitorios', '•Estancia de 1 noche']"
Maria,España,10.0,Escrito en 21 de julio de 2025,"Todo perfecto, muy limpio y todo muy bien organizado. esta a 15 minutos del centro caminando.",Me gusto todo,"['•Viaje de ocio', '•Familia con niños pequeños', '•Apartamento de 1 dormitorio', '•Estancia de 1 noche', '•Enviado por móvil']"
Carlos,España,10.0,Escrito en 21 de julio de 2025,"Ubicacion espectacular, sin necesidad de coger transporte para vsisitar la ciudad.",,"['•Viaje de ocio', '•Familia con niños pequeños', '•Apartamento de 1 dormitorio', '•Estancia de 5 noches']"
Maria,España,9.0,Escrito en 21 de julio de 2025,Camas y diseño,,"['•Viaje de ocio', '•Grupo', '•Apartamento de 1 dormitorio', '•Estancia de 2 noches', '•Enviado por móvil']"
Juan,España,8.0,Escrito en 20 de julio de 2025,"Buena ubicación, cerca del centro. 
Parking gratuito en la calle.
Moderno, bien equipado.
Cómodo. Abundantes cajones para ropa.","Imposible check-in antes de las 15:00h sin pagar extra.
No hay nadie en recepción para atender.
Código de acceso largo.
Prefiero trato personal, no virtual.
Imposibilidad de pagar en efectivo.","['•Viaje de ocio', '•Familia con niños pequeños', '•Apartamento de 1 dormitorio', '•Estancia de 2 noches', '•Enviado por móvil']"
Yolanda,España,10.0,Escrito en 20 de julio de 2025,Para una noche q era de paso bastante bien,,"['•Viaje de ocio', '•Familia con niños pequeños', '•Apartamento de 2 dormitorios', '•Estancia de 1 noche', '•Enviado por móvil']"
Ana,España,8.0,Escrito en 20 de julio de 2025,Nuevo y céntrico.,El colchón del sofá cama de la 509 tienen que cambiarlo porque se hunde y se notan los muelles. No se puede descansar.,"['•Viaje de ocio', '•Familia con niños pequeños', '•Apartamento de 1 dormitorio', '•Estancia de 2 noches', '•Enviado por móvil']"
Raul,España,10.0,Escrito en 20 de julio de 2025,El apartamento muy nuevo y limpio,Las almohadas,"['•Viaje de ocio', '•Familia con niños pequeños', '•Apartamento de 1 dormitorio', '•Estancia de 1 noche', '•Enviado por móvil']"
Maradelxcis,España,10.0,Escrito en 19 de julio de 2025,"La ubicación y las instalaciones eran inmejorables. Cuando vuelva a Vitoria repetiré. Las camas comodisimas, el baño espectacular 👌",,"['•Familia con niños pequeños', '•Apartamento de 1 dormitorio', '•Estancia de 1 noche', '•Enviado por móvil']"
Jagoba,España,9.0,Escrito en 19 de julio de 2025,Todo perfecto,,"['•Viaje de ocio', '•Pareja', '•Apartamento de 1 dormitorio', '•Estancia de 1 noche', '•Enviado por móvil']"
Koldo,España,9.0,Escrito en 24 de mayo de 2025,Si,Todo,"['•Viaje de ocio', '•Familia con niños pequeños', '•Apartamento de 1 dormitorio', '•Estancia de 2 noches', '•Enviado por móvil']"
Orenes,España,10.0,Escrito en 24 de mayo de 2025,Apartamento,La gestión de la entrada,"['•Viaje de ocio', '•Pareja', '•Apartamento de 2 dormitorios', '•Estancia de 1 noche', '•Enviado por móvil']"
Enol,España,8.0,Escrito en 23 de mayo de 2025,Las habitaciones,La ubicación,"['•Viaje de ocio', '•Familia con niños pequeños', '•Apartamento de 1 dormitorio', '•Estancia de 2 noches', '•Enviado por móvil']"
Maite,España,8.0,Escrito en 23 de mayo de 2025,La limpieza y la ubicación. Decorado con gusto.,"Muy pocos detalles en el apartamento, menaje escueto, no dejan ni un rollo de servilletas por si lo puedes necesitar.","['•Viaje de ocio', '•Grupo de amigos', '•Apartamento de 1 dormitorio', '•Estancia de 1 noche', '•Enviado por móvil']"
Jose,España,9.0,Escrito en 22 de mayo de 2025,"El apartamento, la ubicación y la app del apartamento",,"['•Viaje de ocio', '•Familia con niños pequeños', '•Apartamento Estudio', '•Estancia de 2 noches', '•Enviado por móvil']"
Paya,España,9.0,Escrito en 21 de mayo de 2025,Estaba muy limpio  es cómodo y muy centrico,No había fregona ni escoba y recogedor y falta de mantenimiento,"['•Familia con niños pequeños', '•Apartamento Estudio', '•Estancia de 5 noches', '•Enviado por móvil']"
Silvia,España,7.0,Escrito en 21 de mayo de 2025,"Lo mejor fue la ubicación, facilidad en contactar con el alojamiento y la atención del personal. La amplitud de las habitaciones y luminosidad un plus.",EL sofa-cama del apartamento resultó muy incómodo.,"['•Viaje de ocio', '•Familia con niños pequeños', '•Apartamento de 1 dormitorio', '•Estancia de 1 noche']"
Dolores,España,9.0,Escrito en 21 de mayo de 2025,"El alojamiento en si y la ubicación ...la limpieza,todo muy nuevo",Todo bien,"['•Viaje de ocio', '•Pareja', '•Apartamento de 1 dormitorio', '•Estancia de 1 noche', '•Enviado por móvil']"
Jose,España,9.0,Escrito en 19 de mayo de 2025,"La ubicación, muy cerca del centro y al lado de un Supermercado. La cama amplia y muy cómoda.","Echamos en falta mocho, recogedor y escoba para la limpieza 🧹 del apartamento o quizá un pequeño aspirador.
Bastante complicado aparcar en la zona.","['•Viaje de ocio', '•Pareja', '•Apartamento de 1 dormitorio', '•Estancia de 3 noches', '•Enviado por móvil']"
Tomas,España,8.0,Escrito en 15 de mayo de 2025,Ubicacion,Que en las imágenes de la reserva el apartamento tenía terraza y en realidad no la tenía.,"['•Viaje de ocio', '•Familia con niños pequeños', '•Apartamento Estudio', '•Estancia de 1 noche', '•Enviado por móvil']"
Ariadna,España,10.0,Escrito en 15 de mayo de 2025,apartamento muy nuevo. todo en perfecto estado. limpieza espectacular. moderno y luminoso. bien equipado. tiene un día justo encima que facilita poder comprar. se aparca en la calle sin pagar.,me gustó todo de este apartamento.,"['•Viaje de ocio', '•Familia con niños pequeños', '•Apartamento de 2 dormitorios', '•Estancia de 1 noche', '•Enviado por móvil']"
Patricia,España,10.0,Escrito en 14 de mayo de 2025,"nos gustó mucho el alojamiento. Tenía de todo, muy completo. Las camas muy cómodas y cerca del centro.hay supermercados cerca y muchos bares y tiendas.nos dejaron un detalle al llegar y se agradece.volveremos sin duda.",nada,"['•Viaje de ocio', '•Familia con niños pequeños', '•Apartamento de 1 dormitorio', '•Estancia de 1 noche']"
Julio,España,9.0,Escrito en 12 de mayo de 2025,La ubicación,El sofá cama un poco incómodo,"['•Viaje de ocio', '•Grupo', '•Apartamento de 1 dormitorio', '•Estancia de 2 noches', '•Enviado por móvil']"
Inéscg19,España,10.0,Escrito en 12 de mayo de 2025,"La ubicación era perfecta, en el centro de la ciudad.",,"['•Viaje de ocio', '•Familia con niños pequeños', '•Apartamento de 1 dormitorio', '•Estancia de 3 noches', '•Enviado por móvil']"
Alvaizq,España,8.0,Escrito en 12 de mayo de 2025,"La ubicación, muy cerca del centro pero zona tranquila. Todo muy limpio y ordenado. Se nota desgaste en la habitación pero nada fuera de lo normal.","El precio, no sé si era por la maratón pero, a pesar de estar muy bien, me parece un precio exagerado.","['•Viaje de ocio', '•Familia con niños pequeños', '•Apartamento de 1 dormitorio', '•Estancia de 1 noche']"
Eder,España,10.0,Escrito en 12 de mayo de 2025,"Todas las estancias, la facilidad de contactar con personal del hotel y la limpieza",El sofá cama quizás era demasiado básico para el precio pagado,"['•Viaje de ocio', '•Familia con niños pequeños', '•Apartamento de 1 dormitorio', '•Estancia de 1 noche', '•Enviado por móvil']"
Noelia,España,8.0,Escrito en 11 de mayo de 2025,el apartamento tenía todo lo necesario y era muy bonito.,"el horario de check in a las 15, pero si pagas puedes entrar a las 12. y check out a las 11, pero pagando puedes salir más tarde....la calefacción no se podía bajar, había 25°C en la habitación y no tuvimos manera de bajarla.","['•Viaje de ocio', '•Familia con niños pequeños', '•Apartamento de 1 dormitorio', '•Estancia de 1 noche', '•Enviado por móvil']"
Andreina,España,10.0,Escrito en 10 de mayo de 2025,Cocina y baños 10/10,El sofá el salón sus asientos estaban un poco dañados,"['•Viaje de ocio', '•Familia con niños pequeños', '•Apartamento de 2 dormitorios', '•Estancia de 1 noche', '•Enviado por móvil']"
Gutiérrez,España,10.0,Escrito en 9 de mayo de 2025,"Todo, la limpieza,la comodidad,la ubicación",,"['•Viaje de ocio', '•Familia con niños pequeños', '•Apartamento de 1 dormitorio', '•Estancia de 1 noche', '•Enviado por móvil']"
M,España,8.0,Escrito en 9 de mayo de 2025,"Limpieza y comodidad, incluso la localización","Es sistema de check in va muy mal, es desesperante, el link y la web no funcionaban bien, menos mal que salió de un cuarto en la entrada uno de los personal y nos lo hizo través de su tablet.","['•Viaje de ocio', '•Pareja', '•Apartamento de 1 dormitorio', '•Estancia de 1 noche', '•Enviado por móvil']"
Pedro,España,10.0,Escrito en 7 de mayo de 2025,Funcionalidad y ubicación.,,"['•Viaje de ocio', '•Familia con niños pequeños', '•Apartamento Estudio', '•Estancia de 2 noches', '•Enviado por móvil']"
Jose,España,8.0,Escrito en 6 de mayo de 2025,Muy bien ubicado,Esta subiendo de precio poco a poco,"['•Viaje de ocio', '•Pareja', '•Apartamento Estudio', '•Estancia de 1 noche', '•Enviado por móvil']"
Laura,España,9.0,Escrito en 4 de mayo de 2025,"Me gustó la limpieza y orden además de la ubicación. La temperatura interior, y la calidez del sitio.",,"['•Viaje de ocio', '•Familia con niños pequeños', '•Apartamento de 1 dormitorio', '•Estancia de 3 noches', '•Enviado por móvil']"
Rubén,España,9.0,Escrito en 4 de mayo de 2025,Todo muy nuevo y limpio,,"['•Viaje de ocio', '•Pareja', '•Apartamento Estudio', '•Estancia de 4 noches', '•Enviado por móvil']"
José,España,9.0,Escrito en 4 de mayo de 2025,a 10 minutos del casco histórico de Vitoria por lo que te podias desplazar andando. La habitación es amplia y con todas las comodidades.,"Fráncamente y viendo la oferta hotelera en Vitoria, en general los precios son bastante más elevados que en otras ciudades. Por más de 160€ la noche puedes encontrar hoteles de hasta 5 estrellas y con todos los servicios (recepción, cafeteria, ...)en otras ciudades de mayor importancia turísticamente hablando. De hecho, venia desde Burgos y acababa de pagar 67€ la noche en un hotel céntrico de 4*.","['•Viaje de ocio', '•Pareja', '•Apartamento Estudio', '•Estancia de 2 noches']"
Carlos,España,7.0,Escrito en 3 de marzo de 2025,La ubicación y la facilidad para el chekin,"Poca o ninguna flexibilidad en los horarios. Después de pagar 24h de parking, tienes q salir antes de las 11:00La relación calidad/precio no se corresponde","['•Viaje de ocio', '•Pareja', '•Apartamento de 1 dormitorio', '•Estancia de 1 noche', '•Enviado por móvil']"
Teresa,España,7.0,Escrito en 3 de marzo de 2025,Los apartamentos son cómodos y el acceso a las instalaciones es muy sencillo. La limpieza es óptima y los baños son amplios y cómodos; estan muy bien equipados. El apartamento en general está bien.,"Nuestra cama se movía mucho porque tenía las patas sueltas. Las almohadas son muy incómodas, extremadamente finas. Los apartamentos no estan preparados del todo ya que por ejemplo en la cocina apenas hay enchufes (tuvimos que enchufar el tostador en el mueble de la tele y la cafetera en un enchufe a la altura del suelo ya que en la encimera no había ningún enchufe). Las ventanas no se pueden abrir completamente, lo que dificulta que se pueda ventilar. El resto de las estancias estan muy bien y en general los apartamentos son cómodos y amplios.","['•Viaje de ocio', '•Grupo', '•Apartamento de 2 dormitorios', '•Estancia de 2 noches']"
Pablo,España,7.0,Escrito en 2 de marzo de 2025,"Muy buena ubicación y apartamentos, por norma general, bien cuidados","Demasiado olor a ambientador al entrar para disimular olores. Limpieza mejorable: machas en el suelo de nuestro apartamento y no habían lavado una toalla, que estaba totalmente sucia dentro de un cajón (seguramente no lo habría visto el personal de limpieza).","['•Viaje de ocio', '•Familia con niños pequeños', '•Apartamento de 1 dormitorio', '•Estancia de 2 noches', '•Enviado por móvil']"
Jose,España,9.0,Escrito en 2 de marzo de 2025,Estaba todo limpio y amplio y bien equipado,El sofá cama era incómodo,"['•Viaje de ocio', '•Grupo de amigos', '•Apartamento de 1 dormitorio', '•Estancia de 1 noche', '•Enviado por móvil']"
Aitor,España,8.0,Escrito en 1 de marzo de 2025,Que tiene dos baños.,Que el sofá cama estaba roto. Y al que le tocó el sofá-cama no pudo descansar en condiciones óptimas.,"['•Viaje de ocio', '•Grupo de amigos', '•Apartamento de 2 dormitorios', '•Estancia de 1 noche', '•Enviado por móvil']"
Alicia,España,8.0,Escrito en 27 de febrero de 2025,"Perfecta ubicación Habitaciones tranquilas, sin ruido Todo muy limpioFácil acceso",La cama me resultó incómoda,"['•Viaje de ocio', '•Familia con niños pequeños', '•Apartamento de 1 dormitorio', '•Estancia de 3 noches', '•Enviado por móvil']"
Eworo,Reino Unido,10.0,Escrito en 27 de febrero de 2025,Todo,El checkin,"['•Viaje de ocio', '•Pareja', '•Apartamento de 1 dormitorio', '•Estancia de 1 noche', '•Enviado por móvil']"
Ruben,España,9.0,Escrito en 26 de febrero de 2025,"La habitación estaba limpia, y el baño también. Tiene servicios alrededor es fácil hacer el check in. Repetiremos seguro. Un acierto",,"['•Viaje de ocio', '•Familia con niños pequeños', '•Apartamento de 1 dormitorio', '•Estancia de 1 noche', '•Enviado por móvil']"
Vanesa,España,10.0,Escrito en 25 de febrero de 2025,"Es cómodo, moderno y bien ubicado. Tiene alrededor mucho parking gratuito",,"['•Viaje de ocio', '•Pareja', '•Apartamento Estudio', '•Estancia de 1 noche', '•Enviado por móvil']"
Naiara,España,10.0,Escrito en 24 de febrero de 2025,"Apartamento amplio, impecable y en una ubicación perfecta, a un paso de cebra de la parte vieja pero en una zona muy tranquila para descansar bien por la noche. Tenía todo lo necesario para unas vacaciones. Repetiría y lo recomendaría seguro. Parking de pago en el mismo edificio, lo que facilita la llegada y salida.",,"['•Viaje de ocio', '•Familia con niños pequeños', '•Apartamento de 1 dormitorio', '•Estancia de 2 noches', '•Enviado por móvil']"
Sai0a,España,8.0,Escrito en 23 de febrero de 2025,La ubicación del apartamento,"Los pocos ascensores de los que dispone para tantos apartamentos. Que no haya nadie por su surge algo es otra de las cosas que a mí personalmente no me gusta pero todo ha ido genial con el código que se proporciona.","['•Viaje de ocio', '•Pareja', '•Apartamento Estudio', '•Estancia de 2 noches', '•Enviado por móvil']"
Laia,España,9.0,Escrito en 23 de febrero de 2025,Es pequeño pero tiene de todo.,,"['•Viaje de ocio', '•Grupo', '•Apartamento de 1 dormitorio', '•Estancia de 1 noche', '•Enviado por móvil']"
María,España,8.0,Escrito en 21 de febrero de 2025,Comodidad del sofá y cama. Mobiliario y apartamento muy nuevo. Las ventanas insonorizan muy bien para ser una avenida con mucho tráfico. El agua de la ducha sale caliente rápido. El aire acondicionado centralizado suma mucho. El casco viejo queda muy cerca y realmente el apartamento está muy bien comunicado con el resto de la ciudad.,"La tele no es smart tv. Fueron hospitalarios y considero que la atención fue adecuada excepto por varios detalles con los que abusaron de confianza: se cobraron el early check-in por sólo consultarlo y, estando allí pedí el kit de limpieza que se les olvidó dejarme, me dijeron que subirían, esperé bastantes horas y finalmente entraron mientras estaba durmiendo sin previo aviso.","['•Viaje de ocio', '•Persona que viaja sola', '•Apartamento de 1 dormitorio', '•Estancia de 2 noches', '•Enviado por móvil']"
Alzate,España,7.0,Escrito en 21 de febrero de 2025,,"El día anterior pido que miren a ver si hay posibilidad de alargar la hora de salida de las 11am a las 14pm (es una opción que tienen si pagas 15€), lo hacen delante de mi y me confirman que si se puede sin problema, así que me cobran y todo perfecto hasta aquí. Al día siguiente, me llaman a las 10:30 diciéndome que había habido una confusión y un problema con el sistema y que no puedo quedarme hasta las 14pm. A lo cual respondí medio dormida, entre que me quedé otra vez dormida y recogia me dieron las 12 del mediodía mas o menos y me cobran una penalización de 45€ por salir mas tarde. Ósea, tienen un error y encima de que pretenden que me vaya corriendo a prisas de la habitación todavía me cobran por no haber salido a la hora habiendo sido de ellos el problema, enfin.","['•Viaje de ocio', '•Persona que viaja sola', '•Apartamento con terraza', '•Estancia de 1 noche', '•Enviado por móvil']"
Manuel,España,10.0,Escrito en 20 de febrero de 2025,Todo,Nada,"['•Viaje de ocio', '•Grupo', '•Apartamento Ático', '•Estancia de 5 noches', '•Enviado por móvil']"
Andrea,España,8.0,Escrito en 20 de febrero de 2025,Muy nuevo y bien equipado,"- En la alarma de incendios del techo había un calcetín puesto… entiendo que el personal de limpieza no hizo el trabajo en profundidad 
- No se pueden dejar las maletas, aunque haya un chico nos dijo que nos buscáramos la vida","['•Viaje de ocio', '•Pareja', '•Apartamento de 1 dormitorio', '•Estancia de 2 noches', '•Enviado por móvil']"
Elena,España,8.0,Escrito en 20 de febrero de 2025,Mucho,Dificultad para la entrada con el código muy lioso,"['•Viaje de ocio', '•Familia con niños pequeños', '•Apartamento de 1 dormitorio', '•Estancia de 1 noche', '•Enviado por móvil']"
Iñigo,España,9.0,Escrito en 20 de febrero de 2025,Estaba todo perfecto,Nada,"['•Viaje de ocio', '•Pareja', '•Apartamento de 1 dormitorio', '•Estancia de 1 noche', '•Enviado por móvil']"
Merce,España,7.0,Escrito en 19 de febrero de 2025,,No me gustó que tener que hacer el checking  obligstoriamente antes de llegar para que me diesen el código de la habitación. Si por cualquier motivo no puedo hacer ese checking ¿que me quedo en la calle?,"['•Viaje de ocio', '•Pareja', '•Apartamento de 1 dormitorio', '•Estancia de 1 noche', '•Enviado por móvil']"
Seba,Argentina,9.0,Escrito en 19 de febrero de 2025,"La zona, la ubicación.","Solo deben advertir que la distancia del techo a la cama dos plazas qué se encuentra arriba es de tan solo 1-1,2mts.","['•Viaje de ocio', '•Familia con niños pequeños', '•Apartamento de 1 dormitorio', '•Estancia de 1 noche', '•Enviado por móvil']"
Itu,España,7.0,Escrito en 18 de febrero de 2025,La ubicación fenomenal.,"Olía a tabaco. avisamos y no dejaron la ventana abierta en febrero .
No me gustó lo complicado todo para hacer la reserva.","['•Familia con niños pequeños', '•Apartamento de 2 dormitorios', '•Estancia de 1 noche', '•Enviado por móvil']"
Mikel,España,10.0,Escrito en 17 de febrero de 2025,Ninguna pega,,"['•Viaje de ocio', '•Familia con niños pequeños', '•Apartamento de 1 dormitorio', '•Estancia de 1 noche', '•Enviado por móvil']"
Carla,España,7.0,Escrito en 16 de febrero de 2025,"Es nuevo, luminoso y super acogedor. Está limpio y cuenta con detalles como un kit de limpieza con estropajo, un paño de cocina, una pastilla para la lavadora y otra para el lavavajillas. Las camas son cómodas.","NO aconsejo contar con el sofá-cama para dormir. Super incómodo. Tiene el colchón con una forma de S perfecta, no se sostiene bien la parte baja y la zona de la cabeza está levantada, por lo cual, quedas encajado y te clavas las barras que sostienen el colchón.","['•Viaje de ocio', '•Grupo', '•Apartamento de 1 dormitorio', '•Estancia de 2 noches', '•Enviado por móvil']"
Beatriz,España,9.0,Escrito en 16 de febrero de 2025,"Apartamentos muy amplios,cómodos y con mobiliario de cocina 
A 10 minutos andando al centro de Vitoria
Zona con supermercados cerca
Y zona blanca de aparcamiento 
Entrada con código para entrar al edificio y al apartamento",No llegaba presión en la ducha y salía un hilo de agua,"['•Viaje de ocio', '•Familia con niños pequeños', '•Apartamento de 1 dormitorio', '•Estancia de 2 noches', '•Enviado por móvil']"
Alba,España,9.0,Escrito en 15 de febrero de 2025,"Buena ubicación, las instalaciones son sencillas pero muy nuevas y actuales. El apartamento tiene todo lo necesario para pasar unos días cómodamente, con espacio y sin agobios. La relación calidad-precio es inmejorable.",,"['•Viaje de ocio', '•Familia con niños pequeños', '•Apartamento de 1 dormitorio', '•Estancia de 1 noche', '•Enviado por móvil']"
Maria,España,10.0,Escrito en 18 de enero de 2025,"Muy buena ubicación,cerca hay de todo comercios, transporte, restaurantes.Si te surge alguna consulta contestan muy rápido por whatsApp. Una estadía estupenda ☺️",,"['•Viaje de ocio', '•Persona que viaja sola', '•Apartamento de 1 dormitorio', '•Estancia de 2 noches', '•Enviado por móvil']"
Funandplay,España,10.0,Escrito en 18 de enero de 2025,Todo muy limpio y nuevo. Muy centrico,Todo,"['•Familia con niños pequeños', '•Apartamento de 1 dormitorio', '•Estancia de 1 noche', '•Enviado por móvil']"
Susana,España,9.0,Escrito en 17 de enero de 2025,,"Qué no me recibiera nadie, estar pendiente del móvil y el mail para entrar","['•Viaje de ocio', '•Pareja', '•Apartamento de 1 dormitorio', '•Estancia de 1 noche', '•Enviado por móvil']"
Maria,España,10.0,Escrito en 17 de enero de 2025,"Está genial, lo recomiendo!!! Muy limpio y calidad precio de 10. Y el desayuno está genial, lo recomiendo.",Lo único que no me gustó es el sofá cama q tienen es super incómodo para dormir ahí.,"['•Familia con niños pequeños', '•Apartamento de 1 dormitorio', '•Estancia de 1 noche', '•Enviado por móvil']"
Ikuska,España,10.0,Escrito en 16 de enero de 2025,"Todo perfecto 
Me encanta la cantidad de almohadas de la habitación","Haría falta una manta extra.
El termostato es difícil de entender.
La TV no tiene acceso a las apps de Samsung para poder ver Netflix por ejemplo, porque está capada, no veo la necesidad.","['•Viaje de ocio', '•Pareja', '•Apartamento de 1 dormitorio', '•Estancia de 3 noches', '•Enviado por móvil']"
Antonio,España,8.0,Escrito en 15 de enero de 2025,"Ubicación,  comodidad,  limpieza,  terraza muy buena,  moderno, equipado","La rigidez en horarios de entrada y salida al ser todo automatizado, no vimos en ningún momento a nadie, si querías entrar un poco antes tenías que pagar un extra de 15€ (la entrada es a las 15:00).No había jabón en la ducha y no pudimos decirlo a nadie.","['•Viaje de ocio', '•Pareja', '•Apartamento de 1 dormitorio', '•Estancia de 1 noche', '•Enviado por móvil']"
José,España,9.0,Escrito en 15 de enero de 2025,"Amplitud, ubicación y limpieza",,"['•Familia con niños pequeños', '•Apartamento de 2 dormitorios', '•Estancia de 1 noche', '•Enviado por móvil']"
Colmenares,España,10.0,Escrito en 14 de enero de 2025,Todooo fue el mejor que he estado,Todo fue el mejor todo confort me encantó lo recomiendo 💯,"['•Viaje de ocio', '•Familia con niños pequeños', '•Apartamento de 2 dormitorios', '•Estancia de 2 noches', '•Enviado por móvil']"
Regina,España,8.0,Escrito en 14 de enero de 2025,"El apartamento cumplió nuestras expectativas. Cerca del centro y con paradas de tranvía cerca. El barrio estupendo, y con un supermercado DIA justo al lado. Cocina con todo lo necesario: platos, copas, vasos, tazas... tostadora de pan y cafetera de cápsulas. Baño completo y con secador de pelo. Salita de estar con sofá, televisión y un sillón de lectura al lado de la ventana que permite pasar un rato viendo la calle principal. Hay una mesa redonda con 2 sillas para los desayunos/comidas... El dormitorio con 2 camas juntas, cómodas. Calefacción en el apartamento. Las fotos reflejan lo que es. Estupendo.","No me gusta y lo hacen ya en la mayoría de los hoteles y casas, que como ropa de cama pongan sólo FUNDA NÓRDICA sustituyendo las colchas... para mi, dan demasiado calor y no hay otra opción, o te axfisias con la funda nórdica o pasas frío solo con la sábana. Me gustaría que pusieran otro tipo de ropa de cama, como colcha tradicional o mantita para las personas que pasamos calor y que no queremos pasar frio. Y eso que apagamos la calefacción... En mi opinión es excesivo lo nórdico...","['•Viaje de ocio', '•Pareja', '•Apartamento de 1 dormitorio', '•Estancia de 3 noches']"
Malara,España,10.0,Escrito en 11 de enero de 2025,Todo,Nada,"['•Viaje de ocio', '•Pareja', '•Apartamento Estudio', '•Estancia de 2 noches', '•Enviado por móvil']"
Sebastian,España,7.0,Escrito en 7 de enero de 2025,"Buena ubicación, comodo y amplio","Necestita algun arreglo, cortinas con agujeros, tapa wc rota...","['•Viaje de ocio', '•Familia con niños pequeños', '•Apartamento de 1 dormitorio', '•Estancia de 3 noches', '•Enviado por móvil']"
Olga,España,8.0,Escrito en 7 de enero de 2025,La ubicación y que era grande,Faltaba limpieza y uno de los baños tenía olor muy desagradable a tuberías,"['•Viaje de ocio', '•Familia con niños pequeños', '•Apartamento de 2 dormitorios', '•Estancia de 3 noches', '•Enviado por móvil']"
Ana,España,8.0,Escrito en 7 de enero de 2025,La decoración y limpieza,Almohadas incómodas.,"['•Viaje de ocio', '•Familia con niños pequeños', '•Apartamento de 1 dormitorio', '•Estancia de 1 noche', '•Enviado por móvil']"
T,España,10.0,Escrito en 6 de enero de 2025,,Me habría gustado que hubiera dos camas individuales en vez de sofá cama.,"['•Viaje de ocio', '•Familia con niños pequeños', '•Apartamento de 1 dormitorio', '•Estancia de 4 noches', '•Enviado por móvil']"
Tomás,España,9.0,Escrito en 6 de enero de 2025,"Súper limpio , cómodo y ubicación perfecta.",,"['•Viaje de ocio', '•Familia con niños pequeños', '•Apartamento con terraza', '•Estancia de 1 noche', '•Enviado por móvil']"
Inmaculada,España,10.0,Escrito en 6 de enero de 2025,"Ubicación, limpieza, posibilidad de parking. Útiles de cocina y electrodomésticos completos. Nuevo todo",Colchón del sofá cama incómodo y apenas luz en el cuarto de baño. No posibilidad de una segunda almohada aunque la ped.í,"['•Familia con niños pequeños', '•Apartamento de 1 dormitorio', '•Estancia de 1 noche', '•Enviado por móvil']"
Sonia,España,10.0,Escrito en 5 de enero de 2025,Todo perfecto,.,"['•Viaje de ocio', '•Grupo de amigos', '•Apartamento de 2 dormitorios', '•Estancia de 1 noche', '•Enviado por móvil']"
Mauro,Andorra,10.0,Escrito en 5 de enero de 2025,"La ubicación, y el apartamento en general muy bien equipado!",,"['•Viaje de ocio', '•Familia con niños pequeños', '•Apartamento de 1 dormitorio', '•Estancia de 1 noche', '•Enviado por móvil']"
Virginia,España,9.0,Escrito en 5 de enero de 2025,Esta muy bien todo,"Todo me gustó pero si tengo que poner algo sería que hace mucho calor y las ventanas solo son oscilobatientes
El colchón del sofá cama muy fino","['•Viaje de ocio', '•Familia con niños pequeños', '•Apartamento de 1 dormitorio', '•Estancia de 1 noche', '•Enviado por móvil']"
Aurèlia,España,10.0,Escrito en 5 de enero de 2025,"Todo perfecto, muy limpio y confortable.
A 10’ del centro con el tranvía. 
Todo automático y mecanizado que funcionó a la perfección.","El apartamento es para 4 personas, pero pensado para dos, ya que. solo tiene dos sillas y dos taburetes para comer y el sofá cama estaba ya muy usado y bastante incómodo para dormir!
Tenía bastantes utensilios de cocina pero sin tazas de café.
La llave electrónica fallaba en la puerta principal un poco rollo pero introducías los números manualmente y al segundo intento funcionaba, también sino había una persona para ayudarte con el código de entrada.","['•Viaje de ocio', '•Grupo de amigos', '•Apartamento de 1 dormitorio', '•Estancia de 5 noches', '•Enviado por móvil']"
Adalberto,España,10.0,Escrito en 2 de enero de 2025,"En general esta perfecto 
Ubicación, parking, limpieza, comodidad.",,"['•Viaje de ocio', '•Familia con niños pequeños', '•Apartamento de 2 dormitorios', '•Estancia de 2 noches', '•Enviado por móvil']"
Mikel,España,10.0,Escrito en 2 de enero de 2025,"Todo muy nuevo, muy completo. Excelente ubicación",Mejor con personas que por app,"['•Viaje de ocio', '•Familia con niños pequeños', '•Apartamento de 1 dormitorio', '•Estancia de 2 noches', '•Enviado por móvil']"
Maria,España,9.0,Escrito en 1 de enero de 2025,"Moderno, limpio y muy equipado.",Todo perfecto.,"['•Viaje de negocios', '•Pareja', '•Apartamento Estudio', '•Estancia de 2 noches', '•Enviado por móvil']"
Royo,España,9.0,Escrito en 31 de diciembre de 2024,"La cercanía al centro, estaba todo muy limpio",,"['•Viaje de ocio', '•Familia con niños pequeños', '•Apartamento de 1 dormitorio', '•Estancia de 2 noches', '•Enviado por móvil']"
Omg,España,9.0,Escrito en 30 de diciembre de 2024,La ubicación y la facilidad para acceder al establecimiento,Estaba poco insonorizado del exterior y el sofá cama algo incómodo,"['•Viaje de ocio', '•Familia con niños pequeños', '•Apartamento de 1 dormitorio', '•Estancia de 3 noches', '•Enviado por móvil']"
Maria,España,10.0,Escrito en 11 de noviembre de 2024,La habitación y su ubicación,"Me da pena que no haya personal, aunque tengo que decir que todo funcionó muy bien","['•Viaje de ocio', '•Pareja', '•Apartamento Estudio', '•Estancia de 1 noche', '•Enviado por móvil']"
Angel,España,10.0,Escrito en 9 de noviembre de 2024,,,"['•Viaje de negocios', '•Pareja', '•Apartamento Estudio', '•Estancia de 1 noche', '•Enviado por móvil']"
Ana,España,8.0,Escrito en 8 de noviembre de 2024,Si,,"['•Grupo de amigos', '•Apartamento Estudio', '•Estancia de 1 noche', '•Enviado por móvil']"
María,España,9.0,Escrito en 6 de noviembre de 2024,Todo menos la cama.,"La cama horrible, todo lo demás estupendo y maravilloso pero cero descanso","['•Viaje de ocio', '•Pareja', '•Apartamento de 1 dormitorio', '•Estancia de 1 noche', '•Enviado por móvil']"
Susana,Francia,9.0,Escrito en 6 de noviembre de 2024,¡Apartamento muy equipado y muy amplio! Me encanta alojarme ahí cada vez que voy a Vitoria.,Falta una tostadora de pan. No se podía abrir la ventana de la habitación.,"['•Viaje de negocios', '•Persona que viaja sola', '•Apartamento de 1 dormitorio', '•Estancia de 1 noche']"
Mauro,España,8.0,Escrito en 6 de noviembre de 2024,"Está cerca de lo que me interesaba, apartamentos limpios y cómodos","Por fechas, posiblemente estaba más caro de lo normal","['•Viaje de ocio', '•Pareja', '•Apartamento de 1 dormitorio', '•Estancia de 1 noche', '•Enviado por móvil']"
Alicia,España,8.0,Escrito en 6 de noviembre de 2024,"Fue muy cómodo hacer el check in y la recepción estaba 24 horas. Estaba todo digitalizado, respondían rápido y la ubicación del apartamento estaba muy bien. Además nos dejaron un detalle de bienvenida",El sofá era un poco incómodo lo demás estaba muy bien.,"['•Viaje de ocio', '•Pareja', '•Apartamento de 1 dormitorio', '•Estancia de 2 noches', '•Enviado por móvil']"
Rafael,España,10.0,Escrito en 5 de noviembre de 2024,El apartamento es grande y está muy limpio. El desayuno muy bueno y completo,,"['•Viaje de ocio', '•Pareja', '•Apartamento de 1 dormitorio', '•Estancia de 1 noche', '•Enviado por móvil']"
Jorge,Argentina,9.0,Escrito en 5 de noviembre de 2024,"El desayuno está ubicado frente al apartamento, no es todo lo cómodo que debería ser.",,"['•Viaje de ocio', '•Pareja', '•Apartamento de 1 dormitorio', '•Estancia de 3 noches']"
Merce,España,9.0,Escrito en 4 de noviembre de 2024,"Todo: ubicación, limpieza, camas cómodas con sábanas y toallas de excelente calidad. Muchos detalles. 
Además un agradecimiento a su personal por su profesionalidad y rapidez en gestionar cualquier solicitud. Aunque es todo on line hay personal en el edificio y la atención es excelente. Accesibilidad total.",,"['•Viaje de ocio', '•Pareja', '•Apartamento Estudio', '•Estancia de 2 noches', '•Enviado por móvil']"
Leyre,España,10.0,Escrito en 4 de noviembre de 2024,Apartamento muy completo.,Sofá cama algo incómodo para dormir y pasamos bastante calor en el apartamento pese a ser el mes de Octubre.,"['•Viaje de ocio', '•Familia con niños pequeños', '•Apartamento de 1 dormitorio', '•Estancia de 3 noches', '•Enviado por móvil']"
Esther,España,8.0,Escrito en 3 de noviembre de 2024,"La ubicación es perfecta, está muy cerca del casco antiguo. 
El apartamento impecable, el único problema es que en el baño no había mampara de ducha ni cortina, con lo que la ducha está abierta totalmente .",,"['•Viaje de ocio', '•Familia con niños pequeños', '•Apartamento Estudio', '•Estancia de 1 noche', '•Enviado por móvil']"
Santiago,España,10.0,Escrito en 3 de noviembre de 2024,"La ubicación excelente.
Muy fácil todo el proceso tanto de CheckIn como de ChekOut, como la entrada al hotel y a la habitación.","Agua Caliente tardaba mucho en llegar al Octavo Piso, y cuando llegaba, lo hacía con poca presión.","['•Viaje de ocio', '•Grupo de amigos', '•Apartamento de 1 dormitorio', '•Estancia de 2 noches', '•Enviado por móvil']"
Rodriguez,España,9.0,Escrito en 3 de noviembre de 2024,Ubicación y limpieza,Falta horno,"['•Viaje de ocio', '•Grupo', '•Apartamento de 1 dormitorio', '•Estancia de 2 noches', '•Enviado por móvil']"
Rafael,España,10.0,Escrito en 3 de noviembre de 2024,Esta impecable y muy bien situado,,"['•Viaje de ocio', '•Pareja', '•Apartamento de 1 dormitorio', '•Estancia de 1 noche', '•Enviado por móvil']"
Luque,España,8.0,Escrito en 2 de noviembre de 2024,Excelente ubicación,,"['•Viaje de ocio', '•Familia con niños pequeños', '•Apartamento de 1 dormitorio', '•Estancia de 2 noches', '•Enviado por móvil']"
José,España,8.0,Escrito en 2 de noviembre de 2024,Buena atención frente al check-in,La presión del agua.,"['•Viaje de negocios', '•Persona que viaja sola', '•Apartamento Estudio', '•Estancia de 1 noche']"
Patricia,España,8.0,Escrito en 2 de noviembre de 2024,La situación y el desayuno.,"Quizás el mobiliario está un poco desgastado y poca presión del agua, pero estuvimos a gusto.","['•Viaje de ocio', '•Pareja', '•Apartamento de 1 dormitorio', '•Estancia de 1 noche', '•Enviado por móvil']"
Salvador,España,10.0,Escrito en 30 de octubre de 2024,Muy limpio y amplio.,,"['•Viaje de ocio', '•Familia con niños pequeños', '•Apartamento de 1 dormitorio', '•Estancia de 1 noche', '•Enviado por móvil']"
Alberto,España,8.0,Escrito en 30 de octubre de 2024,"Ubicación perfecta centrico y bien comunicado. Apartamento amplio, limpio y con todas las comodidades.",,"['•Familia con niños pequeños', '•Apartamento de 2 dormitorios', '•Estancia de 1 noche', '•Enviado por móvil']"
Carlos,España,9.0,Escrito en 28 de octubre de 2024,"Espacioso apartamento, con todos los utensilios necesarios para la estancia. Ubicación excelente cerca del centro. El parking muy bien el tenerlo en el mismo edificio. El sistema de check-in de apartamento y parking de los que yo dudaba funcionó perfectamente, y a una duda que se nos planteó, en cuanto nos comunicamos por teléfono contestaron inmediatamente.",El sofá-cama debería mejorar porque es un poco incómodo. Se hunde mucho por el centro.,"['•Viaje de ocio', '•Familia con niños pequeños', '•Apartamento de 1 dormitorio', '•Estancia de 2 noches']"
Rafael,España,8.0,Escrito en 28 de octubre de 2024,Buena localizacion con aparcamiento blanco cerca. Era un studio completo con todo lo necesario para una estancia de varios dias.,,"['•Viaje de ocio', '•Familia con niños pequeños', '•Apartamento de 1 dormitorio', '•Estancia de 1 noche', '•Enviado por móvil']"
Enrique,España,10.0,Escrito en 28 de octubre de 2024,"Muy limpio, cómodo y accesible.",El check in y la obtención de claves de acceso es impersonal y farragosa.,"['•Viaje de negocios', '•Persona que viaja sola', '•Apartamento de 1 dormitorio', '•Estancia de 1 noche', '•Enviado por móvil']"
Anca,España,10.0,Escrito en 28 de octubre de 2024,Todo,,"['•Viaje de ocio', '•Familia con niños pequeños', '•Apartamento de 1 dormitorio', '•Estancia de 1 noche', '•Enviado por móvil']"
Tamara,España,8.0,Escrito en 24 de septiembre de 2024,"Las instalaciones amplias y limpias.
Ubicación perfecta, cerca del centro y fácil aparcar",Que la tv no tuviera smart tv. Algo de ruido por las noches en la calle porque hay un pub debajo.,"['•Viaje de ocio', '•Pareja', '•Apartamento de 1 dormitorio', '•Estancia de 2 noches', '•Enviado por móvil']"
Diaz,España,7.0,Escrito en 23 de septiembre de 2024,Estaba limpio,Se oye a los vecinos,"['•Viaje de ocio', '•Pareja', '•Apartamento Estudio', '•Estancia de 3 noches', '•Enviado por móvil']"
Ana,España,8.0,Escrito en 22 de septiembre de 2024,El lavabo muy amplio,el cubre colchones tenía 1 mancha de sangre seca y estaba amarillento,"['•Viaje de ocio', '•Familia con niños pequeños', '•Apartamento de 1 dormitorio', '•Estancia de 2 noches', '•Enviado por móvil']"
Nicolai,España,10.0,Escrito en 22 de septiembre de 2024,"Las habitaciones son amplias y muy cómodas, con todo tipo de accesorios. Te dejan un kit de bienvenida con agua y un snack.","Si viajas con mascota, el precio de 20€/noche me parece excesivo, a pesar de que es de los pocos sitios donde te dejan una cama para el animal, comedero y bebedero","['•Viaje de ocio', '•Pareja', '•Apartamento Estudio', '•Estancia de 1 noche', '•Enviado por móvil']"
Paloma,España,9.0,Escrito en 21 de septiembre de 2024,La ubicación y lo completo que era el apartamento,,"['•Viaje de ocio', '•Familia con niños pequeños', '•Apartamento de 1 dormitorio', '•Estancia de 1 noche', '•Enviado por móvil']"
Paloma,España,10.0,Escrito en 21 de septiembre de 2024,"El apartamento tenía 2 habitaciones y 2 baños, todo impoluto y muy amplio. La cocina completamente equipada. Nos ha parecido tranquilo y las camas comodísimas. Muy bien situado para visitar la ciudad, facilidad de aparcamiento gratuito en los alrededores. Nos hemos quedado encantados con nuestra estancia.",--,"['•Viaje de ocio', '•Familia con niños pequeños', '•Apartamento de 2 dormitorios', '•Estancia de 1 noche', '•Enviado por móvil']"
Antonio,España,9.0,Escrito en 21 de septiembre de 2024,fuimos con mascota y muy comodo el parquing en el mismo edificio,,"['•Viaje de ocio', '•Grupo', '•Apartamento de 1 dormitorio', '•Estancia de 1 noche', '•Enviado por móvil']"
Yosleidy,España,10.0,Escrito en 21 de septiembre de 2024,"Lo limpio, cómodo y céntrico que estaba",Que la ducha no tenía buen desagüe y el agua se estancaba,"['•Viaje de ocio', '•Familia con niños pequeños', '•Apartamento de 1 dormitorio', '•Estancia de 2 noches', '•Enviado por móvil']"
Pedro,España,8.0,Escrito en 21 de septiembre de 2024,Buena ubicacion,Sofá cama incómodo no se notaba estable y faltaba cabecera para la 3 persona,"['•Viaje de ocio', '•Familia con niños pequeños', '•Apartamento de 1 dormitorio', '•Estancia de 2 noches', '•Enviado por móvil']"
Chelo,España,10.0,Escrito en 21 de septiembre de 2024,Las sábanas de algodón y el desayuno,"Que no haya empleados, hubo una chica cuando llegamos que nos ayudó con un problema con la tele y ya, nunca vimos a nadie más. La tele dejó  de funcionar al día siguiente.. El sofá cama incomodísimo","['•Viaje de ocio', '•Familia con niños pequeños', '•Apartamento de 2 dormitorios', '•Estancia de 2 noches', '•Enviado por móvil']"
Fabian,Argentina,10.0,Escrito en 20 de septiembre de 2024,Estaba todo impecable,Que no podías usar el aire acondicionado en modo frío porque me contestaron que ya estaban en periodo invernal,"['•Viaje de ocio', '•Pareja', '•Apartamento de 1 dormitorio', '•Estancia de 5 noches', '•Enviado por móvil']"
Toni,España,8.0,Escrito en 20 de septiembre de 2024,Apartamento muy completo para el precio,El baño se inunda cuando te duchas,"['•Viaje de ocio', '•Familia con niños pequeños', '•Apartamento Estudio', '•Estancia de 1 noche', '•Enviado por móvil']"
Maria,España,9.0,Escrito en 18 de septiembre de 2024,La ubicación y limpieza,Colchones un poco duros,"['•Viaje de ocio', '•Pareja', '•Apartamento Estudio', '•Estancia de 3 noches', '•Enviado por móvil']"
Luis,España,9.0,Escrito en 18 de septiembre de 2024,"Ubicación excelente, confort, limpieza, supermercado justo al lado, transporte público casi en la puerta.",Nada,"['•Viaje de ocio', '•Pareja', '•Apartamento de 1 dormitorio', '•Estancia de 2 noches', '•Enviado por móvil']"
Susana,España,10.0,Escrito en 18 de septiembre de 2024,"El apartamento está genial con todo lo que puedas necesitar , tiene una ubicación buenísima estás en el casco histórico en 10 minutos.",El sillón cama muy incómodo,"['•Viaje de ocio', '•Familia con niños pequeños', '•Apartamento de 1 dormitorio', '•Estancia de 2 noches', '•Enviado por móvil']"
Elia,España,9.0,Escrito en 17 de septiembre de 2024,"La situación, la limpieza y la comodidad.",,"['•Viaje de ocio', '•Familia con niños pequeños', '•Apartamento de 1 dormitorio', '•Estancia de 1 noche', '•Enviado por móvil']"
Iratibelas1,España,10.0,Escrito en 17 de septiembre de 2024,"Es la segunda vez que me quedo aquí y todo genial. El regalo de llegada, un detalle!",,"['•Viaje de ocio', '•Persona que viaja sola', '•Apartamento Estudio', '•Estancia de 1 noche', '•Enviado por móvil']"
Adela,España,10.0,Escrito en 17 de septiembre de 2024,"Muy nuevo y limpio, y las toallas muy suaves, un gusto secarse con ellas.",Encontrar algunos pelos de mascotas en las colchas,"['•Viaje de ocio', '•Pareja', '•Apartamento de 1 dormitorio', '•Estancia de 1 noche', '•Enviado por móvil']"
Ana,España,10.0,Escrito en 17 de septiembre de 2024,Todo y el regalo de bienvenida han sorpresa!,Nada,"['•Viaje de ocio', '•Familia con niños pequeños', '•Apartamento de 1 dormitorio', '•Estancia de 1 noche', '•Enviado por móvil']"
Mª,España,10.0,Escrito en 16 de septiembre de 2024,"La amabilidad del personal.Habitaciones muy limpias, baño grande y con toallas de sobra, almohadas muy cómodas.El detalle del kit de limpieza cocina, patatas y capsulas de café un acierto.La ubicación, muy buena. El barrio tranquilo, cercano al centro y con todo lo necesario muy cerca, a unos metros un DIA.Parking con plazas grandes y aparcabas donde querías.Accesos bien señalizados.","Por poner algún ""pero"":Sofá cama algo incómodo.Más gel/champú en baño el de la zona de la ducha apenas tenía.","['•Viaje de ocio', '•Grupo', '•Apartamento de 1 dormitorio', '•Estancia de 2 noches']"
Brian,Reino Unido,10.0,Escrito en 16 de septiembre de 2024,El piso moderno limpio y cerca del centro. Con todas las comodidades.,Moderno y clean.,"['•Viaje de ocio', '•Grupo', '•Apartamento de 1 dormitorio', '•Estancia de 1 noche', '•Enviado por móvil']"
Sandra,España,8.0,Escrito en 16 de septiembre de 2024,"La ubicación, limpieza. Nosotros sólo estuvimos una noche, pero si te quedas más días la cocina es muy completa.","Éramos un grupo de 4 amigos y a los que nos tocó en el sofá cama, descansamos mal. Era incómodo.","['•Viaje de ocio', '•Grupo de amigos', '•Apartamento de 1 dormitorio', '•Estancia de 1 noche', '•Enviado por móvil']"
Fatima,España,8.0,Escrito en 16 de septiembre de 2024,"El apartamento es agradable y tiene todo lo necesario para tener una buena estancia El pack de bienvenida.",La cama del sofá hacía mucho ruido.,"['•Viaje de ocio', '•Grupo', '•Apartamento de 1 dormitorio', '•Estancia de 1 noche', '•Enviado por móvil']"
Ines,España,7.0,Escrito en 16 de septiembre de 2024,Limpio cómodo y luminoso,El check in. Muy lioso y al final tuvo que atendernos una recepcionista porque no funcionaba el check in On line. La chica que nos atendió muy amable.,"['•Viaje de negocios', '•Grupo', '•Apartamento de 2 dormitorios', '•Estancia de 1 noche', '•Enviado por móvil']"
Zoraida,España,8.0,Escrito en 16 de septiembre de 2024,"Lo que más me gusto es poder llevar a nuestra mascota, no hay muchos alojamientos donde acepten mascotas.",,"['•Viaje de ocio', '•Familia con niños pequeños', '•Apartamento de 1 dormitorio', '•Estancia de 1 noche', '•Enviado por móvil']"
José,España,7.0,Escrito en 27 de agosto de 2024,Esta muy cerca del centro de la ciudad y bien equipado.,"El sofá cama presenta una estructura frágil, lo cual puede resultar incómodo para personas de mayor tamaño.","['•Viaje de ocio', '•Familia con niños pequeños', '•Apartamento de 2 dormitorios', '•Estancia de 2 noches', '•Enviado por móvil']"
Canditrece,España,9.0,Escrito en 26 de agosto de 2024,Apartamento para disfrutar de el,,"['•Viaje de ocio', '•Familia con niños pequeños', '•Apartamento de 1 dormitorio', '•Estancia de 1 noche', '•Enviado por móvil']"
Manuel,España,8.0,Escrito en 26 de agosto de 2024,De 10,"Aplicación, la información no es exacta","['•Viaje de ocio', '•Pareja', '•Apartamento Estudio', '•Estancia de 3 noches', '•Enviado por móvil']"
Juan,España,8.0,Escrito en 26 de agosto de 2024,La ubicación y comodidad. Estaba bastante limpio y ademas te dejaban kits de limpieza con todo lo necesario para alojarte cómodamente. La gestión por la página muy fácil.,"Que tenia olor a tabaco, imagino que de algún cliente anterior. No me gusto haber elegido pago a la llegada y me cobraron antes.","['•Viaje de ocio', '•Familia con niños pequeños', '•Apartamento de 1 dormitorio', '•Estancia de 1 noche', '•Enviado por móvil']"
Francisco,España,9.0,Escrito en 26 de agosto de 2024,Ubicación perfecta cerca de la parte antigua. Parking. Tranquilo. Limpio. Cómodo. Muy bien de precio.,Nada que comentar,"['•Viaje de ocio', '•Familia con niños pequeños', '•Apartamento de 1 dormitorio', '•Estancia de 3 noches', '•Enviado por móvil']"
Sabela,España,7.0,Escrito en 25 de agosto de 2024,"Acceso directo parking-habitación.
Supermercado en el local de abajo.",,"['•Viaje de ocio', '•Pareja', '•Apartamento Estudio', '•Estancia de 2 noches', '•Enviado por móvil']"
Veronica,España,9.0,Escrito en 25 de agosto de 2024,"Apartamento muy cómodo en general y práctico. La ubicación muy buena. Lo que más nos gustó fue el sistema de check-in y el uso de las llaves digitales, lo que facilita el ingreso.",El sofá cama no era muy cómodo y bastante ruidoso para dormir.,"['•Viaje de ocio', '•Familia con niños pequeños', '•Apartamento de 1 dormitorio', '•Estancia de 4 noches', '•Enviado por móvil']"
Rosa,España,9.0,Escrito en 25 de agosto de 2024,"Limpieza,  Ubicacion",El sofá- cama un poco incómodo,"['•Viaje de ocio', '•Familia con niños pequeños', '•Apartamento de 1 dormitorio', '•Estancia de 6 noches', '•Enviado por móvil']"
Gloria,España,7.0,Escrito en 25 de agosto de 2024,"Estaba limpio y bien situado, el sofá cama del salón para no pegar el ojo.Bastante incómodo.",,"['•Viaje de ocio', '•Familia con niños pequeños', '•Apartamento de 2 dormitorios', '•Estancia de 1 noche', '•Enviado por móvil']"
Leonor,España,9.0,Escrito en 25 de agosto de 2024,"Perfecta ubicación, estancia muy agradable y personal muy atento a nuestras necesidades. Se cumplieron de sobra nuestras expectativas. Muchas gracias!",,"['•Persona que viaja sola', '•Apartamento Estudio', '•Estancia de 6 noches', '•Enviado por móvil']"
Angeles,España,9.0,Escrito en 24 de agosto de 2024,"La situación era estupenda, la cocina muy bien equipada.
Fácil aparcamiento en el exterior
El personal muy amable","El sofá cama era incómodo, se hundía. 
Había determinadas horas en el día en que dos ascensores eran insuficientes, aunque entiendo que esto no depende de la dirección de los apartamentos","['•Viaje de ocio', '•Familia con niños pequeños', '•Apartamento de 1 dormitorio', '•Estancia de 7 noches', '•Enviado por móvil']"
Vicente,España,10.0,Escrito en 24 de agosto de 2024,"Estuvimos muy cómodos y con un detalle de bienvenida,todo muy limpio y la cocina con utensilios para poder cocinar cualquier alimento.100% recomendable",,"['•Viaje de ocio', '•Familia con niños pequeños', '•Apartamento de 1 dormitorio', '•Estancia de 1 noche', '•Enviado por móvil']"
Javier,España,8.0,Escrito en 24 de agosto de 2024,"Instalaciones, ubicación, parking","Sin personal físico 
Check in demasiado tarde ( 15h)
Check out demasiado pronto (11h)","['•Viaje de ocio', '•Familia con niños pequeños', '•Apartamento de 1 dormitorio', '•Estancia de 1 noche', '•Enviado por móvil']"
M,España,9.0,Escrito en 23 de agosto de 2024,"El espacio, aunque reducido, estaba muy bien aprovechado.","La ducha, la no tener cortina ni mampara, se salpicaba todo de agua.","['•Viaje de ocio', '•Pareja', '•Apartamento Estudio', '•Estancia de 5 noches', '•Enviado por móvil']"
Rene,España,7.0,Escrito en 23 de agosto de 2024,Ubicación,Nada,"['•Viaje de ocio', '•Familia con niños pequeños', '•Apartamento de 1 dormitorio', '•Estancia de 1 noche', '•Enviado por móvil']"
Jose,España,8.0,Escrito en 23 de agosto de 2024,La zona fácil aparcamiento. El apartamento estaba muy bien.,El sofá cama es bastante incómodo. La cama de la habitación muy cómoda. El resto muy bien todo.,"['•Con una mascota', '•Viaje de ocio', '•Familia con niños pequeños', '•Apartamento de 1 dormitorio', '•Estancia de 7 noches', '•Enviado por móvil']"
Violeta,España,10.0,Escrito en 23 de agosto de 2024,"Es un sitio ideal para alojarte, está nuevo, limpio y es ideal para mascotas",,"['•Viaje de ocio', '•Grupo', '•Apartamento de 1 dormitorio', '•Estancia de 4 noches']"
Joaquín,España,8.0,Escrito en 23 de agosto de 2024,"Apartamento moderno con detalle de kit de bienvenida con agua, patatas y cápsulas de café.Cerca de tranvía y centro.","Éramos 4 y solo habían 3 almohadas, aunque había cojines no es lo mismo.","['•Viaje de ocio', '•Familia con niños pequeños', '•Apartamento de 1 dormitorio', '•Estancia de 1 noche', '•Enviado por móvil']"
Olmos,España,10.0,Escrito en 22 de agosto de 2024,Su limpieza y muy bien equipado,El sofá cama supletorio,"['•Viaje de ocio', '•Familia con niños pequeños', '•Apartamento de 1 dormitorio', '•Estancia de 3 noches', '•Enviado por móvil']"
M,España,8.0,Escrito en 22 de agosto de 2024,"La ubicación. Está a un paso del centro histórico, con sitio para aparcar el coche cerca del hotel. La habitación era cómoda y limpia.","Todo muy bien, aunque el sofá cama sería mejor de los que le sacas una segunda cama de debajo, el que hay ocupa demasiado espacio, pero te adaptas.","['•Viaje de ocio', '•Familia con niños pequeños', '•Apartamento de 1 dormitorio', '•Estancia de 4 noches', '•Enviado por móvil']"
Clara,España,10.0,Escrito en 22 de agosto de 2024,Lo bien decorado que estaba y su comodidad.,Faltaba algo de menaje. No se veía a nadie en recepción aunque es cierto que por WhatsApp te atendían de inmediato.,"['•Viaje de ocio', '•Familia con niños pequeños', '•Apartamento de 1 dormitorio', '•Estancia de 4 noches', '•Enviado por móvil']"
Juan,España,9.0,Escrito en 21 de agosto de 2024,Ubicación,,"['•Viaje de ocio', '•Familia con niños pequeños', '•Apartamento de 1 dormitorio', '•Estancia de 2 noches', '•Enviado por móvil']"
Jimenez,España,7.0,Escrito en 21 de agosto de 2024,No había desayuno.la ubicación bien,El aire acondicionado no funcionaba bien.no salía casi aire de los conductos..en la ducha salía poca agua (poca fuerza)el resto muy bien. Superlimpio.,"['•Viaje de ocio', '•Familia con niños pequeños', '•Apartamento de 1 dormitorio', '•Estancia de 1 noche', '•Enviado por móvil']"
Luna,España,8.0,Escrito en 21 de agosto de 2024,"Estaba limpio, bien equipado (cubiertos, platos, toallas…) y muy bien ubicado.",El sofá cama era un poco incómodo y hacía ruido.,"['•Viaje de ocio', '•Grupo', '•Apartamento de 1 dormitorio', '•Estancia de 2 noches', '•Enviado por móvil']"
Lluís,España,9.0,Escrito en 21 de agosto de 2024,"Muy buen ubicado, todo funciona remotamente y nuestra perrita tenía preparados sus platitos y un regalo que hizo mucha más cómoda su estancia.Muy recomendable si viajas con mascota.",,"['•Viaje de ocio', '•Pareja', '•Apartamento Estudio', '•Estancia de 3 noches']"
Isabel,España,10.0,Escrito en 5 de agosto de 2024,"Muy limpio con todo lo necesario,muy buena ubicacion con todo lo que necesitamos cerca,ideal",,"['•Viaje de ocio', '•Familia con niños pequeños', '•Apartamento de 1 dormitorio', '•Estancia de 3 noches', '•Enviado por móvil']"
Victor,España,8.0,Escrito en 5 de agosto de 2024,La ubicación es perfecta para visitar Vitoria y se aparca relativamente bien por la zona (no es de pago). La habitación está equipada con lo justo pero bien.,"Había una butaca en el salón llena de manchas ""raras"" así que ni la tocamos. El sofa-cama es para niños, como intente dormir ahí un adulto a la mañana siguiente tendrán que cambiarle la espalda por una nueva. La cocina bien pero todo está contado: 4 tenedores, 4 cuchillos, 4 cucharas... Hay congelador, cafetera, etc.","['•Viaje de ocio', '•Familia con niños pequeños', '•Apartamento de 1 dormitorio', '•Estancia de 1 noche', '•Enviado por móvil']"
Juan,España,9.0,Escrito en 4 de agosto de 2024,"La ubicación fenomenal (10 minutos andando hasta la Plaza de España). La comodidad del apartamento, fenomenal para familias con niños, mucho mejor que una habitación de hotel. Además, parking en el propio edificio con ascensor directo.
Justo debajo hay un Día para hacer compras, y al lado de una parada de tranvía.",,"['•Viaje de ocio', '•Familia con niños pequeños', '•Apartamento de 1 dormitorio', '•Estancia de 2 noches', '•Enviado por móvil']"
Isabel,España,10.0,Escrito en 4 de agosto de 2024,"Comodidad y diseño Buen emplazamiento",,"['•Viaje de ocio', '•Familia con niños pequeños', '•Apartamento de 1 dormitorio', '•Estancia de 1 noche', '•Enviado por móvil']"
Alicia,España,10.0,Escrito en 4 de agosto de 2024,"Muy nuevo y limpio, cocina muy completa",,"['•Viaje de ocio', '•Familia con niños pequeños', '•Apartamento de 1 dormitorio', '•Estancia de 3 noches', '•Enviado por móvil']"
Francisco,España,8.0,Escrito en 4 de agosto de 2024,"La ubicación es excelente, el apartamento es bastante amplio y cómodo. Muy tranquilo a pesar de ser un edificio muy grande, apenas se escucha ningún ruido. En nuestro caso tuvimos el desayuno incluido y muy correcto para el precio que cuesta.","Supongo que debimos tenerlo en cuenta porque en la descripción ya se comenta que aceptan mascotas, eso no nos molesta en absoluto pero sí el hecho de que nuestro apartamento oliera a perro muchísimo. Incluso dejando las ventanas abiertas no conseguimos ventilar lo suficiente. Hasta el punto que acabamos comprando un ambientador en el supermercado que hay justo al lado.","['•Viaje de ocio', '•Familia con niños pequeños', '•Apartamento de 1 dormitorio', '•Estancia de 1 noche', '•Enviado por móvil']"
Daniel,España,10.0,Escrito en 3 de agosto de 2024,Todo perfecto,,"['•Viaje de ocio', '•Familia con niños pequeños', '•Apartamento de 1 dormitorio', '•Estancia de 1 noche']"
Yolanda,España,10.0,Escrito en 3 de agosto de 2024,Comodidad y ubicación,Me gustó todo,"['•Viaje de ocio', '•Familia con niños pequeños', '•Apartamento de 1 dormitorio', '•Estancia de 6 noches', '•Enviado por móvil']"
Joaquín,España,9.0,Escrito en 3 de agosto de 2024,"Las instalaciones de la habitación, muy amplia , luminosa , muy bien equipado y nuevo el apartamento; todo muy limpio y a estrenar el kit de cocina . 
Íbamos con mascota y también tuvo su kit de bienvenida.
El aislamiento acústico perfecto y muy bien ubicado .","La parte más negativa fue el sofá-cama. Tuvimos que hacer uso de el , ya que íbamos  4 y a parte de dificultar el paso era muy incómodo dormir en el. Llegamos incluso a turnarnos para dormir  ya que sólo se podía descansar bien en la cama. 
Sería el aspecto más negativo de nuestra instancia . 
Por lo demás para repetir .","['•Viaje de ocio', '•Familia con niños pequeños', '•Apartamento de 1 dormitorio', '•Estancia de 5 noches', '•Enviado por móvil']"
Ingles,España,9.0,Escrito en 3 de agosto de 2024,"Todo en general muy bien, muy buenos detalles de bienvenida y muy bien situado.","Por poner algo a mejorar diría que el sofá cama podría ser mejor, mas confortable.","['•Viaje de ocio', '•Familia con niños pequeños', '•Apartamento de 1 dormitorio', '•Estancia de 1 noche', '•Enviado por móvil']"
Susana,España,9.0,Escrito en 3 de agosto de 2024,"Moderno, limpio, centrico y practico.",,"['•Viaje de ocio', '•Familia con niños pequeños', '•Apartamento de 2 dormitorios', '•Estancia de 2 noches', '•Enviado por móvil']"
Reme,España,10.0,Escrito en 2 de agosto de 2024,"La ubicación buenísima, la limpieza excelente, y el trato del personal excelente. 
Un apartamento a recomendar.",No puede señalar ningun aspecto negativo.,"['•Viaje de ocio', '•Familia con niños pequeños', '•Apartamento de 1 dormitorio', '•Estancia de 4 noches', '•Enviado por móvil']"
María,España,10.0,Escrito en 2 de agosto de 2024,La ubicación!,Nada! Estaba todo bien,"['•Viaje de ocio', '•Grupo', '•Apartamento de 1 dormitorio', '•Estancia de 1 noche', '•Enviado por móvil']"
David,España,7.0,Escrito en 2 de agosto de 2024,"El diseño moderno, nuevo, limpio",El sofá cama fue horrible. No se sujetaba siendo inestable e incómodo. Me parece muy caro para lo que se ofrece,"['•Viaje de ocio', '•Familia con niños pequeños', '•Apartamento de 1 dormitorio', '•Estancia de 1 noche', '•Enviado por móvil']"
Helena,España,7.0,Escrito en 1 de agosto de 2024,"Espacio. Camas muy cómodas. Climatización excelente. Baño amplio y cómodo con buena ducha. Cocina bien resuelta, con lavadora/secadora , lavavajillas y horno","Sofá muy ajado e incómodo. Como cama, aunque esta vez no lo he usado, es una tortura.
El menaje de cocina es muy justo","['•Viaje de ocio', '•Pareja', '•Apartamento de 1 dormitorio', '•Estancia de 6 noches', '•Enviado por móvil']"
Beatrice,España,9.0,Escrito en 1 de agosto de 2024,"El apartamento es muy nuevo y cómodo, estupenda la situación. El check in automático funcionó perfectamente. Para 4 personas es una opción ideal.",Por decir algo: me hubiera gustado que las ventanas se pudieran abrir un poco más... Pero realmente todo es estupendo.,"['•Viaje de ocio', '•Familia con niños pequeños', '•Apartamento de 1 dormitorio', '•Estancia de 1 noche', '•Enviado por móvil']"
Montse,España,8.0,Escrito en 30 de julio de 2024,Muy limpio y práctico,Podría facilitar cápsulas de café de cortesia.,"['•Viaje de ocio', '•Familia con niños pequeños', '•Apartamento de 1 dormitorio', '•Estancia de 1 noche', '•Enviado por móvil']"
Leticia,España,10.0,Escrito en 30 de julio de 2024,"Iluminación, amplitud y equipamiento muy completo. Ideal para familias con bebés.",,"['•Familia con niños pequeños', '•Apartamento de 1 dormitorio', '•Estancia de 1 noche', '•Enviado por móvil']"
Esther,España,10.0,Escrito en 30 de julio de 2024,"El apartamento está súper nuevo, limpio y totalmente acondicionado con todo tipo de detalles. Es super cómodo estar allí, te sientes en casa.","No es céntrico, pero está en una zona comercial buena y a 10 minutos del centro.","['•Viaje de ocio', '•Familia con niños pequeños', '•Apartamento de 1 dormitorio', '•Estancia de 2 noches', '•Enviado por móvil']"
Ana,España,9.0,Escrito en 30 de julio de 2024,"El apartamento es grande,  buena cama,  limpio, y con el suficiente menaje para cuatro personas. Si es cierto que no hay personal en recepción,  pero si escribes por WhatsApp, en mi caso fue así,  te contestan rápido.  Tuve problemas con la entrada al parking y mi código y enseguida lo arreglaron.","El sofá cama para dormir necesita una revisión.  Te clavas todo y no lo veo muy estable.  Faltaban dos sillas, ya que éramos 4 y solo había 2 sillas. Supongo que si lo pides te lo darán, pero solo pasaba una noche.","['•Viaje de ocio', '•Familia con niños pequeños', '•Apartamento de 1 dormitorio', '•Estancia de 1 noche', '•Enviado por móvil']"
Yolanda,España,8.0,Escrito en 30 de julio de 2024,"El apartamento es amplio, esta bien equipado y limpio. La cama doble es muy cómoda.",El sofá cama no es muy cómodo.,"['•Viaje de ocio', '•Familia con niños pequeños', '•Apartamento de 1 dormitorio', '•Estancia de 4 noches', '•Enviado por móvil']"
Antonio,España,8.0,Escrito en 29 de julio de 2024,"La ubicación, ascensores amplios, disponer de silla de ducha para discapacidad, nada de ruido en los apartamentos.",El sofá cama del comedor no era cómodo.  Estaba deformado,"['•Viaje de ocio', '•Familia con niños pequeños', '•Apartamento de 2 dormitorios', '•Estancia de 3 noches', '•Enviado por móvil']"
Sonia,España,9.0,Escrito en 29 de julio de 2024,Estaba todo nuevo y limpio.,Eramos 4 y habia un sofa cama para 2 y unicamente 2 camas.,"['•Viaje de ocio', '•Grupo de amigos', '•Apartamento de 1 dormitorio', '•Estancia de 1 noche', '•Enviado por móvil']"
Eva,España,10.0,Escrito en 28 de julio de 2024,"Una auténtica maravilla!!!
A 10 min del centro caminando, en la misma calle, nada más bajar un supermercado Día y a unos pocos metros, Primaprix y Alcampo.
El apartamento súper nuevo, todo muy limpio, con todo lo necesario para tener una estupenda estancia. Las camas muy cómodas y el sofá cama del salón, también bien.
Un vestidor para colocar todo, el baño amplio, y la cocina con todo tipo de menaje nuevo.
El personal muy atento nos subió una plancha y tabla que necesitamos al momento, y cualquier cosa, estaban pendientes de todo.
Una maravilla el código, sin llave física para acceder al apartamento y todo, tanto las partes comunes como lo individual, súper limpio 🌿
Y a la llegada, un detalle que la verdad, a mis peques les encantó 🙂
Sin lugar a dudas, cuando vuelva a Vitoria-Gasteiz, repetiré ☀️",——,"['•Viaje de ocio', '•Familia con niños pequeños', '•Apartamento de 1 dormitorio', '•Estancia de 4 noches', '•Enviado por móvil']"
Carlos,España,10.0,Escrito en 27 de julio de 2024,"es un edificio nuevo y las estaciones están en perfecto estado.
El apartamento está muy bien organizado, muy tranquilo con todo lo necesario.  Como si  estrubieás en casa.","El aire acondicionado del salón no funcionaba del todo bien,  ya que en la habitación si que enfriaba muy bien.","['•Viaje de ocio', '•Pareja', '•Apartamento de 1 dormitorio', '•Estancia de 3 noches', '•Enviado por móvil']"
Martí,España,10.0,Escrito en 4 de julio de 2024,Nos encantó la distribución lo iluminado que era y la comodidad de estar en pleno centro.,"El sofá cama realmente incómoda el ambiente y la noche, es difícil de montar y se notan los muelles por la noche. Nosotros dormimos dos noches y aún nos turnamos … si alguien viene más días no lo recomiendo para nada!","['•Viaje de ocio', '•Grupo', '•Apartamento de 1 dormitorio', '•Estancia de 2 noches', '•Enviado por móvil']"
Gonzalo,Chile,9.0,Escrito en 4 de julio de 2024,Espectacular el apart Hotel. No puedo hablar del personal porque es todo automatizado.,Mi esposa no pudo viajar por problemas con su pasaporte no pude cambiar las fechas pese a que tenían disponibilidad. Tuve que pagar de nuevo. Al margen de eso el hotel es espectacular.,"['•Viaje de ocio', '•Pareja', '•Apartamento Estudio', '•Estancia de 1 noche', '•Enviado por móvil']"
Fe,España,9.0,Escrito en 3 de julio de 2024,"Todo estupendo, el apartamento muy cómodo, muy limpio, se puede aparcar cerca de forma gratuita.","No funcionaba el tostador, por decir una pega.Pero todo genial","['•Viaje de ocio', '•Familia con niños pequeños', '•Apartamento de 1 dormitorio', '•Estancia de 1 noche', '•Enviado por móvil']"
Dr,España,8.0,Escrito en 3 de julio de 2024,Buena ubicación y cómodo.,No había ni unas cápsulas de cafe ni nada de bienvenida.,"['•Viaje de ocio', '•Grupo de amigos', '•Apartamento de 2 dormitorios', '•Estancia de 2 noches', '•Enviado por móvil']"
M,España,10.0,Escrito en 2 de julio de 2024,Apartamento nuevo y perfectamente equipado.,Nada.,"['•Viaje de ocio', '•Familia con niños pequeños', '•Apartamento de 1 dormitorio', '•Estancia de 1 noche', '•Enviado por móvil']"
Maricarmen,España,7.0,Escrito en 1 de julio de 2024,Agradable a la vista  por estar reformado,El sofá cama no muy cómodo pero sin más,"['•Viaje de ocio', '•Familia con niños pequeños', '•Apartamento de 1 dormitorio', '•Estancia de 1 noche', '•Enviado por móvil']"
Maria,España,9.0,Escrito en 30 de junio de 2024,"La cama de la habitación preincipal muy cómoda, céntrico, muy práctico, limpio, muy nuevo, te dejan detallitos como 2 capsulas de cafe, agua, un set para limpiar los platos. La ducha muy bien. No hay recepcion te dan un codigo para entrar y habitaciones.Silencioso.","El sofà cama no es muy cómodo, está bien para una persona y  una noche pero para más igual se hace incomodo....","['•Viaje de ocio', '•Familia con niños pequeños', '•Apartamento de 1 dormitorio', '•Estancia de 2 noches', '•Enviado por móvil']"
Manuel,España,9.0,Escrito en 30 de junio de 2024,"Limpieza, situación..",,"['•Viaje de ocio', '•Familia con niños pequeños', '•Apartamento de 1 dormitorio', '•Estancia de 2 noches', '•Enviado por móvil']"
Elena,España,10.0,Escrito en 27 de junio de 2024,Apartamento con todo lo necesario. Colchones cómodos y grandes toallas. Ducha muy bien. Parking no muy caro. Ubicación perfecta tanto para el centro como para el Azkena Rock,Eché de menos la terraza que entendí que íbamos a tener,"['•Viaje de ocio', '•Grupo de amigos', '•Apartamento de 1 dormitorio', '•Estancia de 3 noches', '•Enviado por móvil']"
Fátima,Austria,10.0,Escrito en 26 de junio de 2024,"Precioso, sencillo, cómodo, céntrico",,"['•Viaje de ocio', '•Familia con niños pequeños', '•Apartamento de 1 dormitorio', '•Estancia de 1 noche', '•Enviado por móvil']"
Saida,España,7.0,Escrito en 26 de junio de 2024,La ubicación y la limpieza,"El menaje no era muy bueno, faltaban platos pequeños y la tostadora no funcionaba bien","['•Viaje de ocio', '•Familia con niños pequeños', '•Apartamento de 1 dormitorio', '•Estancia de 1 noche', '•Enviado por móvil']"
Ada,España,7.0,Escrito en 24 de junio de 2024,"Muy buena ubicación y limpieza, por regla general. El apartamento es bastante completo y la recepción online es súper atenta.","Los servicios de “early check in” y “late check out” son un timo.
Quisimos entrar antes y contratar el servicio y no nos dieron oportunidad para entrar hasta 10 minutos antes de la entrada oficial y nos lo querían cobrar. Y la salida más tarde, prácticamente igual.","['•Viaje de ocio', '•Pareja', '•Apartamento de 1 dormitorio', '•Estancia de 3 noches', '•Enviado por móvil']"
Manuel,España,10.0,Escrito en 22 de junio de 2024,"Ubicación, y las apartamentos.",El check in es todo vía web.. es tedioso introducir todo lo que te piden. Por suerte que una chica en recepción ( no está todo el tiempo ahí) nos ayudó.,"['•Viaje de ocio', '•Familia con niños pequeños', '•Apartamento de 2 dormitorios', '•Estancia de 2 noches', '•Enviado por móvil']"
Patricia,España,8.0,Escrito en 20 de junio de 2024,"La ubicación, distribución y comodidad.",No teníamos aire y hacía mucho calor y las ventanas no se podían abrir. No teníamos estropajos y jabón o alguna pastilla para dejar el desayuno fregado. En otros sitios que hemos estado dejan un paquete de cortesía para 1 uso y nos hubiera gustado tenerlo para dejar todo bien.,"['•Viaje de ocio', '•Familia con niños pequeños', '•Apartamento de 2 dormitorios', '•Estancia de 1 noche', '•Enviado por móvil']"
Syra,España,10.0,Escrito en 20 de junio de 2024,"La decoración y la comodidad La limpieza muy buena Y la ubicación genial","Nada, todo me gustó","['•Viaje de ocio', '•Grupo', '•Apartamento de 1 dormitorio', '•Estancia de 1 noche', '•Enviado por móvil']"
Monica,España,10.0,Escrito en 20 de junio de 2024,Todo,,"['•Familia con niños pequeños', '•Apartamento de 1 dormitorio', '•Estancia de 1 noche', '•Enviado por móvil']"
Marta,España,10.0,Escrito en 17 de junio de 2024,,Que no hay recepción. No hay trato humano,"['•Viaje de ocio', '•Grupo', '•Apartamento Estudio', '•Estancia de 1 noche', '•Enviado por móvil']"
Evitadinamita,España,8.0,Escrito en 16 de junio de 2024,"Ubicación, tamaño de habitación, personal super amable. Tuvimos dos consultas y nos las solucionaron enseguida.","Mucho de tiempo de espera en los ascensores, por poner un pero.","['•Viaje de ocio', '•Familia con niños pequeños', '•Apartamento de 1 dormitorio', '•Estancia de 2 noches', '•Enviado por móvil']"
Lopez,España,9.0,Escrito en 16 de junio de 2024,La ubicación del sitio.,A los alrededores no hay mucho sitio para aparcar y el parking que ofrece el hotel resulta caro.,"['•Viaje de ocio', '•Grupo', '•Apartamento de 1 dormitorio', '•Estancia de 2 noches']"
Arturo,España,8.0,Escrito en 15 de junio de 2024,"Alojamiento autogestionado, sin personal. Todo automático, con código de acceso","El check in se indica que se realiza con antelación pero con una foto del DNI y un selfie, lo cual va en contra del reglamento de protección de datos y la política que se aplica en España.  Ya que, de esta forma, toman más datos de los estrictamente necesarios.
Sin embargo, aunque en su web no se informa, al ponerme en contacto con ellos y exponérselo me indicaron que se puede realizar el check in al llegar al alojamiento, en unas tablets, rellenando los datos estrictamente necesarios.","['•Viaje de ocio', '•Pareja', '•Apartamento Estudio', '•Estancia de 2 noches', '•Enviado por móvil']"
Adriana,España,8.0,Escrito en 14 de junio de 2024,Ubicación y limpieza,"Faltaban algunas cosas básicas, como gel lavaplatos o pastillas para el lavavajillas, esponja y bayeta en la cocina, éramos 4 personas y nos dejaron solo 2 Cápsulas de café, son pequeños detalles que valoramos y sentimos que faltaron, una pena, porque del alojamiento en sí, no tenemos nada negativo que decir.","['•Viaje de ocio', '•Familia con niños pequeños', '•Apartamento de 2 dormitorios', '•Estancia de 3 noches', '•Enviado por móvil']"
Esteban,España,10.0,Escrito en 13 de junio de 2024,"Amplio, bonito y caminando se llega fácil a cualquier sitio.",,"['•Viaje de ocio', '•Familia con niños pequeños', '•Apartamento de 2 dormitorios', '•Estancia de 3 noches', '•Enviado por móvil']"
Elizondo,España,8.0,Escrito en 13 de junio de 2024,"El apartamento muy bien, todo nuevo y con buenos acabados, al detalle","El sofá cama deja mucho que desear, con el nivel que tienen los apartamentos es un detalle que le resta nota por qué es incomodísimo para dormir","['•Viaje de ocio', '•Grupo de amigos', '•Apartamento de 1 dormitorio', '•Estancia de 2 noches', '•Enviado por móvil']"
Sergio,España,9.0,Escrito en 13 de junio de 2024,"La cama y los accesos
Pack de bienvenida",,"['•Viaje de ocio', '•Familia con niños pequeños', '•Apartamento de 1 dormitorio', '•Estancia de 1 noche', '•Enviado por móvil']"
Daniel,España,8.0,Escrito en 12 de junio de 2024,Nuevo,Localización,"['•Viaje de negocios', '•Pareja', '•Apartamento de 1 dormitorio', '•Estancia de 1 noche', '•Enviado por móvil']"
Jose,España,8.0,Escrito en 27 de abril de 2024,La amplitud de la habitación,El sofá cama.,"['•Viaje de ocio', '•Familia con niños pequeños', '•Apartamento de 1 dormitorio', '•Estancia de 1 noche', '•Enviado por móvil']"
Marcos,España,9.0,Escrito en 24 de abril de 2024,"Muy bien ubicado a 5 minutos andando del centro de Vitoria y con el tranvía no es necesario utilizar el coche. Justo debajo de los apartamentos hay un supermercado DIA y en la calle trasera un Telepizza, por lo que es fácil organizar comidas y cenas en el apartamento. Menaje de cocina completo para 6: cubiertos, platos, vasos, copas, etc. El desayuno incluido en una cafetería enfrente es cómodo si no conoces la zona, pero poco variado, vimos en la zona otras cafeterías por mejor precio y variedad. En los alrededores hay varios bares de pintxos típicos (Kanijo, Point, Kotarro...)","Habitación de 2 dormitorios y 2 baños para 5 personas, pero una de las habitaciones era individual y había que convertir el sofá del salón en cama, y no tenía almohadas.","['•Viaje de ocio', '•Familia con niños pequeños', '•Apartamento de 2 dormitorios', '•Estancia de 1 noche']"
Ana,España,10.0,Escrito en 24 de abril de 2024,La ubicación resulta muy cómoda tanto para visitar la ciudad como para hacer rutas por poblaciones cercanas.,"En las ventanas hay cortinas para evitar que entre la luz solar pero no hay cortinas menos tupidas que te permitan tener privacidad pero poder aprovechar la luz solar, así que siempre debes encender la luz de las lámparas.","['•Viaje de ocio', '•Pareja', '•Apartamento Estudio', '•Estancia de 3 noches']"
Isabel,España,10.0,Escrito en 23 de abril de 2024,"Instalación, ubicación y había de todo lo que pudiera hacer falta",No vimos a una sola persona en ningún momento,"['•Viaje de ocio', '•Familia con niños pequeños', '•Apartamento de 1 dormitorio', '•Estancia de 1 noche', '•Enviado por móvil']"
Isabel,España,8.0,Escrito en 23 de abril de 2024,El concepto,"Hora de check in muy tarde, con respecto a un hotel","['•Viaje de ocio', '•Familia con niños pequeños', '•Apartamento Estudio', '•Estancia de 2 noches', '•Enviado por móvil']"
Carlos,España,10.0,Escrito en 22 de abril de 2024,.,.,"['•Viaje de ocio', '•Familia con niños pequeños', '•Apartamento de 1 dormitorio', '•Estancia de 1 noche']"
Eva,España,9.0,Escrito en 22 de abril de 2024,"Ubicación excelente y estaba todo muy limpio y con detallitos como agua, café y artículos de limpieza.",,"['•Viaje de ocio', '•Grupo', '•Apartamento de 1 dormitorio', '•Estancia de 4 noches']"
Mercedes,España,10.0,Escrito en 21 de abril de 2024,"Está en lugar excepcional, repetiremos",,"['•Viaje de ocio', '•Grupo de amigos', '•Apartamento de 1 dormitorio', '•Estancia de 1 noche', '•Enviado por móvil']"
Ainara,España,9.0,Escrito en 19 de abril de 2024,La ubicación y la comodidad,El fregadero atascado,"['•Viaje de negocios', '•Familia con niños pequeños', '•Apartamento Estudio', '•Estancia de 5 noches', '•Enviado por móvil']"
Ignacio,España,9.0,Escrito en 16 de abril de 2024,"La ubicación, el silencio y el confort.",El no encontrar personal en la entrada y tener que hacerlo todo de forma impersonal.,"['•Viaje de negocios', '•Persona que viaja sola', '•Apartamento de 1 dormitorio', '•Estancia de 3 noches']"
Gheorghita,España,10.0,Escrito en 16 de abril de 2024,Ubicación y limpieza,Me está gustando todo por esto lo repetimos,"['•Viaje de negocios', '•Grupo de amigos', '•Apartamento de 1 dormitorio', '•Estancia de 4 noches', '•Enviado por móvil']"
Eva,España,9.0,Escrito en 8 de abril de 2024,"La cama era muy cómoda. En la cama de matrimonio hay 4 almohadas, 2 para esa cama y 2 para el sofá -cama, 2 de ellos eran muy cómodos.Esta muy cerca del centro. Los baños son amplios. Tenia lo necesario para pasar un buen fin de semana.","Lo único, tiene una lampara encima de una mesa, con la que nos golpeamos varias veces mas de una de nosotras.El almohadón de la cama individual y 2 de los de la cama de matrimonio, eran un poquito blandos para mi gusto.","['•Viaje de ocio', '•Grupo', '•Apartamento de 2 dormitorios', '•Estancia de 2 noches']"
David,España,9.0,Escrito en 8 de abril de 2024,"Apartamento cómodo, situado cerca del casco antiguo y totalmente equipado, con instalaciones modernas. Proceso check-in fácil y rápido.. Aparcamiento gratuito en las inmediaciones.",,"['•Viaje de ocio', '•Familia con niños pequeños', '•Apartamento de 1 dormitorio', '•Estancia de 2 noches', '•Enviado por móvil']"
Nagorem,España,8.0,Escrito en 7 de abril de 2024,Camas,"No había pasta dientes , cambio de toallas  o aspirar habitacion","['•Viaje de ocio', '•Pareja', '•Apartamento de 1 dormitorio', '•Estancia de 3 noches', '•Enviado por móvil']"
Virginia,España,8.0,Escrito en 6 de abril de 2024,La ubicación,La limpieza y el sofá cama,"['•Viaje de ocio', '•Grupo', '•Apartamento de 1 dormitorio', '•Estancia de 2 noches', '•Enviado por móvil']"
José,España,8.0,Escrito en 6 de abril de 2024,No lo tenía incluido,"El sofá cama, no se podía dormir en el tuvimos que poner el colchón en el suelo","['•Viaje de ocio', '•Familia con niños pequeños', '•Apartamento de 1 dormitorio', '•Estancia de 3 noches', '•Enviado por móvil']"
David,España,9.0,Escrito en 5 de abril de 2024,El precio y la ubicación muy buena,Al entrar no olía muy bien la verdad para ser un edificio bastante nuevo pero bueno ventilamos y se fue el olor,"['•Viaje de ocio', '•Familia con niños pequeños', '•Apartamento con terraza', '•Estancia de 1 noche', '•Enviado por móvil']"
Faust,España,8.0,Escrito en 4 de abril de 2024,,Agua caliente de la ducha tarda mucho en llegar,"['•Viaje de negocios', '•Familia con niños pequeños', '•Apartamento de 1 dormitorio', '•Estancia de 1 noche', '•Enviado por móvil']"
Carl,España,9.0,Escrito en 4 de abril de 2024,Nuevo y limpio.,,"['•Viaje de negocios', '•Grupo de amigos', '•Apartamento de 2 dormitorios', '•Estancia de 3 noches', '•Enviado por móvil']"
Monica,España,9.0,Escrito en 4 de abril de 2024,,"La única pega era el sofá cama, que era incómodo","['•Viaje de ocio', '•Familia con niños pequeños', '•Apartamento de 1 dormitorio', '•Estancia de 2 noches', '•Enviado por móvil']"
Josefa,España,9.0,Escrito en 3 de abril de 2024,"Su ubicación, decoración, limpieza","Por decir algo, las ventanas no se abrían del todo, tendrían q dejar la llave allí para abrirlas. Aunque llamamos x tlf y vinieron enseguida xq no se cerraba bien y entraba frio","['•Viaje de ocio', '•Pareja', '•Apartamento de 1 dormitorio', '•Estancia de 4 noches', '•Enviado por móvil']"
Carmen,España,10.0,Escrito en 3 de abril de 2024,"Muy buena ubicación, a un paso del centro. Cómodo y limpio. Utensilos de cocina en perfecto estado y todo correcto. Con acceso directo parking. Muy recomendable",,"['•Viaje de ocio', '•Familia con niños pequeños', '•Apartamento de 1 dormitorio', '•Estancia de 2 noches', '•Enviado por móvil']"
Diego,España,10.0,Escrito en 3 de abril de 2024,"La situación,  muy cerca del centro","Por poner un pero, que no hay recepción.  Es verdad que por teléfono te solucionan todo. Tuve que utilizarlo, y la resolución y atención fueron extraordinarias.","['•Viaje de ocio', '•Familia con niños pequeños', '•Apartamento de 1 dormitorio', '•Estancia de 2 noches', '•Enviado por móvil']"
Carmen,España,10.0,Escrito en 2 de abril de 2024,Me gusto mucho el apartahotel .,"La única pega que le pongo es el sofá cama. No se podía sentar uno a los pies de la cama del sofá porque se cerraban las patas.
Otra cosa es que los enchufes y los electrodomésticos pequeños estuvieran dentro de los armarios, me parece un peligro y podría provocarse un incendio. No vi enchufes en las paredes de la encimera de la cocina","['•Familia con niños pequeños', '•Apartamento de 1 dormitorio', '•Estancia de 1 noche', '•Enviado por móvil']"
M,España,8.0,Escrito en 2 de abril de 2024,La ubicación,Nada,"['•Familia con niños pequeños', '•Apartamento con terraza', '•Estancia de 1 noche', '•Enviado por móvil']"
Ana,España,9.0,Escrito en 4 de marzo de 2024,"Apartamento nuevo, limpio, bien ubicado. En 10 minutos estás en el centro de Vitoria y no tuvimos problemas para aparcar","No había edredón para el sofá cama. Pero llamamos y nos lo trajeron.
No pudimos configurar la app para entrar a la habitación.
Faltaba algo más de iluminación en el espejo del baño","['•Viaje de ocio', '•Familia con niños pequeños', '•Apartamento de 1 dormitorio', '•Estancia de 1 noche', '•Enviado por móvil']"
Cristina,España,8.0,Escrito en 4 de marzo de 2024,El apartamento está muy bien ubicado y es amplio y limpio.,El sofa cama es muy incómodo.,"['•Viaje de ocio', '•Grupo de amigos', '•Apartamento de 2 dormitorios', '•Estancia de 1 noche', '•Enviado por móvil']"
Natalia,España,8.0,Escrito en 4 de marzo de 2024,"Limpieza 
Decoración
Toallas","Sofá cama incómodo 
No hay personal en todo el hotel.totañmente digitalizado","['•Viaje de ocio', '•Familia con niños pequeños', '•Apartamento de 1 dormitorio', '•Estancia de 2 noches', '•Enviado por móvil']"
Montse,España,10.0,Escrito en 3 de marzo de 2024,"Todo!!! El sitio genial!!! Todo detalle, muy bonito decorado. Genial.","El código para entrar, complicado y no había manera, menos mal q estaba una chica.","['•Viaje de ocio', '•Familia con niños pequeños', '•Apartamento de 1 dormitorio', '•Estancia de 1 noche', '•Enviado por móvil']"
Sandra,España,10.0,Escrito en 3 de marzo de 2024,"Alojamiento moderno y reformado, buena ubicación para ir andando al centro de la ciudad","No tiene cafetería, solo una máquina de vending.
A pesar de tener una hora de check out, el personal de limpieza quiso acceder a la habitación a las 9 de la mañana.","['•Viaje de ocio', '•Grupo', '•Apartamento de 1 dormitorio', '•Estancia de 2 noches', '•Enviado por móvil']"
Ane,España,9.0,Escrito en 2 de marzo de 2024,Está muy bien ubicado. Es muy moderno. Está muy nuevo y tiene parking directo,"Por decir algo, que las plazas de parking son un poco pequeñas de largo","['•Viaje de negocios', '•Persona que viaja sola', '•Apartamento de 1 dormitorio', '•Estancia de 1 noche', '•Enviado por móvil']"
Natalia,España,10.0,Escrito en 2 de marzo de 2024,"Alojamiento cómodo, muy bien ubicado con todo lo necesario. Nos sorprendió gratamente",Que lo había Nadie a quien preguntar nada todo online. Pero en realidad no tuvimos ningún problema.,"['•Viaje de ocio', '•Familia con niños pequeños', '•Apartamento de 1 dormitorio', '•Estancia de 1 noche', '•Enviado por móvil']"
Jose,España,10.0,Escrito en 2 de marzo de 2024,Orden y limpieza,,"['•Familia con niños pequeños', '•Apartamento de 2 dormitorios', '•Estancia de 6 noches', '•Enviado por móvil']"
Jose,España,10.0,Escrito en 2 de marzo de 2024,Limpieza ordenado y cerca del centro,,"['•Familia con niños pequeños', '•Apartamento de 2 dormitorios', '•Estancia de 9 noches', '•Enviado por móvil']"
Jose,España,9.0,Escrito en 2 de marzo de 2024,"Nos pusieron en una habitación superior porque había disponibilidad sin cobrarnos más. Todo el hotel cuenta con un olor muy agradable. Te dan un kit de bienvenida con unos cafés, agua y una bolsa de patatas. La cocina está totalmente equipada. Tiene un supermercado justo al lado de la entrada. El apartamento en general es muy acogedor. El baño no tiene bidet pero cuenta con ducha higiénica para el inodoro.",No había consigna para dejar las maletas. La cama no era cómoda y el edredón estaba manchado.,"['•Viaje de ocio', '•Pareja', '•Apartamento Estudio', '•Estancia de 2 noches']"
Miguel,España,9.0,Escrito en 1 de marzo de 2024,"Era muy cómodo, bien situado y estaba limpio en general. La cama bastante cómoda.","La pared, ya que tenía manchas.","['•Viaje de ocio', '•Pareja', '•Apartamento Estudio', '•Estancia de 2 noches', '•Enviado por móvil']"
Eva,España,10.0,Escrito en 29 de febrero de 2024,La limpieza y la comodidad fueron lo mejor del apartamento. Aparte todo está digitalizado haciendo la entrada y salida más ágil y fácil para todos.,,"['•Viaje de ocio', '•Pareja', '•Apartamento de 1 dormitorio', '•Estancia de 2 noches']"
Abio,España,9.0,Escrito en 29 de febrero de 2024,Muy bonito y limpio,,"['•Viaje de ocio', '•Grupo', '•Apartamento de 1 dormitorio', '•Estancia de 2 noches', '•Enviado por móvil']"
Maite,España,10.0,Escrito en 29 de febrero de 2024,"Estaba limpio, la decoración es genial y el detalle de bienvenida nos encantó!",,"['•Viaje de ocio', '•Grupo de amigos', '•Apartamento de 1 dormitorio', '•Estancia de 2 noches', '•Enviado por móvil']"
Carla,España,9.0,Escrito en 27 de febrero de 2024,Apartamento muy bonito y nuevo,Comodidad de la cama,"['•Viaje de ocio', '•Pareja', '•Apartamento Estudio', '•Estancia de 1 noche', '•Enviado por móvil']"
Ismary,España,10.0,Escrito en 27 de febrero de 2024,La limpieza y el comfort de la habitación,"Que no hay nadie en la recepción, pero la atención telefónica fue muy buena","['•Viaje de ocio', '•Familia con niños pequeños', '•Apartamento de 1 dormitorio', '•Estancia de 1 noche']"
Arce,Argentina,10.0,Escrito en 27 de febrero de 2024,Muy lindos apartamentos,,"['•Viaje de negocios', '•Pareja', '•Apartamento de 1 dormitorio', '•Estancia de 5 noches', '•Enviado por móvil']"
Anton,España,10.0,Escrito en 26 de febrero de 2024,"Situación, limpeza, ammenities, temperatura, amplitude",A billa da pula do baño estaba solta.,"['•Viaje de ocio', '•Familia con niños pequeños', '•Apartamento de 1 dormitorio', '•Estancia de 1 noche', '•Enviado por móvil']"
Esteban,España,8.0,Escrito en 26 de febrero de 2024,"El apartamento era muy cómodo.
La cocina muy completa, con todo tipo de electrodomésticos, muy nuevos y bonitos.
Además les hice una petición, y la cumplieron.","Que todo es por el móvil, no había ningún trabajador en recepción, todo funciona por correos.
Contratamos el desayuno, y no sabíamos dónde era, menos mal que vimos a una trabajadora del hotel, en un despacho en la entrada, y por casualidad, y muy amablemente nos informó.","['•Viaje de ocio', '•Familia con niños pequeños', '•Apartamento Estudio', '•Estancia de 2 noches', '•Enviado por móvil']"
Javier,España,9.0,Escrito en 26 de febrero de 2024,"Apartamento perfectamente equipado con todo lo necesario para la estancia. Limpio La situación es ideal para conocer la ciudad, pudiendo aparcar de manera gratuita en la misma calle del apartamento.Supermercado al lado y diversas tiendas de alimentación y cafeterías","Se escuchaba algo el ruido de la calle por la noche, y eso que era un séptimo.Almohadas blandas","['•Viaje de ocio', '•Familia con niños pequeños', '•Apartamento de 1 dormitorio', '•Estancia de 1 noche']"
David,España,9.0,Escrito en 26 de febrero de 2024,"El apartamento estupendo, amplio y muy limpio, además nos dejaron un detalle de bienvenida que es de agradecer.La ubicación es muy buena, ya a que a pesar de no estar exactamente en el centro, está cerca caminando y tienes la posibilidad de aparcar sin coste en las inmediaciones, aunque no es fácil.","Aunque nuestra estancia fue muy buena, falta ese plus de trato humano que tienen otros alojamientos, ya que la apertura de la habitación es con código. Por otro lado planteamos hacer el check-in sólo un poco antes de la entrada oficial para no dejar las maletas en el coche y sólo nos ofrecieron hacerlo abonando el recargo del check-in anticipado.","['•Viaje de ocio', '•Pareja', '•Apartamento Estudio', '•Estancia de 1 noche', '•Enviado por móvil']"
Angel,España,10.0,Escrito en 25 de febrero de 2024,Limpieza y ubicación,Ninguna posibilidad de cambiar algún horario,"['•Viaje de ocio', '•Familia con niños pequeños', '•Apartamento de 1 dormitorio', '•Estancia de 3 noches', '•Enviado por móvil']"
Enrique,España,10.0,Escrito en 25 de febrero de 2024,Ubicación y limpieza,El sofá cama era incómodo,"['•Viaje de ocio', '•Familia con niños pequeños', '•Apartamento de 1 dormitorio', '•Estancia de 3 noches', '•Enviado por móvil']"
Ruben,España,10.0,Escrito en 25 de febrero de 2024,"La habitación, equipamiento, camas cómodas",Nada,"['•Viaje de ocio', '•Grupo de amigos', '•Apartamento de 1 dormitorio', '•Estancia de 2 noches', '•Enviado por móvil']"
Macadominguezb,España,9.0,Escrito en 25 de febrero de 2024,"Estaba muy limpio. Las camas y el sofá-cama son cómodos. 
Estaba muy bien equipado en general.",,"['•Viaje de ocio', '•Familia con niños pequeños', '•Apartamento de 1 dormitorio', '•Estancia de 3 noches', '•Enviado por móvil']"
Begoña,España,8.0,Escrito en 24 de enero de 2024,"Ubicación a 12 minutos del centro, sofá muy cómodo, instalación muy limpia,cuarto de baño amplio.","El sistema para el checking es poco cómodo cuando vas de viaje, porque a través de su web debes de hacerlo así como el pago, aunque es verdad que si tienes algún problema telefónicamente te lo resuelven. Los utensilios de la cocina son escasos. Hay lavavajillas pero no proporcionan el líquido necesario,ni estropajos, ni galletas, ni papel de cocina. Hay cafetera de cápsulas pero éstas las debes de comprar tú, llamé para saber si podían proporcionar una cafetera italiana y me dijeron que no y que las cápsulas las podía adquirir en el super( qué amabilidad...) En la mayoría de apartamentos a los que he ido normalmente te dan un desayuno, leche, café, o fruta.. aquí no.","['•Familia con niños pequeños', '•Apartamento de 1 dormitorio', '•Estancia de 2 noches', '•Enviado por móvil']"
Ángel,España,10.0,Escrito en 23 de enero de 2024,"Decoración, Ducha , cama  y ubicación",Nada,"['•Viaje de ocio', '•Familia con niños pequeños', '•Apartamento de 1 dormitorio', '•Estancia de 1 noche', '•Enviado por móvil']"
Ildefonsa,España,10.0,Escrito en 22 de enero de 2024,"Me gustó la ubicación , limpieza y confort recomendable 100x 100","Que sea todo digital en ninguna hora en dos días de mi estancia vi una recepcionista aunque no me ha hecho falta ,pero habrá persona que lo necesita.","['•Familia con niños pequeños', '•Apartamento de 1 dormitorio', '•Estancia de 2 noches', '•Enviado por móvil']"
Sharoyantonio,España,10.0,Escrito en 22 de enero de 2024,Museos,,"['•Viaje de ocio', '•Pareja', '•Apartamento de 1 dormitorio', '•Estancia de 7 noches', '•Enviado por móvil']"
Irene,España,10.0,Escrito en 22 de enero de 2024,"En general el apartamento es muy cómodo. El baño y la ducha genial. Hay toallas y secador. La cocina equipada con lo necesario. El sofá cama no era lo más cómodo, pero se dormía bien. Para nosotros las almohadas muy bien.
Tuvimos que ampliar la reserva un día más y después de varias llamadas todo se resolvió sin problema. Muy amables. 
Volveríamos sin duda.","Hacía mucho calor en el apartamento. Quitamos la calefacción, pero aún así, por la noche se notaba.","['•Viaje de ocio', '•Grupo de amigos', '•Apartamento de 1 dormitorio', '•Estancia de 2 noches', '•Enviado por móvil']"
Massaccesi,España,10.0,Escrito en 22 de enero de 2024,Todo muy bien.,,"['•Viaje de negocios', '•Familia con niños pequeños', '•Apartamento de 1 dormitorio', '•Estancia de 1 noche', '•Enviado por móvil']"
Maria,España,9.0,Escrito en 22 de enero de 2024,El diseño y la equipación del apartamento,"Eramos tres pero el apartamento
Se preparó para dos, tuvimos que pedir edredón para la cama del sillón y solo dejaron dos juegos de toallas","['•Viaje de ocio', '•Grupo de amigos', '•Apartamento de 1 dormitorio', '•Estancia de 1 noche', '•Enviado por móvil']"
Raul,España,9.0,Escrito en 22 de enero de 2024,Práctico y espacioso,El sofá cama podría ser más cómodo,"['•Viaje de ocio', '•Familia con niños pequeños', '•Apartamento de 1 dormitorio', '•Estancia de 1 noche', '•Enviado por móvil']"
Guillermo,España,10.0,Escrito en 21 de enero de 2024,Un alojamiento excelente.,,"['•Viaje de negocios', '•Persona que viaja sola', '•Apartamento de 1 dormitorio', '•Estancia de 2 noches']"
Osane,España,9.0,Escrito en 21 de enero de 2024,El apartamento estaba precioso … limpio y con todo los utensilios de cocina necesarios.La ubicación perfecta y con muchos sitios para aparcar en la calle de forma gratuita.La cama muy cómoda y con dos almohadas para mayor comodidad.,"Si tengo que decir algo que no nos gusto es la hora de salida de los apartamentos,las 11 es una hora muy temprana ya que muchos de los que nos alojamos disfrutamos de la noche de la ciudad y resulta muy temprano","['•Viaje de ocio', '•Pareja', '•Apartamento de 1 dormitorio', '•Estancia de 1 noche', '•Enviado por móvil']"
Jose,España,9.0,Escrito en 20 de enero de 2024,Todos bien,La cama sofa no muy confortable,"['•Viaje de ocio', '•Familia con niños pequeños', '•Apartamento de 1 dormitorio', '•Estancia de 1 noche', '•Enviado por móvil']"
Roberto,España,10.0,Escrito en 20 de enero de 2024,"Lo limpio y ordenado que estaba, la ubicación y distancia al centro histórico.",,"['•Viaje de ocio', '•Pareja', '•Apartamento de 1 dormitorio', '•Estancia de 1 noche', '•Enviado por móvil']"
Alejandro,España,8.0,Escrito en 19 de enero de 2024,Buena ubicación y amplitud,Se echa de menos personal físico.,"['•Viaje de ocio', '•Persona que viaja sola', '•Apartamento de 1 dormitorio', '•Estancia de 1 noche', '•Enviado por móvil']"
Francisco,España,9.0,Escrito en 19 de enero de 2024,"Las instalaciones nuevas y confortables, todo muy limpio",El tramite de la llave con código o aplicación. Depender del móvil para entrar en la habitación,"['•Viaje de negocios', '•Persona que viaja sola', '•Apartamento Estudio', '•Estancia de 2 noches', '•Enviado por móvil']"
Nuria,España,7.0,Escrito en 18 de enero de 2024,Su practicidad muy cómodo,Que no hubiera unos sobrecitos de café y azúcar el resto todo perfecto,"['•Viaje de ocio', '•Familia con niños pequeños', '•Apartamento de 1 dormitorio', '•Estancia de 2 noches', '•Enviado por móvil']"
Jesica8,España,8.0,Escrito en 17 de enero de 2024,La ubicación y la limpieza,La cocina podría ser más completa,"['•Viaje de ocio', '•Familia con niños pequeños', '•Apartamento de 1 dormitorio', '•Estancia de 1 noche', '•Enviado por móvil']"
Violeta,Argentina,10.0,Escrito en 17 de enero de 2024,"Impecable todo. Desde la entrada, el personal y el piso. Super recomendable",,"['•Viaje de ocio', '•Familia con niños pequeños', '•Apartamento de 1 dormitorio', '•Estancia de 1 noche', '•Enviado por móvil']"
Luciamedina84,España,10.0,Escrito en 16 de enero de 2024,"Es un apartamento con todo lo necesario para estar cómodo. La ubicación es inmejorable, cruzas la calle y estás en el centro.
Justo pegado tienes un supermercado.
Es un apartamento super grande.",La cafetera era Nespresso y te cobran por darte cápsulas. Me gustaría que los apartamentos tengan cafeteras tipo italiana.,"['•Viaje de ocio', '•Pareja', '•Apartamento de 1 dormitorio', '•Estancia de 1 noche', '•Enviado por móvil']"
Maria,España,10.0,Escrito en 16 de enero de 2024,Todo perfecto,"Sería un detalle dejar, al menos, dos cápsulas para la cafetera nesspreso, sobre todo si solo se va a estar una noche.","['•Viaje de ocio', '•Familia con niños pequeños', '•Apartamento de 1 dormitorio', '•Estancia de 1 noche', '•Enviado por móvil']"
José,España,9.0,Escrito en 16 de enero de 2024,Ubicación y comodidades,No me dejaron contratar late check out,"['•Viaje de ocio', '•Familia con niños pequeños', '•Apartamento de 1 dormitorio', '•Estancia de 1 noche', '•Enviado por móvil']"
Andrea,España,10.0,Escrito en 15 de enero de 2024,Ubicación y decoración del apartamento.,Podría mejorar la cama pero todo genial.,"['•Viaje de negocios', '•Grupo', '•Apartamento de 1 dormitorio', '•Estancia de 1 noche', '•Enviado por móvil']"
Clara,España,10.0,Escrito en 15 de enero de 2024,"Perfecta ubicaciónSe puede aparcar fácil",,"['•Viaje de ocio', '•Pareja', '•Apartamento Estudio', '•Estancia de 1 noche', '•Enviado por móvil']"
Arantza,España,9.0,Escrito en 15 de enero de 2024,"Apartamento muy espacioso, cama muy cómoda y buena terraza",,"['•Viaje de ocio', '•Pareja', '•Apartamento con terraza', '•Estancia de 1 noche', '•Enviado por móvil']"
Silvia,España,10.0,Escrito en 15 de enero de 2024,"Lo espacioso y céntrico.
Y la decoración del apartamento.",,"['•Viaje de ocio', '•Pareja', '•Apartamento de 1 dormitorio', '•Estancia de 3 noches', '•Enviado por móvil']"
Saturnino,España,9.0,Escrito en 15 de enero de 2024,Limpio. Cómodo. Bien situado. Parking. Restaurantes alrededor. Iglesia enfrente.,"Un solo fallo. La limpieza general excelente, pero había una mancha de sangre en el cuarto de baño que no se había limpiado, supongo que por un descuido.","['•Viaje de ocio', '•Familia con niños pequeños', '•Apartamento de 2 dormitorios', '•Estancia de 1 noche']"
Sara,España,10.0,Escrito en 10 de diciembre de 2023,"Ubicación, limpieza, modernidad, economización muy buena del espacio, equipamiento, y comodidad, fácil check in y check out.",Me gustó todo,"['•Viaje de ocio', '•Grupo', '•Apartamento de 2 dormitorios', '•Estancia de 5 noches', '•Enviado por móvil']"
Marta,España,8.0,Escrito en 10 de diciembre de 2023,Totalmente nuevo y la ubicación perfecta.,El sofá cama muy incómodo!!!,"['•Viaje de ocio', '•Familia con niños pequeños', '•Apartamento de 1 dormitorio', '•Estancia de 1 noche', '•Enviado por móvil']"
Elena,España,10.0,Escrito en 10 de diciembre de 2023,Decoración y ubicación muy bien equipado.,Que no tuviera terraza,"['•Viaje de ocio', '•Grupo de amigos', '•Apartamento Estudio', '•Estancia de 4 noches', '•Enviado por móvil']"
Silvia,España,8.0,Escrito en 10 de diciembre de 2023,La ubicación,"No conseguimos hablar con nadie en la recepción. 
El servicio de limpieza diario, no estaba incluido en el precio.
Para desayunar hay que salir fuera del edificio.","['•Viaje de ocio', '•Familia con niños pequeños', '•Apartamento de 1 dormitorio', '•Estancia de 2 noches', '•Enviado por móvil']"
Casdur,España,10.0,Escrito en 10 de diciembre de 2023,"La ubicación. El apartamento muy completo, con todo lo necesario. Nos encantó.",,"['•Viaje de ocio', '•Familia con niños pequeños', '•Apartamento de 1 dormitorio', '•Estancia de 2 noches', '•Enviado por móvil']"
Begoña,España,10.0,Escrito en 10 de diciembre de 2023,Todo muy limpio.,Nada,"['•Viaje de ocio', '•Familia con niños pequeños', '•Apartamento de 1 dormitorio', '•Estancia de 1 noche', '•Enviado por móvil']"
Juani,España,10.0,Escrito en 10 de diciembre de 2023,"El apartamento muy cómodo, limpio y bien equipado",,"['•Viaje de ocio', '•Familia con niños pequeños', '•Apartamento de 1 dormitorio', '•Estancia de 1 noche', '•Enviado por móvil']"
Raúl,España,8.0,Escrito en 9 de diciembre de 2023,Estaba bien localizado,"No había nadie y todo el trato era online o por teléfono, por lo que varios días, al haber problemas para entrar al aparcamiento, tenías que resolverlo por teléfono, tardando mucho más.","['•Viaje de ocio', '•Familia con niños pequeños', '•Apartamento de 1 dormitorio', '•Estancia de 3 noches', '•Enviado por móvil']"
Rocio,España,7.0,Escrito en 8 de diciembre de 2023,La limpieza y que era nuevo,Q no habia personal,"['•Viaje de ocio', '•Familia con niños pequeños', '•Apartamento de 1 dormitorio', '•Estancia de 1 noche', '•Enviado por móvil']"
Julio,Guatemala,7.0,Escrito en 8 de diciembre de 2023,La ubicación,La segunda habitación la cama es muy pequeña y el sofá cama es malo y ruidoso,"['•Viaje de ocio', '•Grupo', '•Apartamento de 2 dormitorios', '•Estancia de 4 noches', '•Enviado por móvil']"
M,España,9.0,Escrito en 8 de diciembre de 2023,Ubicación,"Sin recepción física. 
Falta de tv en habitación.","['•Viaje de ocio', '•Familia con niños pequeños', '•Apartamento de 1 dormitorio', '•Estancia de 2 noches', '•Enviado por móvil']"
Mar2728,España,10.0,Escrito en 7 de diciembre de 2023,"Buena zona. Todo nuevo. Muy amables. Lavadora con secadora (Vitoria es una ciudad muy húmeda, la secadora viene genial). Admite mascotas. Todo perfecto. Muy recomendable",No hubo nada que no me gustara.,"['•Viaje de ocio', '•Familia con niños pequeños', '•Apartamento Estudio', '•Estancia de 4 noches']"
Cristina,España,8.0,Escrito en 7 de diciembre de 2023,"El alojamiento es como en las fotos, muy nuevo y limpio.","Hubo problemas con el agua caliente sábado y domingo. Habíamos alargado la hora del check out hasta las 14h pero no nos pudimos duchar. Llamamos y no lo solucionaron, tampoco nos descontaron lo que habíamos pagado de más siendo que los servicios del apartamento no iban bien.","['•Viaje de ocio', '•Grupo', '•Apartamento de 2 dormitorios', '•Estancia de 2 noches', '•Enviado por móvil']"
Lara,España,8.0,Escrito en 7 de diciembre de 2023,"El apto esta muy bien ubicado, a escasos metros de la catedral. Para aparcar muy bien, a escasos metros en zona blanca. El apto es minimalista y moderno, con todo lo necesario. Entrada sin contacto, muy bien.","Tienes que pagar 15euros/dia por mascota para que te dejen snacks... Es cierto que debes avisar esto con 24h de antelación, y no lo hicimos, pero no nos dejaron nada en los dias que estuvimos.","['•Viaje de ocio', '•Pareja', '•Apartamento Estudio', '•Estancia de 5 noches']"
Raquel,España,10.0,Escrito en 6 de diciembre de 2023,"El apartamento es muy cómodo y moderno. Tiene todo lo necesario. Entrada muy práctica con código tanto para portal como garaje. Todo muy limpio. Cama cómoda, salvo las almohadas que eran muy bajas.No se escuchaba ningún ruído del exterior.La ubicación estupenda, a 10 min caminando del centro y con muchos servicios alrededor. Íbamos con una mascota y no tuvimos ningún problema. Te ponen comedero, bebedero y una mini cama, se agradece","La única pega es q pedimos una cuna para nuestro bebé y el colchón de la misma estaba muy encorvado y era muy fino, con lo cual tuvimos que meterla en la cama con nosotros porque ahí no podía descansar","['•Con una mascota', '•Viaje de ocio', '•Familia con niños pequeños', '•Apartamento de 1 dormitorio', '•Estancia de 2 noches', '•Enviado por móvil']"
Angel,España,9.0,Escrito en 5 de diciembre de 2023,Muy bien equipado,,"['•Viaje de ocio', '•Pareja', '•Apartamento Estudio', '•Estancia de 1 noche', '•Enviado por móvil']"
José,España,9.0,Escrito en 5 de diciembre de 2023,La situación. Aparcamiento en el mismo edificio. Limpieza. Que haya recepción. Es parecido a un hotel. El precio.,El check in virtual. Pero se palia con una persona en recepción.,"['•Viaje de ocio', '•Familia con niños pequeños', '•Apartamento de 1 dormitorio', '•Estancia de 2 noches', '•Enviado por móvil']"
Angel,España,9.0,Escrito en 4 de diciembre de 2023,Los apartamentos están muy bien equipados,El desagüe del lavamanos del baño,"['•Viaje de ocio', '•Pareja', '•Apartamento Estudio', '•Estancia de 1 noche', '•Enviado por móvil']"
Mikel,España,7.0,Escrito en 26 de noviembre de 2023,"Alojamiento muy bien situado, con facilidades para el aparcamiento y grupos con mascota. Cama comodísima.",Una ducha sin mampara acaba resultando incómoda.,"['•Pareja', '•Apartamento Estudio', '•Estancia de 2 noches', '•Enviado por móvil']"
Alida,España,9.0,Escrito en 24 de noviembre de 2023,Check in y out muy cómodo al ser online.buenas instalaciones y apartamento muy cómodo.acogefor,La antena de la tv no funcionaba bien.solicitamos una cuna en la reserva y no la pusieron.,"['•Viaje de ocio', '•Familia con niños pequeños', '•Apartamento de 1 dormitorio', '•Estancia de 2 noches', '•Enviado por móvil']"
Fran,España,10.0,Escrito en 24 de noviembre de 2023,Ubicación perfecta. Tienes todo a unos pocos minutos a pie.,"Por poner algo negativo, ( que no es para tanto), sería ideal si pusieran mampara o cortina en la ducha.","['•Pareja', '•Apartamento Estudio', '•Estancia de 2 noches', '•Enviado por móvil']"
Angel180261,España,9.0,Escrito en 22 de noviembre de 2023,"Ubicación muy buena, a 10 minutos del centro de VitoriaApartamento amplio y cómodo",Microondas complicado de utilizar,"['•Viaje de ocio', '•Pareja', '•Apartamento de 1 dormitorio', '•Estancia de 4 noches']"
Agustin,España,10.0,Escrito en 20 de noviembre de 2023,"El apartamento estaba muy bien equipado y la ubicación es ideal para Vitoria. Tiene el casco antiguo muy cerca caminando y también tiene restaurantes, mercados, cafés y tiendas alrededor muy cerca. Todo es digitalizado, pero igualmente al teléfono atienden muy bien si necesitas algo.","El único pero que tuvimos fue el sofá-cama. No era tan cómodo, era ruidoso y se movía mucho. Optamos por usar el colchón de sofá en el piso y fue la solución.","['•Viaje de ocio', '•Grupo de amigos', '•Apartamento de 2 dormitorios', '•Estancia de 4 noches', '•Enviado por móvil']"
Mayte,España,10.0,Escrito en 20 de noviembre de 2023,"Comodidad, limpieza, buena ubicación",Demasiado calor en la habitación,"['•Viaje de ocio', '•Grupo de amigos', '•Apartamento de 1 dormitorio', '•Estancia de 2 noches', '•Enviado por móvil']"
M,España,8.0,Escrito en 19 de noviembre de 2023,"La ubicación, muy cerca del centro y todos los lugares de interés, sin problema de aparcamiento",Excesivo calor al no poderse quitar o graduar la calefacción,"['•Viaje de ocio', '•Familia con niños pequeños', '•Apartamento de 1 dormitorio', '•Estancia de 2 noches', '•Enviado por móvil']"
Maria,España,9.0,Escrito en 9 de octubre de 2023,"La tranquilidad
La limpieza
Ubicación",Era más pequeño de lo que parecía en las fotos,"['•Viaje de ocio', '•Pareja', '•Apartamento Estudio', '•Estancia de 5 noches', '•Enviado por móvil']"
Eva,España,7.0,Escrito en 9 de octubre de 2023,"El apartamento está nuevo, muy bien equipado y céntrico.","No te dejan entran hasta las 15 h y a pesar de solicitar entrada temprana que había que pagar, no me lo solucionaron. Tampoco tiene sitio para guardar las maletas","['•Viaje de ocio', '•Familia con niños pequeños', '•Apartamento de 1 dormitorio', '•Estancia de 1 noche', '•Enviado por móvil']"
Maria,España,8.0,Escrito en 8 de octubre de 2023,"La ubicación, las instalaciones, la comodidad de la cama.","El Chromecast del televisor no funcionaba correctamente (se cortaba la trasmisión todo el rato). El baño era para minusválidos, lo que resultó incómodo porque cada vez que nos duchábamos se quedaba todo mojado. Tambien nos hubiese gustado que nos indicaran antes la planta del apartamento (nos tocó en la 6).","['•Viaje de ocio', '•Pareja', '•Apartamento Estudio', '•Estancia de 3 noches', '•Enviado por móvil']"
Maria,España,9.0,Escrito en 7 de octubre de 2023,La ubicación,Nada,"['•Viaje de ocio', '•Familia con niños pequeños', '•Apartamento de 1 dormitorio', '•Estancia de 1 noche', '•Enviado por móvil']"
Janire,España,10.0,Escrito en 7 de octubre de 2023,La seguridad y facilidad para hacer el check in y check out. La limpieza y buen estado de las instalaciones.,"Check out a las 11:00 horas, demasiado rápido.","['•Viaje de ocio', '•Grupo de amigos', '•Apartamento de 2 dormitorios', '•Estancia de 1 noche', '•Enviado por móvil']"
Maria,Argentina,10.0,Escrito en 7 de octubre de 2023,Muy equipado,,"['•Viaje de ocio', '•Grupo', '•Apartamento de 1 dormitorio', '•Estancia de 2 noches', '•Enviado por móvil']"
Sara,España,9.0,Escrito en 6 de octubre de 2023,"en general muy bien, muy espacioso y cómodo",se escuchaba mucho a los de las habitaciones cercanas,"['•Viaje de ocio', '•Familia con niños pequeños', '•Apartamento de 1 dormitorio', '•Estancia de 2 noches', '•Enviado por móvil']"
Oscar,México,9.0,Escrito en 4 de octubre de 2023,La amplitud y servicios del hotel. La ubicación. La relación calidad/precio. La ciudad (Vitoria) muy verde.,,"['•Viaje de ocio', '•Familia con niños pequeños', '•Apartamento de 1 dormitorio', '•Estancia de 4 noches', '•Enviado por móvil']"
Esther,España,8.0,Escrito en 4 de octubre de 2023,La comodidad y ubicación del apartamento.,No funcionaba el aire acondicionado y uno de los días hizo mucho calor.,"['•Viaje de ocio', '•Familia con niños pequeños', '•Apartamento Ático', '•Estancia de 2 noches', '•Enviado por móvil']"
Alberto,España,8.0,Escrito en 4 de octubre de 2023,Las instalaciones,El sofá cama no era cómodo,"['•Viaje de ocio', '•Grupo de amigos', '•Apartamento de 1 dormitorio', '•Estancia de 3 noches', '•Enviado por móvil']"
Maria,España,7.0,Escrito en 3 de octubre de 2023,,No tener recepción y no estar claro la forma de entrar a los apartamentos. Perdiendo tiempo en conseguirlo.,"['•Viaje de ocio', '•Familia con niños pequeños', '•Apartamento Estudio', '•Estancia de 1 noche', '•Enviado por móvil']"
Amalia,España,9.0,Escrito en 3 de octubre de 2023,Bien equipado con menaje de cocina y muy limpio,El sofá cama era incómodo,"['•Viaje de ocio', '•Grupo', '•Apartamento de 1 dormitorio', '•Estancia de 4 noches', '•Enviado por móvil']"
Javier,España,9.0,Escrito en 2 de octubre de 2023,"Ubicación, limpieza","No nos termino de encajar el tema de los accesos mediante llave digital y código, ya que a veces no funcinaba","['•Viaje de ocio', '•Grupo', '•Apartamento de 1 dormitorio', '•Estancia de 2 noches', '•Enviado por móvil']"
Natalia,España,8.0,Escrito en 30 de septiembre de 2023,Muy céntrico y a la vez tranquilo,"Eramos 4 y solo había 3 camas,. Una persona tuvo que dormir en  el sofá cama y no era muy cómodo.","['•Viaje de ocio', '•Familia con niños pequeños', '•Apartamento de 2 dormitorios', '•Estancia de 2 noches', '•Enviado por móvil']"
Inma,España,10.0,Escrito en 28 de septiembre de 2023,Super limpio súper cómodo y tal cual la foto,,"['•Familia con niños pequeños', '•Apartamento de 1 dormitorio', '•Estancia de 1 noche', '•Enviado por móvil']"
Julián,España,9.0,Escrito en 27 de septiembre de 2023,"Insinorizacion, menaje","Escasos productos de limpieza, en función de la estancia, ambiente muy frio","['•Viaje de ocio', '•Familia con niños pequeños', '•Apartamento de 2 dormitorios', '•Estancia de 8 noches', '•Enviado por móvil']"
Ana,España,9.0,Escrito en 27 de septiembre de 2023,"El apartamento era muy amplio, moderno, muy limpio y cuidado. Todo al detalle. Tenía hasta Chromecast en la televisión y además estaba muy bien insonorizada. El detalle de hacer el check in online es fantástico. Volvería a repetir sin duda.","Por poner alguna pega diría que no se podía abrir la ventana normal, solo abatida y que la cama doble son dos camas juntas.","['•Viaje de ocio', '•Pareja', '•Apartamento Estudio', '•Estancia de 1 noche', '•Enviado por móvil']"
Lucía,España,9.0,Escrito en 27 de septiembre de 2023,Todo muy nuevo y limpio y viajé con mascota y le dejaron unas cookies para él.,Camas individuales.,"['•Viaje de ocio', '•Pareja', '•Apartamento Estudio', '•Estancia de 2 noches', '•Enviado por móvil']"
Maria,España,10.0,Escrito en 26 de septiembre de 2023,"La amplitud de la estancia, el diseño minimalista y la disposición de utensilios básicos en la cocina","La cama, quizá es algo pequeña para una pareja, en relación con el resto de la estancia","['•Viaje de ocio', '•Pareja', '•Apartamento de 1 dormitorio', '•Estancia de 3 noches']"
Lorena,España,9.0,Escrito en 25 de septiembre de 2023,Muy práctico con todo lo necesario de menaje. Ubicación ideal para caminar y conocer el centro,,"['•Viaje de ocio', '•Familia con niños pequeños', '•Apartamento Estudio', '•Estancia de 1 noche', '•Enviado por móvil']"
Maria,España,10.0,Escrito en 25 de septiembre de 2023,ubicación,,"['•Viaje de ocio', '•Familia con niños pequeños', '•Apartamento de 1 dormitorio', '•Estancia de 1 noche']"
David,España,9.0,Escrito en 24 de septiembre de 2023,"La ubicación y las habitaciones. 
El aire acondicionado funcionaba muy bien. Nos pilló en unos días muy calurosos.","Que no hubiera personal durante una buena parte del día allí. 
Solo una persona en la recepción que no llega a todo porque es imposible atender a los cientos de personas.","['•Viaje de ocio', '•Pareja', '•Apartamento Estudio', '•Estancia de 3 noches', '•Enviado por móvil']"
Hurior,España,8.0,Escrito en 22 de septiembre de 2023,La ubicación del apartamento es muy buena.,"El equipamiento de la cocina podría mejorarse, se quedaba un poco escaso.Al montar el sofá cama no quedaba espacio para tener la mesa y desayunar en condiciones, es raro.","['•Viaje de ocio', '•Familia con niños pequeños', '•Apartamento con terraza', '•Estancia de 3 noches']"
Margarita,España,9.0,Escrito en 21 de septiembre de 2023,"Ubicación,  limpieza,  nuevo, facilidad de cheking",Todo muy bien,"['•Viaje de ocio', '•Familia con niños pequeños', '•Apartamento Estudio', '•Estancia de 2 noches', '•Enviado por móvil']"
Rogelio,España,8.0,Escrito en 20 de septiembre de 2023,Sistema de entrada al edificio,La caida del sistema de entrada a la habitacion,"['•Viaje de ocio', '•Pareja', '•Apartamento Estudio', '•Estancia de 7 noches']"
Ascensión,España,10.0,Escrito en 29 de agosto de 2023,Nos gustó mucho la ubicación. Está a un paseo del centro. El apartamento es muy acogedor y cómodo. Lástima que sólo estuviésemos una noche.,Me cuesta un poco hacerme a la tecnología... Me resulta más cómodo que haya recepcionista presencial.,"['•Viaje de ocio', '•Familia con niños pequeños', '•Apartamento de 1 dormitorio', '•Estancia de 1 noche', '•Enviado por móvil']"
Inmaculada,España,10.0,Escrito en 28 de agosto de 2023,"El diseño del interior, las instalaciones, la limpieza...",Nada.,"['•Viaje de ocio', '•Familia con niños pequeños', '•Apartamento de 1 dormitorio', '•Estancia de 1 noche', '•Enviado por móvil']"
Raul,España,8.0,Escrito en 28 de agosto de 2023,La cama de matrimonio era muy cómoda. Estaba limpio,"La taza del inodoro estaba un poco desajustada.
El sofá cama era un poco incómodo","['•Viaje de ocio', '•Familia con niños pequeños', '•Apartamento Estudio', '•Estancia de 1 noche', '•Enviado por móvil']"
Eliyah,España,9.0,Escrito en 27 de agosto de 2023,Todo excelente organización.  Muy pulcro y ordenado.  La tecnología se impone y al principio un poco perdida pero vas comprendiendo y siempre hay alguien en el tlf que te orienta en todo.,Todo ha estado muy bien . Ubicación Excelente! Pulcritud,"['•Familia con niños pequeños', '•Apartamento de 2 dormitorios', '•Estancia de 1 noche', '•Enviado por móvil']"
Judit,España,8.0,Escrito en 27 de agosto de 2023,"Buena ubicación y alojamiento limpio y cómodo.
La alfombrilla con comedero y bebedero para perros.",Reservamos cama doble y nos dieron apartamento con dos camas individuales juntas.,"['•Viaje de ocio', '•Pareja', '•Apartamento Estudio', '•Estancia de 3 noches', '•Enviado por móvil']"
Rosinag,España,8.0,Escrito en 27 de agosto de 2023,"Apartamentos totalmente automatizados, sin recepción, entras con código. Son modernos y están muy limpios. En concreto nuestro estudio era un poco pequeño porque viajábamos con perro grande y se nos quedó justo, pero para los pocos días que estuvimos, bien. Baño amplio y cocina con todo el menaje. Ubicación muy buena en una avenida tranquila pero a escasos 7min andando del centro.","Nos faltó que hubiera algo básico para cocinar como aceite,  lavavajillas o incluso cápsulas de café ya que había cafetera. Si para dos días tengo que comprarlo todo no resulta cómodo ni práctico.","['•Viaje de ocio', '•Familia con niños pequeños', '•Apartamento Estudio', '•Estancia de 2 noches', '•Enviado por móvil']"
Natalia,España,10.0,Escrito en 27 de agosto de 2023,Me ha gustado la disposición del apartamento y el buen gusto con el que esta decorado.,"El sofa cama del comedor no es muy comodo ni confortable como cama, si que lo es como sofà.","['•Viaje de ocio', '•Familia con niños pequeños', '•Apartamento de 1 dormitorio', '•Estancia de 4 noches', '•Enviado por móvil']"
Rolán,España,10.0,Escrito en 27 de agosto de 2023,La ubicación y la amplitud de la estancia. Además de ser virtual atendieron rápidamente cada vez que lo necesitamos.,"El colchón de la habitación era de muelles,algo quizás anticuado y por debajo de la calidad del apartamento.","['•Viaje de ocio', '•Familia con niños pequeños', '•Apartamento de 1 dormitorio', '•Estancia de 3 noches', '•Enviado por móvil']"
Nadia,España,8.0,Escrito en 26 de agosto de 2023,Ubicación y es un apartamento muy práctico.,No es un apartahotel. El servicio de limpieza es a partir de una semana de estancia.,"['•Viaje de ocio', '•Familia con niños pequeños', '•Apartamento de 1 dormitorio', '•Estancia de 4 noches', '•Enviado por móvil']"
Ester,España,10.0,Escrito en 26 de agosto de 2023,Limpieza,Faltaban productos de limpieza como jabón platos lavadora,"['•Viaje de ocio', '•Familia con niños pequeños', '•Apartamento de 1 dormitorio', '•Estancia de 4 noches', '•Enviado por móvil']"
Maria,España,9.0,Escrito en 26 de agosto de 2023,"Diseño, espacio, ubicación",El precio,"['•Viaje de ocio', '•Familia con niños pequeños', '•Apartamento con terraza', '•Estancia de 5 noches', '•Enviado por móvil']"
Joan,España,9.0,Escrito en 26 de agosto de 2023,"El apartamento se ve nuevo y en muy buenas condiciones. Bastante amplio para cuatro personas (dos adultos y dos niños).
Todo muy limpio y camas muy confortables.
Baño muy amplio y cocina completa y moderna.
A 5 minutos del centro histórico.",No hay parquing gratuito.,"['•Viaje de ocio', '•Familia con niños pequeños', '•Apartamento de 1 dormitorio', '•Estancia de 1 noche', '•Enviado por móvil']"
Jose,España,10.0,Escrito en 26 de agosto de 2023,"Estaba impecable! Limpísimo, moderno, muy buen decorado, completamente equipado incluso con secadora, dejaban hasta kit de limpieza, el parking muy amplio y cómodo. 
La ubicación, excelente en todos los aspectos",,"['•Viaje de ocio', '•Familia con niños pequeños', '•Apartamento de 1 dormitorio', '•Estancia de 1 noche', '•Enviado por móvil']"
Laura,España,8.0,Escrito en 26 de agosto de 2023,"Habitación amplia, camas cómodas y cerca del centro.","Que te dejen entrar en tu habitación antes de las 15h sólo si pagas un suplemento, sino no (la hora de entrada se fija para que al personal de la limpieza le dé tiempo a limpiar lo del anterior cliente, no para hacer negocio) y que al no haber personal físico, no hay una consigna para guardar tus maletas al menos.","['•Viaje de ocio', '•Familia con niños pequeños', '•Apartamento de 1 dormitorio', '•Estancia de 1 noche', '•Enviado por móvil']"
Carmen,España,9.0,Escrito en 26 de agosto de 2023,No Aplicable.,"La presión del agua, sobretodo en la ducha.","['•Viaje de ocio', '•Familia con niños pequeños', '•Apartamento de 1 dormitorio', '•Estancia de 1 noche', '•Enviado por móvil']"
Ana,España,8.0,Escrito en 25 de agosto de 2023,Comodidad.,No vi ningún responsable en ningún momento.,"['•Pareja', '•Apartamento de 1 dormitorio', '•Estancia de 2 noches', '•Enviado por móvil']"
Mt,Países Bajos,10.0,Escrito en 24 de agosto de 2023,Todo estupendo,El sofá cama era un poco incómodo. Es la única pega que podría poner al alojamiento.,"['•Viaje de ocio', '•Familia con niños pequeños', '•Apartamento de 1 dormitorio', '•Estancia de 7 noches', '•Enviado por móvil']"
Gustavo,España,8.0,Escrito en 24 de agosto de 2023,"Moderno, sin contacto, en orden y con todo funcionando correctamente",El parking es adicional,"['•Viaje de ocio', '•Familia con niños pequeños', '•Apartamento de 1 dormitorio', '•Estancia de 2 noches', '•Enviado por móvil']"
Domingo,España,9.0,Escrito en 24 de agosto de 2023,La ubicación céntrica del hotel y la distribución del apartamento.,Que faltaban tazas de café y que las ventanas no se pudieran abrir un poco más.,"['•Viaje de ocio', '•Familia con niños pequeños', '•Apartamento de 1 dormitorio', '•Estancia de 22 noches', '•Enviado por móvil']"
Antonio,España,8.0,Escrito en 22 de agosto de 2023,Su ubicación,"No había productos de limpieza de vajilla, ni mantel, ni paños o papel de cocina. Sin embargo el menaje estaba muy bien","['•Viaje de ocio', '•Familia con niños pequeños', '•Apartamento de 1 dormitorio', '•Estancia de 1 noche', '•Enviado por móvil']"
Beatriz,España,9.0,Escrito en 22 de agosto de 2023,"Muy buena ubicación, muy cerca del centro.",,"['•Viaje de ocio', '•Familia con niños pequeños', '•Apartamento de 1 dormitorio', '•Estancia de 4 noches', '•Enviado por móvil']"
Maria,España,10.0,Escrito en 22 de agosto de 2023,Muy buena ubicacion.  Y bastante aparcamiento en la calle. Se llega con facilidad,,"['•Viaje de ocio', '•Familia con niños pequeños', '•Apartamento de 1 dormitorio', '•Estancia de 3 noches', '•Enviado por móvil']"
Laura,España,10.0,Escrito en 21 de agosto de 2023,Muy nuevo y limpio. Da gusto llegar a una habitación así. Tenía todo lo necesario. Repetiremos seguro.,,"['•Viaje de ocio', '•Familia con niños pequeños', '•Apartamento de 1 dormitorio', '•Estancia de 1 noche', '•Enviado por móvil']"
Olga,España,9.0,Escrito en 21 de agosto de 2023,"Ubicacion, todo nuevo",,"['•Viaje de ocio', '•Familia con niños pequeños', '•Apartamento de 1 dormitorio', '•Estancia de 1 noche', '•Enviado por móvil']"
Castroramos84,España,8.0,Escrito en 21 de agosto de 2023,El apartamento en sí de muy buena calidad y en el centro,Plazas muy estrechas y poca separación entre las plazas enfrentadas nos aparco un avant detrás sobresaliendo la mayor parte del morro y no pudimos salir con mucho esfuerzo y maniobrando casi a punto de coche pudimos salir. Luego la anchura tampoco es que fuera demasiado puesto que algunos coches les hacia falta doble plaza para el precio del coche/día podía ser de in tamaño considerado para los coches de hoy,"['•Viaje de ocio', '•Familia con niños pequeños', '•Apartamento de 1 dormitorio', '•Estancia de 4 noches', '•Enviado por móvil']"
Marta,España,8.0,Escrito en 6 de agosto de 2023,"El apartamento está muy bien ubicado, zona bastante céntrica. Está limpio y bien decorado. Tiene el menaje necesario y en muy buen estado. Las camas son cómodas.","La ducha no funcionaba correctamente. Muy difícil regular la temperatura y la presión. A parte tenía una zona rota, y salpicaba de manera continua al techo y al suelo.","['•Viaje de ocio', '•Familia con niños pequeños', '•Apartamento de 1 dormitorio', '•Estancia de 3 noches', '•Enviado por móvil']"
Manuel,España,8.0,Escrito en 6 de agosto de 2023,"La ubicación es muy céntrica, ideal para moverse por la ciudad. Buena zona para comer. Las habitaciones amplias.","El desayuno es un pack que dejan en el apartamento. Contiene un batiburrillo de cosas, algunas con poco sentido: colines que no se pueden acompañar con nada; mermelada sin mantequilla para el bollo; cápsula de café y leche, sin otra alternativa de bebida caliente. No creo que se pueda considerar que tiene el desayuno incluido. Es solo para resolver un apuro.","['•Viaje de ocio', '•Familia con niños pequeños', '•Apartamento de 1 dormitorio', '•Estancia de 2 noches', '•Enviado por móvil']"
Laura,España,8.0,Escrito en 6 de agosto de 2023,"Que está todo muy limpio. Hay lavadora -secadora, cafetera de cápsulas y es muy amplio.","Que no haya nadie en recepción y tengas que llamar a un número en el que te sale primero un contestador y al cabo de unos minutos te ponen con una centralita a la que le expones lo q te pasa/falta/dudas etc. Éramos tres y nos pusieron un juego de toallas y hasta que nos subieron los otros dos juegos tardaron muchisimo, tanto q decidimos salir a ver Vitoria sin ducharnos dos. Pero lo entiendo, pq la única chica q había, tenía una lista de quehaceres interminable. 
Poca comunicación con la centralita y el complejo:
Ejemplos: 
1-hicimos late check out y a las 11:04 ya vinieron a hacer la habitación y en esta situacion la trabajadora se tuvo q creer q aún no salíamos, pero a ella no la habían avisado.
2-  ídem al salir del parquing. No pudimos abrir la puerta pq no constaba q habíamos hecho late check out. Con lo cual, tienes q llamar al contestador y cruzar los dedos para q te lo cojan pronto...
El desayuno no vale la pena. Si te entra en la tarifa, perfecto pero si no, es mejor no añadirlo.","['•Viaje de ocio', '•Familia con niños pequeños', '•Apartamento de 1 dormitorio', '•Estancia de 1 noche', '•Enviado por móvil']"
Roser,España,10.0,Escrito en 5 de agosto de 2023,"El apartamento era muy chulo! Muy acogedor, y bien equipado. Estuvimos muy cómodos!","El edredón que se ponía en el sofá cama estaba algo sucio y un poco roto, pero como tampoco hacía mucho frío no hizo falta ponerlo... lo demás todo bien!","['•Viaje de ocio', '•Familia con niños pequeños', '•Apartamento de 1 dormitorio', '•Estancia de 1 noche', '•Enviado por móvil']"
Constanza,España,10.0,Escrito en 5 de agosto de 2023,Instalaciones geniales. Tiene amplia terraza. Muy práctico hacer check-in/out online. Información detallada por mail. Se llega en 10-15’ caminando tranquilamente al centro histórico. Ideal para familias.,,"['•Viaje de ocio', '•Familia con niños pequeños', '•Apartamento Ático', '•Estancia de 1 noche', '•Enviado por móvil']"
Luis,España,9.0,Escrito en 5 de agosto de 2023,Buena ubicación y apartamento cómodo,Sólo hay camas para 3 personas en un apartamento para 4,"['•Viaje de ocio', '•Familia con niños pequeños', '•Apartamento de 2 dormitorios', '•Estancia de 1 noche', '•Enviado por móvil']"
Beatriz,España,10.0,Escrito en 5 de agosto de 2023,Espacioso y con buen menaje para la cocina,,"['•Viaje de ocio', '•Familia con niños pequeños', '•Apartamento de 1 dormitorio', '•Estancia de 1 noche', '•Enviado por móvil']"
Xian,España,10.0,Escrito en 4 de agosto de 2023,"Buena ubicación, andando se llega al centro y encontrarás bares y tiendas, y el precio asequible, es un hotel que no tiene recepción, todo está controlado por códigos, las puertas se abren con códigos, pero cualquier duda o necesidad les puedes escribir o llamar y te lo solucionan, tuvimos un inconveniente con el lavabo del baño, mi marido lo soluciono pero les avisé del problema y enseguida me hicieron un descuento por la inconveniencia, fueron muy responsable y eso se valora, el piso muy bien, estábamos en el piso 8, y no se oía ruidos... tenías todo lo necesario, gel de ducha, toallas, neceser de cocina.. Tostadora, cafetera, lavavajillas, lavadora. Había parking público cerca, si tienes suerte pillaras uno... ofrecen parking y desayunos de pago, hay un supermercado abajo del edificio.",Nada,"['•Viaje de ocio', '•Familia con niños pequeños', '•Apartamento de 1 dormitorio', '•Estancia de 2 noches', '•Enviado por móvil']"
Mjuncia,España,8.0,Escrito en 4 de agosto de 2023,"La ubicación, pues está al lado del casco histórico para poder visitarlo sin tener que desplazarse. Pudimos aparcar por la zona sin problemas. Hicimos uso de la recepción online porque nos faltaban dos almohadas y nos atendieron muy rápido. El checking y checkout fueron muy sencillos de hacer. El apartamento está muy bien equipado.","El apartamento olía mucho a tabaco, imaginamos que porque había sido ocupado previamente por fumadores y las cortinas y el sofá estaban impregnados del olor. Quizás sería bueno distinguir entre fumadores y no fumadores a la hora de seleccionar el apartamento. Le hace falta un repaso de pintura a las paredes. Había muebles en la cocina y el salón que tenían manchas de manos, seria bueno repasar la limpieza en ese sentido.","['•Viaje de ocio', '•Familia con niños pequeños', '•Apartamento de 1 dormitorio', '•Estancia de 1 noche', '•Enviado por móvil']"
María,España,10.0,Escrito en 3 de agosto de 2023,"Todo: bonito, buena ubicación, cómodo…",Nada. Todo bien,"['•Viaje de ocio', '•Familia con niños pequeños', '•Apartamento de 1 dormitorio', '•Estancia de 3 noches', '•Enviado por móvil']"
Maria,España,10.0,Escrito en 2 de agosto de 2023,"El apartamento estaba genial,  todo tipo de detalles,  todo muy limpio y encima aparcamos el coche en la misma puerta del hotel y no tuvimos que cogerlo durante la estancia.",Nada,"['•Viaje de ocio', '•Familia con niños pequeños', '•Apartamento de 1 dormitorio', '•Estancia de 2 noches', '•Enviado por móvil']"
Nuria,España,10.0,Escrito en 2 de agosto de 2023,"Muy espacioso. La cocina muy bien equipada. Muy limpio. Cerca del centro.
Aparcamos sin problemas en los alrededores.
Todo online, fácil y cómodo.",,"['•Viaje de ocio', '•Familia con niños pequeños', '•Apartamento de 1 dormitorio', '•Estancia de 1 noche', '•Enviado por móvil']"
Zulia,España,10.0,Escrito en 2 de agosto de 2023,Todo.,,"['•Viaje de ocio', '•Familia con niños pequeños', '•Apartamento de 1 dormitorio', '•Estancia de 1 noche', '•Enviado por móvil']"
Maria,España,8.0,Escrito en 2 de agosto de 2023,"El apartamento era un ático con la terraza enorme,la cama comodísima y el sofá cama también.La ubicación bastante céntrica.
La limpieza del Interior del apartamento.","La limpieza de la terraza del ático,había mucho pelo de perro en el suelo y las esquinas estaban bastantes sucias,pero solo de la terraza,el interior estaba muy limpio","['•Familia con niños pequeños', '•Apartamento con terraza', '•Estancia de 1 noche', '•Enviado por móvil']"
Cristina,España,9.0,Escrito en 2 de agosto de 2023,Todo estaba muy limpio y la ubicación muy buena.,"El sofá cama es de una calidad medio baja, con lo que dormir varias noches en él es muy incómodo","['•Familia con niños pequeños', '•Apartamento de 1 dormitorio', '•Estancia de 1 noche', '•Enviado por móvil']"
Aranzazu,España,8.0,Escrito en 1 de agosto de 2023,Todo estaba muy nuevo.,La estancia del sofá era demasiado pequeña con el sofá abierto.,"['•Viaje de ocio', '•Familia con niños pequeños', '•Apartamento de 1 dormitorio', '•Estancia de 1 noche', '•Enviado por móvil']"
Mª,España,9.0,Escrito en 1 de agosto de 2023,Muy limpio y bien situado. Luminoso. Las camareras que estaban arreglando las habitaciones fueron muy amables. La cama principal muy cómoda.,El sofá cama no era muy cómodo.,"['•Viaje de ocio', '•Familia con niños pequeños', '•Apartamento de 1 dormitorio', '•Estancia de 1 noche']"
Ignacio,España,8.0,Escrito en 1 de agosto de 2023,"Ubicación, calidad y decoración","El desagüe de la ducha y del lavabo de cocina estaba muy tapados y se llenaba de agua. Filtraba agua por las esquinas de la ducha.
La TV no era smart como decía, no se podía conectar a internet y solo daban algunos canales locales","['•Viaje de ocio', '•Pareja', '•Apartamento Estudio', '•Estancia de 9 noches', '•Enviado por móvil']"
Cristian,España,8.0,Escrito en 1 de agosto de 2023,"Un apartamento céntrico, fácil de localizar y se puede aparcar bien. Con todo lo imprescindible y bien cuidado. Ideal para los 4.",Al ser un primer piso se escuchaba todo el ruido de la calle por la noche.,"['•Viaje de ocio', '•Familia con niños pequeños', '•Apartamento de 1 dormitorio', '•Estancia de 4 noches', '•Enviado por móvil']"
María,España,7.0,Escrito en 30 de julio de 2023,La localización y las prestaciones del apartamento,"El ruido que había por la noche, personas de las habitaciones colindantes entrando y saliento durante toda la noche. Imposible descansar. Creo que esto se debe a que no hay nadie en recepción por la noche y, por ello, algunos de los que se alojan no cumplen las normas sobre ruidos nocturnos.","['•Viaje de ocio', '•Familia con niños pequeños', '•Apartamento Estudio', '•Estancia de 2 noches']"
Rigoberto,España,8.0,Escrito en 30 de julio de 2023,"La habitación es espaciosa, limpia y ordenada, desayuno completo y la ubicación del lugar cerca del centro.","Pedí leche sin lactosa para preparar café ya que mi esposa y yo somos inoperantes a la lactosa y me respondieron que no ponían leche lo cual no era cierto. ""No trajeron Tetrabrik de leche con lactosa""","['•Viaje de ocio', '•Familia con niños pequeños', '•Apartamento de 1 dormitorio', '•Estancia de 1 noche']"
Carlota,España,8.0,Escrito en 30 de julio de 2023,La estancia era cómoda y estaba limpia,Desayuno y que nos tocaron para limpiar la estancia a las 9h cuando salíamos a las 11h,"['•Viaje de ocio', '•Familia con niños pequeños', '•Apartamento de 1 dormitorio', '•Estancia de 1 noche', '•Enviado por móvil']"
Macarmen,España,7.0,Escrito en 30 de julio de 2023,"Lo mejor la ubicación Desayuno no tenia contratado",Mayor limpieza,"['•Viaje de ocio', '•Familia con niños pequeños', '•Apartamento de 1 dormitorio', '•Estancia de 3 noches', '•Enviado por móvil']"
Jose,España,7.0,Escrito en 30 de julio de 2023,"La ubicación, sin duda, la limpieza apartamento, lo bonito que es, que no le falta de nada",Sofa cama incómodo,"['•Viaje de ocio', '•Familia con niños pequeños', '•Apartamento de 1 dormitorio', '•Estancia de 3 noches', '•Enviado por móvil']"
Carmen,España,9.0,Escrito en 30 de julio de 2023,La ubicación del apartamento para conocer la ciudad.,El sofá cama era muy incómodo. Pedí un par de almohadas extra y no me las dieron.,"['•Viaje de ocio', '•Familia con niños pequeños', '•Apartamento de 1 dormitorio', '•Estancia de 3 noches', '•Enviado por móvil']"
José,España,10.0,Escrito en 25 de junio de 2023,"Tenía mis dudas por lo del carácter online de todo, tanto el check in como el checkout, como la contratación de extras, todo a través de la app. Pero todo está muy bien organizado y cuando lo necesite por un problema, me atendieron estupendamente en el teléfono indicado en la APP. Todo limpio, bien dotado el apartamento y la ubicación excelente.",Nada. Todo bien,"['•Viaje de ocio', '•Familia con niños pequeños', '•Apartamento de 1 dormitorio', '•Estancia de 2 noches', '•Enviado por móvil']"
Julitog3,España,8.0,Escrito en 22 de junio de 2023,"La ubicación, cerca del centro.
Era bonito, cómodo y limpio","No tenía horno a pesar de que en algunas fotos si que venía.
Tampoco tenía tostador de pan.
No tenía ningún rollo de papel de cocina o servilletas en su defecto","['•Viaje de ocio', '•Familia con niños pequeños', '•Apartamento Estudio', '•Estancia de 2 noches', '•Enviado por móvil']"
Leire,España,9.0,Escrito en 22 de junio de 2023,Todo muy limpio y practico.,,"['•Viaje de negocios', '•Familia con niños pequeños', '•Apartamento de 1 dormitorio', '•Estancia de 1 noche', '•Enviado por móvil']"
Jessica,España,10.0,Escrito en 21 de junio de 2023,"La ubicación es excelente, muy cerca del centro de la ciudad","Nada, todo excelente","['•Viaje de ocio', '•Familia con niños pequeños', '•Apartamento de 1 dormitorio', '•Estancia de 1 noche', '•Enviado por móvil']"
Marta,España,8.0,Escrito en 18 de junio de 2023,"Muy bien ubicado, amplio y limpio.","El sofá cama no se desplegaba bien del todo y no era muy cómodo. El horario de salida cada vez más temprano, a las 11 fuera (salvo que pagues más claro).","['•Viaje de ocio', '•Grupo de amigos', '•Apartamento de 1 dormitorio', '•Estancia de 2 noches', '•Enviado por móvil']"
Sergio,España,8.0,Escrito en 17 de junio de 2023,La localización y la limpieza,"Se oía mucho el ruido del pasillo aunque no impedía dormir. También he echado en falta algo de complementos alimenticios, por ejemplo, algo de azúcar, café y aceite","['•Viaje de ocio', '•Familia con niños pequeños', '•Apartamento de 1 dormitorio', '•Estancia de 2 noches', '•Enviado por móvil']"
Natpao,España,9.0,Escrito en 17 de junio de 2023,"La ubicación es excelente para movilizarse andando por la ciudad, cerca de comercio y restauración.El edificio y departamento nuevo y limpio.Muy bien equipado,con todo lo necesario.Dos baños exactos amplios y cómodos.Las camas eran muy confortables.","El sofá cama era súper incómodo para dormir y no tenia almohadas para él,hubiese sido mejor poner una cama nido en la habitación individual o un sofá más confortable.
La llave digital no iba bien,costaba mucho que abriera la puerta..Hemos tenido que utilizar los códigos porque solo funcionaba en un móvil.","['•Viaje de ocio', '•Grupo de amigos', '•Apartamento de 2 dormitorios', '•Estancia de 1 noche', '•Enviado por móvil']"
Christophe,España,9.0,Escrito en 16 de junio de 2023,bastante acogedor,,"['•Viaje de ocio', '•Pareja', '•Apartamento de 1 dormitorio', '•Estancia de 2 noches', '•Enviado por móvil']"
Soledad,España,8.0,Escrito en 15 de junio de 2023,,"por dejar un comentario, el tema de las máquinas expendedoras, debería de haber más variedad, llegamos tarde y ya no había nada abierto.","['•Viaje de ocio', '•Familia con niños pequeños', '•Apartamento de 1 dormitorio', '•Estancia de 1 noche']"
C,España,8.0,Escrito en 14 de junio de 2023,"El apartamento es céntrico. Es cómodo y con todo lo necesario en cuanto a utensilios de cocina y accesorios básicos. Completo en cuanto a electrodomésticos.
Tuvimos un problema con la tv el primer día y nos cambiaron de habitación.
El personal a través del tlf funciona bien y rápido.
No habíamos estado en un apartamento de este tipo con el checking online, pero nos resultó sencillo.
Nos gustó mucho el apartamento y estuvimos 4 días en Vitoria muy bien.
Recomendable calidad/precio.",,"['•Viaje de ocio', '•Familia con niños pequeños', '•Apartamento de 1 dormitorio', '•Estancia de 2 noches', '•Enviado por móvil']"
Miguel,España,7.0,Escrito en 14 de junio de 2023,Ubicacion y precio,Demasiada tecnologia,"['•Viaje de ocio', '•Familia con niños pequeños', '•Apartamento Estudio', '•Estancia de 4 noches', '•Enviado por móvil']"
Rosa,España,9.0,Escrito en 12 de junio de 2023,ubicación y comodidad,el enchufe que hay en la zona de la cocina està mal situado,"['•Viaje de ocio', '•Grupo', '•Apartamento de 1 dormitorio', '•Estancia de 3 noches']"
Josefa,España,10.0,Escrito en 12 de junio de 2023,La ubicación y la habitación excelente.,El cierre de seguridad de las ventanas.,"['•Viaje de ocio', '•Familia con niños pequeños', '•Apartamento de 1 dormitorio', '•Estancia de 2 noches', '•Enviado por móvil']"
Angie,España,8.0,Escrito en 11 de junio de 2023,Habitación espaciosa y moderna. Pequeña cocina con todo lo necesario aunque no la usamos. Baño con ducha muy grande. En general muy satisfecha.,El sofá cama muy incomodo. Pero la cama comodisima.,"['•Viaje de ocio', '•Grupo', '•Apartamento de 1 dormitorio', '•Estancia de 1 noche', '•Enviado por móvil']"
María,España,10.0,Escrito en 11 de junio de 2023,"La atención del personal.  Muy amables, educados y resolutivos",,"['•Viaje de ocio', '•Familia con niños pequeños', '•Apartamento de 1 dormitorio', '•Estancia de 1 noche', '•Enviado por móvil']"
Laura,España,10.0,Escrito en 11 de junio de 2023,"Ubicación, a 10 min del centro caminando.
Muy limpio, moderno y cómodo. El sofá cama era muy grande.
Tiene todo lo necesario para cocinar y pasar unos días perfectos.
No tiene recepción o personal todo el tiempo, pero puedes contactar con ellos en todo momento. Este nuevo modelo de atención ha sido muy satisfactorio.
No tienes llave física, si no una contraseña haciendo todo muy fácil.",Todo perfecto.,"['•Viaje de ocio', '•Familia con niños pequeños', '•Apartamento de 1 dormitorio', '•Estancia de 4 noches', '•Enviado por móvil']"
Miguel,España,10.0,Escrito en 9 de junio de 2023,"Apartamento muy cómodo, tranquilo y perfectamente equipado. A 7 minutos andando de la plaza de la Virgen Blanca. El garaje en el mismo edificio. 
Con la calidad de un 4 estrellas",,"['•Viaje de ocio', '•Familia con niños pequeños', '•Apartamento de 1 dormitorio', '•Estancia de 2 noches', '•Enviado por móvil']"
Guadalupe,España,9.0,Escrito en 9 de junio de 2023,limpio y espacioso,todo estaba bien,"['•Viaje de ocio', '•Familia con niños pequeños', '•Apartamento de 2 dormitorios', '•Estancia de 2 noches', '•Enviado por móvil']"
Lagos,España,9.0,Escrito en 8 de junio de 2023,Las instalaciones,"El desayuno ""continental"".. Una vergüenza","['•Viaje de ocio', '•Pareja', '•Apartamento Estudio', '•Estancia de 3 noches', '•Enviado por móvil']"
Susana,España,8.0,Escrito en 7 de junio de 2023,,El sofá cama,"['•Viaje de ocio', '•Familia con niños pequeños', '•Apartamento de 1 dormitorio', '•Estancia de 1 noche']"
María,España,9.0,Escrito en 7 de junio de 2023,"Ubicación estupenda , apartamento amplio y muy limpio.",El no disponer de una recepción física,"['•Viaje de ocio', '•Pareja', '•Apartamento de 2 dormitorios', '•Estancia de 2 noches', '•Enviado por móvil']"
Alicia,España,8.0,Escrito en 6 de junio de 2023,el apartamento era muy amplio y bonito,hacia mucho calor y no podíamos abrir las ventanas,"['•Familia con niños pequeños', '•Apartamento de 1 dormitorio', '•Estancia de 1 noche', '•Enviado por móvil']"
Maria,España,9.0,Escrito en 6 de junio de 2023,"Ubicado en una calle muy cercana al centro peatonal de Vitoria, al lado mercado municipal, supers, bares, restaurantes..... El apartamento es un antiguo hotel reformado, acceso fácil con el código, grande, limpio, muy bien equipada la cocina (nespreso, lavadora, lavaplatos, microondas, menaje suficiente). la habitación grande y separada del comedor.Dábamos a un patio interior muy tranquilo. Fácil la entrada y la salida. Delante zona de carga y descarga del hotel. No cogimos el parking, hay aparcamiento en la zona, a veces hay que dar alguna vuelta.","Por decir algo: si hay lavadora estaría bien tener un tendedero de ropa, al baño le falta ventilación y el sofá cama grande, pero un poco blandito para mi gusto. Nada que no nos impida volver a reservar.","['•Viaje de ocio', '•Familia con niños pequeños', '•Apartamento de 1 dormitorio', '•Estancia de 4 noches']"
Encar,España,9.0,Escrito en 5 de junio de 2023,"Tiene una ubicación estupenda ,es moderno y cómodo ,además nos guardaron las maletas hasta la hora del avión y pudimos esperar en los salones que eran acogedores y estupendos .",,"['•Viaje de ocio', '•Grupo de amigos', '•Apartamento de 1 dormitorio', '•Estancia de 3 noches', '•Enviado por móvil']"
Maria,España,8.0,Escrito en 4 de junio de 2023,"Ubicación perfecta. Todas las dudas que tuvimos, nos solucionaron enseguida.",,"['•Viaje de ocio', '•Grupo', '•Apartamento con terraza', '•Estancia de 1 noche']"
Silvia,España,9.0,Escrito en 3 de mayo de 2023,ubicacion,lo de entran con codigos me causo cierto nerviosismo porque no llegabamos a recibir el mail con el numero de apartamento. Hubiera preferido poder ser atendido personalmente por alguien,"['•Viaje de ocio', '•Grupo', '•Apartamento de 1 dormitorio', '•Estancia de 4 noches']"
Saray,España,10.0,Escrito en 2 de mayo de 2023,todo,"poco menaje, teniendo en cuenta q hay lavavajillas…","['•Viaje de ocio', '•Familia con niños pequeños', '•Apartamento de 1 dormitorio', '•Estancia de 2 noches', '•Enviado por móvil']"
Lorena,España,8.0,Escrito en 2 de mayo de 2023,"La ubicación genial, a 6 min caminando del casco viejo. En plena calle principal de Vitoria. Apartahotel muy limpio, cómodo y nuevo. En la cocina variedad de utensilios, lavavajillas, lavadora… En el baño hay secador. 
El chek in es sencillo y en el momento que consigues el codigo de la llave es sencillo acceder.","Hay parking, pero son 14€/dia. Nosotras hemos aparcado en los alrededores, hay bastante “zona blanca”.
El desayuno que ofrecen podría ser mucho mejor y completo.
Éramos 3 personas y solamente teniamos 2 toallas, no hay personal en el hotel, es todo por internet, he intentado ponerme en contacto para solucionar el problema, pero hablar con un robot es un poco difícil…😵‍💫","['•Viaje de ocio', '•Grupo', '•Apartamento de 1 dormitorio', '•Estancia de 1 noche', '•Enviado por móvil']"
Ana,España,8.0,Escrito en 30 de abril de 2023,La habitación cómoda y amplia.,"El mantenimiento de la habitación, las cortinas estaban rotas y no se podían cerrar para tener intimidad, la cisterna del baño no tenía suficiente potencia y la escobilla se rompía.","['•Viaje de ocio', '•Familia con niños pequeños', '•Apartamento de 1 dormitorio', '•Estancia de 1 noche', '•Enviado por móvil']"
Zurineka,España,10.0,Escrito en 25 de abril de 2023,La ubicación y la limpieza.,"Tener q hacer todo on line y la incertidumbre de claves y horarios. 
Pero todo salió perfecto para la primera vez q reservábamos con este sistema y no ser expertos en las nuevas formas de hotel sin personal.","['•Viaje de ocio', '•Familia con niños pequeños', '•Apartamento de 2 dormitorios', '•Estancia de 2 noches', '•Enviado por móvil']"
María,España,10.0,Escrito en 19 de abril de 2023,Buena porque para nuestros asuntos de maravilla,,"['•Viaje de ocio', '•Pareja', '•Apartamento de 1 dormitorio', '•Estancia de 1 noche']"
Baltasar,España,8.0,Escrito en 19 de abril de 2023,Las instalaciones,El check-in on line es el peor que he visto. No llega a escanear el DNI por lo que hay que cumplimentar todos los datos de los viajeros en el hall. Cuando reservas te cargan 1 euro que no te devuelven y que no figura en el precio de la habitación,"['•Viaje de ocio', '•Pareja', '•Apartamento de 1 dormitorio', '•Estancia de 1 noche', '•Enviado por móvil']"
Raquel,España,7.0,Escrito en 18 de abril de 2023,Ubicación y sentir que había lo necesario,El horario. Quizas la salida mejor a las 12:00. Y el horario del parking que se pueda usar más tiempo,"['•Viaje de ocio', '•Familia con niños pequeños', '•Apartamento de 1 dormitorio', '•Estancia de 1 noche', '•Enviado por móvil']"
Japaspe,España,7.0,Escrito en 18 de abril de 2023,,Todo por internet. Muy impersonal. No puedes hablar con nadie si tienes problemas,"['•Viaje de negocios', '•Familia con niños pequeños', '•Apartamento de 1 dormitorio', '•Estancia de 1 noche', '•Enviado por móvil']"
Jaime,España,10.0,Escrito en 18 de abril de 2023,"Apartahotel impecable en todos los aspectos, limpieza, modernidad, servicios. Una maravilla de alojamiento",,"['•Viaje de ocio', '•Familia con niños pequeños', '•Apartamento de 2 dormitorios', '•Estancia de 1 noche', '•Enviado por móvil']"
Itsaso,España,7.0,Escrito en 17 de abril de 2023,"Ubicación perfecta. Ático con terraza espacioso luminoso y cómodo. La limpieza correcta aunque se podría mejorar. 
Ningún problema de acceso.
Todo correcto.","Quizá la limpieza de zonas comunes. Aún así, nada grave.","['•Viaje de ocio', '•Pareja', '•Apartamento con terraza', '•Estancia de 2 noches', '•Enviado por móvil']"
Soledad,España,10.0,Escrito en 17 de abril de 2023,Son apartamentos grandes limpios y muy silenciosos.,,"['•Viaje de ocio', '•Grupo', '•Apartamento de 1 dormitorio', '•Estancia de 2 noches']"
Alberto,España,8.0,Escrito en 17 de abril de 2023,"La ubicación es muy buena, cerca del casco histórico. Buena insonorización de las habitaciones.","El colchón del sofá cama, es muy mejorable.","['•Viaje de ocio', '•Familia con niños pequeños', '•Apartamento de 1 dormitorio', '•Estancia de 2 noches']"
Igor,España,8.0,Escrito en 17 de abril de 2023,todo genial,el proceso de check-in y obtención de la llave no es apto para cualquiera…,"['•Viaje de ocio', '•Grupo', '•Apartamento de 1 dormitorio', '•Estancia de 1 noche', '•Enviado por móvil']"
Antonio,España,9.0,Escrito en 16 de abril de 2023,"Buen apartamento equipado con todo lo necesario.
Buena ubicación.",Nada que detallar.,"['•Viaje de ocio', '•Pareja', '•Apartamento de 1 dormitorio', '•Estancia de 1 noche', '•Enviado por móvil']"
Marivi,España,10.0,Escrito en 15 de abril de 2023,"La relación calidad-precio, la ubicación, la limpieza y las instalaciones",Nada,"['•Viaje de ocio', '•Familia con niños pequeños', '•Apartamento de 1 dormitorio', '•Estancia de 3 noches', '•Enviado por móvil']"
Montse,España,10.0,Escrito en 15 de abril de 2023,Perfecta ubicación e instalaciones.,Todo perfecto para mi gusto.,"['•Viaje de ocio', '•Persona que viaja sola', '•Apartamento de 1 dormitorio', '•Estancia de 1 noche', '•Enviado por móvil']"
Clarissa,Argentina,8.0,Escrito en 13 de abril de 2023,,Pueden prescindir del desayuno. Me lo cobraron dos veces!  Cuando hice la reserva que lo pagué con desayuno incluido y al querer hacer el check aut no me dejaban hacerlo on line porque decía falta pagar su desayuno!,"['•Viaje de ocio', '•Familia con niños pequeños', '•Apartamento de 1 dormitorio', '•Estancia de 1 noche', '•Enviado por móvil']"
Aitor,España,10.0,Escrito en 13 de abril de 2023,La ubicación. Cerca de todo. Además tiene un supermercado justo al lado. Las instalaciones muy bien también. Todo muy limpio. Muy recomendable. Cumplió mis expectativas. Sin duda si vuelvo a dormir en Vitoria-Gasteiz repetiré.,"Por poner un pero, y sólo por poner algo malo, las almohadas y el colchón me parecieron demasiado blandas, pero es un tema muy personal, entiendo que quizá a otros huéspedes les pareciera correcto.","['•Viaje de ocio', '•Familia con niños pequeños', '•Apartamento de 1 dormitorio', '•Estancia de 3 noches', '•Enviado por móvil']"
Sonia,España,8.0,Escrito en 12 de abril de 2023,La Ubicación,,"['•Viaje de ocio', '•Familia con niños pequeños', '•Apartamento de 2 dormitorios', '•Estancia de 1 noche']"
Alonso,España,7.0,Escrito en 11 de abril de 2023,"la
ubicación","q la ducha no funciona bien y q entraron 3 veces antes del late Check out, la niña se asustó mucho…","['•Viaje de ocio', '•Pareja', '•Apartamento de 1 dormitorio', '•Estancia de 1 noche', '•Enviado por móvil']"
Arese,Argentina,9.0,Escrito en 11 de abril de 2023,Ubicación excelente,,"['•Viaje de ocio', '•Familia con niños pequeños', '•Apartamento Estudio', '•Estancia de 1 noche', '•Enviado por móvil']"
Oscar,España,8.0,Escrito en 11 de abril de 2023,"Ubicación, fácil aparcar cerca.","El sistema para el alta, me enviaron muchos correos, debería ser más sencillo. Con un correo electrónico tener un acceso para hacer todas las acciones de entrada, salida, datos de los hospedan tes.
No me parece correcto que pidiendo 3 habitaciones sea la misma numeración para entrar en todas las habitaciones, debería ser distinta independiente y personal.
El salón en cuanto habréis la cama no hay espacio para pasar a la ventana ni a ningún sitio, así como desayunar, etc...","['•Viaje de ocio', '•Familia con niños pequeños', '•Apartamento Estudio', '•Estancia de 1 noche', '•Enviado por móvil']"
Francesco,España,8.0,Escrito en 11 de abril de 2023,ubicación,sábanas sofá estaban usadas,"['•Viaje de ocio', '•Familia con niños pequeños', '•Apartamento de 1 dormitorio', '•Estancia de 1 noche', '•Enviado por móvil']"
Angel,España,10.0,Escrito en 11 de abril de 2023,Era un ático,nada,"['•Viaje de ocio', '•Pareja', '•Apartamento de 1 dormitorio', '•Estancia de 1 noche', '•Enviado por móvil']"
David,España,7.0,Escrito en 20 de marzo de 2023,limpio y bien ubicado,"ajustar el precio en un establecimiento sin atención en personacuidar pequeños detalles","['•Viaje de ocio', '•Familia con niños pequeños', '•Apartamento de 1 dormitorio', '•Estancia de 2 noches']"
Montserrat,España,10.0,Escrito en 20 de marzo de 2023,"muy acogedor y todo muy bien detallado (cocina, secador, toallas…)",,"['•Viaje de ocio', '•Familia con niños pequeños', '•Apartamento de 1 dormitorio', '•Estancia de 2 noches', '•Enviado por móvil']"
Tesbos,España,9.0,Escrito en 19 de marzo de 2023,"La ubicación, limpieza y silencio","Faltaban servilletas de papel y un trapo de cocina, por ponerle alguna pega","['•Viaje de ocio', '•Familia con niños pequeños', '•Apartamento de 1 dormitorio', '•Estancia de 2 noches', '•Enviado por móvil']"
Gaizka,España,9.0,Escrito en 19 de marzo de 2023,La instalación es muy cómoda,Faltaba un poco de limpieza,"['•Viaje de ocio', '•Familia con niños pequeños', '•Apartamento de 1 dormitorio', '•Estancia de 1 noche', '•Enviado por móvil']"
Idoiai,España,9.0,Escrito en 16 de marzo de 2023,"La ubicación
La limpieza",,"['•Viaje de ocio', '•Grupo de amigos', '•Apartamento de 1 dormitorio', '•Estancia de 1 noche', '•Enviado por móvil']"
Pilar,España,8.0,Escrito en 16 de marzo de 2023,"Apartamento muy amplio, cómodo, bien ubicado.",,"['•Viaje de ocio', '•Pareja', '•Apartamento de 1 dormitorio', '•Estancia de 1 noche', '•Enviado por móvil']"
Nerea,España,10.0,Escrito en 13 de marzo de 2023,Agradable y buena ubicación,La hora de salida del apartamento,"['•Viaje de ocio', '•Grupo', '•Apartamento de 2 dormitorios', '•Estancia de 1 noche', '•Enviado por móvil']"
Carlos,España,9.0,Escrito en 12 de marzo de 2023,Apartamentos modernos y prácticos. Buena ubicación.,"Al no haber recepción física, llegamos 5 minutos antes de las 15h y no es posible entrar en la habitación hasta que sea la hora exacta independientemente de que la habitación esté lista. Es lo que tienen máquinas...","['•Viaje de ocio', '•Familia con niños pequeños', '•Apartamento de 1 dormitorio', '•Estancia de 1 noche', '•Enviado por móvil']"
Mikel,España,8.0,Escrito en 12 de marzo de 2023,La ubicación es muy buena. El entorno es tranquilo. La habitación dispone de todas las facilidades. El baño es muy amplio y la cama muy cómoda,"La ducha no tiene plato, ni está separada del propio baño por mampara. No tragaba bien el agua y todo el baño se llenaba de agua, aunque entiendo que es un problema puntual en nuestra habitación, del que dimos parte al servicio para que lo reparen","['•Viaje de ocio', '•Pareja', '•Apartamento Estudio', '•Estancia de 1 noche', '•Enviado por móvil']"
Isra,España,7.0,Escrito en 9 de marzo de 2023,"moderno, bastante limpio",no había papel de wc y aun poniendo el termostato a 15 grados hizo mucha calor toda la noche.,"['•Viaje de ocio', '•Familia con niños pequeños', '•Apartamento de 1 dormitorio', '•Estancia de 1 noche', '•Enviado por móvil']"
Pamela,España,10.0,Escrito en 8 de marzo de 2023,"La ubicación super cerca al casco antiguo, de las tiendas y a 20 min andando a la estación central de Vitoria  y la limpieza de apartamento en general. Tenia todo lo necesario para cocinar y comer.","El colchón del sofá cama. Tenía moho la parte de abajo y era un poco incómodo. Pero lo demás de lo lujo.
La forma del check-in es todo online o por app.
Recomiendo apuntar en un papel el número para abrir las puertas, porque si te quedas sin batería no podrás abrir, pero no obstante hay un telefonillo para que puedan ayudar.","['•Viaje de ocio', '•Familia con niños pequeños', '•Apartamento de 1 dormitorio', '•Estancia de 3 noches', '•Enviado por móvil']"
Gómez,España,9.0,Escrito en 7 de marzo de 2023,"Ubicación, limpieza","No hay personal, es todo virtual. No esperes que haya sal o aceite en la cocina","['•Viaje de ocio', '•Familia con niños pequeños', '•Apartamento de 1 dormitorio', '•Estancia de 1 noche', '•Enviado por móvil']"
Vanesa,España,9.0,Escrito en 7 de marzo de 2023,todo,,"['•Viaje de ocio', '•Familia con niños pequeños', '•Apartamento de 1 dormitorio', '•Estancia de 1 noche', '•Enviado por móvil']"
Naya,España,8.0,Escrito en 6 de marzo de 2023,Muy cómodo y tranquilo. Muy bien ubicado y muy limpio.,"Es muy impersonal, pero tampoco es que sea negativo. Nosotros no tuvimos ningún problema para entrar o registrarnos.","['•Viaje de ocio', '•Familia con niños pequeños', '•Apartamento de 1 dormitorio', '•Estancia de 1 noche', '•Enviado por móvil']"
Jose,España,10.0,Escrito en 3 de marzo de 2023,"Todo en general.Apartamento y ubicación de 10.",,"['•Viaje de ocio', '•Familia con niños pequeños', '•Apartamento de 1 dormitorio', '•Estancia de 1 noche', '•Enviado por móvil']"
Marina,España,9.0,Escrito en 3 de marzo de 2023,"Apartamento amplio, limpio y completamente equipado. Muy acogedor, estuvimos solo una noche y nos dio pena no poder aprovecharlo más. Cama cómoda. Hay aparcamiento gratis en las calles de alrededor. No hay recepción física, pero el acceso con claves fue rápido y sencillo. Se puede ir caminando al Casco Viejo.",,"['•Viaje de ocio', '•Pareja', '•Apartamento de 1 dormitorio', '•Estancia de 1 noche', '•Enviado por móvil']"
Daniel,España,10.0,Escrito en 1 de marzo de 2023,"La cama XL, el suelo calefactado, el pack del desayuno. Se nota que está todo cuidado con mucho detalle.",,"['•Viaje de negocios', '•Persona que viaja sola', '•Apartamento Estudio', '•Estancia de 1 noche', '•Enviado por móvil']"
Verónica,España,9.0,Escrito en 24 de febrero de 2023,"Apartamiento cómodo, nuevo y con todo lo necesario.",Se oye demasiado el ruido de la calle.,"['•Viaje de ocio', '•Grupo de amigos', '•Apartamento de 1 dormitorio', '•Estancia de 1 noche', '•Enviado por móvil']"
Sheyla,España,8.0,Escrito en 23 de febrero de 2023,"La ubicación es perfecta. Tiene parking el propio alojamiento y eso es un plus.
El alojamiento cumple con lo necesario.","Para nuestro gusto, para ser un hotel de dos estrellas el sofá -cama debería tener mejor calidad.
El colchón era muy fino y la estructura muy floja que parecía que te ibas al suelo.","['•Viaje de ocio', '•Familia con niños pequeños', '•Apartamento de 2 dormitorios', '•Estancia de 1 noche', '•Enviado por móvil']"
Manuel,España,8.0,Escrito en 23 de febrero de 2023,"Muy buena ubicación, moderno y buena calefacción","El sofá cama no era muy cómodo. Y tenía solo lo mínimo imprescindible para cocinar, te cobran extra por tener sal y aceite. El trato es totalmente impersonal, no hubo interacción con nadie del personal durante la estancia","['•Viaje de ocio', '•Grupo de amigos', '•Apartamento de 1 dormitorio', '•Estancia de 1 noche', '•Enviado por móvil']"
Jose,España,8.0,Escrito en 23 de febrero de 2023,,,"['•Viaje de ocio', '•Familia con niños pequeños', '•Apartamento Estudio', '•Estancia de 2 noches', '•Enviado por móvil']"
Angel,España,9.0,Escrito en 22 de febrero de 2023,"Ubicación perfecta para poder moverse por Vitoria, justo enfrente del centro. Buen aparcamiento sin necesidad de pagar.","La comunicación para el chek-in, fue a través de correo electrónico y en INGLES, la opción era descargar la aplicación para comunicarse en castellano. No tenia ninguna intención de descargar una aplicación para dos días. Me hubiera gustado por lo menos la comunicación en castellano o bilingue.","['•Viaje de ocio', '•Familia con niños pequeños', '•Apartamento de 1 dormitorio', '•Estancia de 1 noche']"
Daniel,Chile,8.0,Escrito en 22 de febrero de 2023,todo muy bien,"a pesar de que estuve 15 días, no tuve nunca servicio de limpieza, ni tampoco me explicaron cosas básicas como donde botar la basura del día.","['•Viaje de negocios', '•Persona que viaja sola', '•Apartamento de 1 dormitorio', '•Estancia de 14 noches', '•Enviado por móvil']"
Manuel,España,7.0,Escrito en 21 de febrero de 2023,"Diseño, funcionalidad y muy completo de equipamiento. Buen sistema de calefacción (radiante y por aire) y buena televisión.","El no tener trato personal y cobrar por entrar antes y además salir antes, ruidoso a las horas puntas de tráfico. Moqueta en los pasillos de acceso a los apartamentos.","['•Viaje de ocio', '•Familia con niños pequeños', '•Apartamento de 1 dormitorio', '•Estancia de 1 noche', '•Enviado por móvil']"
Miriam,España,10.0,Escrito en 20 de febrero de 2023,La ubicación y la comodidad de la habitación.,,"['•Viaje de ocio', '•Pareja', '•Apartamento Estudio', '•Estancia de 2 noches', '•Enviado por móvil']"
Juan,España,9.0,Escrito en 4 de enero de 2023,alojamiento nuevo con todas las comodidades.  muy cerca del centro y con zona libre de pago para aparcar en los alrededores.,algunos desperfectos efectuados por los huéspedes. pero esto no es culpa del alojamiento.,"['•Viaje de ocio', '•Familia con niños pequeños', '•Apartamento de 1 dormitorio', '•Estancia de 1 noche', '•Enviado por móvil']"
Oscar,España,10.0,Escrito en 4 de enero de 2023,"Apartamentos perfectamente equipados, modernos. de diseño y muy limpios. Ubicación excepcional.",,"['•Viaje de ocio', '•Familia con niños pequeños', '•Apartamento de 1 dormitorio', '•Estancia de 1 noche', '•Enviado por móvil']"
Alaitz,España,10.0,Escrito en 4 de enero de 2023,"La limpieza, la ubicación y la facilidad en el check-in.",,"['•Viaje de ocio', '•Familia con niños pequeños', '•Apartamento de 1 dormitorio', '•Estancia de 2 noches', '•Enviado por móvil']"
Lgarrigosa,España,7.0,Escrito en 4 de enero de 2023,"Podria mejorarse,",,"['•Viaje de ocio', '•Pareja', '•Apartamento Estudio', '•Estancia de 3 noches']"
Irene,España,9.0,Escrito en 4 de enero de 2023,ubicación y espacio limpio y en condiciones,,"['•Viaje de ocio', '•Familia con niños pequeños', '•Apartamento de 1 dormitorio', '•Estancia de 1 noche', '•Enviado por móvil']"
Ismael,España,7.0,Escrito en 4 de enero de 2023,Buena ubicación. Cocina con equipamiento correcto.,Ropa para el sofá cama escasa,"['•Viaje de ocio', '•Familia con niños pequeños', '•Apartamento de 1 dormitorio', '•Estancia de 3 noches', '•Enviado por móvil']"
Rosa,España,7.0,Escrito en 3 de enero de 2023,Buena distribución del espacio,"No pudimos alargar unas horas la estancia.
No nos dejaron suficiente gel y champú.
Vistas poco agradables.","['•Viaje de ocio', '•Familia con niños pequeños', '•Apartamento de 1 dormitorio', '•Estancia de 1 noche', '•Enviado por móvil']"
Angel,España,10.0,Escrito en 3 de enero de 2023,Todo,,"['•Viaje de ocio', '•Familia con niños pequeños', '•Apartamento de 1 dormitorio', '•Estancia de 2 noches', '•Enviado por móvil']"
Fernandez,España,10.0,Escrito en 2 de enero de 2023,"muy acogedor, limpio y amplio",estaba todo perfecto,"['•Familia con niños pequeños', '•Apartamento Estudio', '•Estancia de 1 noche', '•Enviado por móvil']"
Guillermo,España,8.0,Escrito en 2 de enero de 2023,"La localización
La facilidad para poder contactar con el establecimiento y lo rápido que nos ayudaron a solucionar los problemas de check in",No disponer del buffet desayuno al ser fechas navideñas. Aunque nos dejaron el desayuno en el apartamento y fue muy correcto,"['•Familia con niños pequeños', '•Apartamento de 2 dormitorios', '•Estancia de 1 noche', '•Enviado por móvil']"
Laia,España,7.0,Escrito en 30 de diciembre de 2022,"Las instalaciones del apartamento son nuevas y modernas. La cocina aunque es pequeña, es muy completa. Todo es digital y domótico. Además la calefacción funciona perfectamente.","Lo peor fueron los colchones. Son antiguos de muelles y se clavan, además son muy duros. Nos hemos levantado con dolor de espalda todos los días. Las toallas tenían pelos pegados de anteriores huéspedes.","['•Viaje de ocio', '•Familia con niños pequeños', '•Apartamento de 1 dormitorio', '•Estancia de 3 noches', '•Enviado por móvil']"
Marina,España,9.0,Escrito en 28 de diciembre de 2022,"La decoración está muy cuidada y hace que sea muy acogedor, perfecto para pasar unos días en familia. Muy bien equipado. La terraza y las vistas espectaculares para estar en el
centro de una ciudad.","El sofá cama está bien pata niños, pero no para un adulto.","['•Viaje de ocio', '•Familia con niños pequeños', '•Apartamento con terraza', '•Estancia de 2 noches', '•Enviado por móvil']"
Federico,España,9.0,Escrito en 27 de diciembre de 2022,El apartamento en si ya lo conocía,"Los pasillos podían estar más limpios pero es por la alfombra.
El personal de limpieza que no saluda.","['•Viaje de ocio', '•Familia con niños pequeños', '•Apartamento de 1 dormitorio', '•Estancia de 2 noches', '•Enviado por móvil']"
Laure,España,10.0,Escrito en 27 de diciembre de 2022,"El apartamento era tal como en la foto. Amplio, luminoso, muy bien amueblado y con todos los utensilios y menaje para cocinar. Era perfecto. Todo muy limpio y muy silencioso. No se escucha a los demas huespedes. Impecable. Nos gusto mucho y volveriamos sin problema.",Quizas el colchon era un poco duro.,"['•Viaje de ocio', '•Familia con niños pequeños', '•Apartamento de 1 dormitorio', '•Estancia de 3 noches', '•Enviado por móvil']"
Maria,España,9.0,Escrito en 27 de diciembre de 2022,es muy cómodo para ir con niños,. lo malo es que es muy caro. ojalá tuvieran ofertas para clientes habituales,"['•Viaje de ocio', '•Familia con niños pequeños', '•Apartamento de 1 dormitorio', '•Estancia de 3 noches', '•Enviado por móvil']"
Torrecilla,España,8.0,Escrito en 27 de diciembre de 2022,la estética y calidez,el colchón de la cama,"['•Viaje de ocio', '•Familia con niños pequeños', '•Apartamento Estudio', '•Estancia de 2 noches', '•Enviado por móvil']"
Carmen,España,10.0,Escrito en 26 de diciembre de 2022,"La ubicación es genial, muy bien situado, limpio y amueblado con gusto. Luminoso y cómodo.",El check-in y el contacto todo virtual.,"['•Viaje de ocio', '•Familia con niños pequeños', '•Apartamento de 1 dormitorio', '•Estancia de 3 noches', '•Enviado por móvil']"
Sandra,España,8.0,Escrito en 26 de diciembre de 2022,"la localización excelente, fácil de aparcar en inmediaciones y facilidad de checking electrónico, muy cómodo.","por poner una pega, quizá que el sofá cama no tenia almohadas propias, tuvimos que quitar de las dos de las camas que ponían de la habitación.","['•Viaje de ocio', '•Grupo', '•Apartamento con terraza', '•Estancia de 2 noches', '•Enviado por móvil']"
Monica,España,10.0,Escrito en 25 de diciembre de 2022,"Espacioso, bien situado y muy limpio",Nada,"['•Viaje de ocio', '•Familia con niños pequeños', '•Apartamento de 1 dormitorio', '•Estancia de 2 noches', '•Enviado por móvil']"
Lorena,España,10.0,Escrito en 19 de diciembre de 2022,La ubicación y el garaje con acceso directo al edificio,Que no habia tendedero,"['•Viaje de ocio', '•Familia con niños pequeños', '•Apartamento de 1 dormitorio', '•Estancia de 2 noches', '•Enviado por móvil']"
Jeniffer,España,8.0,Escrito en 19 de diciembre de 2022,Nos gustó mucho que este cerca de todo.,"No estaba limpio a fondo, había manchas de los antiguos huéspedes. No tenían servicio de consigna aunque en los carteles especificaba que en la planta -1 podíamos dejar el equipaje o al menos eso es lo
que daba a entender.","['•Viaje de ocio', '•Pareja', '•Apartamento Estudio', '•Estancia de 2 noches', '•Enviado por móvil']"
Nieves,España,7.0,Escrito en 19 de diciembre de 2022,"Camas cómodas, limpieza, silencio","Faltaba secador, grifo estropeado, ausencia de personal para atender y solucionar desperfectos","['•Viaje de ocio', '•Familia con niños pequeños', '•Apartamento de 1 dormitorio', '•Estancia de 2 noches', '•Enviado por móvil']"
Natalia,España,9.0,Escrito en 19 de diciembre de 2022,"El alojamiento está en un sitio muy cerca del casco histórico y estan muy bien equipados. El diseño de las habitaciones es moderno y están muy nuevos.No hay recepción y tienes que hacer el checkin online. Es muy sencillo. Puedes hacerlo un par de dias antes, desde casa y cuando llega el día, te mandan una clave por mail y eso sirve para abrir la puerta de entrada al aparthotel y a la habitación. Es muy comodo el sistema porque no tienes que esperar a nada para llegar a la habitación. También hay unas tablets a la entrada del hotel para poder hacerlo en ese momento.El unico pero es que ponia que el precio incluía el desayuno y nos habíamos imaginado el típico desayuno buffet y no es así. Te dejan una cajita de desayuno con varias cosas para hacer el desayuno en la habitación: capsula de café ( en la habitación hay máquina de Nespresso), leche, magdalena, bollo de leche, fruta, zumo,... Hay un teléfono de contacto al que se puede llamar y atienden cualquier incidencia que tengas con el hotel",,"['•Viaje de ocio', '•Familia con niños pequeños', '•Apartamento de 1 dormitorio', '•Estancia de 1 noche', '•Enviado por móvil']"
Carlos,España,7.0,Escrito en 18 de diciembre de 2022,,"El check in es horrible , una hora rellenando datos en la maquinita , y sin nadie que te ayude no volvería solo por eso","['•Viaje de ocio', '•Familia con niños pequeños', '•Apartamento de 1 dormitorio', '•Estancia de 1 noche', '•Enviado por móvil']"
Genover,España,9.0,Escrito en 18 de diciembre de 2022,"Todo estaba genial, muy cómodo. 
Cómo estar en casa.
Me gusto tener manguera con grifo al lado del batter, para el aseo íntimo, pero el agua estaba fria.😬😬","Hacer el cheking virtual, nos dio problemas.
Aunque telefónicamente lo resolvimos....perdimos 20 minutos en el hall, hasta acceder a la habitación.","['•Viaje de ocio', '•Familia con niños pequeños', '•Apartamento de 1 dormitorio', '•Estancia de 1 noche', '•Enviado por móvil']"
Paloma,España,6.0,Escrito en 10 de diciembre de 2024,"La ubicación perfecta,es una calle céntrica,animada y con bastantes comercios","El sofá cama era tremendamente incómodo y sonaba muchísimo.Las otras 2 camas normales","['•Viaje de ocio', '•Familia con niños pequeños', '•Apartamento de 1 dormitorio', '•Estancia de 1 noche']"
Susana,España,5.0,Escrito en 9 de diciembre de 2024,"la cama del sofa horrorosa, cómo pueden poner ese colchón . una pena hubiese puesto un 10 en todo",la cama del sofa. no pueden decir que es una habitación para 4 en esas condiciones,"['•Viaje de ocio', '•Familia con niños pequeños', '•Apartamento de 1 dormitorio', '•Estancia de 2 noches']"
Luc,España,5.0,Escrito en 8 de diciembre de 2024,No desayuné en el hotel,Un apartamento para 4 personas tendría que tener 2 habitaciones con camas. No una habitacion con una cama y un sofá cama que además no era muy confortable.,"['•Viaje de ocio', '•Grupo', '•Apartamento de 1 dormitorio', '•Estancia de 1 noche', '•Enviado por móvil']"
Felix,España,4.0,Escrito en 2 de diciembre de 2024,,No funcionaba la calefacción. Avisamos a las 12.00 de la mañana cuando entramos porque habíamos pagado el plus por hacer entrada antes de las 15.00 y después de varias llamadas no nos dieron respuesta al problema hasta las 21.00 horas que nos trajeron 2 estufas calefactoras... desde las 12.00 am si es iba a ser la solución  ya nos la podían haber dado antes no?,"['•Viaje de ocio', '•Familia con niños pequeños', '•Apartamento de 2 dormitorios', '•Estancia de 1 noche', '•Enviado por móvil']"
Maria,España,2.0,Escrito en 3 de noviembre de 2024,En un cafe cercano,La frialdad del lugar y la falta de servicio con humanos.,"['•Viaje de ocio', '•Pareja', '•Apartamento Estudio', '•Estancia de 2 noches']"
Irene,España,2.0,Escrito en 28 de octubre de 2024,,"El sofa cama no se puede usar, no es seguro, se cierra cuando te tumbas. La ducha no tenia casi nada de presion.","['•Viaje de ocio', '•Grupo de amigos', '•Apartamento de 1 dormitorio', '•Estancia de 1 noche', '•Enviado por móvil']"
Adriana,España,5.0,Escrito en 21 de octubre de 2024,céntrico y nuevo,no es normal q tengamos q entrar a partir de las 15 hr y al día siguiente salida a las 11 y encima desde las 10 de la mañana han entrado 2 veces las de la limpieza....ya que es poco tipo encima presionando y no dejarnos estar hasta lo acordado.,"['•Viaje de ocio', '•Grupo de amigos', '•Apartamento de 2 dormitorios', '•Estancia de 1 noche', '•Enviado por móvil']"
Juan,España,6.0,Escrito en 5 de octubre de 2024,La ubicación,"Esperábamos que al ser aparthotel hicieran las camas y limpiarán las habitaciones durante la estancia. También que tuvieran cafetera italiana. También nos cobraron un extra por entrar antes de las 15:00, cuando normalmente en otros sitios si hay disponibilidad y se avisa con tiempo tienen esa atención","['•Viaje de ocio', '•Familia con niños pequeños', '•Apartamento de 1 dormitorio', '•Estancia de 2 noches', '•Enviado por móvil']"
Vanesa,España,4.0,Escrito en 25 de septiembre de 2024,La ubicación. Modernidad.,"No tenía mampara en la ducha. Considero que tiene el peligro  por la posibilidad de resbalar en el baño , ya que el agua puede provocar caídas. Estéticamente me resultó raro que no existiera mampara. Lo indiqué y se me ofreció una fregona y cubo.","['•Viaje de ocio', '•Pareja', '•Apartamento Estudio', '•Estancia de 1 noche', '•Enviado por móvil']"
Marcia,España,4.0,Escrito en 23 de septiembre de 2024,"Para 2 personas era espacioso, no era ruidoso y tenía buena altura con vistas. Cocina equipada. La recepcionista Gina ha sido muy atenta y simpática con nosotros.","Lo peor para nosotros ha sido la poca fuerza del agua. De vergüenza el agua de la ducha salir casi de goteo, lo que no es normal en un hotel. Me parece que este hotel quiere economizar los costes en todo. El sofá muy incómodo para ver la tele. La lavadora secadora muy mala.","['•Viaje de negocios', '•Pareja', '•Apartamento de 1 dormitorio', '•Estancia de 8 noches', '•Enviado por móvil']"
Margarita,España,6.0,Escrito en 23 de septiembre de 2024,La limpieza y ubicacion,En El apartamento de 4 plazas dos de ellas era con un sofá cuyo colchón era malo y dormir peor,"['•Viaje de ocio', '•Familia con niños pequeños', '•Apartamento Estudio', '•Estancia de 1 noche', '•Enviado por móvil']"
Carmen,España,1.0,Escrito en 14 de septiembre de 2024,"No lo sé, yo puse septiembre y a booking le salió octubre, así ke ni unos ni otros ma arreglaron el problema, acabe en urgencias x un ataque de ansiedad","Todo, no me gustó nada, yo en urgencias x un ataque de ansiedad y mi mar, mi hija y mi perrito durmiendo en el coche, una VERGÜENZA","['•Viaje de negocios', '•Familia con niños pequeños', '•Apartamento de 1 dormitorio', '•Estancia de 1 noche', '•Enviado por móvil']"
David,España,6.0,Escrito en 14 de septiembre de 2024,Limpieza y ubicación,"Para 4 personas, solo tenga una habitación y un sofá cama, siendo estw sofá bastante incómodo.","['•Viaje de ocio', '•Familia con niños pequeños', '•Apartamento de 1 dormitorio', '•Estancia de 1 noche', '•Enviado por móvil']"
Betzabe,España,1.0,Escrito en 11 de septiembre de 2024,La abitacion o el apartamento muy bien peor k había mantas un frío,La atención,"['•Viaje de negocios', '•Grupo de amigos', '•Apartamento de 1 dormitorio', '•Estancia de 2 noches', '•Enviado por móvil']"
Encarnación,España,6.0,Escrito en 11 de septiembre de 2024,"La ubicación y decoración del apartamento, así como el mensaje de cocina y las toallas",La cama supletoria del sofá cama es horrorosamente incómoda y no tenía almohada.,"['•Viaje de ocio', '•Familia con niños pequeños', '•Apartamento de 1 dormitorio', '•Estancia de 1 noche', '•Enviado por móvil']"
Adrian,España,6.0,Escrito en 8 de septiembre de 2024,La automatizacion de las llaves y el check in check out,Que no habia shampoo solo gel,"['•Viaje de ocio', '•Grupo de amigos', '•Apartamento de 1 dormitorio', '•Estancia de 2 noches', '•Enviado por móvil']"
María,España,4.0,Escrito en 2 de septiembre de 2024,,"El aire funcionaba más en la habitación que el salón, ni aunque lo aumentara de potencia. Olía a desagüe todo el apartamento. No dejan para fregar, lo tienes que solicitar, aunque gratis. Solicité salir más tarde por 15€, al mandarnos el mail para pagarlo el enlace estaba mal y no había manera de pagarlo según nos decían por Wasap. Tampoco había nadie en recepción a las 10:00 un domingo. Falta mantenimiento, se sujetaban las puertas del mueble del salón con un cartón doblado.","['•Viaje de ocio', '•Familia con niños pequeños', '•Apartamento de 1 dormitorio', '•Estancia de 2 noches', '•Enviado por móvil']"
Ana,España,6.0,Escrito en 30 de agosto de 2024,Muy limpio y nuevo. Buena ubicación,"Más que un aparthotel son apartamentos individuales pero que los duplican con un sofacama bastante incomodo para dormir. Para dos personas es caro y para cuatro es pequeño.No hay servicio de limpieza durante la estancia.","['•Viaje de ocio', '•Grupo', '•Apartamento de 1 dormitorio', '•Estancia de 3 noches', '•Enviado por móvil']"
Maria,España,5.0,Escrito en 25 de agosto de 2024,"Moderno, amplio para los 4, luminoso","El sofá cama con los muelles hundidos te clavas los hierros.  Durmiendo en el suelo con in colchón también fino y deformado salvamos la 1ra noche. Lo mejoraron algo tensando un muelle para la 2da noche, pero lo que hay q hacer es cambiar el mobiliario","['•Viaje de ocio', '•Familia con niños pequeños', '•Apartamento de 1 dormitorio', '•Estancia de 2 noches', '•Enviado por móvil']"
Ana,España,4.0,Escrito en 21 de agosto de 2024,"Fueron muy amables porque teníamos que dejar el parking a las 11:00 y nos dejaron hasta las 15;00 , la ubicación era perfecta.","La verdad me defraudó la limpieza , las paredes muy sucias y con telarañas , los muebles y sofá tampoco estaban limpios, el sofá cama muy incómodo","['•Viaje de ocio', '•Familia con niños pequeños', '•Apartamento de 2 dormitorios', '•Estancia de 1 noche', '•Enviado por móvil']"
Rosa,España,2.0,Escrito en 11 de agosto de 2024,,"Por la noche nos atendio una chica muy bien.Pero señalar que a la salida del dia siguiente una joven muy mal educada, seca y sin atendernos nos dijo que no existia la posibilidad de dejar las maletas y que debiamos salir a las 11:00.Francamente mal atendudos y sin educacion ni explicacion, no dio opcion a nada ni explicacion","['•Viaje de ocio', '•Grupo', '•Apartamento de 1 dormitorio', '•Estancia de 1 noche', '•Enviado por móvil']"
Dalila,España,6.0,Escrito en 11 de agosto de 2024,La ubicación,"El alojamiento está muy bien para dos personas. Éramos tres y el sofá cama asignado ocupaba todo el espacio, crujía en cada movimiento y no era cómodo.
Reservamos para tres, confiando en tener confort para los tres, pero no fue así.
Deberían dejar claro, al hacer la reserva, que no hay personal, que toda la relación es virtual, incluida la activación de la llave, que nos complicó la vida, porque somos mayores y nos estresa el manejo de cuentas, contraseñas, transferencias, casi en la puerta del hotel.","['•Viaje de ocio', '•Familia con niños pequeños', '•Apartamento de 1 dormitorio', '•Estancia de 4 noches', '•Enviado por móvil']"
Antonio,España,1.0,Escrito en 31 de julio de 2024,La ubicación,No es lo q esperaba 4 noches sin limpieza habitación ni contacto con recepción,"['•Pareja', '•Apartamento Estudio', '•Estancia de 4 noches', '•Enviado por móvil']"
Manolo,España,5.0,Escrito en 24 de julio de 2024,La ubicacion,,"['•Familia con niños pequeños', '•Apartamento Estudio', '•Estancia de 4 noches', '•Enviado por móvil']"
Javier,España,4.0,Escrito en 18 de julio de 2024,Su situación  y el parking,El sofá cama es una condena  y si llego a saberlo no contrato el desayuno. Mira que no tienen pan para una tostada,"['•Viaje de ocio', '•Familia con niños pequeños', '•Apartamento de 1 dormitorio', '•Estancia de 2 noches', '•Enviado por móvil']"
Esteve,España,4.0,Escrito en 11 de septiembre de 2023,La limpieza,Que dijeron que nos guardarien las maletas y en el momento que lo pedi mos nos dijeron que no ofrecian el servicio,"['•Viaje de ocio', '•Grupo', '•Apartamento con terraza', '•Estancia de 3 noches', '•Enviado por móvil']"
Ana,España,5.0,Escrito en 10 de septiembre de 2023,"El alojamiento es comodo si es para tres personas, muy cerca del centro y muy limpio","El sofa cama es muy incomodo, se te clava los muelles y se hunde por zonas el colchon","['•Familia con niños pequeños', '•Apartamento de 2 dormitorios', '•Estancia de 1 noche', '•Enviado por móvil']"
Sara,España,5.0,Escrito en 10 de septiembre de 2023,El apartamento estaba limpio y muy nuevo.,"No me gusta que no haya personas que atiendan. Llegamos tarde y no funcionaba el código del parking, como no hay personas que atiendan estuvimos llamado durante 20 minutos hasta que nos atendieron, pero para ese momento ya habíamos aparcado en la calle y cargado las maletas.","['•Viaje de ocio', '•Familia con niños pequeños', '•Apartamento de 2 dormitorios', '•Estancia de 1 noche', '•Enviado por móvil']"
Egnis,España,6.0,Escrito en 6 de septiembre de 2023,"Esta muy céntrico y que es nuevo todo, aunque el sofá cama es lo más incómodo del mundo, sinceramente el colchón no sirve parece muy usado y con un hueco al medio que hace que sea muy incómodo","El personal de atención al cliente, llame para ver si podíamos hacer check in antes, la chica que estaba me dijo que no tenían recepción física, (que si la tienen) luego le dije bueno el parking lo tienes? Me dice si por 14€ adicional me manda el enlace para pagar, lo hago, pero en ningún momento aclara que el parking tampoco se puede usar hasta las 3 pm, cuando voy de camino le llamo me dice que no puedo entrar aún nisiquiera al parking y encima no me deja ni hablar, la verdad fue bastante grosera, llame varias veces en una de las veces me colgó el teléfono y me dejo hablando sola, la verdad considero que una persona debe estar a gusto con su trabajo, sino está a gusto pues no debería pagar sus frustraciones con los clientes, la verdad muy muy grosera y es el punto más negativo de mi reseña, su nombre es Ana y la verdad muy falta de respeto, el trato de ella hizo que se cayera toda mi expectativa sobre el lugar","['•Viaje de ocio', '•Familia con niños pequeños', '•Apartamento de 1 dormitorio', '•Estancia de 1 noche', '•Enviado por móvil']"
Lucía,España,6.0,Escrito en 5 de septiembre de 2023,Está bastante limpio y el aire funciona bien.,"Lo primero es que no responden a los mensajes que les envías o si responden luego no hacen lo que dicen(Pedí un trapo de cocina, me dijeron que sí y nunca apareció). La taza del baño está desencajada. El colchón del sofá cama es bastante mejorable ya que es incómodo. Por último, si no pides kit de limpieza no hay ni un estropajo ni bayeta para poder limpiar.","['•Viaje de ocio', '•Familia con niños pequeños', '•Apartamento de 1 dormitorio', '•Estancia de 4 noches', '•Enviado por móvil']"
Graciela,España,3.0,Escrito en 28 de agosto de 2023,Las instalaciones están bien.,"No me funcionaba el móvil y tardé más de 1 hora en poder entrar y nade me atendía, no había personal ni contestaban el teléfono. Además me cobraron por una mascota inexistente, esperando devolución.","['•Viaje de ocio', '•Grupo', '•Apartamento de 1 dormitorio', '•Estancia de 2 noches']"
Tsvetomila,España,4.0,Escrito en 27 de agosto de 2023,La ubicación,"Había reservado un ático, nos dieron un apartamento en planta más baja, cuando llamé a reclamar me dijeron que es lo que hay y no tienen áticos disponibles, que las fotos que se cuelgan en Booking son orientativas. A parte que estaba muy, muy sucio todo, sobre todo el vuelo y había un dedo de polvo.","['•Viaje de ocio', '•Familia con niños pequeños', '•Apartamento de 1 dormitorio', '•Estancia de 3 noches', '•Enviado por móvil']"
Agustí,España,3.0,Escrito en 27 de agosto de 2023,Ubicación perfecta,"La limpieza dejaba mucho que desear.Sin kit de limpieza en la cocina , se pidió varias veces y durante los seis dias que estuvimos no se facilitó nada. Las almohadas estaban sucias , se tuvo que reclamar un cambio por que daban asco.
La comodidad del sofá cama horrible ,teniendo tambien el cubre-cama sucio.","['•Viaje de ocio', '•Familia con niños pequeños', '•Apartamento de 1 dormitorio', '•Estancia de 5 noches', '•Enviado por móvil']"
Hicham,España,5.0,Escrito en 25 de agosto de 2023,en general todo,"teníamos que hacer el check in a las 15:00, llegamos al apartamento a las 15:15 y no pudimos entrar hasta las 16:00 esperando en el pasillo con las maletas, el sistema de entrada daba fallos, hablamos con Líbere mas de 3 veces y nadie nos abría , hasta que por casualidad una persona del edificio pasaba por nuestra planta nos abrió el apartamento. Pedimos por teléfono una compensación por haber entrado tarde, nos dijeron que devolverían la llamada, nadie nos llamó, el día siguiente hicimos el check out a las 10:58, llamamos de nuevo para informar de la hora del check out y preguntar por la compensación, nos dijeron que se pondrían en contacto con nosotros cuando tuvieran respuesta, han pasado varios días desde entonces y nada. Me parece un desprecio su manera de tratar a los huéspedes después de habernos fallado en la hora del check in, nuestro paso por Vitoria se queda con mal sabor .","['•Viaje de ocio', '•Familia con niños pequeños', '•Apartamento de 1 dormitorio', '•Estancia de 1 noche', '•Enviado por móvil']"
Josefa,España,6.0,Escrito en 25 de agosto de 2023,La Ubicación. Estaba limpio.,"Problemas con el aire acondicionado en plena ola de calor, sofá cama muy incómodo.","['•Viaje de ocio', '•Familia con niños pequeños', '•Apartamento de 1 dormitorio', '•Estancia de 2 noches', '•Enviado por móvil']"
Tamayo,España,3.0,Escrito en 24 de agosto de 2023,La ubicacion,"Aire acondicionado con horario restringido. 
Sofa cama insuficiente, incómodo. 
Colchon cama matrimonial muy incomodo.","['•Viaje de ocio', '•Familia con niños pequeños', '•Apartamento de 1 dormitorio', '•Estancia de 2 noches', '•Enviado por móvil']"
Adrian,Argentina,5.0,Escrito en 24 de agosto de 2023,"Las instalaciones son nuevas y limpias. Bien ubicado, pero….","No ponen para lavar vajilla, ni una esponja, ni toallas de papel para cocina, ni un repasador para secar platos o manos. En la ducha solo jabón líquido. No hay shampoo ni acondicionador de cabello. No hay un solo trapo ni para el piso ni para cocina. No dejan ni un sobre de azúcar, sal o unas gotas de aceite. Un apartamento lindo pero totalmente vacío. Eso le resta muchos puntos porque por dos o tres noches tienes que comprar todo. Y seguro que luego se lo llevan. Triste y poco profesional","['•Viaje de ocio', '•Familia con niños pequeños', '•Apartamento de 1 dormitorio', '•Estancia de 2 noches', '•Enviado por móvil']"
Monika,España,5.0,Escrito en 24 de agosto de 2023,Era confortable,Desproporcionado calidad-precio,"['•Viaje de ocio', '•Grupo de amigos', '•Apartamento de 1 dormitorio', '•Estancia de 2 noches', '•Enviado por móvil']"
Raúl,España,5.0,Escrito en 24 de agosto de 2023,La ubicación,Sofá cama incomodo,"['•Viaje de ocio', '•Familia con niños pequeños', '•Apartamento de 1 dormitorio', '•Estancia de 2 noches', '•Enviado por móvil']"
Sirguerra,España,5.0,Escrito en 23 de agosto de 2023,"La limpieza. Todo estaba perfectamente pulcro.El equipamiento de electrodomésticos, muy completo.","No entiendo que traten como críos a adultos que saben descargarse una app y con capacidad de abrir puertas mediante una clave digital: ¿a qué viene que las ventanas solo puedan abrirse dos dedos? Sin ventana a la que asomarse ni balcón, la sensación de agobio era enorme. Tampoco entiendo que no hubiese una bayeta de cocina para recoger tras la cena. ¿Debemos usar papel higiénico para arrastrar las migas? Por último, deberían revisar la, digamos, decoración de los rellanos: entiendo que en Vitoria hace considerable frío en invierno pero ¿moqueta alzul marino por todas partes? El ambiente era muy sórdido.","['•Viaje de ocio', '•Familia con niños pequeños', '•Apartamento de 1 dormitorio', '•Estancia de 1 noche']"
María,España,6.0,Escrito en 22 de agosto de 2023,"Las camas eran cómodas y la habitación espaciosa, con sitio para poner la ropa y dejar las maletas. La ubicación también bien, aunque no está en pleno centro, en unos 10 minutos andando, llegas.","La limpieza, tanto en el baño como en la cocina había suciedad (microondas, cubiertos, dispensador de jabón, ...). La ventana del salón tenía el pomo suelto y una de las puertas del mueble del salón no cerraba. Además se les olvidó poner el kit de limpieza que pedimos y las sábanas del sofá-cama, tuvimos que llamar para que lo trajeran. Otra cosa que echamos en falta fue algún tendedero para la ropa, porque no sirve de mucho que tenga lavadora, si no hay sitio para tender.","['•Viaje de ocio', '•Familia con niños pequeños', '•Apartamento de 1 dormitorio', '•Estancia de 2 noches', '•Enviado por móvil']"
Jose,España,3.0,Escrito en 14 de agosto de 2023,Situacion,"Reservamos un apartamento para no fumadores y cuando entramos el olor a tabaco era evidente, no de haber fumado  de forma puntual si no de ser un espacio en el que ae habia fumado de forma habitual.
Con el aire acondicionado tuvimos problemas. Segun nos informaron desde el telefono de la recepcion virtual estaba regulado para todo el edificio, no nos dijeron a que temperaturra. La solucion si teniamos era abrir las ventanas. Pasamos los dos dias con ellas abiertaa soportando el ruido se trafico de la calle y el sabado por la noche el ruido se la diiscoteca/pub que habia a pocos metros de la entrado. No pudimoa descansar!!","['•Viaje de ocio', '•Familia con niños pequeños', '•Apartamento de 1 dormitorio', '•Estancia de 2 noches', '•Enviado por móvil']"
Alba,España,5.0,Escrito en 13 de agosto de 2023,La ubicación.,"Para empezar era un apartamento con capacidad para 3 personas y nos metieron a 5 como se puede ver en el permiso del apartamento, lo cual dudo sea legal. A partir de ahí, sofá cama horrible, terminamos poniendo el colchón en el suelo, cubiertos insuficientes para 5, sillas y espacio insuficiente, cables sueltos, cuadro con cristal roto… Es una pena, porque podrían estar bien los apartamentos, primero si no metieran a más personas de su capacidad, al menos podrían poner un sofá cama decente, y luego darles un repasito, por seguridad.","['•Viaje de ocio', '•Familia con niños pequeños', '•Apartamento de 2 dormitorios', '•Estancia de 3 noches', '•Enviado por móvil']"
Raquel,España,5.0,Escrito en 11 de agosto de 2023,Muy centrico,Tuve un problema ya que se estropeó la tele .Avise ayer y nadie de mantenimiento a venido no se han puesto en contacto con nosotros. Que un complejo bastante grande no haya nadie personalmente que te pueda aclarar las dudas.,"['•Viaje de ocio', '•Familia con niños pequeños', '•Apartamento Estudio', '•Estancia de 4 noches', '•Enviado por móvil']"
Gema,España,1.0,Escrito en 11 de agosto de 2023,,"No funcionaba el aire acondicionado  y estabamos a a 36 grados.
No nos cambiaron de habitación..decían que estaba lleno y no habia..fue muy desagradable. No nos daban solución.","['•Viaje de ocio', '•Familia con niños pequeños', '•Apartamento de 1 dormitorio', '•Estancia de 1 noche', '•Enviado por móvil']"
Jairo,España,4.0,Escrito en 11 de agosto de 2023,Limpieza y está cuidado,"Que no se pueda abrir una ventana me parece claustrofóbico,hay gente que no lo lleva nada bien,en un apartamento tan Pequeño,sin una terraza y encima sin abrir una ventana ya que son abatibles y demasiado poco,es pésimo,lo digo sin ser fumador.","['•Viaje de ocio', '•Familia con niños pequeños', '•Apartamento de 1 dormitorio', '•Estancia de 1 noche', '•Enviado por móvil']"
Lmateo,España,4.0,Escrito en 10 de agosto de 2023,Ubicación y precio,"Falta de limpieza abismal, bastante sucio y descuidado. Mucho polvo acumulado de meses, manos y dedos en paredes y muebles. Sofá cama incomodísimo. Sábanas pequeñas para las camas.","['•Viaje de ocio', '•Familia con niños pequeños', '•Apartamento de 1 dormitorio', '•Estancia de 2 noches', '•Enviado por móvil']"
Ana,España,5.0,Escrito en 7 de agosto de 2023,,Hice reserva para dos adultos y dos niños. Cuando llegamos la cama de los niños no estaba abierta y nos costó algo de trabajo abrirla. Además solo pusieron toallas para 2 cuando éramos 4,"['•Viaje de ocio', '•Familia con niños pequeños', '•Apartamento de 1 dormitorio', '•Estancia de 1 noche', '•Enviado por móvil']"
Ester,España,5.0,Escrito en 3 de agosto de 2023,Buena ubicación y tiendas cerca.,"El edificio para lo grande que es solo tiene dos ascensores, con lo qual siempre hay que esperar. Si a esto le sumas que se estropea uno de ellos, pues misión imposible subir y bajar al 8 piso.
La segunda  noche se nos estropeó el aire acondicionado. No nos dieron ninguna solución. A las 22h estábamos a 27°. Al ser un 8 piso, las ventanas solo.se abrían un poco de manera que no pasaba aire. Un bochorno toda la tarde y noche en el apartamento que no se podía aguantar y no se ofreció ningún ventilador o alternativa para poder estar en condiciones adecuadas.
El suelo de los ascensores del parking menos 2 estaba sucísimo, como con moho negro. El priner día que lleguemos había un vómito y el tercer día seguía allí.","['•Viaje de ocio', '•Familia con niños pequeños', '•Apartamento de 2 dormitorios', '•Estancia de 3 noches', '•Enviado por móvil']"
Rodrigo,España,6.0,Escrito en 3 de agosto de 2023,céntrico y bien ubicado y bastante completo de menaje y demás .,"La ducha sin mampara,se sale el agua por todos los sitios.
La tele no funcionaban la mitad de canales y las almohadas no me gustaron (aunque esto va en cada persona).
check out a las 11:00 
No tiene persianas,para los que le guste dormir con oscuridad.","['•Viaje de ocio', '•Pareja', '•Apartamento Estudio', '•Estancia de 1 noche', '•Enviado por móvil']"
Anónimo,España,9.0,Escrito en 28 de agosto de 2023,"Diseño, ubicación, facilidad check-in/out",No tenía servicio consignas,"['•Viaje de ocio', '•Grupo', '•Apartamento de 1 dormitorio', '•Estancia de 2 noches', '•Enviado por móvil']"
Anónimo,España,7.0,Escrito en 2 de agosto de 2023,Ubicación y limpieza,,"['•Viaje de ocio', '•Familia con niños pequeños', '•Apartamento de 1 dormitorio', '•Estancia de 1 noche', '•Enviado por móvil']"
Anónimo,España,10.0,Escrito en 29 de julio de 2023,"Muy nuevo y espacioso 
Recepción on line,  siempre disponibles","El sofá del salón que es cama, tiene el  somier blando y suena bastante al moverse  con la cama abierta durante el sueño","['•Viaje de ocio', '•Familia con niños pequeños', '•Apartamento de 2 dormitorios', '•Estancia de 1 noche', '•Enviado por móvil']"
Anónimo,España,9.0,Escrito en 24 de junio de 2023,"Cómodo, practico y bien situado.
El alojamiento tiene de todo como para sentirte como en casa durante la estancia. Habitación amplia con cocina muy funcional","La estancia incluía desayuno, pero lo que traían era una caja a la habitación con lo que era el desayuno en sí. Era muy completo, pero me esperaba otro tipo de servicio","['•Viaje de ocio', '•Pareja', '•Apartamento Estudio', '•Estancia de 1 noche', '•Enviado por móvil']"
Anónimo,España,9.0,Escrito en 28 de mayo de 2023,céntrico,q no se puedan abrir las ventanas,"['•Viaje de negocios', '•Pareja', '•Apartamento Estudio', '•Estancia de 2 noches', '•Enviado por móvil']"
Anónimo,España,10.0,Escrito en 25 de abril de 2023,"la ubicacacion y el apartamento estaba muy bien equipado, la cama muy cómoda la verdad que todo genial !!!",no puedo decir nada malo porque no lo encontré,"['•Viaje de negocios', '•Pareja', '•Apartamento de 1 dormitorio', '•Estancia de 2 noches', '•Enviado por móvil']"
Anónimo,España,10.0,Escrito en 6 de marzo de 2023,"Todo muy limpio y la ubicación perfecta, en pleno centro de Vitoria.","Nada, todo ideal.","['•Viaje de ocio', '•Grupo de amigos', '•Apartamento de 2 dormitorios', '•Estancia de 1 noche', '•Enviado por móvil']"
Sagrario,España,8.0,Escrito en 14 de diciembre de 2025,,,"['•Viaje de ocio', '•Familia con niños pequeños', '•Apartamento de 2 dormitorios', '•Estancia de 1 noche', '•Enviado por móvil']"
Silvia,España,8.0,Escrito en 14 de diciembre de 2025,,,"['•Viaje de ocio', '•Familia con niños pequeños', '•Apartamento de 1 dormitorio', '•Estancia de 1 noche', '•Enviado por móvil']"
Laura,España,8.0,Escrito en 12 de diciembre de 2025,,,"['•Viaje de ocio', '•Pareja', '•Apartamento Estudio', '•Estancia de 1 noche']"
Gómez,España,7.0,Escrito en 11 de diciembre de 2025,,,"['•Viaje de negocios', '•Persona que viaja sola', '•Apartamento Estudio', '•Estancia de 1 noche']"
Torrado,España,10.0,Escrito en 10 de diciembre de 2025,,,"['•Viaje de ocio', '•Familia con niños pequeños', '•Apartamento de 1 dormitorio', '•Estancia de 1 noche']"
Eduardo,España,10.0,Escrito en 10 de diciembre de 2025,,,"['•Viaje de ocio', '•Pareja', '•Apartamento de 1 dormitorio', '•Estancia de 4 noches']"
Ana,España,7.0,Escrito en 10 de diciembre de 2025,,,"['•Viaje de ocio', '•Familia con niños pequeños', '•Apartamento de 1 dormitorio', '•Estancia de 4 noches', '•Enviado por móvil']"
Almudena,España,9.0,Escrito en 9 de diciembre de 2025,,,"['•Viaje de ocio', '•Familia con niños pequeños', '•Apartamento de 1 dormitorio', '•Estancia de 1 noche', '•Enviado por móvil']"
Leticia,España,10.0,Escrito en 6 de diciembre de 2025,,,"['•Viaje de negocios', '•Familia con niños pequeños', '•Apartamento de 1 dormitorio', '•Estancia de 2 noches', '•Enviado por móvil']"
Maria,España,10.0,Escrito en 2 de diciembre de 2025,,,"['•Familia con niños pequeños', '•Apartamento de 1 dormitorio', '•Estancia de 2 noches', '•Enviado por móvil']"
Lander,España,10.0,Escrito en 29 de noviembre de 2025,,,"['•Viaje de ocio', '•Pareja', '•Apartamento Estudio', '•Estancia de 1 noche', '•Enviado por móvil']"
Ione,España,8.0,Escrito en 29 de noviembre de 2025,,,"['•Viaje de ocio', '•Familia con niños pequeños', '•Apartamento Estudio', '•Estancia de 1 noche', '•Enviado por móvil']"
Juan,España,10.0,Escrito en 21 de noviembre de 2025,,,"['•Viaje de negocios', '•Persona que viaja sola', '•Apartamento Estudio', '•Estancia de 1 noche']"
Santiago,España,10.0,Escrito en 20 de noviembre de 2025,,,"['•Viaje de ocio', '•Grupo', '•Apartamento de 1 dormitorio', '•Estancia de 2 noches', '•Enviado por móvil']"
Legendario,España,9.0,Escrito en 17 de noviembre de 2025,,,"['•Viaje de ocio', '•Familia con niños pequeños', '•Apartamento de 1 dormitorio', '•Estancia de 3 noches', '•Enviado por móvil']"
Lara,España,10.0,Escrito en 11 de noviembre de 2025,,,"['•Viaje de ocio', '•Grupo', '•Apartamento de 1 dormitorio', '•Estancia de 2 noches', '•Enviado por móvil']"
Mcarmen,España,10.0,Escrito en 10 de noviembre de 2025,,,"['•Viaje de ocio', '•Familia con niños pequeños', '•Apartamento de 1 dormitorio', '•Estancia de 1 noche', '•Enviado por móvil']"
Daniel,España,9.0,Escrito en 8 de noviembre de 2025,,,"['•Viaje de ocio', '•Familia con niños pequeños', '•Apartamento de 1 dormitorio', '•Estancia de 2 noches', '•Enviado por móvil']"
Jose,España,9.0,Escrito en 27 de agosto de 2025,,,"['•Viaje de ocio', '•Familia con niños pequeños', '•Apartamento de 1 dormitorio', '•Estancia de 1 noche']"
Albert,España,8.0,Escrito en 25 de agosto de 2025,,,"['•Viaje de ocio', '•Familia con niños pequeños', '•Apartamento de 1 dormitorio', '•Estancia de 1 noche', '•Enviado por móvil']"
Mónica,España,10.0,Escrito en 25 de agosto de 2025,,,"['•Viaje de ocio', '•Familia con niños pequeños', '•Apartamento de 1 dormitorio', '•Estancia de 4 noches', '•Enviado por móvil']"
Raúl,España,9.0,Escrito en 24 de agosto de 2025,,,"['•Viaje de ocio', '•Familia con niños pequeños', '•Apartamento de 1 dormitorio', '•Estancia de 1 noche', '•Enviado por móvil']"
Maria,España,10.0,Escrito en 24 de agosto de 2025,,,"['•Viaje de ocio', '•Familia con niños pequeños', '•Apartamento de 1 dormitorio', '•Estancia de 3 noches', '•Enviado por móvil']"
Jose,España,10.0,Escrito en 23 de agosto de 2025,,,"['•Viaje de ocio', '•Familia con niños pequeños', '•Apartamento de 1 dormitorio', '•Estancia de 4 noches', '•Enviado por móvil']"
Isabel,España,10.0,Escrito en 22 de agosto de 2025,,,"['•Viaje de ocio', '•Familia con niños pequeños', '•Apartamento de 1 dormitorio', '•Estancia de 4 noches', '•Enviado por móvil']"
Paula,España,9.0,Escrito en 21 de agosto de 2025,,,"['•Viaje de ocio', '•Familia con niños pequeños', '•Apartamento de 1 dormitorio', '•Estancia de 6 noches', '•Enviado por móvil']"
Martínez,España,10.0,Escrito en 20 de agosto de 2025,,,"['•Familia con niños pequeños', '•Apartamento de 1 dormitorio', '•Estancia de 1 noche', '•Enviado por móvil']"
Victor,España,10.0,Escrito en 19 de agosto de 2025,,,"['•Familia con niños pequeños', '•Apartamento con terraza', '•Estancia de 2 noches', '•Enviado por móvil']"
Carmen,España,10.0,Escrito en 14 de agosto de 2025,,,"['•Viaje de ocio', '•Familia con niños pequeños', '•Apartamento Ático', '•Estancia de 1 noche', '•Enviado por móvil']"
Ana,España,9.0,Escrito en 13 de agosto de 2025,,,"['•Viaje de ocio', '•Grupo', '•Apartamento de 1 dormitorio', '•Estancia de 2 noches', '•Enviado por móvil']"
Pablo,España,10.0,Escrito en 13 de agosto de 2025,,,"['•Viaje de negocios', '•Familia con niños pequeños', '•Apartamento de 1 dormitorio', '•Estancia de 1 noche', '•Enviado por móvil']"
Maria,España,9.0,Escrito en 13 de agosto de 2025,,,"['•Viaje de ocio', '•Familia con niños pequeños', '•Apartamento de 1 dormitorio', '•Estancia de 1 noche', '•Enviado por móvil']"
Diego,España,10.0,Escrito en 13 de agosto de 2025,,,"['•Viaje de ocio', '•Pareja', '•Apartamento de 1 dormitorio', '•Estancia de 1 noche', '•Enviado por móvil']"
Marie,Francia,10.0,Escrito en 12 de agosto de 2025,,,"['•Viaje de ocio', '•Familia con niños pequeños', '•Apartamento de 1 dormitorio', '•Estancia de 1 noche', '•Enviado por móvil']"
Javier,España,9.0,Escrito en 11 de agosto de 2025,,,"['•Viaje de ocio', '•Familia con niños pequeños', '•Apartamento de 1 dormitorio', '•Estancia de 1 noche']"
Isabel,España,8.0,Escrito en 10 de agosto de 2025,,,"['•Viaje de ocio', '•Grupo de amigos', '•Apartamento de 2 dormitorios', '•Estancia de 1 noche', '•Enviado por móvil']"
Josep,España,8.0,Escrito en 10 de agosto de 2025,,,"['•Viaje de ocio', '•Familia con niños pequeños', '•Apartamento de 1 dormitorio', '•Estancia de 2 noches']"
Beatriz,España,9.0,Escrito en 8 de agosto de 2025,,,"['•Viaje de ocio', '•Grupo de amigos', '•Apartamento Estudio', '•Estancia de 1 noche', '•Enviado por móvil']"
Maria,Francia,8.0,Escrito en 6 de agosto de 2025,,,"['•Familia con niños pequeños', '•Apartamento de 1 dormitorio', '•Estancia de 1 noche', '•Enviado por móvil']"
Maria,España,10.0,Escrito en 5 de agosto de 2025,,,"['•Viaje de ocio', '•Familia con niños pequeños', '•Apartamento de 1 dormitorio', '•Estancia de 1 noche', '•Enviado por móvil']"
Paco,España,9.0,Escrito en 4 de agosto de 2025,,,"['•Viaje de ocio', '•Familia con niños pequeños', '•Apartamento de 1 dormitorio', '•Estancia de 1 noche', '•Enviado por móvil']"
Myriam,España,9.0,Escrito en 31 de julio de 2025,,,"['•Familia con niños pequeños', '•Apartamento de 1 dormitorio', '•Estancia de 1 noche', '•Enviado por móvil']"
Antonio,España,10.0,Escrito en 31 de julio de 2025,,,"['•Viaje de ocio', '•Familia con niños pequeños', '•Apartamento de 1 dormitorio', '•Estancia de 1 noche', '•Enviado por móvil']"
Sonia,España,10.0,Escrito en 8 de junio de 2025,,,"['•Viaje de ocio', '•Familia con niños pequeños', '•Apartamento de 1 dormitorio', '•Estancia de 1 noche', '•Enviado por móvil']"
Entrerriana,Argentina,10.0,Escrito en 8 de junio de 2025,,,"['•Viaje de ocio', '•Familia con niños pequeños', '•Apartamento de 2 dormitorios', '•Estancia de 1 noche', '•Enviado por móvil']"
Amparo,España,9.0,Escrito en 6 de junio de 2025,,,"['•Viaje de ocio', '•Pareja', '•Apartamento de 1 dormitorio', '•Estancia de 3 noches', '•Enviado por móvil']"
Rebeca,España,8.0,Escrito en 5 de junio de 2025,,,"['•Familia con niños pequeños', '•Apartamento de 1 dormitorio', '•Estancia de 1 noche', '•Enviado por móvil']"
Nicole,España,9.0,Escrito en 5 de junio de 2025,,,"['•Viaje de ocio', '•Familia con niños pequeños', '•Apartamento de 1 dormitorio', '•Estancia de 2 noches', '•Enviado por móvil']"
Iñigo,España,7.0,Escrito en 4 de junio de 2025,,,"['•Viaje de ocio', '•Pareja', '•Apartamento de 1 dormitorio', '•Estancia de 2 noches', '•Enviado por móvil']"
Emilio,España,7.0,Escrito en 4 de junio de 2025,,,"['•Viaje de ocio', '•Pareja', '•Apartamento de 1 dormitorio', '•Estancia de 3 noches', '•Enviado por móvil']"
Dolores,España,9.0,Escrito en 3 de junio de 2025,,,"['•Viaje de ocio', '•Pareja', '•Apartamento de 1 dormitorio', '•Estancia de 3 noches', '•Enviado por móvil']"
Santa,España,8.0,Escrito en 2 de junio de 2025,,,"['•Viaje de ocio', '•Grupo', '•Apartamento de 1 dormitorio', '•Estancia de 1 noche']"
Ana,España,10.0,Escrito en 2 de junio de 2025,,,"['•Pareja', '•Apartamento de 1 dormitorio', '•Estancia de 1 noche', '•Enviado por móvil']"
Mattin,España,10.0,Escrito en 1 de junio de 2025,,,"['•Viaje de negocios', '•Persona que viaja sola', '•Apartamento de 1 dormitorio', '•Estancia de 2 noches', '•Enviado por móvil']"
Olatz,España,8.0,Escrito en 1 de junio de 2025,,,"['•Viaje de ocio', '•Familia con niños pequeños', '•Apartamento de 1 dormitorio', '•Estancia de 2 noches', '•Enviado por móvil']"
Cristina,España,9.0,Escrito en 1 de junio de 2025,,,"['•Viaje de ocio', '•Grupo', '•Apartamento de 2 dormitorios', '•Estancia de 1 noche', '•Enviado por móvil']"
Leyre,España,8.0,Escrito en 31 de mayo de 2025,,,"['•Viaje de ocio', '•Grupo', '•Apartamento de 2 dormitorios', '•Estancia de 1 noche', '•Enviado por móvil']"
Jonatan,España,8.0,Escrito en 28 de mayo de 2025,,,"['•Viaje de negocios', '•Familia con niños pequeños', '•Apartamento Estudio', '•Estancia de 1 noche', '•Enviado por móvil']"
Diego,España,10.0,Escrito en 28 de mayo de 2025,,,"['•Viaje de negocios', '•Pareja', '•Apartamento con terraza', '•Estancia de 1 noche', '•Enviado por móvil']"
Ivan,España,10.0,Escrito en 27 de mayo de 2025,,,"['•Viaje de negocios', '•Persona que viaja sola', '•Apartamento de 1 dormitorio', '•Estancia de 2 noches', '•Enviado por móvil']"
Maria,España,10.0,Escrito en 27 de mayo de 2025,,,"['•Familia con niños pequeños', '•Apartamento de 1 dormitorio', '•Estancia de 1 noche', '•Enviado por móvil']"
Mercedes,España,9.0,Escrito en 20 de mayo de 2025,,,"['•Viaje de ocio', '•Familia con niños pequeños', '•Apartamento de 1 dormitorio', '•Estancia de 2 noches', '•Enviado por móvil']"
Paula,España,7.0,Escrito en 19 de mayo de 2025,,,"['•Viaje de ocio', '•Familia con niños pequeños', '•Apartamento de 1 dormitorio', '•Estancia de 2 noches', '•Enviado por móvil']"
Jonathan,España,10.0,Escrito en 19 de mayo de 2025,,,"['•Viaje de negocios', '•Familia con niños pequeños', '•Apartamento Estudio', '•Estancia de 3 noches', '•Enviado por móvil']"
Jorge,España,9.0,Escrito en 19 de mayo de 2025,,,"['•Viaje de ocio', '•Familia con niños pequeños', '•Apartamento de 1 dormitorio', '•Estancia de 3 noches', '•Enviado por móvil']"
Raquel,España,10.0,Escrito en 18 de mayo de 2025,,,"['•Viaje de ocio', '•Grupo de amigos', '•Apartamento Estudio', '•Estancia de 2 noches', '•Enviado por móvil']"
Rivas,España,8.0,Escrito en 17 de mayo de 2025,,,"['•Viaje de negocios', '•Grupo de amigos', '•Apartamento de 1 dormitorio', '•Estancia de 1 noche', '•Enviado por móvil']"
Endika,España,9.0,Escrito en 11 de mayo de 2025,,,"['•Viaje de ocio', '•Familia con niños pequeños', '•Apartamento de 1 dormitorio', '•Estancia de 1 noche', '•Enviado por móvil']"
Sandra,España,10.0,Escrito en 5 de marzo de 2025,,,"['•Viaje de ocio', '•Familia con niños pequeños', '•Apartamento de 1 dormitorio', '•Estancia de 4 noches', '•Enviado por móvil']"
Ernesto,España,9.0,Escrito en 5 de marzo de 2025,,,"['•Viaje de ocio', '•Familia con niños pequeños', '•Apartamento de 1 dormitorio', '•Estancia de 2 noches', '•Enviado por móvil']"
Miguel,España,10.0,Escrito en 4 de marzo de 2025,,,"['•Viaje de ocio', '•Familia con niños pequeños', '•Apartamento con terraza', '•Estancia de 2 noches', '•Enviado por móvil']"
Marcos,España,8.0,Escrito en 4 de marzo de 2025,,,"['•Viaje de ocio', '•Grupo', '•Apartamento de 1 dormitorio', '•Estancia de 1 noche', '•Enviado por móvil']"
Jon,España,9.0,Escrito en 3 de marzo de 2025,,,"['•Viaje de negocios', '•Persona que viaja sola', '•Apartamento de 1 dormitorio', '•Estancia de 1 noche', '•Enviado por móvil']"
Virginia,España,10.0,Escrito en 3 de marzo de 2025,,,"['•Viaje de ocio', '•Grupo', '•Apartamento de 1 dormitorio', '•Estancia de 2 noches', '•Enviado por móvil']"
Carmen,España,9.0,Escrito en 2 de marzo de 2025,,,"['•Viaje de ocio', '•Grupo', '•Apartamento de 1 dormitorio', '•Estancia de 2 noches']"
Alejandro,España,7.0,Escrito en 2 de marzo de 2025,,,"['•Viaje de ocio', '•Grupo de amigos', '•Apartamento de 1 dormitorio', '•Estancia de 2 noches', '•Enviado por móvil']"
Ander,España,9.0,Escrito en 2 de marzo de 2025,,,"['•Viaje de ocio', '•Grupo', '•Apartamento de 1 dormitorio', '•Estancia de 1 noche', '•Enviado por móvil']"
Blanco,España,7.0,Escrito en 2 de marzo de 2025,,,"['•Viaje de ocio', '•Familia con niños pequeños', '•Apartamento de 1 dormitorio', '•Estancia de 1 noche', '•Enviado por móvil']"
Toni,España,8.0,Escrito en 2 de marzo de 2025,,,"['•Viaje de negocios', '•Persona que viaja sola', '•Apartamento de 1 dormitorio', '•Estancia de 2 noches', '•Enviado por móvil']"
Esther,España,9.0,Escrito en 2 de marzo de 2025,,,"['•Viaje de ocio', '•Familia con niños pequeños', '•Apartamento de 2 dormitorios', '•Estancia de 3 noches', '•Enviado por móvil']"
Ana,España,10.0,Escrito en 1 de marzo de 2025,,,"['•Viaje de ocio', '•Familia con niños pequeños', '•Apartamento de 1 dormitorio', '•Estancia de 2 noches', '•Enviado por móvil']"
Jacobo,España,10.0,Escrito en 1 de marzo de 2025,,,"['•Viaje de ocio', '•Grupo', '•Apartamento de 2 dormitorios', '•Estancia de 1 noche', '•Enviado por móvil']"
Eva,España,7.0,Escrito en 27 de febrero de 2025,,,"['•Viaje de ocio', '•Grupo', '•Apartamento de 1 dormitorio', '•Estancia de 1 noche', '•Enviado por móvil']"
Miguel,España,8.0,Escrito en 27 de febrero de 2025,,,"['•Viaje de ocio', '•Grupo', '•Apartamento de 1 dormitorio', '•Estancia de 2 noches']"
David,España,8.0,Escrito en 26 de febrero de 2025,,,"['•Viaje de ocio', '•Familia con niños pequeños', '•Apartamento de 1 dormitorio', '•Estancia de 1 noche']"
Oscar,España,8.0,Escrito en 26 de febrero de 2025,,,"['•Persona que viaja sola', '•Apartamento Estudio', '•Estancia de 2 noches', '•Enviado por móvil']"
Zc88,España,9.0,Escrito en 25 de febrero de 2025,,,"['•Viaje de ocio', '•Familia con niños pequeños', '•Apartamento de 2 dormitorios', '•Estancia de 1 noche', '•Enviado por móvil']"
David,España,9.0,Escrito en 24 de febrero de 2025,,,"['•Viaje de ocio', '•Grupo', '•Apartamento de 1 dormitorio', '•Estancia de 1 noche', '•Enviado por móvil']"
Elena,España,9.0,Escrito en 21 de febrero de 2025,,,"['•Viaje de ocio', '•Familia con niños pequeños', '•Apartamento de 1 dormitorio', '•Estancia de 3 noches', '•Enviado por móvil']"
Manuel,España,10.0,Escrito en 19 de febrero de 2025,,,"['•Viaje de ocio', '•Familia con niños pequeños', '•Apartamento de 1 dormitorio', '•Estancia de 2 noches', '•Enviado por móvil']"
José,España,9.0,Escrito en 17 de febrero de 2025,,,"['•Viaje de ocio', '•Pareja', '•Apartamento Estudio', '•Estancia de 1 noche', '•Enviado por móvil']"
Anne,España,10.0,Escrito en 15 de febrero de 2025,,,"['•Viaje de ocio', '•Grupo de amigos', '•Apartamento de 1 dormitorio', '•Estancia de 1 noche', '•Enviado por móvil']"
Fátima,España,7.0,Escrito en 13 de febrero de 2025,,,"['•Viaje de ocio', '•Familia con niños pequeños', '•Apartamento de 1 dormitorio', '•Estancia de 3 noches', '•Enviado por móvil']"
Maku,España,8.0,Escrito en 9 de enero de 2025,,,"['•Viaje de ocio', '•Familia con niños pequeños', '•Apartamento de 1 dormitorio', '•Estancia de 2 noches', '•Enviado por móvil']"
Adolfo,España,8.0,Escrito en 9 de enero de 2025,,,"['•Viaje de ocio', '•Grupo', '•Apartamento de 1 dormitorio', '•Estancia de 2 noches', '•Enviado por móvil']"
Ana,España,9.0,Escrito en 9 de enero de 2025,,,"['•Viaje de ocio', '•Pareja', '•Apartamento de 1 dormitorio', '•Estancia de 3 noches', '•Enviado por móvil']"
Francisco,España,9.0,Escrito en 8 de enero de 2025,,,"['•Viaje de ocio', '•Familia con niños pequeños', '•Apartamento con terraza', '•Estancia de 5 noches', '•Enviado por móvil']"
Antonio,España,10.0,Escrito en 5 de enero de 2025,,,"['•Viaje de ocio', '•Grupo', '•Apartamento de 1 dormitorio', '•Estancia de 1 noche', '•Enviado por móvil']"
Maria,España,10.0,Escrito en 5 de enero de 2025,,,"['•Viaje de ocio', '•Pareja', '•Apartamento Estudio', '•Estancia de 3 noches', '•Enviado por móvil']"
Francisco,España,7.0,Escrito en 5 de enero de 2025,,,"['•Viaje de ocio', '•Familia con niños pequeños', '•Apartamento de 1 dormitorio', '•Estancia de 2 noches', '•Enviado por móvil']"
Luis,Chile,8.0,Escrito en 4 de enero de 2025,,,"['•Viaje de ocio', '•Familia con niños pequeños', '•Apartamento de 2 dormitorios', '•Estancia de 9 noches', '•Enviado por móvil']"
Díaz,España,10.0,Escrito en 4 de enero de 2025,,,"['•Viaje de ocio', '•Familia con niños pequeños', '•Apartamento con terraza', '•Estancia de 1 noche', '•Enviado por móvil']"
Juan,España,8.0,Escrito en 3 de enero de 2025,,,"['•Con una mascota', '•Viaje de ocio', '•Familia con niños pequeños', '•Apartamento de 1 dormitorio', '•Estancia de 2 noches']"
Eva,España,9.0,Escrito en 31 de diciembre de 2024,,,"['•Familia con niños pequeños', '•Apartamento de 1 dormitorio', '•Estancia de 3 noches', '•Enviado por móvil']"
Elvira,España,10.0,Escrito en 28 de diciembre de 2024,,,"['•Viaje de ocio', '•Familia con niños pequeños', '•Apartamento de 1 dormitorio', '•Estancia de 1 noche', '•Enviado por móvil']"
Sergio,España,7.0,Escrito en 28 de diciembre de 2024,,,"['•Viaje de ocio', '•Familia con niños pequeños', '•Apartamento de 1 dormitorio', '•Estancia de 1 noche', '•Enviado por móvil']"
Ana,España,8.0,Escrito en 26 de diciembre de 2024,,,"['•Viaje de ocio', '•Familia con niños pequeños', '•Apartamento de 2 dormitorios', '•Estancia de 1 noche', '•Enviado por móvil']"
Gabaldon,España,7.0,Escrito en 22 de diciembre de 2024,,,"['•Viaje de ocio', '•Familia con niños pequeños', '•Apartamento de 1 dormitorio', '•Estancia de 2 noches', '•Enviado por móvil']"
Manuel,España,8.0,Escrito en 21 de diciembre de 2024,,,"['•Viaje de negocios', '•Persona que viaja sola', '•Apartamento de 1 dormitorio', '•Estancia de 1 noche', '•Enviado por móvil']"
Félix,España,8.0,Escrito en 20 de diciembre de 2024,,,"['•Viaje de ocio', '•Pareja', '•Apartamento Estudio', '•Estancia de 1 noche', '•Enviado por móvil']"
Ada,España,8.0,Escrito en 20 de diciembre de 2024,,,"['•Viaje de ocio', '•Pareja', '•Apartamento Estudio', '•Estancia de 1 noche', '•Enviado por móvil']"
Angela,España,10.0,Escrito en 19 de diciembre de 2024,,,"['•Viaje de negocios', '•Pareja', '•Apartamento de 1 dormitorio', '•Estancia de 1 noche', '•Enviado por móvil']"
Mª,España,10.0,Escrito en 19 de diciembre de 2024,,,"['•Viaje de ocio', '•Grupo de amigos', '•Apartamento de 2 dormitorios', '•Estancia de 1 noche', '•Enviado por móvil']"
Iratxe,España,9.0,Escrito en 18 de diciembre de 2024,,,"['•Viaje de ocio', '•Familia con niños pequeños', '•Apartamento de 1 dormitorio', '•Estancia de 3 noches', '•Enviado por móvil']"
Vavera,Colombia,10.0,Escrito en 17 de diciembre de 2024,,,"['•Viaje de ocio', '•Pareja', '•Apartamento Estudio', '•Estancia de 2 noches', '•Enviado por móvil']"
Almudena,España,9.0,Escrito en 17 de diciembre de 2024,,,"['•Viaje de ocio', '•Grupo', '•Apartamento de 1 dormitorio', '•Estancia de 1 noche', '•Enviado por móvil']"
Martina,España,10.0,Escrito en 17 de diciembre de 2024,,,"['•Viaje de ocio', '•Grupo de amigos', '•Apartamento de 1 dormitorio', '•Estancia de 3 noches', '•Enviado por móvil']"
Diana,España,8.0,Escrito en 16 de diciembre de 2024,,,"['•Viaje de ocio', '•Pareja', '•Apartamento de 1 dormitorio', '•Estancia de 1 noche', '•Enviado por móvil']"
Gusyalfaro,España,9.0,Escrito en 21 de octubre de 2024,,,"['•Viaje de ocio', '•Familia con niños pequeños', '•Apartamento de 2 dormitorios', '•Estancia de 2 noches', '•Enviado por móvil']"
Monica,España,10.0,Escrito en 20 de octubre de 2024,,,"['•Viaje de ocio', '•Familia con niños pequeños', '•Apartamento de 1 dormitorio', '•Estancia de 3 noches', '•Enviado por móvil']"
Luis,España,10.0,Escrito en 20 de octubre de 2024,,,"['•Viaje de ocio', '•Familia con niños pequeños', '•Apartamento de 1 dormitorio', '•Estancia de 1 noche']"
Jose,España,9.0,Escrito en 19 de octubre de 2024,,,"['•Viaje de ocio', '•Familia con niños pequeños', '•Apartamento de 1 dormitorio', '•Estancia de 2 noches', '•Enviado por móvil']"
Colinas,España,8.0,Escrito en 18 de octubre de 2024,,,"['•Viaje de negocios', '•Familia con niños pequeños', '•Apartamento de 1 dormitorio', '•Estancia de 1 noche', '•Enviado por móvil']"
Silvia,España,9.0,Escrito en 17 de octubre de 2024,,,"['•Viaje de ocio', '•Familia con niños pequeños', '•Apartamento de 1 dormitorio', '•Estancia de 2 noches', '•Enviado por móvil']"
Susi,España,9.0,Escrito en 16 de octubre de 2024,,,"['•Viaje de ocio', '•Pareja', '•Apartamento Estudio', '•Estancia de 1 noche', '•Enviado por móvil']"
Elisa,España,10.0,Escrito en 15 de octubre de 2024,,,"['•Viaje de ocio', '•Pareja', '•Apartamento de 1 dormitorio', '•Estancia de 1 noche', '•Enviado por móvil']"
Fernando,España,9.0,Escrito en 15 de octubre de 2024,,,"['•Familia con niños pequeños', '•Apartamento con terraza', '•Estancia de 3 noches', '•Enviado por móvil']"
Ricardo,España,8.0,Escrito en 14 de octubre de 2024,,,"['•Viaje de ocio', '•Familia con niños pequeños', '•Apartamento Estudio', '•Estancia de 1 noche', '•Enviado por móvil']"
Emma,España,9.0,Escrito en 13 de octubre de 2024,,,"['•Viaje de ocio', '•Familia con niños pequeños', '•Apartamento de 1 dormitorio', '•Estancia de 2 noches', '•Enviado por móvil']"
Pilar,España,9.0,Escrito en 13 de octubre de 2024,,,"['•Viaje de ocio', '•Familia con niños pequeños', '•Apartamento de 1 dormitorio', '•Estancia de 2 noches', '•Enviado por móvil']"
Marina,España,10.0,Escrito en 13 de octubre de 2024,,,"['•Viaje de ocio', '•Familia con niños pequeños', '•Apartamento de 1 dormitorio', '•Estancia de 1 noche', '•Enviado por móvil']"
Rodrigo,España,10.0,Escrito en 13 de octubre de 2024,,,"['•Viaje de ocio', '•Familia con niños pequeños', '•Apartamento de 1 dormitorio', '•Estancia de 1 noche', '•Enviado por móvil']"
Jefferson,Bélgica,10.0,Escrito en 11 de octubre de 2024,,,"['•Viaje de ocio', '•Familia con niños pequeños', '•Apartamento de 1 dormitorio', '•Estancia de 2 noches', '•Enviado por móvil']"
Miguel,España,9.0,Escrito en 10 de octubre de 2024,,,"['•Viaje de ocio', '•Familia con niños pequeños', '•Apartamento con terraza', '•Estancia de 1 noche', '•Enviado por móvil']"
Juan,España,8.0,Escrito en 10 de octubre de 2024,,,"['•Viaje de ocio', '•Familia con niños pequeños', '•Apartamento de 1 dormitorio', '•Estancia de 1 noche']"
Lexuri,España,8.0,Escrito en 8 de octubre de 2024,,,"['•Viaje de ocio', '•Grupo', '•Apartamento de 2 dormitorios', '•Estancia de 1 noche']"
Beatriz,España,7.0,Escrito en 6 de octubre de 2024,,,"['•Viaje de ocio', '•Familia con niños pequeños', '•Apartamento de 1 dormitorio', '•Estancia de 1 noche', '•Enviado por móvil']"
Josefa,España,9.0,Escrito en 5 de octubre de 2024,,,"['•Viaje de ocio', '•Familia con niños pequeños', '•Apartamento de 1 dormitorio', '•Estancia de 1 noche', '•Enviado por móvil']"
Maria,España,10.0,Escrito en 5 de octubre de 2024,,,"['•Viaje de ocio', '•Familia con niños pequeños', '•Apartamento de 1 dormitorio', '•Estancia de 2 noches', '•Enviado por móvil']"
Francisco,España,8.0,Escrito en 5 de octubre de 2024,,,"['•Viaje de negocios', '•Familia con niños pequeños', '•Apartamento de 2 dormitorios', '•Estancia de 4 noches', '•Enviado por móvil']"
Javier,España,10.0,Escrito en 4 de octubre de 2024,,,"['•Viaje de ocio', '•Persona que viaja sola', '•Apartamento de 1 dormitorio', '•Estancia de 5 noches', '•Enviado por móvil']"
Ignacio,España,9.0,Escrito en 3 de octubre de 2024,,,"['•Viaje de ocio', '•Pareja', '•Apartamento Estudio', '•Estancia de 3 noches', '•Enviado por móvil']"
Jon,España,10.0,Escrito en 2 de octubre de 2024,,,"['•Viaje de negocios', '•Persona que viaja sola', '•Apartamento de 1 dormitorio', '•Estancia de 1 noche', '•Enviado por móvil']"
Encinas,España,10.0,Escrito en 31 de agosto de 2024,,,"['•Viaje de ocio', '•Familia con niños pequeños', '•Apartamento de 1 dormitorio', '•Estancia de 5 noches', '•Enviado por móvil']"
Sarrión,España,9.0,Escrito en 31 de agosto de 2024,,,"['•Viaje de ocio', '•Familia con niños pequeños', '•Apartamento de 1 dormitorio', '•Estancia de 1 noche']"
Beatriz,España,8.0,Escrito en 30 de agosto de 2024,,,"['•Viaje de ocio', '•Familia con niños pequeños', '•Apartamento de 1 dormitorio', '•Estancia de 1 noche', '•Enviado por móvil']"
Ainoa,España,10.0,Escrito en 29 de agosto de 2024,,,"['•Viaje de ocio', '•Familia con niños pequeños', '•Apartamento de 1 dormitorio', '•Estancia de 1 noche', '•Enviado por móvil']"
Abel,España,9.0,Escrito en 29 de agosto de 2024,,,"['•Viaje de ocio', '•Familia con niños pequeños', '•Apartamento de 1 dormitorio', '•Estancia de 1 noche', '•Enviado por móvil']"
Barrientos,España,8.0,Escrito en 27 de agosto de 2024,,,"['•Viaje de ocio', '•Familia con niños pequeños', '•Apartamento de 1 dormitorio', '•Estancia de 1 noche', '•Enviado por móvil']"
Francisco,España,10.0,Escrito en 27 de agosto de 2024,,,"['•Viaje de ocio', '•Familia con niños pequeños', '•Apartamento de 1 dormitorio', '•Estancia de 2 noches', '•Enviado por móvil']"
Juan,España,10.0,Escrito en 26 de agosto de 2024,,,"['•Viaje de ocio', '•Familia con niños pequeños', '•Apartamento de 1 dormitorio', '•Estancia de 3 noches', '•Enviado por móvil']"
Ana,España,10.0,Escrito en 26 de agosto de 2024,,,"['•Viaje de ocio', '•Familia con niños pequeños', '•Apartamento de 1 dormitorio', '•Estancia de 1 noche', '•Enviado por móvil']"
Paredes,España,10.0,Escrito en 25 de agosto de 2024,,,"['•Viaje de ocio', '•Familia con niños pequeños', '•Apartamento de 2 dormitorios', '•Estancia de 1 noche', '•Enviado por móvil']"
Rafael,España,10.0,Escrito en 25 de agosto de 2024,,,"['•Viaje de ocio', '•Familia con niños pequeños', '•Apartamento de 1 dormitorio', '•Estancia de 5 noches', '•Enviado por móvil']"
Juan,España,10.0,Escrito en 25 de agosto de 2024,,,"['•Viaje de ocio', '•Familia con niños pequeños', '•Apartamento de 1 dormitorio', '•Estancia de 3 noches', '•Enviado por móvil']"
Josep,España,10.0,Escrito en 24 de agosto de 2024,,,"['•Viaje de ocio', '•Familia con niños pequeños', '•Apartamento de 1 dormitorio', '•Estancia de 1 noche', '•Enviado por móvil']"
Carolina,España,9.0,Escrito en 23 de agosto de 2024,,,"['•Viaje de ocio', '•Familia con niños pequeños', '•Apartamento de 1 dormitorio', '•Estancia de 4 noches', '•Enviado por móvil']"
Rocamora,España,10.0,Escrito en 23 de agosto de 2024,,,"['•Viaje de ocio', '•Familia con niños pequeños', '•Apartamento de 1 dormitorio', '•Estancia de 2 noches', '•Enviado por móvil']"
Maria,España,10.0,Escrito en 22 de agosto de 2024,,,"['•Viaje de ocio', '•Familia con niños pequeños', '•Apartamento con terraza', '•Estancia de 3 noches', '•Enviado por móvil']"
Deborah,España,10.0,Escrito en 22 de agosto de 2024,,,"['•Viaje de ocio', '•Grupo de amigos', '•Apartamento de 1 dormitorio', '•Estancia de 5 noches', '•Enviado por móvil']"
Víctor,España,9.0,Escrito en 21 de agosto de 2024,,,"['•Viaje de ocio', '•Familia con niños pequeños', '•Apartamento de 1 dormitorio', '•Estancia de 2 noches', '•Enviado por móvil']"
Verónica,España,9.0,Escrito en 19 de agosto de 2024,,,"['•Viaje de ocio', '•Familia con niños pequeños', '•Apartamento de 1 dormitorio', '•Estancia de 4 noches', '•Enviado por móvil']"
África,España,8.0,Escrito en 19 de agosto de 2024,,,"['•Viaje de ocio', '•Familia con niños pequeños', '•Apartamento de 1 dormitorio', '•Estancia de 5 noches', '•Enviado por móvil']"
Sandra,España,9.0,Escrito en 19 de agosto de 2024,,,"['•Viaje de ocio', '•Grupo', '•Apartamento de 1 dormitorio', '•Estancia de 1 noche', '•Enviado por móvil']"
Marta,España,9.0,Escrito en 19 de agosto de 2024,,,"['•Viaje de ocio', '•Familia con niños pequeños', '•Apartamento de 2 dormitorios', '•Estancia de 3 noches', '•Enviado por móvil']"
David,España,8.0,Escrito en 18 de agosto de 2024,,,"['•Viaje de ocio', '•Grupo de amigos', '•Apartamento Estudio', '•Estancia de 2 noches', '•Enviado por móvil']"
Daniela,España,10.0,Escrito en 17 de agosto de 2024,,,"['•Familia con niños pequeños', '•Apartamento de 1 dormitorio', '•Estancia de 1 noche', '•Enviado por móvil']"
Inés,España,9.0,Escrito en 16 de agosto de 2024,,,"['•Viaje de ocio', '•Familia con niños pequeños', '•Apartamento de 1 dormitorio', '•Estancia de 3 noches', '•Enviado por móvil']"
Ismael,España,7.0,Escrito en 13 de julio de 2024,,,"['•Viaje de ocio', '•Pareja', '•Apartamento de 1 dormitorio', '•Estancia de 4 noches', '•Enviado por móvil']"
Cinta,España,10.0,Escrito en 12 de julio de 2024,,,"['•Familia con niños pequeños', '•Apartamento de 1 dormitorio', '•Estancia de 1 noche', '•Enviado por móvil']"
Bisbal,España,9.0,Escrito en 12 de julio de 2024,,,"['•Viaje de ocio', '•Familia con niños pequeños', '•Apartamento de 1 dormitorio', '•Estancia de 3 noches', '•Enviado por móvil']"
Maria,España,9.0,Escrito en 11 de julio de 2024,,,"['•Viaje de ocio', '•Familia con niños pequeños', '•Apartamento Estudio', '•Estancia de 1 noche', '•Enviado por móvil']"
Marta,España,10.0,Escrito en 11 de julio de 2024,,,"['•Viaje de negocios', '•Grupo', '•Apartamento de 1 dormitorio', '•Estancia de 3 noches', '•Enviado por móvil']"
Ivan,España,8.0,Escrito en 10 de julio de 2024,,,"['•Viaje de ocio', '•Familia con niños pequeños', '•Apartamento de 1 dormitorio', '•Estancia de 1 noche', '•Enviado por móvil']"
Wellington,España,10.0,Escrito en 8 de julio de 2024,,,"['•Viaje de ocio', '•Familia con niños pequeños', '•Apartamento de 1 dormitorio', '•Estancia de 6 noches', '•Enviado por móvil']"
Ignacio,España,8.0,Escrito en 7 de julio de 2024,,,"['•Viaje de ocio', '•Grupo', '•Apartamento de 1 dormitorio', '•Estancia de 3 noches', '•Enviado por móvil']"
Santiago,España,10.0,Escrito en 7 de julio de 2024,,,"['•Viaje de ocio', '•Familia con niños pequeños', '•Apartamento de 1 dormitorio', '•Estancia de 1 noche', '•Enviado por móvil']"
Alejandra,España,8.0,Escrito en 5 de julio de 2024,,,"['•Viaje de ocio', '•Familia con niños pequeños', '•Apartamento de 1 dormitorio', '•Estancia de 1 noche', '•Enviado por móvil']"
Loli,España,10.0,Escrito en 5 de julio de 2024,,,"['•Viaje de ocio', '•Familia con niños pequeños', '•Apartamento de 1 dormitorio', '•Estancia de 1 noche', '•Enviado por móvil']"
Jose,España,10.0,Escrito en 5 de julio de 2024,,,"['•Viaje de ocio', '•Familia con niños pequeños', '•Apartamento de 2 dormitorios', '•Estancia de 2 noches', '•Enviado por móvil']"
Luis,España,9.0,Escrito en 3 de julio de 2024,,,"['•Viaje de ocio', '•Pareja', '•Apartamento Estudio', '•Estancia de 3 noches', '•Enviado por móvil']"
María,España,9.0,Escrito en 1 de julio de 2024,,,"['•Viaje de ocio', '•Familia con niños pequeños', '•Apartamento de 1 dormitorio', '•Estancia de 3 noches', '•Enviado por móvil']"
Dionisio,España,9.0,Escrito en 1 de julio de 2024,,,"['•Viaje de ocio', '•Familia con niños pequeños', '•Apartamento de 2 dormitorios', '•Estancia de 1 noche', '•Enviado por móvil']"
Agustín,España,9.0,Escrito en 1 de julio de 2024,,,"['•Viaje de ocio', '•Pareja', '•Apartamento Estudio', '•Estancia de 1 noche']"
Pastor,España,10.0,Escrito en 1 de julio de 2024,,,"['•Viaje de ocio', '•Familia con niños pequeños', '•Apartamento de 2 dormitorios', '•Estancia de 1 noche', '•Enviado por móvil']"
Emilio,España,10.0,Escrito en 30 de junio de 2024,,,"['•Viaje de ocio', '•Familia con niños pequeños', '•Apartamento de 2 dormitorios', '•Estancia de 1 noche', '•Enviado por móvil']"
Marta,España,10.0,Escrito en 30 de junio de 2024,,,"['•Viaje de ocio', '•Familia con niños pequeños', '•Apartamento de 1 dormitorio', '•Estancia de 2 noches', '•Enviado por móvil']"
Maria,España,7.0,Escrito en 30 de junio de 2024,,,"['•Viaje de ocio', '•Familia con niños pequeños', '•Apartamento con terraza', '•Estancia de 2 noches', '•Enviado por móvil']"
Albina,España,8.0,Escrito en 30 de junio de 2024,,,"['•Viaje de ocio', '•Familia con niños pequeños', '•Apartamento de 1 dormitorio', '•Estancia de 2 noches', '•Enviado por móvil']"
Cristian,España,10.0,Escrito en 30 de junio de 2024,,,"['•Viaje de negocios', '•Grupo', '•Apartamento de 1 dormitorio', '•Estancia de 3 noches', '•Enviado por móvil']"
Ángeles,España,10.0,Escrito en 30 de junio de 2024,,,"['•Viaje de ocio', '•Pareja', '•Apartamento de 1 dormitorio', '•Estancia de 2 noches', '•Enviado por móvil']"
Sofia_sss,España,8.0,Escrito en 27 de junio de 2024,,,"['•Viaje de ocio', '•Grupo de amigos', '•Apartamento de 2 dormitorios', '•Estancia de 3 noches', '•Enviado por móvil']"
Rosana,España,10.0,Escrito en 27 de junio de 2024,,,"['•Viaje de ocio', '•Familia con niños pequeños', '•Apartamento de 2 dormitorios', '•Estancia de 1 noche']"
Sonya2511,España,8.0,Escrito en 9 de mayo de 2024,,,"['•Viaje de ocio', '•Familia con niños pequeños', '•Apartamento de 1 dormitorio', '•Estancia de 2 noches', '•Enviado por móvil']"
Maria,España,9.0,Escrito en 9 de mayo de 2024,,,"['•Viaje de ocio', '•Familia con niños pequeños', '•Apartamento de 1 dormitorio', '•Estancia de 3 noches', '•Enviado por móvil']"
Eva,España,8.0,Escrito en 7 de mayo de 2024,,,"['•Viaje de ocio', '•Grupo', '•Apartamento de 1 dormitorio', '•Estancia de 4 noches', '•Enviado por móvil']"
Vidal,Luxemburgo,9.0,Escrito en 7 de mayo de 2024,,,"['•Viaje de ocio', '•Pareja', '•Apartamento de 1 dormitorio', '•Estancia de 1 noche']"
Emilio,España,9.0,Escrito en 6 de mayo de 2024,,,"['•Viaje de ocio', '•Pareja', '•Apartamento de 1 dormitorio', '•Estancia de 2 noches']"
Marcos,España,9.0,Escrito en 6 de mayo de 2024,,,"['•Viaje de ocio', '•Familia con niños pequeños', '•Apartamento de 1 dormitorio', '•Estancia de 1 noche']"
Paz,España,9.0,Escrito en 6 de mayo de 2024,,,"['•Viaje de ocio', '•Familia con niños pequeños', '•Apartamento Estudio', '•Estancia de 1 noche', '•Enviado por móvil']"
Eudald,España,10.0,Escrito en 6 de mayo de 2024,,,"['•Viaje de ocio', '•Grupo', '•Apartamento Ático', '•Estancia de 2 noches', '•Enviado por móvil']"
José,España,9.0,Escrito en 5 de mayo de 2024,,,"['•Viaje de ocio', '•Familia con niños pequeños', '•Apartamento de 1 dormitorio', '•Estancia de 2 noches', '•Enviado por móvil']"
Sofia,España,10.0,Escrito en 5 de mayo de 2024,,,"['•Viaje de ocio', '•Grupo', '•Apartamento de 1 dormitorio', '•Estancia de 2 noches', '•Enviado por móvil']"
Ana,España,9.0,Escrito en 4 de mayo de 2024,,,"['•Viaje de ocio', '•Familia con niños pequeños', '•Apartamento Ático', '•Estancia de 1 noche', '•Enviado por móvil']"
Roberto,España,9.0,Escrito en 3 de mayo de 2024,,,"['•Viaje de ocio', '•Familia con niños pequeños', '•Apartamento de 1 dormitorio', '•Estancia de 3 noches', '•Enviado por móvil']"
Edecio,España,9.0,Escrito en 3 de mayo de 2024,,,"['•Viaje de ocio', '•Familia con niños pequeños', '•Apartamento de 1 dormitorio', '•Estancia de 1 noche', '•Enviado por móvil']"
Pulido,España,10.0,Escrito en 3 de mayo de 2024,,,"['•Viaje de ocio', '•Grupo', '•Apartamento de 2 dormitorios', '•Estancia de 1 noche']"
Clotilde,España,8.0,Escrito en 2 de mayo de 2024,,,"['•Viaje de ocio', '•Familia con niños pequeños', '•Apartamento de 1 dormitorio', '•Estancia de 2 noches']"
Jose,España,10.0,Escrito en 2 de mayo de 2024,,,"['•Viaje de ocio', '•Familia con niños pequeños', '•Apartamento con terraza', '•Estancia de 2 noches', '•Enviado por móvil']"
Ire,España,10.0,Escrito en 1 de mayo de 2024,,,"['•Viaje de ocio', '•Pareja', '•Apartamento Estudio', '•Estancia de 1 noche']"
Pablo,España,9.0,Escrito en 30 de abril de 2024,,,"['•Viaje de ocio', '•Familia con niños pequeños', '•Apartamento de 1 dormitorio', '•Estancia de 4 noches', '•Enviado por móvil']"
Javier,España,8.0,Escrito en 30 de abril de 2024,,,"['•Viaje de negocios', '•Persona que viaja sola', '•Apartamento Estudio', '•Estancia de 1 noche', '•Enviado por móvil']"
Begoña,España,8.0,Escrito en 30 de abril de 2024,,,"['•Viaje de negocios', '•Familia con niños pequeños', '•Apartamento de 1 dormitorio', '•Estancia de 1 noche']"
David,España,9.0,Escrito en 28 de abril de 2024,,,"['•Viaje de ocio', '•Familia con niños pequeños', '•Apartamento de 1 dormitorio', '•Estancia de 1 noche', '•Enviado por móvil']"
Álvaro,España,10.0,Escrito en 27 de abril de 2024,,,"['•Viaje de ocio', '•Pareja', '•Apartamento Estudio', '•Estancia de 1 noche', '•Enviado por móvil']"
Javier,España,9.0,Escrito en 25 de abril de 2024,,,"['•Viaje de ocio', '•Pareja', '•Apartamento Estudio', '•Estancia de 1 noche', '•Enviado por móvil']"
Andrea,España,10.0,Escrito en 24 de abril de 2024,,,"['•Viaje de ocio', '•Familia con niños pequeños', '•Apartamento de 2 dormitorios', '•Estancia de 1 noche', '•Enviado por móvil']"
Alba,España,9.0,Escrito en 23 de abril de 2024,,,"['•Viaje de ocio', '•Pareja', '•Apartamento Estudio', '•Estancia de 1 noche', '•Enviado por móvil']"
Leyre,España,9.0,Escrito en 10 de marzo de 2024,,,"['•Viaje de ocio', '•Grupo', '•Apartamento de 1 dormitorio', '•Estancia de 2 noches', '•Enviado por móvil']"
M,España,9.0,Escrito en 10 de marzo de 2024,,,"['•Viaje de ocio', '•Familia con niños pequeños', '•Apartamento de 1 dormitorio', '•Estancia de 2 noches', '•Enviado por móvil']"
Estíbaliz,España,7.0,Escrito en 9 de marzo de 2024,,,"['•Viaje de ocio', '•Pareja', '•Apartamento Estudio', '•Estancia de 1 noche']"
Coral,España,10.0,Escrito en 9 de marzo de 2024,,,"['•Viaje de ocio', '•Grupo', '•Apartamento de 1 dormitorio', '•Estancia de 2 noches', '•Enviado por móvil']"
Garcia,España,10.0,Escrito en 7 de marzo de 2024,,,"['•Viaje de ocio', '•Familia con niños pequeños', '•Apartamento de 1 dormitorio', '•Estancia de 2 noches', '•Enviado por móvil']"
Clara,España,10.0,Escrito en 6 de marzo de 2024,,,"['•Viaje de ocio', '•Familia con niños pequeños', '•Apartamento de 1 dormitorio', '•Estancia de 1 noche']"
Izquierdo,España,9.0,Escrito en 5 de marzo de 2024,,,"['•Viaje de ocio', '•Grupo de amigos', '•Apartamento de 2 dormitorios', '•Estancia de 2 noches', '•Enviado por móvil']"
Ortega,España,9.0,Escrito en 5 de marzo de 2024,,,"['•Viaje de ocio', '•Grupo', '•Apartamento de 1 dormitorio', '•Estancia de 2 noches', '•Enviado por móvil']"
Leire,España,9.0,Escrito en 4 de marzo de 2024,,,"['•Viaje de ocio', '•Grupo', '•Apartamento de 1 dormitorio', '•Estancia de 1 noche', '•Enviado por móvil']"
Arzak,España,9.0,Escrito en 4 de marzo de 2024,,,"['•Viaje de negocios', '•Persona que viaja sola', '•Apartamento Estudio', '•Estancia de 1 noche']"
Mari,España,9.0,Escrito en 4 de marzo de 2024,,,"['•Viaje de ocio', '•Familia con niños pequeños', '•Apartamento de 1 dormitorio', '•Estancia de 2 noches', '•Enviado por móvil']"
Elena,España,9.0,Escrito en 4 de marzo de 2024,,,"['•Viaje de ocio', '•Familia con niños pequeños', '•Apartamento de 1 dormitorio', '•Estancia de 2 noches', '•Enviado por móvil']"
Rebeca,España,10.0,Escrito en 3 de marzo de 2024,,,"['•Viaje de ocio', '•Familia con niños pequeños', '•Apartamento de 1 dormitorio', '•Estancia de 2 noches', '•Enviado por móvil']"
Cagigas,España,8.0,Escrito en 2 de marzo de 2024,,,"['•Familia con niños pequeños', '•Apartamento con terraza', '•Estancia de 1 noche', '•Enviado por móvil']"
Belen,España,8.0,Escrito en 2 de marzo de 2024,,,"['•Viaje de ocio', '•Familia con niños pequeños', '•Apartamento Estudio', '•Estancia de 2 noches', '•Enviado por móvil']"
Rafa,España,10.0,Escrito en 2 de marzo de 2024,,,"['•Viaje de negocios', '•Familia con niños pequeños', '•Apartamento de 1 dormitorio', '•Estancia de 1 noche', '•Enviado por móvil']"
Elsa,España,10.0,Escrito en 1 de marzo de 2024,,,"['•Familia con niños pequeños', '•Apartamento Estudio', '•Estancia de 1 noche', '•Enviado por móvil']"
Dimitri,España,10.0,Escrito en 29 de febrero de 2024,,,"['•Pareja', '•Apartamento de 1 dormitorio', '•Estancia de 5 noches', '•Enviado por móvil']"
Miguel,España,9.0,Escrito en 29 de febrero de 2024,,,"['•Viaje de ocio', '•Familia con niños pequeños', '•Apartamento de 1 dormitorio', '•Estancia de 1 noche', '•Enviado por móvil']"
Agurtzane,España,9.0,Escrito en 29 de febrero de 2024,,,"['•Viaje de ocio', '•Grupo de amigos', '•Apartamento de 1 dormitorio', '•Estancia de 1 noche', '•Enviado por móvil']"
Xandre,España,10.0,Escrito en 28 de febrero de 2024,,,"['•Viaje de ocio', '•Grupo', '•Apartamento de 1 dormitorio', '•Estancia de 1 noche', '•Enviado por móvil']"
Jimenez,España,8.0,Escrito en 27 de febrero de 2024,,,"['•Viaje de ocio', '•Familia con niños pequeños', '•Apartamento de 1 dormitorio', '•Estancia de 1 noche', '•Enviado por móvil']"
Joan,España,10.0,Escrito en 27 de febrero de 2024,,,"['•Viaje de ocio', '•Grupo', '•Apartamento de 1 dormitorio', '•Estancia de 1 noche', '•Enviado por móvil']"
Noelia,España,9.0,Escrito en 26 de febrero de 2024,,,"['•Viaje de ocio', '•Familia con niños pequeños', '•Apartamento de 1 dormitorio', '•Estancia de 2 noches', '•Enviado por móvil']"
Beatriz,España,9.0,Escrito en 26 de febrero de 2024,,,"['•Viaje de ocio', '•Grupo de amigos', '•Apartamento de 1 dormitorio', '•Estancia de 2 noches', '•Enviado por móvil']"
Montajes,España,9.0,Escrito en 30 de enero de 2024,,,"['•Viaje de negocios', '•Grupo', '•Apartamento de 1 dormitorio', '•Estancia de 4 noches']"
Antonio,España,9.0,Escrito en 30 de enero de 2024,,,"['•Viaje de ocio', '•Pareja', '•Apartamento Estudio', '•Estancia de 1 noche', '•Enviado por móvil']"
Silvia,España,10.0,Escrito en 29 de enero de 2024,,,"['•Viaje de ocio', '•Familia con niños pequeños', '•Apartamento de 1 dormitorio', '•Estancia de 2 noches', '•Enviado por móvil']"
Raquel,España,8.0,Escrito en 29 de enero de 2024,,,"['•Viaje de ocio', '•Familia con niños pequeños', '•Apartamento de 1 dormitorio', '•Estancia de 3 noches']"
Hispano,España,10.0,Escrito en 29 de enero de 2024,,,"['•Viaje de ocio', '•Persona que viaja sola', '•Apartamento de 1 dormitorio', '•Estancia de 1 noche', '•Enviado por móvil']"
Jose1838,España,8.0,Escrito en 29 de enero de 2024,,,"['•Viaje de ocio', '•Familia con niños pequeños', '•Apartamento de 1 dormitorio', '•Estancia de 2 noches', '•Enviado por móvil']"
Natalia,España,9.0,Escrito en 28 de enero de 2024,,,"['•Viaje de ocio', '•Grupo de amigos', '•Apartamento Ático', '•Estancia de 2 noches', '•Enviado por móvil']"
Xabier,España,8.0,Escrito en 28 de enero de 2024,,,"['•Viaje de ocio', '•Familia con niños pequeños', '•Apartamento de 1 dormitorio', '•Estancia de 1 noche', '•Enviado por móvil']"
Laura,España,8.0,Escrito en 28 de enero de 2024,,,"['•Viaje de ocio', '•Familia con niños pequeños', '•Apartamento de 1 dormitorio', '•Estancia de 1 noche', '•Enviado por móvil']"
Janire,España,10.0,Escrito en 27 de enero de 2024,,,"['•Viaje de negocios', '•Pareja', '•Apartamento Estudio', '•Estancia de 1 noche', '•Enviado por móvil']"
Concepción,España,7.0,Escrito en 25 de enero de 2024,,,"['•Viaje de ocio', '•Familia con niños pequeños', '•Apartamento de 1 dormitorio', '•Estancia de 1 noche', '•Enviado por móvil']"
Marilia,España,10.0,Escrito en 24 de enero de 2024,,,"['•Viaje de ocio', '•Grupo', '•Apartamento de 1 dormitorio', '•Estancia de 1 noche', '•Enviado por móvil']"
Jose,España,9.0,Escrito en 24 de enero de 2024,,,"['•Viaje de ocio', '•Pareja', '•Apartamento de 1 dormitorio', '•Estancia de 1 noche']"
Pelayo,España,9.0,Escrito en 22 de enero de 2024,,,"['•Viaje de ocio', '•Grupo de amigos', '•Apartamento de 2 dormitorios', '•Estancia de 1 noche', '•Enviado por móvil']"
Hector,España,9.0,Escrito en 22 de enero de 2024,,,"['•Viaje de ocio', '•Familia con niños pequeños', '•Apartamento de 1 dormitorio', '•Estancia de 2 noches', '•Enviado por móvil']"
Irene,España,9.0,Escrito en 22 de enero de 2024,,,"['•Viaje de ocio', '•Grupo de amigos', '•Apartamento de 1 dormitorio', '•Estancia de 1 noche', '•Enviado por móvil']"
Nuria,España,10.0,Escrito en 22 de enero de 2024,,,"['•Viaje de ocio', '•Grupo de amigos', '•Apartamento de 1 dormitorio', '•Estancia de 2 noches', '•Enviado por móvil']"
Isidro,España,10.0,Escrito en 21 de enero de 2024,,,"['•Viaje de negocios', '•Familia con niños pequeños', '•Apartamento de 1 dormitorio', '•Estancia de 1 noche', '•Enviado por móvil']"
Irati,España,10.0,Escrito en 21 de enero de 2024,,,"['•Viaje de ocio', '•Familia con niños pequeños', '•Apartamento de 1 dormitorio', '•Estancia de 2 noches', '•Enviado por móvil']"
Onintza,España,9.0,Escrito en 20 de enero de 2024,,,"['•Viaje de ocio', '•Familia con niños pequeños', '•Apartamento de 2 dormitorios', '•Estancia de 2 noches', '•Enviado por móvil']"
Xiana,"Abjasia, ​Georgia",9.0,Escrito en 19 de enero de 2024,,,"['•Viaje de ocio', '•Pareja', '•Apartamento Estudio', '•Estancia de 1 noche', '•Enviado por móvil']"
Asier,España,8.0,Escrito en 18 de enero de 2024,,,"['•Viaje de ocio', '•Grupo', '•Apartamento de 2 dormitorios', '•Estancia de 1 noche', '•Enviado por móvil']"
Patricia,España,9.0,Escrito en 18 de enero de 2024,,,"['•Viaje de ocio', '•Familia con niños pequeños', '•Apartamento de 2 dormitorios', '•Estancia de 1 noche', '•Enviado por móvil']"
Iranzu,España,10.0,Escrito en 18 de enero de 2024,,,"['•Viaje de ocio', '•Pareja', '•Apartamento Estudio', '•Estancia de 2 noches', '•Enviado por móvil']"
Villanueva,España,10.0,Escrito en 18 de enero de 2024,,,"['•Familia con niños pequeños', '•Apartamento de 1 dormitorio', '•Estancia de 6 noches', '•Enviado por móvil']"
Daniel,España,7.0,Escrito en 10 de diciembre de 2023,,,"['•Familia con niños pequeños', '•Apartamento de 1 dormitorio', '•Estancia de 1 noche', '•Enviado por móvil']"
Inako9,España,9.0,Escrito en 10 de diciembre de 2023,,,"['•Viaje de ocio', '•Familia con niños pequeños', '•Apartamento de 1 dormitorio', '•Estancia de 2 noches', '•Enviado por móvil']"
Sonia,España,10.0,Escrito en 10 de diciembre de 2023,,,"['•Viaje de ocio', '•Pareja', '•Apartamento Estudio', '•Estancia de 1 noche', '•Enviado por móvil']"
Jose,España,10.0,Escrito en 9 de diciembre de 2023,,,"['•Viaje de ocio', '•Familia con niños pequeños', '•Apartamento de 1 dormitorio', '•Estancia de 1 noche', '•Enviado por móvil']"
Pedro,España,7.0,Escrito en 9 de diciembre de 2023,,,"['•Viaje de ocio', '•Familia con niños pequeños', '•Apartamento de 1 dormitorio', '•Estancia de 2 noches', '•Enviado por móvil']"
Carlos,España,8.0,Escrito en 9 de diciembre de 2023,,,"['•Viaje de ocio', '•Familia con niños pequeños', '•Apartamento de 1 dormitorio', '•Estancia de 2 noches', '•Enviado por móvil']"
Garazi,España,9.0,Escrito en 8 de diciembre de 2023,,,"['•Viaje de ocio', '•Grupo', '•Apartamento de 2 dormitorios', '•Estancia de 2 noches', '•Enviado por móvil']"
Diana,España,10.0,Escrito en 8 de diciembre de 2023,,,"['•Viaje de ocio', '•Familia con niños pequeños', '•Apartamento de 1 dormitorio', '•Estancia de 2 noches', '•Enviado por móvil']"
Victoria,España,8.0,Escrito en 8 de diciembre de 2023,,,"['•Viaje de ocio', '•Familia con niños pequeños', '•Apartamento de 1 dormitorio', '•Estancia de 1 noche', '•Enviado por móvil']"
Garcia,España,10.0,Escrito en 8 de diciembre de 2023,,,"['•Viaje de ocio', '•Familia con niños pequeños', '•Apartamento de 1 dormitorio', '•Estancia de 1 noche', '•Enviado por móvil']"
Plasencia,España,9.0,Escrito en 7 de diciembre de 2023,,,"['•Viaje de ocio', '•Pareja', '•Apartamento Estudio', '•Estancia de 4 noches', '•Enviado por móvil']"
Patricia,España,10.0,Escrito en 6 de diciembre de 2023,,,"['•Viaje de ocio', '•Familia con niños pequeños', '•Apartamento de 1 dormitorio', '•Estancia de 1 noche', '•Enviado por móvil']"
Jose,España,9.0,Escrito en 5 de diciembre de 2023,,,"['•Viaje de negocios', '•Familia con niños pequeños', '•Apartamento con terraza', '•Estancia de 1 noche', '•Enviado por móvil']"
Alba,España,10.0,Escrito en 5 de diciembre de 2023,,,"['•Viaje de ocio', '•Familia con niños pequeños', '•Apartamento de 1 dormitorio', '•Estancia de 1 noche', '•Enviado por móvil']"
Marta,España,9.0,Escrito en 4 de diciembre de 2023,,,"['•Viaje de negocios', '•Familia con niños pequeños', '•Apartamento de 1 dormitorio', '•Estancia de 1 noche', '•Enviado por móvil']"
Maria,España,9.0,Escrito en 3 de diciembre de 2023,,,"['•Viaje de ocio', '•Grupo de amigos', '•Apartamento de 1 dormitorio', '•Estancia de 2 noches', '•Enviado por móvil']"
Olatz,España,8.0,Escrito en 3 de diciembre de 2023,,,"['•Viaje de ocio', '•Familia con niños pequeños', '•Apartamento de 1 dormitorio', '•Estancia de 1 noche', '•Enviado por móvil']"
Luis,España,9.0,Escrito en 27 de noviembre de 2023,,,"['•Viaje de negocios', '•Grupo', '•Apartamento de 2 dormitorios', '•Estancia de 1 noche']"
Teresa,España,7.0,Escrito en 26 de noviembre de 2023,,,"['•Viaje de ocio', '•Familia con niños pequeños', '•Apartamento de 1 dormitorio', '•Estancia de 1 noche', '•Enviado por móvil']"
May,España,8.0,Escrito en 23 de noviembre de 2023,,,"['•Viaje de ocio', '•Grupo', '•Apartamento de 1 dormitorio', '•Estancia de 1 noche', '•Enviado por móvil']"
David,España,10.0,Escrito en 22 de noviembre de 2023,,,"['•Viaje de ocio', '•Grupo de amigos', '•Apartamento de 1 dormitorio', '•Estancia de 1 noche', '•Enviado por móvil']"
Álvaro,España,7.0,Escrito en 21 de noviembre de 2023,,,"['•Viaje de ocio', '•Familia con niños pequeños', '•Apartamento Estudio', '•Estancia de 2 noches', '•Enviado por móvil']"
Carlos,España,9.0,Escrito en 20 de noviembre de 2023,,,"['•Viaje de ocio', '•Grupo', '•Apartamento de 1 dormitorio', '•Estancia de 1 noche']"
Álvaro,España,10.0,Escrito en 20 de noviembre de 2023,,,"['•Viaje de ocio', '•Pareja', '•Apartamento Estudio', '•Estancia de 1 noche', '•Enviado por móvil']"
David,España,9.0,Escrito en 19 de noviembre de 2023,,,"['•Viaje de ocio', '•Familia con niños pequeños', '•Apartamento de 1 dormitorio', '•Estancia de 1 noche', '•Enviado por móvil']"
Isabel,Francia,9.0,Escrito en 28 de septiembre de 2023,,,"['•Viaje de ocio', '•Familia con niños pequeños', '•Apartamento de 1 dormitorio', '•Estancia de 1 noche', '•Enviado por móvil']"
Juan,España,8.0,Escrito en 28 de septiembre de 2023,,,"['•Viaje de ocio', '•Familia con niños pequeños', '•Apartamento de 1 dormitorio', '•Estancia de 3 noches', '•Enviado por móvil']"
Aurora,España,8.0,Escrito en 26 de septiembre de 2023,,,"['•Viaje de ocio', '•Familia con niños pequeños', '•Apartamento de 1 dormitorio', '•Estancia de 2 noches', '•Enviado por móvil']"
Ana,España,10.0,Escrito en 26 de septiembre de 2023,,,"['•Viaje de ocio', '•Familia con niños pequeños', '•Apartamento de 2 dormitorios', '•Estancia de 1 noche', '•Enviado por móvil']"
Luis,España,9.0,Escrito en 25 de septiembre de 2023,,,"['•Viaje de negocios', '•Grupo', '•Apartamento de 2 dormitorios', '•Estancia de 1 noche']"
Laura,España,10.0,Escrito en 24 de septiembre de 2023,,,"['•Viaje de ocio', '•Pareja', '•Apartamento de 1 dormitorio', '•Estancia de 2 noches', '•Enviado por móvil']"
Juan,España,8.0,Escrito en 24 de septiembre de 2023,,,"['•Viaje de ocio', '•Pareja', '•Apartamento Estudio', '•Estancia de 3 noches', '•Enviado por móvil']"
Marina,España,10.0,Escrito en 23 de septiembre de 2023,,,"['•Viaje de ocio', '•Familia con niños pequeños', '•Apartamento de 1 dormitorio', '•Estancia de 2 noches', '•Enviado por móvil']"
Rafael,España,8.0,Escrito en 21 de septiembre de 2023,,,"['•Viaje de ocio', '•Familia con niños pequeños', '•Apartamento de 1 dormitorio', '•Estancia de 2 noches', '•Enviado por móvil']"
Ana,España,8.0,Escrito en 21 de septiembre de 2023,,,"['•Viaje de negocios', '•Familia con niños pequeños', '•Apartamento de 1 dormitorio', '•Estancia de 2 noches', '•Enviado por móvil']"
Miguel,España,10.0,Escrito en 19 de septiembre de 2023,,,"['•Viaje de ocio', '•Persona que viaja sola', '•Apartamento de 1 dormitorio', '•Estancia de 3 noches']"
Mªcarmen,España,9.0,Escrito en 18 de septiembre de 2023,,,"['•Viaje de negocios', '•Familia con niños pequeños', '•Apartamento de 1 dormitorio', '•Estancia de 2 noches', '•Enviado por móvil']"
Ricardo,España,8.0,Escrito en 17 de septiembre de 2023,,,"['•Viaje de ocio', '•Grupo de amigos', '•Apartamento de 2 dormitorios', '•Estancia de 4 noches', '•Enviado por móvil']"
Fernando,España,10.0,Escrito en 15 de septiembre de 2023,,,"['•Viaje de ocio', '•Familia con niños pequeños', '•Apartamento de 1 dormitorio', '•Estancia de 2 noches', '•Enviado por móvil']"
Victor,España,9.0,Escrito en 14 de septiembre de 2023,,,"['•Viaje de ocio', '•Pareja', '•Apartamento de 1 dormitorio', '•Estancia de 5 noches', '•Enviado por móvil']"
Luis,España,8.0,Escrito en 14 de septiembre de 2023,,,"['•Viaje de negocios', '•Persona que viaja sola', '•Apartamento de 1 dormitorio', '•Estancia de 1 noche', '•Enviado por móvil']"
Garcia,España,9.0,Escrito en 13 de septiembre de 2023,,,"['•Viaje de ocio', '•Familia con niños pequeños', '•Apartamento de 1 dormitorio', '•Estancia de 4 noches']"
Gema,España,10.0,Escrito en 12 de septiembre de 2023,,,"['•Viaje de ocio', '•Pareja', '•Apartamento Estudio', '•Estancia de 1 noche', '•Enviado por móvil']"
Emilio,España,9.0,Escrito en 12 de septiembre de 2023,,,"['•Viaje de ocio', '•Familia con niños pequeños', '•Apartamento de 1 dormitorio', '•Estancia de 3 noches', '•Enviado por móvil']"
Veronica,España,10.0,Escrito en 12 de septiembre de 2023,,,"['•Viaje de ocio', '•Familia con niños pequeños', '•Apartamento de 1 dormitorio', '•Estancia de 2 noches', '•Enviado por móvil']"
Enrique,España,9.0,Escrito en 12 de septiembre de 2023,,,"['•Viaje de ocio', '•Familia con niños pequeños', '•Apartamento de 1 dormitorio', '•Estancia de 2 noches', '•Enviado por móvil']"
Enrique,España,9.0,Escrito en 12 de septiembre de 2023,,,"['•Viaje de ocio', '•Familia con niños pequeños', '•Apartamento de 2 dormitorios', '•Estancia de 2 noches', '•Enviado por móvil']"
Enrique,España,9.0,Escrito en 12 de septiembre de 2023,,,"['•Familia con niños pequeños', '•Apartamento Estudio', '•Estancia de 2 noches', '•Enviado por móvil']"
Lorena,España,9.0,Escrito en 12 de septiembre de 2023,,,"['•Viaje de ocio', '•Familia con niños pequeños', '•Apartamento Estudio', '•Estancia de 2 noches', '•Enviado por móvil']"
Maria,España,10.0,Escrito en 10 de septiembre de 2023,,,"['•Viaje de ocio', '•Grupo de amigos', '•Apartamento de 1 dormitorio', '•Estancia de 4 noches', '•Enviado por móvil']"
Marta,España,10.0,Escrito en 19 de agosto de 2023,,,"['•Grupo', '•Apartamento de 1 dormitorio', '•Estancia de 3 noches', '•Enviado por móvil']"
Luis,España,10.0,Escrito en 19 de agosto de 2023,,,"['•Viaje de ocio', '•Familia con niños pequeños', '•Apartamento de 2 dormitorios', '•Estancia de 1 noche', '•Enviado por móvil']"
Juan,España,7.0,Escrito en 18 de agosto de 2023,,,"['•Viaje de ocio', '•Grupo', '•Apartamento de 1 dormitorio', '•Estancia de 3 noches']"
Javier,España,7.0,Escrito en 16 de agosto de 2023,,,"['•Viaje de ocio', '•Familia con niños pequeños', '•Apartamento de 1 dormitorio', '•Estancia de 1 noche', '•Enviado por móvil']"
César,España,10.0,Escrito en 16 de agosto de 2023,,,"['•Viaje de ocio', '•Familia con niños pequeños', '•Apartamento de 1 dormitorio', '•Estancia de 5 noches', '•Enviado por móvil']"
José,España,9.0,Escrito en 15 de agosto de 2023,,,"['•Viaje de ocio', '•Familia con niños pequeños', '•Apartamento de 2 dormitorios', '•Estancia de 4 noches']"
Manuel,España,9.0,Escrito en 15 de agosto de 2023,,,"['•Viaje de ocio', '•Familia con niños pequeños', '•Apartamento con terraza', '•Estancia de 5 noches', '•Enviado por móvil']"
Sergi,España,10.0,Escrito en 13 de agosto de 2023,,,"['•Viaje de ocio', '•Familia con niños pequeños', '•Apartamento de 1 dormitorio', '•Estancia de 2 noches', '•Enviado por móvil']"
Agg2,España,9.0,Escrito en 12 de agosto de 2023,,,"['•Viaje de ocio', '•Familia con niños pequeños', '•Apartamento de 2 dormitorios', '•Estancia de 4 noches', '•Enviado por móvil']"
Alejandro,España,10.0,Escrito en 11 de agosto de 2023,,,"['•Viaje de ocio', '•Familia con niños pequeños', '•Apartamento de 1 dormitorio', '•Estancia de 2 noches', '•Enviado por móvil']"
Oscar,España,7.0,Escrito en 11 de agosto de 2023,,,"['•Viaje de ocio', '•Familia con niños pequeños', '•Apartamento de 1 dormitorio', '•Estancia de 2 noches', '•Enviado por móvil']"
Cesc2002,España,10.0,Escrito en 10 de agosto de 2023,,,"['•Viaje de ocio', '•Grupo', '•Apartamento de 1 dormitorio', '•Estancia de 1 noche']"
Mar,España,9.0,Escrito en 10 de agosto de 2023,,,"['•Viaje de ocio', '•Familia con niños pequeños', '•Apartamento de 1 dormitorio', '•Estancia de 1 noche', '•Enviado por móvil']"
Mercedes,España,9.0,Escrito en 9 de agosto de 2023,,,"['•Viaje de ocio', '•Familia con niños pequeños', '•Apartamento de 1 dormitorio', '•Estancia de 2 noches', '•Enviado por móvil']"
Helia,España,10.0,Escrito en 9 de agosto de 2023,,,"['•Viaje de ocio', '•Familia con niños pequeños', '•Apartamento de 2 dormitorios', '•Estancia de 1 noche', '•Enviado por móvil']"
Jesús,España,8.0,Escrito en 8 de agosto de 2023,,,"['•Viaje de ocio', '•Familia con niños pequeños', '•Apartamento de 1 dormitorio', '•Estancia de 1 noche', '•Enviado por móvil']"
Javier,España,7.0,Escrito en 8 de agosto de 2023,,,"['•Viaje de ocio', '•Familia con niños pequeños', '•Apartamento Estudio', '•Estancia de 1 noche', '•Enviado por móvil']"
Maria,España,9.0,Escrito en 7 de agosto de 2023,,,"['•Viaje de ocio', '•Familia con niños pequeños', '•Apartamento de 1 dormitorio', '•Estancia de 2 noches']"
Raquel,España,8.0,Escrito en 7 de agosto de 2023,,,"['•Viaje de ocio', '•Familia con niños pequeños', '•Apartamento con terraza', '•Estancia de 3 noches', '•Enviado por móvil']"
Martinez,España,9.0,Escrito en 7 de agosto de 2023,,,"['•Viaje de ocio', '•Familia con niños pequeños', '•Apartamento de 1 dormitorio', '•Estancia de 1 noche', '•Enviado por móvil']"
Jana,España,10.0,Escrito en 6 de agosto de 2023,,,"['•Viaje de negocios', '•Grupo', '•Apartamento de 1 dormitorio', '•Estancia de 2 noches', '•Enviado por móvil']"
Teresa,España,10.0,Escrito en 4 de agosto de 2023,,,"['•Viaje de ocio', '•Familia con niños pequeños', '•Apartamento de 1 dormitorio', '•Estancia de 3 noches', '•Enviado por móvil']"
Rebeca,España,8.0,Escrito en 4 de agosto de 2023,,,"['•Viaje de ocio', '•Familia con niños pequeños', '•Apartamento de 1 dormitorio', '•Estancia de 5 noches', '•Enviado por móvil']"
Maria,España,7.0,Escrito en 2 de agosto de 2023,,,"['•Viaje de ocio', '•Familia con niños pequeños', '•Apartamento de 1 dormitorio', '•Estancia de 1 noche', '•Enviado por móvil']"
Cristina,España,8.0,Escrito en 2 de agosto de 2023,,,"['•Viaje de ocio', '•Familia con niños pequeños', '•Apartamento de 1 dormitorio', '•Estancia de 1 noche', '•Enviado por móvil']"
Virginia,España,10.0,Escrito en 22 de junio de 2023,,,"['•Viaje de ocio', '•Familia con niños pequeños', '•Apartamento de 1 dormitorio', '•Estancia de 4 noches', '•Enviado por móvil']"
Ana,España,10.0,Escrito en 20 de junio de 2023,,,"['•Viaje de ocio', '•Familia con niños pequeños', '•Apartamento Estudio', '•Estancia de 1 noche', '•Enviado por móvil']"
Jose,España,8.0,Escrito en 19 de junio de 2023,,,"['•Viaje de ocio', '•Grupo', '•Apartamento de 2 dormitorios', '•Estancia de 2 noches', '•Enviado por móvil']"
Alex,España,9.0,Escrito en 17 de junio de 2023,,,"['•Viaje de ocio', '•Persona que viaja sola', '•Apartamento de 1 dormitorio', '•Estancia de 1 noche', '•Enviado por móvil']"
Vanessa,España,8.0,Escrito en 17 de junio de 2023,,,"['•Viaje de ocio', '•Familia con niños pequeños', '•Apartamento de 1 dormitorio', '•Estancia de 3 noches', '•Enviado por móvil']"
Patricia,España,8.0,Escrito en 16 de junio de 2023,,,"['•Viaje de ocio', '•Familia con niños pequeños', '•Apartamento de 2 dormitorios', '•Estancia de 1 noche']"
Itxaso,España,10.0,Escrito en 15 de junio de 2023,,,"['•Viaje de negocios', '•Persona que viaja sola', '•Apartamento de 1 dormitorio', '•Estancia de 1 noche']"
Amia,España,9.0,Escrito en 14 de junio de 2023,,,"['•Viaje de ocio', '•Familia con niños pequeños', '•Apartamento de 1 dormitorio', '•Estancia de 1 noche', '•Enviado por móvil']"
Climent,España,10.0,Escrito en 13 de junio de 2023,,,"['•Viaje de ocio', '•Grupo', '•Apartamento de 1 dormitorio', '•Estancia de 1 noche', '•Enviado por móvil']"
Martinez,España,10.0,Escrito en 13 de junio de 2023,,,"['•Viaje de ocio', '•Pareja', '•Apartamento Estudio', '•Estancia de 2 noches', '•Enviado por móvil']"
Aleix,España,10.0,Escrito en 13 de junio de 2023,,,"['•Viaje de ocio', '•Grupo', '•Apartamento de 1 dormitorio', '•Estancia de 1 noche', '•Enviado por móvil']"
Luis,España,10.0,Escrito en 13 de junio de 2023,,,"['•Viaje de ocio', '•Grupo', '•Apartamento de 1 dormitorio', '•Estancia de 1 noche', '•Enviado por móvil']"
Carmen,España,10.0,Escrito en 12 de junio de 2023,,,"['•Familia con niños pequeños', '•Apartamento con terraza', '•Estancia de 3 noches', '•Enviado por móvil']"
Laura,España,10.0,Escrito en 12 de junio de 2023,,,"['•Viaje de ocio', '•Grupo', '•Apartamento de 1 dormitorio', '•Estancia de 2 noches', '•Enviado por móvil']"
Antonio,España,8.0,Escrito en 11 de junio de 2023,,,"['•Viaje de ocio', '•Familia con niños pequeños', '•Apartamento de 1 dormitorio', '•Estancia de 1 noche', '•Enviado por móvil']"
Antonio,España,9.0,Escrito en 10 de junio de 2023,,,"['•Viaje de ocio', '•Familia con niños pequeños', '•Apartamento Estudio', '•Estancia de 3 noches', '•Enviado por móvil']"
Irene,España,8.0,Escrito en 9 de junio de 2023,,,"['•Viaje de ocio', '•Familia con niños pequeños', '•Apartamento de 1 dormitorio', '•Estancia de 3 noches', '•Enviado por móvil']"
David,España,10.0,Escrito en 9 de junio de 2023,,,"['•Viaje de ocio', '•Pareja', '•Apartamento Estudio', '•Estancia de 1 noche', '•Enviado por móvil']"
Maria,España,9.0,Escrito en 6 de junio de 2023,,,"['•Viaje de negocios', '•Pareja', '•Apartamento de 1 dormitorio', '•Estancia de 1 noche', '•Enviado por móvil']"
Soraya,España,9.0,Escrito en 6 de junio de 2023,,,"['•Viaje de ocio', '•Familia con niños pequeños', '•Apartamento de 1 dormitorio', '•Estancia de 4 noches', '•Enviado por móvil']"
Jéssica,España,8.0,Escrito en 5 de junio de 2023,,,"['•Viaje de ocio', '•Persona que viaja sola', '•Apartamento de 1 dormitorio', '•Estancia de 1 noche', '•Enviado por móvil']"
Magali,España,9.0,Escrito en 5 de junio de 2023,,,"['•Viaje de ocio', '•Grupo de amigos', '•Apartamento de 1 dormitorio', '•Estancia de 2 noches', '•Enviado por móvil']"
Marta,Francia,9.0,Escrito en 4 de junio de 2023,,,"['•Viaje de ocio', '•Familia con niños pequeños', '•Apartamento de 1 dormitorio', '•Estancia de 2 noches', '•Enviado por móvil']"
F,España,10.0,Escrito en 4 de junio de 2023,,,"['•Familia con niños pequeños', '•Apartamento de 1 dormitorio', '•Estancia de 3 noches', '•Enviado por móvil']"
Juan,España,7.0,Escrito en 4 de junio de 2023,,,"['•Viaje de ocio', '•Familia con niños pequeños', '•Apartamento de 1 dormitorio', '•Estancia de 2 noches']"
Joaquin,España,9.0,Escrito en 18 de abril de 2023,,,"['•Viaje de ocio', '•Pareja', '•Apartamento de 1 dormitorio', '•Estancia de 1 noche', '•Enviado por móvil']"
Lydia,España,9.0,Escrito en 18 de abril de 2023,,,"['•Viaje de ocio', '•Pareja', '•Apartamento de 1 dormitorio', '•Estancia de 4 noches']"
Gergana,España,9.0,Escrito en 18 de abril de 2023,,,"['•Viaje de ocio', '•Grupo', '•Apartamento de 1 dormitorio', '•Estancia de 1 noche', '•Enviado por móvil']"
David,España,9.0,Escrito en 17 de abril de 2023,,,"['•Viaje de negocios', '•Persona que viaja sola', '•Apartamento de 1 dormitorio', '•Estancia de 1 noche', '•Enviado por móvil']"
Isabel,España,7.0,Escrito en 17 de abril de 2023,,,"['•Viaje de ocio', '•Familia con niños pequeños', '•Apartamento de 1 dormitorio', '•Estancia de 2 noches', '•Enviado por móvil']"
Herminia,España,10.0,Escrito en 17 de abril de 2023,,,"['•Viaje de ocio', '•Pareja', '•Apartamento de 1 dormitorio', '•Estancia de 3 noches', '•Enviado por móvil']"
Roberto,España,10.0,Escrito en 16 de abril de 2023,,,"['•Viaje de ocio', '•Pareja', '•Apartamento de 1 dormitorio', '•Estancia de 1 noche', '•Enviado por móvil']"
María,España,10.0,Escrito en 16 de abril de 2023,,,"['•Viaje de ocio', '•Familia con niños pequeños', '•Apartamento Estudio', '•Estancia de 1 noche', '•Enviado por móvil']"
Fusinato,España,8.0,Escrito en 16 de abril de 2023,,,"['•Viaje de ocio', '•Grupo', '•Apartamento de 1 dormitorio', '•Estancia de 1 noche']"
Elena,España,10.0,Escrito en 16 de abril de 2023,,,"['•Viaje de ocio', '•Pareja', '•Apartamento de 1 dormitorio', '•Estancia de 1 noche', '•Enviado por móvil']"
Isabel,España,8.0,Escrito en 16 de abril de 2023,,,"['•Viaje de ocio', '•Familia con niños pequeños', '•Apartamento con terraza', '•Estancia de 1 noche', '•Enviado por móvil']"
Amara,España,10.0,Escrito en 15 de abril de 2023,,,"['•Viaje de ocio', '•Grupo', '•Apartamento de 2 dormitorios', '•Estancia de 2 noches', '•Enviado por móvil']"
M,España,9.0,Escrito en 15 de abril de 2023,,,"['•Viaje de ocio', '•Pareja', '•Apartamento Estudio', '•Estancia de 1 noche', '•Enviado por móvil']"
Alejandro,España,9.0,Escrito en 15 de abril de 2023,,,"['•Viaje de ocio', '•Familia con niños pequeños', '•Apartamento de 1 dormitorio', '•Estancia de 1 noche', '•Enviado por móvil']"
Diego,España,9.0,Escrito en 14 de abril de 2023,,,"['•Viaje de ocio', '•Familia con niños pequeños', '•Apartamento Estudio', '•Estancia de 3 noches', '•Enviado por móvil']"
Cati,España,7.0,Escrito en 14 de abril de 2023,,,"['•Viaje de ocio', '•Familia con niños pequeños', '•Apartamento de 1 dormitorio', '•Estancia de 2 noches', '•Enviado por móvil']"
Hibai,España,8.0,Escrito en 14 de abril de 2023,,,"['•Viaje de ocio', '•Familia con niños pequeños', '•Apartamento de 1 dormitorio', '•Estancia de 2 noches', '•Enviado por móvil']"
Vicent,España,7.0,Escrito en 13 de abril de 2023,,,"['•Viaje de ocio', '•Familia con niños pequeños', '•Apartamento de 1 dormitorio', '•Estancia de 1 noche', '•Enviado por móvil']"
Daniel,España,9.0,Escrito en 11 de abril de 2023,,,"['•Viaje de ocio', '•Persona que viaja sola', '•Apartamento de 1 dormitorio', '•Estancia de 1 noche', '•Enviado por móvil']"
Cvr,España,10.0,Escrito en 11 de abril de 2023,,,"['•Viaje de ocio', '•Familia con niños pequeños', '•Apartamento de 1 dormitorio', '•Estancia de 2 noches', '•Enviado por móvil']"
Felipedd,España,10.0,Escrito en 11 de abril de 2023,,,"['•Viaje de negocios', '•Persona que viaja sola', '•Apartamento de 1 dormitorio', '•Estancia de 1 noche', '•Enviado por móvil']"
Manuel,Tailandia,10.0,Escrito en 10 de abril de 2023,,,"['•Viaje de ocio', '•Familia con niños pequeños', '•Apartamento de 1 dormitorio', '•Estancia de 2 noches', '•Enviado por móvil']"
Yeison,España,10.0,Escrito en 10 de abril de 2023,,,"['•Viaje de ocio', '•Familia con niños pequeños', '•Apartamento de 1 dormitorio', '•Estancia de 1 noche', '•Enviado por móvil']"
Justo,España,8.0,Escrito en 10 de abril de 2023,,,"['•Viaje de ocio', '•Grupo', '•Apartamento de 2 dormitorios', '•Estancia de 4 noches', '•Enviado por móvil']"
Lea_91,España,8.0,Escrito en 10 de abril de 2023,,,"['•Viaje de ocio', '•Grupo de amigos', '•Apartamento de 1 dormitorio', '•Estancia de 2 noches', '•Enviado por móvil']"
Yolanda,España,10.0,Escrito en 23 de febrero de 2023,,,"['•Viaje de ocio', '•Familia con niños pequeños', '•Apartamento de 1 dormitorio', '•Estancia de 3 noches', '•Enviado por móvil']"
Teresa,España,10.0,Escrito en 23 de febrero de 2023,,,"['•Viaje de ocio', '•Grupo de amigos', '•Apartamento con terraza', '•Estancia de 2 noches', '•Enviado por móvil']"
Rafael,España,10.0,Escrito en 22 de febrero de 2023,,,"['•Viaje de ocio', '•Familia con niños pequeños', '•Apartamento Estudio', '•Estancia de 1 noche', '•Enviado por móvil']"
Ruben,España,10.0,Escrito en 21 de febrero de 2023,,,"['•Grupo de amigos', '•Apartamento de 1 dormitorio', '•Estancia de 1 noche', '•Enviado por móvil']"
Hernández,España,9.0,Escrito en 21 de febrero de 2023,,,"['•Viaje de ocio', '•Pareja', '•Apartamento de 1 dormitorio', '•Estancia de 1 noche', '•Enviado por móvil']"
Sonia,España,10.0,Escrito en 20 de febrero de 2023,,,"['•Viaje de ocio', '•Familia con niños pequeños', '•Apartamento de 1 dormitorio', '•Estancia de 1 noche', '•Enviado por móvil']"
Natalia,España,10.0,Escrito en 19 de febrero de 2023,,,"['•Viaje de ocio', '•Grupo', '•Apartamento de 2 dormitorios', '•Estancia de 2 noches', '•Enviado por móvil']"
Patricia,España,10.0,Escrito en 19 de febrero de 2023,,,"['•Grupo', '•Apartamento de 1 dormitorio', '•Estancia de 1 noche', '•Enviado por móvil']"
Roberto,España,7.0,Escrito en 16 de febrero de 2023,,,"['•Viaje de negocios', '•Familia con niños pequeños', '•Apartamento de 1 dormitorio', '•Estancia de 1 noche', '•Enviado por móvil']"
Roberto,España,8.0,Escrito en 15 de febrero de 2023,,,"['•Viaje de negocios', '•Grupo', '•Apartamento de 1 dormitorio', '•Estancia de 1 noche', '•Enviado por móvil']"
Lucia,España,9.0,Escrito en 15 de febrero de 2023,,,"['•Viaje de ocio', '•Familia con niños pequeños', '•Apartamento de 1 dormitorio', '•Estancia de 2 noches']"
Alejandro,España,10.0,Escrito en 14 de febrero de 2023,,,"['•Viaje de negocios', '•Grupo', '•Apartamento de 1 dormitorio', '•Estancia de 1 noche', '•Enviado por móvil']"
Rafael,España,10.0,Escrito en 12 de febrero de 2023,,,"['•Viaje de ocio', '•Grupo de amigos', '•Apartamento de 1 dormitorio', '•Estancia de 2 noches', '•Enviado por móvil']"
Marcos,España,8.0,Escrito en 12 de febrero de 2023,,,"['•Viaje de ocio', '•Familia con niños pequeños', '•Apartamento de 1 dormitorio', '•Estancia de 2 noches', '•Enviado por móvil']"
Cristina,España,10.0,Escrito en 9 de febrero de 2023,,,"['•Viaje de ocio', '•Grupo', '•Apartamento de 1 dormitorio', '•Estancia de 2 noches', '•Enviado por móvil']"
Yasmina,España,9.0,Escrito en 9 de febrero de 2023,,,"['•Viaje de ocio', '•Pareja', '•Apartamento Estudio', '•Estancia de 1 noche', '•Enviado por móvil']"
David,España,8.0,Escrito en 6 de febrero de 2023,,,"['•Viaje de ocio', '•Grupo', '•Apartamento de 1 dormitorio', '•Estancia de 1 noche', '•Enviado por móvil']"
Miguel,España,9.0,Escrito en 6 de febrero de 2023,,,"['•Viaje de ocio', '•Familia con niños pequeños', '•Apartamento de 1 dormitorio', '•Estancia de 2 noches', '•Enviado por móvil']"
Cristina,España,10.0,Escrito en 5 de febrero de 2023,,,"['•Viaje de ocio', '•Familia con niños pequeños', '•Apartamento de 1 dormitorio', '•Estancia de 2 noches', '•Enviado por móvil']"
Leire,España,10.0,Escrito en 4 de febrero de 2023,,,"['•Viaje de ocio', '•Pareja', '•Apartamento Estudio', '•Estancia de 3 noches', '•Enviado por móvil']"
Nazareth,España,10.0,Escrito en 3 de febrero de 2023,,,"['•Viaje de ocio', '•Familia con niños pequeños', '•Apartamento de 1 dormitorio', '•Estancia de 1 noche']"
Roberto,España,9.0,Escrito en 3 de febrero de 2023,,,"['•Viaje de negocios', '•Grupo', '•Apartamento de 1 dormitorio', '•Estancia de 4 noches', '•Enviado por móvil']"
Itxaso,España,8.0,Escrito en 3 de febrero de 2023,,,"['•Viaje de ocio', '•Grupo', '•Apartamento de 1 dormitorio', '•Estancia de 1 noche', '•Enviado por móvil']"
Pablo,España,8.0,Escrito en 3 de febrero de 2023,,,"['•Viaje de ocio', '•Familia con niños pequeños', '•Apartamento de 1 dormitorio', '•Estancia de 8 noches', '•Enviado por móvil']"
Iñigo,España,8.0,Escrito en 2 de febrero de 2023,,,"['•Viaje de ocio', '•Familia con niños pequeños', '•Apartamento de 1 dormitorio', '•Estancia de 1 noche', '•Enviado por móvil']"
Irene,España,8.0,Escrito en 5 de enero de 2023,,,"['•Viaje de ocio', '•Familia con niños pequeños', '•Apartamento de 1 dormitorio', '•Estancia de 2 noches', '•Enviado por móvil']"
Idoia,España,10.0,Escrito en 5 de enero de 2023,,,"['•Viaje de ocio', '•Familia con niños pequeños', '•Apartamento de 1 dormitorio', '•Estancia de 1 noche', '•Enviado por móvil']"
Nuria,España,9.0,Escrito en 4 de enero de 2023,,,"['•Viaje de ocio', '•Familia con niños pequeños', '•Apartamento Ático', '•Estancia de 1 noche', '•Enviado por móvil']"
Carlos,España,8.0,Escrito en 3 de enero de 2023,,,"['•Viaje de ocio', '•Familia con niños pequeños', '•Apartamento de 2 dormitorios', '•Estancia de 4 noches', '•Enviado por móvil']"
Uxue,España,9.0,Escrito en 3 de enero de 2023,,,"['•Viaje de ocio', '•Grupo', '•Apartamento de 2 dormitorios', '•Estancia de 1 noche', '•Enviado por móvil']"
Carla,España,9.0,Escrito en 2 de enero de 2023,,,"['•Viaje de ocio', '•Familia con niños pequeños', '•Apartamento de 1 dormitorio', '•Estancia de 3 noches', '•Enviado por móvil']"
Natalia,España,10.0,Escrito en 1 de enero de 2023,,,"['•Viaje de ocio', '•Familia con niños pequeños', '•Apartamento de 1 dormitorio', '•Estancia de 1 noche', '•Enviado por móvil']"
Paloma,España,9.0,Escrito en 31 de diciembre de 2022,,,"['•Viaje de ocio', '•Familia con niños pequeños', '•Apartamento de 1 dormitorio', '•Estancia de 1 noche', '•Enviado por móvil']"
Nerea,España,9.0,Escrito en 30 de diciembre de 2022,,,"['•Familia con niños pequeños', '•Apartamento de 1 dormitorio', '•Estancia de 1 noche', '•Enviado por móvil']"
Beatriz,España,8.0,Escrito en 30 de diciembre de 2022,,,"['•Viaje de ocio', '•Familia con niños pequeños', '•Apartamento de 1 dormitorio', '•Estancia de 1 noche', '•Enviado por móvil']"
Inakigoba,España,9.0,Escrito en 30 de diciembre de 2022,,,"['•Viaje de ocio', '•Familia con niños pequeños', '•Apartamento de 1 dormitorio', '•Estancia de 1 noche', '•Enviado por móvil']"
Amitaf,España,10.0,Escrito en 29 de diciembre de 2022,,,"['•Viaje de ocio', '•Familia con niños pequeños', '•Apartamento de 1 dormitorio', '•Estancia de 1 noche', '•Enviado por móvil']"
Iván,España,9.0,Escrito en 29 de diciembre de 2022,,,"['•Viaje de ocio', '•Familia con niños pequeños', '•Apartamento de 1 dormitorio', '•Estancia de 2 noches', '•Enviado por móvil']"
Adrián,España,8.0,Escrito en 28 de diciembre de 2022,,,"['•Viaje de ocio', '•Familia con niños pequeños', '•Apartamento de 1 dormitorio', '•Estancia de 1 noche', '•Enviado por móvil']"
Diego,España,8.0,Escrito en 28 de diciembre de 2022,,,"['•Viaje de ocio', '•Familia con niños pequeños', '•Apartamento Estudio', '•Estancia de 1 noche', '•Enviado por móvil']"
Alvaro,España,8.0,Escrito en 27 de diciembre de 2022,,,"['•Viaje de ocio', '•Familia con niños pequeños', '•Apartamento con terraza', '•Estancia de 3 noches', '•Enviado por móvil']"
Arianne,España,9.0,Escrito en 26 de diciembre de 2022,,,"['•Viaje de ocio', '•Familia con niños pequeños', '•Apartamento de 1 dormitorio', '•Estancia de 1 noche', '•Enviado por móvil']"
Ane,España,9.0,Escrito en 23 de diciembre de 2022,,,"['•Viaje de ocio', '•Grupo', '•Apartamento de 1 dormitorio', '•Estancia de 1 noche', '•Enviado por móvil']"
Jose,Suiza,8.0,Escrito en 23 de diciembre de 2022,,,"['•Viaje de ocio', '•Familia con niños pequeños', '•Apartamento de 1 dormitorio', '•Estancia de 1 noche']"
Alejandro,España,10.0,Escrito en 21 de diciembre de 2022,,,"['•Viaje de ocio', '•Familia con niños pequeños', '•Apartamento de 1 dormitorio', '•Estancia de 1 noche', '•Enviado por móvil']"
Ignacio,España,9.0,Escrito en 21 de diciembre de 2022,,,"['•Viaje de ocio', '•Grupo', '•Apartamento de 2 dormitorios', '•Estancia de 1 noche', '•Enviado por móvil']"
Alex,España,8.0,Escrito en 21 de diciembre de 2022,,,"['•Viaje de ocio', '•Pareja', '•Apartamento de 1 dormitorio', '•Estancia de 2 noches', '•Enviado por móvil']"
Maria,España,10.0,Escrito en 20 de diciembre de 2022,,,"['•Viaje de negocios', '•Grupo', '•Apartamento de 2 dormitorios', '•Estancia de 1 noche', '•Enviado por móvil']"
Raquel,España,10.0,Escrito en 20 de diciembre de 2022,,,"['•Viaje de ocio', '•Pareja', '•Apartamento Estudio', '•Estancia de 1 noche', '•Enviado por móvil']"
Lurvin,España,10.0,Escrito en 19 de diciembre de 2022,,,"['•Familia con niños pequeños', '•Apartamento de 1 dormitorio', '•Estancia de 2 noches', '•Enviado por móvil']"
Jesus,España,1.0,Escrito en 24 de junio de 2023,,,"['•Viaje de negocios', '•Grupo', '•Apartamento de 1 dormitorio', '•Estancia de 1 noche']"
Fernando,España,6.0,Escrito en 23 de junio de 2023,,,"['•Viaje de ocio', '•Familia con niños pequeños', '•Apartamento de 1 dormitorio', '•Estancia de 1 noche', '•Enviado por móvil']"
Martín,España,6.0,Escrito en 23 de junio de 2023,,,"['•Viaje de ocio', '•Familia con niños pequeños', '•Apartamento de 1 dormitorio', '•Estancia de 3 noches', '•Enviado por móvil']"
Antonio,España,6.0,Escrito en 18 de abril de 2023,,,"['•Viaje de ocio', '•Familia con niños pequeños', '•Apartamento de 2 dormitorios', '•Estancia de 2 noches', '•Enviado por móvil']"
Moreno,España,2.0,Escrito en 30 de marzo de 2023,,,"['•Viaje de ocio', '•Familia con niños pequeños', '•Apartamento de 1 dormitorio', '•Estancia de 2 noches', '•Enviado por móvil']"
Adriana,España,5.0,Escrito en 25 de marzo de 2023,,,"['•Viaje de ocio', '•Grupo', '•Apartamento de 1 dormitorio', '•Estancia de 1 noche', '•Enviado por móvil']"
Sheila,España,6.0,Escrito en 12 de marzo de 2023,,,"['•Viaje de ocio', '•Familia con niños pequeños', '•Apartamento de 1 dormitorio', '•Estancia de 1 noche', '•Enviado por móvil']"
De,España,6.0,Escrito en 26 de febrero de 2023,,,"['•Viaje de negocios', '•Grupo', '•Apartamento de 1 dormitorio', '•Estancia de 1 noche', '•Enviado por móvil']"
Xabier,España,6.0,Escrito en 22 de febrero de 2023,,,"['•Viaje de ocio', '•Persona que viaja sola', '•Apartamento Estudio', '•Estancia de 1 noche']"
Ibon,España,4.0,Escrito en 30 de enero de 2023,,,"['•Viaje de negocios', '•Pareja', '•Apartamento con terraza', '•Estancia de 2 noches']"
Ana,Bélgica,5.0,Escrito en 8 de enero de 2023,,,"['•Viaje de ocio', '•Familia con niños pequeños', '•Apartamento de 1 dormitorio', '•Estancia de 1 noche']"
Javier,España,6.0,Escrito en 18 de diciembre de 2022,,,"['•Viaje de ocio', '•Pareja', '•Apartamento Estudio', '•Estancia de 1 noche', '•Enviado por móvil']"
Anónimo,España,8.0,Escrito en 13 de octubre de 2025,,,"['•Viaje de ocio', '•Familia con niños pequeños', '•Apartamento de 2 dormitorios', '•Estancia de 2 noches', '•Enviado por móvil']"
Anónimo,España,8.0,Escrito en 5 de septiembre de 2025,,,"['•Viaje de ocio', '•Familia con niños pequeños', '•Apartamento de 1 dormitorio', '•Estancia de 1 noche', '•Enviado por móvil']"
Anónimo,España,7.0,Escrito en 16 de agosto de 2025,,,"['•Viaje de ocio', '•Familia con niños pequeños', '•Apartamento de 1 dormitorio', '•Estancia de 4 noches']"
Anónimo,España,10.0,Escrito en 10 de agosto de 2025,,,"['•Viaje de ocio', '•Grupo', '•Apartamento de 2 dormitorios', '•Estancia de 1 noche', '•Enviado por móvil']"
Anónimo,España,10.0,Escrito en 5 de julio de 2025,,,"['•Pareja', '•Apartamento de 1 dormitorio', '•Estancia de 1 noche', '•Enviado por móvil']"
Anónimo,España,10.0,Escrito en 27 de mayo de 2025,,,"['•Viaje de negocios', '•Persona que viaja sola', '•Apartamento Estudio', '•Estancia de 1 noche', '•Enviado por móvil']"
Anónimo,España,7.0,Escrito en 12 de mayo de 2024,,,"['•Viaje de ocio', '•Familia con niños pequeños', '•Apartamento de 2 dormitorios', '•Estancia de 2 noches', '•Enviado por móvil']"
Anónimo,España,9.0,Escrito en 2 de octubre de 2023,,,"['•Viaje de ocio', '•Pareja', '•Apartamento de 1 dormitorio', '•Estancia de 1 noche', '•Enviado por móvil']"
Anónimo,España,9.0,Escrito en 24 de septiembre de 2023,,,"['•Viaje de ocio', '•Pareja', '•Apartamento Estudio', '•Estancia de 2 noches', '•Enviado por móvil']"
Anónimo,España,10.0,Escrito en 21 de septiembre de 2023,,,"['•Viaje de ocio', '•Grupo', '•Apartamento de 1 dormitorio', '•Estancia de 1 noche', '•Enviado por móvil']"
Anónimo,España,10.0,Escrito en 5 de septiembre de 2023,,,"['•Viaje de ocio', '•Pareja', '•Apartamento Estudio', '•Estancia de 1 noche', '•Enviado por móvil']"
Anónimo,España,9.0,Escrito en 2 de septiembre de 2023,,,"['•Viaje de ocio', '•Familia con niños pequeños', '•Apartamento de 1 dormitorio', '•Estancia de 1 noche', '•Enviado por móvil']"
Anónimo,España,8.0,Escrito en 30 de agosto de 2023,,,"['•Viaje de ocio', '•Familia con niños pequeños', '•Apartamento de 1 dormitorio', '•Estancia de 2 noches', '•Enviado por móvil']"
