fecha,indicativo,nombre,provincia,altitud,tmed,prec,tmin,horatmin,tmax,horatmax,dir,velmedia,racha,horaracha,hrMedia,hrMax,horaHrMax,hrMin,horaHrMin,ciudad,codigo_ccaa
2023-01-01,9091R,VITORIA-GASTEIZ AEROPUERTO,ARABA/ALAVA,513,"13,0","3,8","6,3",07:35,"19,8",12:50,18.0,"3,6","14,4",13:56,52.0,85.0,Varias,35.0,18:49,Vitoria,ES-PV
2023-01-02,9091R,VITORIA-GASTEIZ AEROPUERTO,ARABA/ALAVA,513,"7,2","0,2","1,7",23:39,"12,7",00:18,23.0,"2,8","12,8",00:37,85.0,99.0,Varias,58.0,00:18,Vitoria,ES-PV
2023-01-03,9091R,VITORIA-GASTEIZ AEROPUERTO,ARABA/ALAVA,513,"4,2",0,"-1,9",23:55,"10,2",15:30,99.0,"1,4","3,6",Varias,94.0,100.0,Varias,68.0,16:26,Vitoria,ES-PV
2023-01-04,9091R,VITORIA-GASTEIZ AEROPUERTO,ARABA/ALAVA,513,"4,9","0,0","-3,8",06:34,"13,6",15:18,99.0,"0,8","2,5",Varias,87.0,100.0,Varias,55.0,15:00,Vitoria,ES-PV
2023-01-05,9091R,VITORIA-GASTEIZ AEROPUERTO,ARABA/ALAVA,513,"3,0","0,1","-1,6",01:30,"7,6",15:59,21.0,"0,3","3,1",12:32,99.0,100.0,Varias,86.0,16:13,Vitoria,ES-PV
2023-01-06,9091R,VITORIA-GASTEIZ AEROPUERTO,ARABA/ALAVA,513,"4,6","0,0","-1,4",07:51,"10,7",15:37,21.0,"0,6","10,3",Varias,89.0,100.0,Varias,50.0,17:11,Vitoria,ES-PV
2023-01-07,9091R,VITORIA-GASTEIZ AEROPUERTO,ARABA/ALAVA,513,"6,6","3,1","3,5",00:14,"9,7",14:53,99.0,"5,0","16,1",Varias,78.0,98.0,Varias,66.0,06:06,Vitoria,ES-PV
2023-01-08,9091R,VITORIA-GASTEIZ AEROPUERTO,ARABA/ALAVA,513,"10,0","6,7","7,7",00:52,"12,3",14:31,99.0,"4,4","11,7",Varias,91.0,98.0,Varias,80.0,06:27,Vitoria,ES-PV
2023-01-09,9091R,VITORIA-GASTEIZ AEROPUERTO,ARABA/ALAVA,513,"5,2","0,1","-0,7",23:59,"11,0",14:50,29.0,"3,9","16,1",10:08,75.0,99.0,Varias,55.0,15:44,Vitoria,ES-PV
2023-01-10,9091R,VITORIA-GASTEIZ AEROPUERTO,ARABA/ALAVA,513,"6,0","1,2","-2,7",07:03,"14,7",14:16,22.0,"3,3","13,3",16:38,80.0,100.0,Varias,57.0,13:50,Vitoria,ES-PV
2023-01-11,9091R,VITORIA-GASTEIZ AEROPUERTO,ARABA/ALAVA,513,"5,4","0,5","-0,3",23:15,"11,0",14:19,25.0,"3,9","9,7",00:04,86.0,100.0,Varias,69.0,14:32,Vitoria,ES-PV
2023-01-12,9091R,VITORIA-GASTEIZ AEROPUERTO,ARABA/ALAVA,513,"5,8","0,1","-0,9",00:31,"12,5",14:47,22.0,"3,6","9,2",15:05,78.0,100.0,Varias,60.0,13:26,Vitoria,ES-PV
2023-01-13,9091R,VITORIA-GASTEIZ AEROPUERTO,ARABA/ALAVA,513,"8,1",0,"2,8",00:50,"13,4",15:21,22.0,"2,8","9,7",22:51,84.0,98.0,01:55,65.0,14:48,Vitoria,ES-PV
2023-01-14,9091R,VITORIA-GASTEIZ AEROPUERTO,ARABA/ALAVA,513,"7,0","0,8","0,8",04:09,"13,2",12:02,23.0,"8,1","19,7",12:41,75.0,100.0,Varias,67.0,15:05,Vitoria,ES-PV
2023-01-15,9091R,VITORIA-GASTEIZ AEROPUERTO,ARABA/ALAVA,513,"5,6","8,5","0,5",19:57,"10,8",01:28,23.0,"3,3","18,1",01:27,85.0,95.0,Varias,58.0,15:24,Vitoria,ES-PV
2023-01-16,9091R,VITORIA-GASTEIZ AEROPUERTO,ARABA/ALAVA,513,"7,4","28,5","4,3",02:07,"10,5",23:18,24.0,"1,7","20,0",01:04,96.0,100.0,Varias,60.0,00:00,Vitoria,ES-PV
2023-01-17,9091R,VITORIA-GASTEIZ AEROPUERTO,ARABA/ALAVA,513,"6,3","1,2","1,9",23:38,"10,7",00:15,30.0,"7,5","18,1",10:15,82.0,97.0,Varias,64.0,10:45,Vitoria,ES-PV
2023-01-18,9091R,VITORIA-GASTEIZ AEROPUERTO,ARABA/ALAVA,513,"1,0","19,9","0,0",13:58,"2,1",12:14,29.0,"3,1","11,7",16:47,94.0,100.0,Varias,72.0,12:12,Vitoria,ES-PV
2023-01-19,9091R,VITORIA-GASTEIZ AEROPUERTO,ARABA/ALAVA,513,"4,2","11,2","0,2",Varias,"8,1",22:11,34.0,"4,2","15,3",22:03,87.0,100.0,Varias,77.0,12:53,Vitoria,ES-PV
2023-01-20,9091R,VITORIA-GASTEIZ AEROPUERTO,ARABA/ALAVA,513,"3,1",0,"-1,9",23:37,"8,1",14:32,2.0,"1,1","13,9",01:10,84.0,99.0,Varias,57.0,14:29,Vitoria,ES-PV
2023-01-21,9091R,VITORIA-GASTEIZ AEROPUERTO,ARABA/ALAVA,513,"0,2","0,0","-5,3",07:48,"5,7",11:31,35.0,"3,3","10,8",18:08,77.0,100.0,Varias,50.0,11:39,Vitoria,ES-PV
2023-01-22,9091R,VITORIA-GASTEIZ AEROPUERTO,ARABA/ALAVA,513,"2,6","0,0","-0,9",05:07,"6,1",12:47,35.0,"3,9","11,7",19:18,71.0,85.0,01:21,57.0,12:28,Vitoria,ES-PV
2023-01-23,9091R,VITORIA-GASTEIZ AEROPUERTO,ARABA/ALAVA,513,"1,7","1,3","0,2",23:18,"3,2",02:35,99.0,"4,7","11,4",16:12,85.0,98.0,Varias,70.0,02:18,Vitoria,ES-PV
2023-01-24,9091R,VITORIA-GASTEIZ AEROPUERTO,ARABA/ALAVA,513,"0,8","0,3","0,0",Varias,"1,7",14:56,3.0,"4,4","8,3",19:33,89.0,100.0,Varias,81.0,13:10,Vitoria,ES-PV
2023-01-25,9091R,VITORIA-GASTEIZ AEROPUERTO,ARABA/ALAVA,513,"2,2","2,1","0,2",00:42,"4,1",23:48,32.0,"3,6","8,3",19:10,87.0,97.0,Varias,80.0,14:49,Vitoria,ES-PV
2023-01-26,9091R,VITORIA-GASTEIZ AEROPUERTO,ARABA/ALAVA,513,"4,3","0,9","1,6",21:16,"7,0",11:09,2.0,"4,4","12,5",17:00,82.0,99.0,Varias,77.0,06:33,Vitoria,ES-PV
2023-01-27,9091R,VITORIA-GASTEIZ AEROPUERTO,ARABA/ALAVA,513,"2,8","2,2","1,2",19:18,"4,4",14:30,99.0,"4,7","12,5",Varias,92.0,99.0,00:30,81.0,14:38,Vitoria,ES-PV
2023-01-28,9091R,VITORIA-GASTEIZ AEROPUERTO,ARABA/ALAVA,513,"2,6","0,6","0,1",23:14,"5,1",13:07,99.0,"4,7","10,3",Varias,93.0,98.0,21:49,77.0,13:50,Vitoria,ES-PV
2023-01-29,9091R,VITORIA-GASTEIZ AEROPUERTO,ARABA/ALAVA,513,"3,0",0,"1,1",Varias,"4,8",12:47,2.0,"4,2","10,8",13:11,82.0,97.0,23:44,69.0,13:14,Vitoria,ES-PV
2023-01-30,9091R,VITORIA-GASTEIZ AEROPUERTO,ARABA/ALAVA,513,"2,8","0,0","-0,8",20:05,"6,4",13:15,99.0,"3,3","8,9",Varias,81.0,99.0,Varias,62.0,14:32,Vitoria,ES-PV
2023-01-31,9091R,VITORIA-GASTEIZ AEROPUERTO,ARABA/ALAVA,513,"5,6","0,1","2,6",00:00,"8,5",14:15,2.0,"1,9","7,8",14:37,83.0,99.0,Varias,72.0,11:43,Vitoria,ES-PV
2023-02-01,9091R,VITORIA-GASTEIZ AEROPUERTO,ARABA/ALAVA,513,"4,8",0,"1,7",23:58,"7,9",13:51,2.0,"3,6","11,7",Varias,81.0,100.0,00:20,67.0,13:48,Vitoria,ES-PV
2023-02-02,9091R,VITORIA-GASTEIZ AEROPUERTO,ARABA/ALAVA,513,"3,6","0,0","-3,2",07:28,"10,4",14:22,4.0,"1,7","9,2",Varias,79.0,99.0,Varias,52.0,13:56,Vitoria,ES-PV
2023-02-03,9091R,VITORIA-GASTEIZ AEROPUERTO,ARABA/ALAVA,513,"3,6","0,0","-5,1",03:51,"12,2",16:02,99.0,"1,4","4,2",Varias,91.0,100.0,Varias,53.0,16:29,Vitoria,ES-PV
2023-02-04,9091R,VITORIA-GASTEIZ AEROPUERTO,ARABA/ALAVA,513,"1,0","0,0","-5,4",02:42,"7,4",14:43,99.0,"2,2","8,3",Varias,89.0,100.0,Varias,69.0,15:17,Vitoria,ES-PV
2023-02-05,9091R,VITORIA-GASTEIZ AEROPUERTO,ARABA/ALAVA,513,"6,4","0,0","4,9",17:40,"7,9",14:26,3.0,"3,3","10,3",15:50,79.0,88.0,Varias,67.0,15:44,Vitoria,ES-PV
2023-02-06,9091R,VITORIA-GASTEIZ AEROPUERTO,ARABA/ALAVA,513,"2,9","0,0","-2,8",23:16,"8,6",13:50,2.0,"4,4","12,5",11:42,71.0,97.0,Varias,52.0,13:38,Vitoria,ES-PV
2023-02-07,9091R,VITORIA-GASTEIZ AEROPUERTO,ARABA/ALAVA,513,"-0,6","0,4","-6,0",04:12,"4,8",14:38,9.0,"1,7","9,2",16:37,94.0,100.0,07:00,82.0,14:51,Vitoria,ES-PV
2023-02-08,9091R,VITORIA-GASTEIZ AEROPUERTO,ARABA/ALAVA,513,"6,4","0,0","0,9",02:07,"11,8",14:33,11.0,"2,2","7,2",06:00,74.0,100.0,Varias,51.0,14:35,Vitoria,ES-PV
2023-02-09,9091R,VITORIA-GASTEIZ AEROPUERTO,ARABA/ALAVA,513,"2,6","0,0","-5,3",06:59,"10,5",14:19,99.0,"1,7","7,2",Varias,75.0,100.0,Varias,42.0,13:32,Vitoria,ES-PV
2023-02-10,9091R,VITORIA-GASTEIZ AEROPUERTO,ARABA/ALAVA,513,"2,3","0,0","-5,8",03:11,"10,4",15:50,8.0,"0,3","3,1",14:33,87.0,100.0,Varias,41.0,15:51,Vitoria,ES-PV
2023-02-11,9091R,VITORIA-GASTEIZ AEROPUERTO,ARABA/ALAVA,513,"1,8","0,0","-8,0",06:52,"11,7",15:48,99.0,"2,5","7,2",Varias,67.0,99.0,Varias,33.0,16:13,Vitoria,ES-PV
2023-02-12,9091R,VITORIA-GASTEIZ AEROPUERTO,ARABA/ALAVA,513,"3,7","0,0","-6,0",Varias,"13,4",15:07,22.0,"1,4","6,7",08:37,61.0,96.0,Varias,29.0,15:11,Vitoria,ES-PV
2023-02-13,9091R,VITORIA-GASTEIZ AEROPUERTO,ARABA/ALAVA,513,"4,6","0,0","-5,7",06:31,"15,0",14:16,23.0,"2,8","7,8",09:44,66.0,97.0,Varias,35.0,15:27,Vitoria,ES-PV
2023-02-14,9091R,VITORIA-GASTEIZ AEROPUERTO,ARABA/ALAVA,513,"6,2","0,0","-2,1",01:39,"14,4",14:21,99.0,"2,5","11,4",Varias,61.0,96.0,07:20,32.0,13:43,Vitoria,ES-PV
2023-02-15,9091R,VITORIA-GASTEIZ AEROPUERTO,ARABA/ALAVA,513,"6,0","0,0","-2,0",23:55,"14,0",15:25,22.0,"4,4","9,2",10:43,76.0,98.0,Varias,47.0,15:52,Vitoria,ES-PV
2023-02-16,9091R,VITORIA-GASTEIZ AEROPUERTO,ARABA/ALAVA,513,"6,2",0,"-5,1",06:36,"17,5",14:21,99.0,"1,9","7,2",Varias,67.0,99.0,Varias,33.0,14:41,Vitoria,ES-PV
2023-02-17,9091R,VITORIA-GASTEIZ AEROPUERTO,ARABA/ALAVA,513,"7,6","0,0","-3,7",06:02,"18,9",15:39,99.0,"1,7","6,1",Varias,67.0,98.0,Varias,35.0,14:30,Vitoria,ES-PV
2023-02-18,9091R,VITORIA-GASTEIZ AEROPUERTO,ARABA/ALAVA,513,"6,2","0,0","-4,9",04:57,"17,4",15:04,99.0,"1,9","5,0",Varias,62.0,98.0,Varias,33.0,14:29,Vitoria,ES-PV
2023-02-19,9091R,VITORIA-GASTEIZ AEROPUERTO,ARABA/ALAVA,513,"6,4","0,0","-3,6",05:52,"16,5",13:41,1.0,"2,2","8,3",14:07,77.0,100.0,20:19,55.0,13:38,Vitoria,ES-PV
2023-02-20,9091R,VITORIA-GASTEIZ AEROPUERTO,ARABA/ALAVA,513,"13,0","0,0","5,1",07:25,"20,9",15:06,99.0,"1,4","7,8",Varias,61.0,100.0,Varias,30.0,15:19,Vitoria,ES-PV
2023-02-21,9091R,VITORIA-GASTEIZ AEROPUERTO,ARABA/ALAVA,513,"10,5","0,0","3,4",03:48,"17,6",13:34,22.0,"0,6","7,2",15:35,59.0,96.0,Varias,38.0,13:54,Vitoria,ES-PV
2023-02-22,9091R,VITORIA-GASTEIZ AEROPUERTO,ARABA/ALAVA,513,"7,7","12,4","4,0",05:19,"11,4",13:17,31.0,"1,1","13,3",22:48,86.0,100.0,Varias,66.0,14:18,Vitoria,ES-PV
2023-02-23,9091R,VITORIA-GASTEIZ AEROPUERTO,ARABA/ALAVA,513,"3,4","7,0","0,6",06:40,"6,3",00:00,31.0,"2,2","8,3",00:40,93.0,100.0,Varias,88.0,12:51,Vitoria,ES-PV
2023-02-24,9091R,VITORIA-GASTEIZ AEROPUERTO,ARABA/ALAVA,513,"3,2","0,0","-1,2",23:22,"7,5",14:06,21.0,"4,7","11,4",10:19,76.0,95.0,Varias,58.0,15:14,Vitoria,ES-PV
2023-02-25,9091R,VITORIA-GASTEIZ AEROPUERTO,ARABA/ALAVA,513,"2,0","0,7","-5,4",06:11,"9,4",12:54,2.0,"2,8","7,2",Varias,71.0,98.0,Varias,52.0,Varias,Vitoria,ES-PV
2023-02-26,9091R,VITORIA-GASTEIZ AEROPUERTO,ARABA/ALAVA,513,"4,2",0,"1,0",23:51,"7,3",14:31,99.0,"6,7","16,4",20:29,71.0,94.0,Varias,49.0,16:07,Vitoria,ES-PV
2023-02-27,9091R,VITORIA-GASTEIZ AEROPUERTO,ARABA/ALAVA,513,"0,0","1,2","-1,4",09:49,"1,3",11:57,99.0,"5,8","14,4",Varias,79.0,96.0,Varias,54.0,00:24,Vitoria,ES-PV
2023-02-28,9091R,VITORIA-GASTEIZ AEROPUERTO,ARABA/ALAVA,513,"1,5","0,0","-0,7",00:24,"3,7",11:39,35.0,"4,4","11,4",17:09,79.0,93.0,Varias,62.0,14:13,Vitoria,ES-PV
2023-03-01,9091R,VITORIA-GASTEIZ AEROPUERTO,ARABA/ALAVA,513,"2,4",0,"-1,2",06:46,"5,9",12:33,34.0,"3,9","10,8",14:37,70.0,90.0,06:55,51.0,12:35,Vitoria,ES-PV
2023-03-02,9091R,VITORIA-GASTEIZ AEROPUERTO,ARABA/ALAVA,513,"3,4",0,"1,1",00:12,"5,8",15:10,32.0,"3,6","9,2",11:55,78.0,91.0,Varias,68.0,11:37,Vitoria,ES-PV
2023-03-03,9091R,VITORIA-GASTEIZ AEROPUERTO,ARABA/ALAVA,513,"3,3","0,2","2,1",04:28,"4,5",15:26,30.0,"1,9","7,8",09:29,92.0,99.0,Varias,82.0,08:18,Vitoria,ES-PV
2023-03-04,9091R,VITORIA-GASTEIZ AEROPUERTO,ARABA/ALAVA,513,"2,9","0,0","-4,2",23:57,"10,0",13:39,2.0,"2,8","8,3",14:26,76.0,100.0,Varias,52.0,14:31,Vitoria,ES-PV
2023-03-05,9091R,VITORIA-GASTEIZ AEROPUERTO,ARABA/ALAVA,513,"4,2","0,0","-6,3",04:32,"14,7",15:13,33.0,"1,9","7,8",15:15,74.0,100.0,Varias,35.0,15:09,Vitoria,ES-PV
2023-03-06,9091R,VITORIA-GASTEIZ AEROPUERTO,ARABA/ALAVA,513,"5,6","0,0","-3,2",02:34,"14,5",15:52,21.0,"1,9","8,3",Varias,75.0,100.0,Varias,47.0,15:54,Vitoria,ES-PV
2023-03-07,9091R,VITORIA-GASTEIZ AEROPUERTO,ARABA/ALAVA,513,"7,4","1,2","1,9",00:00,"12,8",11:29,99.0,"2,2","13,3",Varias,82.0,100.0,Varias,67.0,23:28,Vitoria,ES-PV
2023-03-08,9091R,VITORIA-GASTEIZ AEROPUERTO,ARABA/ALAVA,513,"14,2","2,4","11,3",23:10,"17,2",15:50,21.0,"7,8","18,9",02:20,81.0,90.0,18:40,63.0,10:10,Vitoria,ES-PV
2023-03-09,9091R,VITORIA-GASTEIZ AEROPUERTO,ARABA/ALAVA,513,"14,6","0,0","11,3",05:00,"17,8",16:00,20.0,"6,9","13,9",14:06,65.0,82.0,00:00,46.0,16:00,Vitoria,ES-PV
2023-03-10,9091R,VITORIA-GASTEIZ AEROPUERTO,ARABA/ALAVA,513,"13,2","0,0","7,5",06:53,"18,8",15:53,99.0,"4,2","13,3",Varias,67.0,84.0,Varias,52.0,17:05,Vitoria,ES-PV
2023-03-11,9091R,VITORIA-GASTEIZ AEROPUERTO,ARABA/ALAVA,513,"15,9","2,6","11,5",23:37,"20,3",13:17,99.0,"3,6","13,9",Varias,73.0,100.0,Varias,48.0,13:02,Vitoria,ES-PV
2023-03-12,9091R,VITORIA-GASTEIZ AEROPUERTO,ARABA/ALAVA,513,"14,0","0,0","7,0",23:28,"21,1",13:41,20.0,"3,1","10,8",09:39,73.0,100.0,Varias,54.0,14:20,Vitoria,ES-PV
2023-03-13,9091R,VITORIA-GASTEIZ AEROPUERTO,ARABA/ALAVA,513,"14,2","0,6","6,6",00:12,"21,7",11:39,23.0,"8,9","25,3",12:10,64.0,100.0,Varias,32.0,15:28,Vitoria,ES-PV
2023-03-14,9091R,VITORIA-GASTEIZ AEROPUERTO,ARABA/ALAVA,513,"8,2","0,0","1,8",23:58,"14,7",15:49,29.0,"4,7","11,4",09:26,69.0,98.0,Varias,44.0,15:28,Vitoria,ES-PV
2023-03-15,9091R,VITORIA-GASTEIZ AEROPUERTO,ARABA/ALAVA,513,"10,0","0,0","0,1",06:32,"19,8",15:20,21.0,"1,7","5,8",16:39,66.0,100.0,Varias,35.0,15:29,Vitoria,ES-PV
2023-03-16,9091R,VITORIA-GASTEIZ AEROPUERTO,ARABA/ALAVA,513,"10,4","0,0","-0,1",06:31,"20,9",16:40,22.0,"2,2","9,7",10:13,64.0,98.0,04:57,36.0,13:36,Vitoria,ES-PV
2023-03-17,9091R,VITORIA-GASTEIZ AEROPUERTO,ARABA/ALAVA,513,"12,3","0,2","6,0",06:19,"18,6",13:37,99.0,"5,6","17,5",Varias,59.0,89.0,07:12,35.0,14:50,Vitoria,ES-PV
2023-03-18,9091R,VITORIA-GASTEIZ AEROPUERTO,ARABA/ALAVA,513,"11,5","6,8","6,8",06:12,"16,2",13:41,31.0,"4,7","14,4",14:22,74.0,100.0,Varias,49.0,13:43,Vitoria,ES-PV
2023-03-19,9091R,VITORIA-GASTEIZ AEROPUERTO,ARABA/ALAVA,513,"10,4",0,"5,4",23:58,"15,4",13:55,34.0,"3,9","9,2",12:04,78.0,100.0,00:32,48.0,13:35,Vitoria,ES-PV
2023-03-20,9091R,VITORIA-GASTEIZ AEROPUERTO,ARABA/ALAVA,513,"12,4","0,0","3,0",01:32,"21,9",16:07,99.0,"2,8","5,8",Varias,66.0,100.0,Varias,29.0,16:35,Vitoria,ES-PV
2023-03-21,9091R,VITORIA-GASTEIZ AEROPUERTO,ARABA/ALAVA,513,"9,4","0,0","0,3",05:59,"18,5",15:05,4.0,"3,6","9,2",16:39,70.0,100.0,22:54,42.0,11:23,Vitoria,ES-PV
2023-03-22,9091R,VITORIA-GASTEIZ AEROPUERTO,ARABA/ALAVA,513,"10,8","0,0","2,0",02:05,"19,6",14:15,25.0,"2,8","9,2",15:07,64.0,100.0,Varias,34.0,15:10,Vitoria,ES-PV
2023-03-23,9091R,VITORIA-GASTEIZ AEROPUERTO,ARABA/ALAVA,513,"15,4","0,0","11,4",06:31,"19,4",17:00,99.0,"4,4","13,9",Varias,37.0,56.0,11:12,25.0,18:18,Vitoria,ES-PV
2023-03-24,9091R,VITORIA-GASTEIZ AEROPUERTO,ARABA/ALAVA,513,"8,2","0,9","1,5",23:07,"14,8",Varias,21.0,"3,3","10,8",Varias,73.0,94.0,23:58,37.0,00:03,Vitoria,ES-PV
2023-03-25,9091R,VITORIA-GASTEIZ AEROPUERTO,ARABA/ALAVA,513,"8,6","0,0","-2,1",06:11,"19,3",13:26,22.0,"5,0","16,9",22:13,62.0,100.0,05:17,33.0,14:24,Vitoria,ES-PV
2023-03-26,9091R,VITORIA-GASTEIZ AEROPUERTO,ARABA/ALAVA,513,"12,0","0,1","6,6",23:01,"17,3",13:02,34.0,"5,8","16,9",Varias,65.0,97.0,06:59,36.0,13:42,Vitoria,ES-PV
2023-03-27,9091R,VITORIA-GASTEIZ AEROPUERTO,ARABA/ALAVA,513,"8,4","0,0","1,9",Varias,"14,8",15:19,99.0,"1,9","8,3",Varias,67.0,94.0,Varias,42.0,16:59,Vitoria,ES-PV
2023-03-28,9091R,VITORIA-GASTEIZ AEROPUERTO,ARABA/ALAVA,513,"10,4","0,0","-1,7",05:37,"22,4",16:08,23.0,"2,5","8,9",11:12,61.0,99.0,05:02,33.0,16:13,Vitoria,ES-PV
2023-03-29,9091R,VITORIA-GASTEIZ AEROPUERTO,ARABA/ALAVA,513,"13,3","0,0","2,9",05:18,"23,7",14:29,99.0,"3,1","9,7",Varias,53.0,92.0,Varias,36.0,15:09,Vitoria,ES-PV
2023-03-30,9091R,VITORIA-GASTEIZ AEROPUERTO,ARABA/ALAVA,513,"15,8","0,0","10,4",00:44,"21,2",14:13,99.0,"6,7","16,1",Varias,50.0,77.0,00:39,39.0,14:15,Vitoria,ES-PV
2023-03-31,9091R,VITORIA-GASTEIZ AEROPUERTO,ARABA/ALAVA,513,"13,6","0,0","9,9",23:53,"17,3",11:41,23.0,"4,4","16,9",00:21,73.0,79.0,07:14,47.0,00:30,Vitoria,ES-PV
2023-04-01,9091R,VITORIA-GASTEIZ AEROPUERTO,ARABA/ALAVA,513,"10,4","5,2","6,3",23:42,"14,4",12:44,35.0,"5,0","18,6",14:47,74.0,92.0,Varias,57.0,12:46,Vitoria,ES-PV
2023-04-02,9091R,VITORIA-GASTEIZ AEROPUERTO,ARABA/ALAVA,513,"7,0","0,4","1,8",23:43,"12,2",14:15,99.0,"5,8","12,8",Varias,75.0,96.0,23:55,52.0,15:34,Vitoria,ES-PV
2023-04-03,9091R,VITORIA-GASTEIZ AEROPUERTO,ARABA/ALAVA,513,"6,7","0,0","-0,3",01:55,"13,7",15:54,99.0,"3,3","8,9",Varias,77.0,100.0,Varias,54.0,16:11,Vitoria,ES-PV
2023-04-04,9091R,VITORIA-GASTEIZ AEROPUERTO,ARABA/ALAVA,513,"6,2","0,0","-2,1",23:59,"14,4",14:52,3.0,"4,7","10,8",10:56,66.0,98.0,Varias,41.0,15:00,Vitoria,ES-PV
2023-04-05,9091R,VITORIA-GASTEIZ AEROPUERTO,ARABA/ALAVA,513,"6,9","0,0","-4,5",02:52,"18,3",14:56,99.0,"2,5","8,9",Varias,58.0,100.0,Varias,20.0,13:21,Vitoria,ES-PV
2023-04-06,9091R,VITORIA-GASTEIZ AEROPUERTO,ARABA/ALAVA,513,"8,4","0,0","-2,9",05:53,"19,8",14:30,99.0,"3,1","9,7",Varias,53.0,95.0,Varias,17.0,12:24,Vitoria,ES-PV
2023-04-07,9091R,VITORIA-GASTEIZ AEROPUERTO,ARABA/ALAVA,513,"10,5","0,0","-2,3",05:29,"23,3",15:18,99.0,"2,8","8,3",Varias,51.0,97.0,Varias,27.0,15:52,Vitoria,ES-PV
2023-04-08,9091R,VITORIA-GASTEIZ AEROPUERTO,ARABA/ALAVA,513,"11,8","0,0","-0,8",05:42,"24,4",14:15,3.0,"1,9","9,7",15:24,50.0,96.0,05:07,23.0,16:19,Vitoria,ES-PV
2023-04-09,9091R,VITORIA-GASTEIZ AEROPUERTO,ARABA/ALAVA,513,"13,2","0,0","1,0",03:10,"25,3",13:19,36.0,"2,8","10,8",16:24,56.0,92.0,Varias,25.0,15:39,Vitoria,ES-PV
2023-04-10,9091R,VITORIA-GASTEIZ AEROPUERTO,ARABA/ALAVA,513,"10,8","0,0","1,1",06:00,"20,6",14:11,1.0,"4,2","11,4",16:18,69.0,97.0,Varias,38.0,11:03,Vitoria,ES-PV
2023-04-11,9091R,VITORIA-GASTEIZ AEROPUERTO,ARABA/ALAVA,513,"14,8","0,1","5,6",23:30,"23,9",15:36,22.0,"3,9","10,3",14:51,72.0,97.0,Varias,28.0,14:52,Vitoria,ES-PV
2023-04-12,9091R,VITORIA-GASTEIZ AEROPUERTO,ARABA/ALAVA,513,"7,4","2,0","2,9",03:06,"11,8",08:42,34.0,"2,2","12,5",Varias,86.0,100.0,Varias,71.0,19:35,Vitoria,ES-PV
2023-04-13,9091R,VITORIA-GASTEIZ AEROPUERTO,ARABA/ALAVA,513,"6,0","1,0","-1,4",05:13,"13,4",12:18,32.0,"4,7","14,4",16:52,68.0,100.0,Varias,40.0,12:19,Vitoria,ES-PV
2023-04-14,9091R,VITORIA-GASTEIZ AEROPUERTO,ARABA/ALAVA,513,"11,6","0,4","6,6",03:48,"16,6",14:19,99.0,"5,8","16,1",Varias,71.0,97.0,Varias,55.0,13:32,Vitoria,ES-PV
2023-04-15,9091R,VITORIA-GASTEIZ AEROPUERTO,ARABA/ALAVA,513,"11,1","2,3","9,3",23:04,"12,9",11:46,32.0,"6,1","15,0",11:19,86.0,94.0,09:23,73.0,06:20,Vitoria,ES-PV
2023-04-16,9091R,VITORIA-GASTEIZ AEROPUERTO,ARABA/ALAVA,513,"9,4","0,0","2,3",05:46,"16,6",13:47,99.0,"3,6","10,3",Varias,61.0,99.0,Varias,30.0,16:27,Vitoria,ES-PV
2023-04-17,9091R,VITORIA-GASTEIZ AEROPUERTO,ARABA/ALAVA,513,"7,9","0,0","-1,0",05:19,"16,8",13:22,2.0,"3,6","11,7",15:36,64.0,99.0,Varias,37.0,11:45,Vitoria,ES-PV
2023-04-18,9091R,VITORIA-GASTEIZ AEROPUERTO,ARABA/ALAVA,513,"10,0","0,0","2,3",00:02,"17,7",14:27,2.0,"3,3","9,2",15:32,64.0,98.0,01:48,38.0,13:22,Vitoria,ES-PV
2023-04-19,9091R,VITORIA-GASTEIZ AEROPUERTO,ARABA/ALAVA,513,"12,1","0,0","-0,4",04:52,"24,6",15:58,12.0,"2,2","9,2",11:18,58.0,100.0,Varias,28.0,16:47,Vitoria,ES-PV
2023-04-20,9091R,VITORIA-GASTEIZ AEROPUERTO,ARABA/ALAVA,513,"12,8","0,0","2,5",04:50,"23,0",15:10,2.0,"3,9","10,8",15:36,61.0,99.0,Varias,28.0,13:26,Vitoria,ES-PV
2023-04-21,9091R,VITORIA-GASTEIZ AEROPUERTO,ARABA/ALAVA,513,"13,8","1,1","1,8",04:52,"25,9",13:41,25.0,"3,1","16,4",15:15,61.0,100.0,Varias,28.0,13:50,Vitoria,ES-PV
2023-04-22,9091R,VITORIA-GASTEIZ AEROPUERTO,ARABA/ALAVA,513,"11,4","0,0","4,5",23:25,"18,4",13:55,36.0,"2,8","11,7",14:26,75.0,100.0,23:46,50.0,13:58,Vitoria,ES-PV
2023-04-23,9091R,VITORIA-GASTEIZ AEROPUERTO,ARABA/ALAVA,513,"13,0","4,4","8,5",00:00,"17,5",12:27,22.0,"4,7","12,5",Varias,77.0,98.0,Varias,55.0,12:34,Vitoria,ES-PV
2023-04-24,9091R,VITORIA-GASTEIZ AEROPUERTO,ARABA/ALAVA,513,"14,2","0,5","8,3",01:37,"20,0",12:51,3.0,"3,3","9,2",17:44,76.0,100.0,Varias,55.0,13:08,Vitoria,ES-PV
2023-04-25,9091R,VITORIA-GASTEIZ AEROPUERTO,ARABA/ALAVA,513,"16,1","1,0","10,8",01:33,"21,4",13:57,3.0,"3,1","8,9",17:21,80.0,100.0,Varias,65.0,12:35,Vitoria,ES-PV
2023-04-26,9091R,VITORIA-GASTEIZ AEROPUERTO,ARABA/ALAVA,513,"19,0","0,0","13,2",02:56,"24,9",13:28,2.0,"2,5","11,4",16:05,77.0,100.0,Varias,49.0,13:54,Vitoria,ES-PV
2023-04-27,9091R,VITORIA-GASTEIZ AEROPUERTO,ARABA/ALAVA,513,"19,6","0,0","10,5",05:27,"28,7",16:01,36.0,"3,1","10,3",16:51,64.0,100.0,Varias,26.0,16:05,Vitoria,ES-PV
2023-04-28,9091R,VITORIA-GASTEIZ AEROPUERTO,ARABA/ALAVA,513,"17,5","0,0","7,8",05:03,"27,2",12:12,3.0,"3,9","10,3",18:32,70.0,97.0,Varias,39.0,12:15,Vitoria,ES-PV
2023-04-29,9091R,VITORIA-GASTEIZ AEROPUERTO,ARABA/ALAVA,513,"15,0","0,0","13,2",23:30,"16,9",14:04,99.0,"3,6","8,3",Varias,86.0,97.0,Varias,74.0,16:09,Vitoria,ES-PV
2023-04-30,9091R,VITORIA-GASTEIZ AEROPUERTO,ARABA/ALAVA,513,"13,0","0,0","8,6",21:19,"17,5",14:23,2.0,"4,4","9,7",16:28,74.0,100.0,Varias,57.0,14:25,Vitoria,ES-PV
2023-05-01,9091R,VITORIA-GASTEIZ AEROPUERTO,ARABA/ALAVA,513,"12,4","0,0","4,1",23:33,"20,8",15:09,4.0,"3,6","9,7",Varias,64.0,97.0,00:00,40.0,16:08,Vitoria,ES-PV
2023-05-02,9091R,VITORIA-GASTEIZ AEROPUERTO,ARABA/ALAVA,513,"13,0","0,0","0,4",05:13,"25,7",14:45,5.0,"2,5","7,8",15:47,56.0,100.0,Varias,17.0,12:58,Vitoria,ES-PV
2023-05-03,9091R,VITORIA-GASTEIZ AEROPUERTO,ARABA/ALAVA,513,"17,4","0,0","5,8",03:04,"29,1",13:31,4.0,"2,2","10,3",23:01,56.0,98.0,03:49,25.0,12:52,Vitoria,ES-PV
2023-05-04,9091R,VITORIA-GASTEIZ AEROPUERTO,ARABA/ALAVA,513,"17,2","0,0","9,5",04:02,"25,0",14:37,24.0,"6,4","14,4",10:34,43.0,97.0,04:22,26.0,15:33,Vitoria,ES-PV
2023-05-05,9091R,VITORIA-GASTEIZ AEROPUERTO,ARABA/ALAVA,513,"16,4","0,0","6,3",04:47,"26,5",15:40,21.0,"3,3","10,8",09:51,59.0,100.0,Varias,23.0,16:01,Vitoria,ES-PV
2023-05-06,9091R,VITORIA-GASTEIZ AEROPUERTO,ARABA/ALAVA,513,"14,3","0,9","4,7",05:01,"23,9",11:48,3.0,"4,7","13,3",Varias,72.0,100.0,Varias,42.0,11:50,Vitoria,ES-PV
2023-05-07,9091R,VITORIA-GASTEIZ AEROPUERTO,ARABA/ALAVA,513,"12,6","0,0","5,3",23:38,"19,8",12:45,99.0,"3,3","11,4",Varias,78.0,100.0,Varias,58.0,14:29,Vitoria,ES-PV
2023-05-08,9091R,VITORIA-GASTEIZ AEROPUERTO,ARABA/ALAVA,513,"14,2","0,0","3,2",02:52,"25,1",14:44,4.0,"3,1","10,3",15:19,60.0,100.0,Varias,19.0,14:45,Vitoria,ES-PV
2023-05-09,9091R,VITORIA-GASTEIZ AEROPUERTO,ARABA/ALAVA,513,"12,3","0,1","6,7",04:17,"17,9",14:28,32.0,"2,8","13,9",16:06,76.0,93.0,04:58,61.0,16:52,Vitoria,ES-PV
2023-05-10,9091R,VITORIA-GASTEIZ AEROPUERTO,ARABA/ALAVA,513,"11,4","0,0","6,3",05:15,"16,6",13:35,31.0,"4,2","12,5",10:41,70.0,93.0,Varias,54.0,13:39,Vitoria,ES-PV
2023-05-11,9091R,VITORIA-GASTEIZ AEROPUERTO,ARABA/ALAVA,513,"10,8","0,7","6,8",04:56,"14,8",12:42,99.0,"4,7","12,5",Varias,72.0,98.0,Varias,55.0,10:35,Vitoria,ES-PV
2023-05-12,9091R,VITORIA-GASTEIZ AEROPUERTO,ARABA/ALAVA,513,"10,6","3,8","7,0",23:55,"14,2",13:22,33.0,"4,2","16,1",11:14,77.0,97.0,Varias,61.0,13:24,Vitoria,ES-PV
2023-05-13,9091R,VITORIA-GASTEIZ AEROPUERTO,ARABA/ALAVA,513,"10,7","2,2","6,3",00:46,"15,1",13:53,32.0,"3,9","11,4",15:44,81.0,100.0,01:07,60.0,09:46,Vitoria,ES-PV
2023-05-14,9091R,VITORIA-GASTEIZ AEROPUERTO,ARABA/ALAVA,513,"13,0","1,4","9,8",Varias,"16,1",15:43,99.0,"5,3","11,4",Varias,81.0,97.0,00:00,60.0,16:22,Vitoria,ES-PV
2023-05-15,9091R,VITORIA-GASTEIZ AEROPUERTO,ARABA/ALAVA,513,"11,5","0,5","7,5",23:30,"15,5",11:56,99.0,"4,2","9,7",Varias,81.0,94.0,Varias,62.0,12:03,Vitoria,ES-PV
2023-05-16,9091R,VITORIA-GASTEIZ AEROPUERTO,ARABA/ALAVA,513,"9,2","0,0","3,7",21:19,"14,7",13:10,35.0,"5,0","11,4",Varias,69.0,94.0,Varias,53.0,13:13,Vitoria,ES-PV
2023-05-17,9091R,VITORIA-GASTEIZ AEROPUERTO,ARABA/ALAVA,513,"10,0","0,0","3,7",05:21,"16,3",13:27,4.0,"5,6","13,3",08:40,62.0,98.0,05:56,43.0,12:07,Vitoria,ES-PV
2023-05-18,9091R,VITORIA-GASTEIZ AEROPUERTO,ARABA/ALAVA,513,"11,4","0,2","6,8",04:39,"16,1",11:37,36.0,"6,9","13,9",16:41,58.0,87.0,04:44,41.0,11:30,Vitoria,ES-PV
2023-05-19,9091R,VITORIA-GASTEIZ AEROPUERTO,ARABA/ALAVA,513,"11,4","0,0","5,1",22:55,"17,6",14:14,36.0,"6,1","13,9",14:25,65.0,98.0,05:10,40.0,14:06,Vitoria,ES-PV
2023-05-20,9091R,VITORIA-GASTEIZ AEROPUERTO,ARABA/ALAVA,513,"11,4","0,0","8,3",23:56,"14,5",14:15,99.0,"3,6","9,7",Varias,75.0,95.0,23:59,61.0,14:17,Vitoria,ES-PV
2023-05-21,9091R,VITORIA-GASTEIZ AEROPUERTO,ARABA/ALAVA,513,"11,4","0,0","3,6",04:34,"19,3",13:38,9.0,"3,6","11,7",12:06,75.0,100.0,Varias,54.0,13:38,Vitoria,ES-PV
2023-05-22,9091R,VITORIA-GASTEIZ AEROPUERTO,ARABA/ALAVA,513,"12,6","0,0","7,9",02:27,"17,2",14:54,99.0,"1,9","7,8",15:25,82.0,100.0,Varias,70.0,15:18,Vitoria,ES-PV
2023-05-23,9091R,VITORIA-GASTEIZ AEROPUERTO,ARABA/ALAVA,513,"16,4","0,1","13,4",04:30,"19,4",13:47,99.0,"5,3","10,8",Varias,82.0,98.0,Varias,69.0,13:48,Vitoria,ES-PV
2023-05-24,9091R,VITORIA-GASTEIZ AEROPUERTO,ARABA/ALAVA,513,"15,5","0,0","12,3",23:32,"18,7",15:50,35.0,"3,3","9,7",15:31,84.0,99.0,Varias,66.0,16:48,Vitoria,ES-PV
2023-05-25,9091R,VITORIA-GASTEIZ AEROPUERTO,ARABA/ALAVA,513,"11,0","0,1","6,0",22:30,"16,0",12:06,35.0,"3,6","11,4",14:31,73.0,100.0,Varias,56.0,12:02,Vitoria,ES-PV
2023-05-26,9091R,VITORIA-GASTEIZ AEROPUERTO,ARABA/ALAVA,513,"14,9","0,0","6,5",01:12,"23,3",14:32,99.0,"3,3","13,3",Varias,67.0,100.0,Varias,46.0,14:59,Vitoria,ES-PV
2023-05-27,9091R,VITORIA-GASTEIZ AEROPUERTO,ARABA/ALAVA,513,"18,0","0,0","9,0",05:08,"27,1",15:17,99.0,"3,1","8,3",Varias,53.0,98.0,04:49,30.0,15:47,Vitoria,ES-PV
2023-05-28,9091R,VITORIA-GASTEIZ AEROPUERTO,ARABA/ALAVA,513,"17,3","1,3","8,6",04:27,"26,0",11:09,3.0,"3,6","9,2",13:11,81.0,100.0,Varias,38.0,11:16,Vitoria,ES-PV
2023-05-29,9091R,VITORIA-GASTEIZ AEROPUERTO,ARABA/ALAVA,513,"17,6","0,0","10,3",23:52,"24,9",14:27,3.0,"4,2","11,7",Varias,73.0,100.0,Varias,51.0,14:22,Vitoria,ES-PV
2023-05-30,9091R,VITORIA-GASTEIZ AEROPUERTO,ARABA/ALAVA,513,"16,6",0,"7,4",04:23,"25,7",12:18,35.0,"3,6","13,3",14:58,69.0,100.0,Varias,42.0,12:15,Vitoria,ES-PV
2023-05-31,9091R,VITORIA-GASTEIZ AEROPUERTO,ARABA/ALAVA,513,"17,0","0,0","9,7",03:14,"24,4",13:10,99.0,"3,6","10,8",Varias,75.0,100.0,Varias,53.0,11:08,Vitoria,ES-PV
2023-06-01,9091R,VITORIA-GASTEIZ AEROPUERTO,ARABA/ALAVA,513,"16,4","3,8","9,6",04:17,"23,2",12:19,33.0,"2,5","11,7",15:21,82.0,100.0,Varias,52.0,12:22,Vitoria,ES-PV
2023-06-02,9091R,VITORIA-GASTEIZ AEROPUERTO,ARABA/ALAVA,513,"17,2","1,4","8,5",01:50,"25,8",14:42,21.0,"1,7","11,4",15:12,79.0,100.0,Varias,41.0,14:48,Vitoria,ES-PV
2023-06-03,9091R,VITORIA-GASTEIZ AEROPUERTO,ARABA/ALAVA,513,"17,6","3,5","8,3",03:31,"26,8",13:15,99.0,"2,2","8,3",Varias,78.0,100.0,Varias,43.0,13:19,Vitoria,ES-PV
2023-06-04,9091R,VITORIA-GASTEIZ AEROPUERTO,ARABA/ALAVA,513,"18,1","0,0","10,3",02:37,"25,9",14:36,99.0,"3,1","8,9",Varias,76.0,100.0,Varias,49.0,14:06,Vitoria,ES-PV
2023-06-05,9091R,VITORIA-GASTEIZ AEROPUERTO,ARABA/ALAVA,513,"19,6","2,4","13,8",04:45,"25,5",12:27,34.0,"3,6","10,3",13:07,81.0,100.0,Varias,52.0,12:34,Vitoria,ES-PV
2023-06-06,9091R,VITORIA-GASTEIZ AEROPUERTO,ARABA/ALAVA,513,"21,4",0,"13,9",01:50,"29,0",15:07,6.0,"3,6","10,3",12:52,73.0,100.0,Varias,37.0,15:04,Vitoria,ES-PV
2023-06-07,9091R,VITORIA-GASTEIZ AEROPUERTO,ARABA/ALAVA,513,"19,0","0,0","13,1",01:49,"25,0",13:50,16.0,"2,8","9,2",17:59,66.0,100.0,Varias,55.0,22:46,Vitoria,ES-PV
2023-06-08,9091R,VITORIA-GASTEIZ AEROPUERTO,ARABA/ALAVA,513,"21,8","0,0","16,7",23:44,"26,8",13:09,99.0,"3,6","10,8",Varias,61.0,87.0,23:47,50.0,13:01,Vitoria,ES-PV
2023-06-09,9091R,VITORIA-GASTEIZ AEROPUERTO,ARABA/ALAVA,513,"21,2","0,1","13,9",23:51,"28,6",14:34,27.0,"5,3","15,0",14:44,57.0,96.0,Varias,36.0,14:35,Vitoria,ES-PV
2023-06-10,9091R,VITORIA-GASTEIZ AEROPUERTO,ARABA/ALAVA,513,"20,4","2,0","13,9",00:10,"27,0",13:26,36.0,"4,2","8,9",Varias,62.0,96.0,00:00,41.0,13:25,Vitoria,ES-PV
2023-06-11,9091R,VITORIA-GASTEIZ AEROPUERTO,ARABA/ALAVA,513,"19,6","2,9","15,5",23:58,"23,7",Varias,1.0,"2,5","7,8",16:23,81.0,99.0,Varias,56.0,13:48,Vitoria,ES-PV
2023-06-12,9091R,VITORIA-GASTEIZ AEROPUERTO,ARABA/ALAVA,513,"19,4","29,4","12,3",22:55,"26,4",14:17,26.0,"2,8","18,9",16:45,85.0,100.0,Varias,50.0,14:07,Vitoria,ES-PV
2023-06-13,9091R,VITORIA-GASTEIZ AEROPUERTO,ARABA/ALAVA,513,"16,3","0,6","10,4",04:35,"22,2",11:37,99.0,"2,5","11,4",12:22,91.0,100.0,Varias,65.0,10:54,Vitoria,ES-PV
2023-06-14,9091R,VITORIA-GASTEIZ AEROPUERTO,ARABA/ALAVA,513,"16,4","0,0","11,2",23:47,"21,7",14:56,2.0,"4,4","9,2",15:41,78.0,100.0,Varias,62.0,15:59,Vitoria,ES-PV
2023-06-15,9091R,VITORIA-GASTEIZ AEROPUERTO,ARABA/ALAVA,513,"18,1","0,0","10,3",03:26,"25,9",14:13,99.0,"3,6","8,3",Varias,68.0,100.0,Varias,46.0,16:43,Vitoria,ES-PV
2023-06-16,9091R,VITORIA-GASTEIZ AEROPUERTO,ARABA/ALAVA,513,"20,2","0,0","9,1",02:57,"31,3",13:41,4.0,"1,7","7,8",15:31,66.0,100.0,Varias,34.0,14:16,Vitoria,ES-PV
2023-06-17,9091R,VITORIA-GASTEIZ AEROPUERTO,ARABA/ALAVA,513,"22,6","13,9","13,9",04:22,"31,3",11:55,16.0,"3,6","16,1",14:42,81.0,100.0,Varias,42.0,11:48,Vitoria,ES-PV
2023-06-18,9091R,VITORIA-GASTEIZ AEROPUERTO,ARABA/ALAVA,513,"20,6","0,5","13,1",04:31,"28,0",14:34,29.0,"4,2","11,7",15:58,75.0,100.0,Varias,52.0,14:12,Vitoria,ES-PV
2023-06-19,9091R,VITORIA-GASTEIZ AEROPUERTO,ARABA/ALAVA,513,"19,4","9,4","14,3",00:16,"24,5",13:47,99.0,"3,9","14,4",Varias,69.0,100.0,Varias,45.0,14:46,Vitoria,ES-PV
2023-06-20,9091R,VITORIA-GASTEIZ AEROPUERTO,ARABA/ALAVA,513,"20,7","0,1","14,3",02:45,"27,1",14:12,25.0,"3,1","11,7",06:26,76.0,100.0,Varias,47.0,13:32,Vitoria,ES-PV
2023-06-21,9091R,VITORIA-GASTEIZ AEROPUERTO,ARABA/ALAVA,513,"19,9","4,4","16,3",06:07,"23,5",13:53,4.0,"3,1","9,7",15:03,85.0,100.0,Varias,70.0,12:29,Vitoria,ES-PV
2023-06-22,9091R,VITORIA-GASTEIZ AEROPUERTO,ARABA/ALAVA,513,"18,9","0,0","13,4",23:42,"24,4",15:52,36.0,"4,2","11,4",13:18,76.0,100.0,Varias,59.0,15:53,Vitoria,ES-PV
2023-06-23,9091R,VITORIA-GASTEIZ AEROPUERTO,ARABA/ALAVA,513,"20,9","0,0","13,3",23:42,"28,5",13:39,4.0,"3,1","9,7",15:33,66.0,100.0,Varias,49.0,11:57,Vitoria,ES-PV
2023-06-24,9091R,VITORIA-GASTEIZ AEROPUERTO,ARABA/ALAVA,513,"20,9","0,0","9,8",04:22,"32,0",15:14,4.0,"2,5","7,8",09:02,63.0,100.0,Varias,33.0,13:45,Vitoria,ES-PV
2023-06-25,9091R,VITORIA-GASTEIZ AEROPUERTO,ARABA/ALAVA,513,"20,2","0,0","12,4",04:55,"28,1",09:30,99.0,"5,0","12,8",Varias,76.0,100.0,Varias,56.0,09:36,Vitoria,ES-PV
2023-06-26,9091R,VITORIA-GASTEIZ AEROPUERTO,ARABA/ALAVA,513,"20,0","0,0","16,9",Varias,"23,2",11:57,99.0,"5,6","9,7",Varias,79.0,97.0,Varias,68.0,11:59,Vitoria,ES-PV
2023-06-27,9091R,VITORIA-GASTEIZ AEROPUERTO,ARABA/ALAVA,513,"17,8","0,0","15,7",04:42,"20,0",13:57,36.0,"4,4","9,2",15:20,82.0,96.0,Varias,76.0,14:02,Vitoria,ES-PV
2023-06-28,9091R,VITORIA-GASTEIZ AEROPUERTO,ARABA/ALAVA,513,"17,8","0,0","12,2",23:57,"23,5",14:19,3.0,"4,7","9,7",14:20,80.0,96.0,23:50,66.0,13:48,Vitoria,ES-PV
2023-06-29,9091R,VITORIA-GASTEIZ AEROPUERTO,ARABA/ALAVA,513,"15,8","2,0","9,3",03:43,"22,4",10:57,99.0,"3,3","10,8",Varias,84.0,100.0,Varias,60.0,10:58,Vitoria,ES-PV
2023-06-30,9091R,VITORIA-GASTEIZ AEROPUERTO,ARABA/ALAVA,513,"16,0","0,1","12,5",03:57,"19,4",13:49,33.0,"2,2","12,5",01:10,73.0,96.0,00:11,55.0,14:08,Vitoria,ES-PV
2023-01-01,1024E,"DONOSTIA / SAN SEBASTIÁN, IGELDO",GIPUZKOA,250,"16,9","2,0","12,4",23:59,"21,4",12:30,18.0,"9,2","21,1",14:00,30.0,98.0,23:59,27.0,Varias,Donosti,ES-PV
2023-01-02,1024E,"DONOSTIA / SAN SEBASTIÁN, IGELDO",GIPUZKOA,250,"11,8","0,5","8,5",23:45,"15,0",03:10,30.0,"2,2","14,4",03:50,85.0,100.0,Varias,52.0,03:00,Donosti,ES-PV
2023-01-03,1024E,"DONOSTIA / SAN SEBASTIÁN, IGELDO",GIPUZKOA,250,"9,5","0,0","7,0",07:45,"12,0",13:30,19.0,"1,4","3,9",09:00,82.0,95.0,08:10,72.0,13:10,Donosti,ES-PV
2023-01-04,1024E,"DONOSTIA / SAN SEBASTIÁN, IGELDO",GIPUZKOA,250,"10,9","0,0","7,0",02:15,"14,8",14:30,19.0,"1,4","4,7",03:30,65.0,81.0,22:00,59.0,10:00,Donosti,ES-PV
2023-01-05,1024E,"DONOSTIA / SAN SEBASTIÁN, IGELDO",GIPUZKOA,250,"11,6","0,0","8,6",23:50,"14,5",12:45,8.0,"1,9","6,1",16:00,72.0,91.0,02:00,64.0,16:00,Donosti,ES-PV
2023-01-06,1024E,"DONOSTIA / SAN SEBASTIÁN, IGELDO",GIPUZKOA,250,"10,8","0,0","8,2",02:10,"13,4",13:50,18.0,"1,7","18,9",23:20,75.0,87.0,09:00,46.0,Varias,Donosti,ES-PV
2023-01-07,1024E,"DONOSTIA / SAN SEBASTIÁN, IGELDO",GIPUZKOA,250,"10,8","3,7","7,7",03:30,"14,0",15:05,19.0,"11,7","25,6",02:50,57.0,95.0,21:00,45.0,01:00,Donosti,ES-PV
2023-01-08,1024E,"DONOSTIA / SAN SEBASTIÁN, IGELDO",GIPUZKOA,250,"11,8","21,0","8,5",21:40,"15,0",14:05,19.0,"8,3","20,3",10:30,82.0,99.0,Varias,63.0,14:00,Donosti,ES-PV
2023-01-09,1024E,"DONOSTIA / SAN SEBASTIÁN, IGELDO",GIPUZKOA,250,"8,8","13,4","7,5",09:10,"10,1",20:55,26.0,"6,9","16,7",06:50,89.0,95.0,18:00,76.0,10:20,Donosti,ES-PV
2023-01-10,1024E,"DONOSTIA / SAN SEBASTIÁN, IGELDO",GIPUZKOA,250,"11,0","4,2","6,6",05:45,"15,5",13:30,20.0,"2,8","12,5",22:00,66.0,83.0,Varias,53.0,13:00,Donosti,ES-PV
2023-01-11,1024E,"DONOSTIA / SAN SEBASTIÁN, IGELDO",GIPUZKOA,250,"11,6","7,2","8,6",23:59,"14,7",04:50,30.0,"5,3","15,0",05:30,94.0,99.0,Varias,68.0,Varias,Donosti,ES-PV
2023-01-12,1024E,"DONOSTIA / SAN SEBASTIÁN, IGELDO",GIPUZKOA,250,"9,9","0,2","6,9",07:30,"12,9",13:30,19.0,"1,1","6,7",10:20,79.0,93.0,03:30,65.0,13:30,Donosti,ES-PV
2023-01-13,1024E,"DONOSTIA / SAN SEBASTIÁN, IGELDO",GIPUZKOA,250,"10,3","0,9","8,3",03:40,"12,3",15:40,31.0,"1,9","9,2",01:10,90.0,100.0,12:00,64.0,01:00,Donosti,ES-PV
2023-01-14,1024E,"DONOSTIA / SAN SEBASTIÁN, IGELDO",GIPUZKOA,250,"13,4","7,9","9,7",00:15,"17,0",12:45,23.0,"9,4","20,3",23:00,57.0,84.0,00:00,48.0,Varias,Donosti,ES-PV
2023-01-15,1024E,"DONOSTIA / SAN SEBASTIÁN, IGELDO",GIPUZKOA,250,"9,8","25,5","5,5",20:50,"14,0",Varias,31.0,"6,7","19,2",04:10,85.0,99.0,Varias,50.0,00:00,Donosti,ES-PV
2023-01-16,1024E,"DONOSTIA / SAN SEBASTIÁN, IGELDO",GIPUZKOA,250,"8,8","75,6","6,0",06:30,"11,6",23:30,26.0,"6,9","21,9",23:50,93.0,100.0,Varias,56.0,00:00,Donosti,ES-PV
2023-01-17,1024E,"DONOSTIA / SAN SEBASTIÁN, IGELDO",GIPUZKOA,250,"7,0","29,9","2,4",20:45,"11,6",00:05,30.0,"8,9","32,8",Varias,85.0,97.0,03:00,71.0,13:00,Donosti,ES-PV
2023-01-18,1024E,"DONOSTIA / SAN SEBASTIÁN, IGELDO",GIPUZKOA,250,"5,0","13,3","1,6",15:30,"8,4",09:30,36.0,"8,6","21,4",17:40,78.0,95.0,02:00,57.0,10:00,Donosti,ES-PV
2023-01-19,1024E,"DONOSTIA / SAN SEBASTIÁN, IGELDO",GIPUZKOA,250,"7,6","9,5","3,5",09:50,"11,6",19:15,25.0,"9,2","25,0",16:20,86.0,99.0,Varias,66.0,05:50,Donosti,ES-PV
2023-01-20,1024E,"DONOSTIA / SAN SEBASTIÁN, IGELDO",GIPUZKOA,250,"5,6","0,0","3,0",05:50,"8,1",00:10,36.0,"2,2","13,6",00:10,73.0,100.0,02:00,52.0,14:30,Donosti,ES-PV
2023-01-21,1024E,"DONOSTIA / SAN SEBASTIÁN, IGELDO",GIPUZKOA,250,"4,0","0,0","1,0",23:59,"7,1",16:15,35.0,"3,3","13,9",18:30,65.0,80.0,Varias,57.0,19:00,Donosti,ES-PV
2023-01-22,1024E,"DONOSTIA / SAN SEBASTIÁN, IGELDO",GIPUZKOA,250,"3,6","0,0","-0,5",03:30,"7,8",20:30,1.0,"3,3","12,8",21:40,72.0,88.0,23:00,58.0,21:00,Donosti,ES-PV
2023-01-23,1024E,"DONOSTIA / SAN SEBASTIÁN, IGELDO",GIPUZKOA,250,"1,8","0,2","0,6",Varias,"3,0",00:10,4.0,"1,1","8,1",00:20,82.0,86.0,00:00,78.0,08:00,Donosti,ES-PV
2023-01-24,1024E,"DONOSTIA / SAN SEBASTIÁN, IGELDO",GIPUZKOA,250,"1,8","0,0","0,2",Varias,"3,4",Varias,7.0,"1,4","6,1",00:50,77.0,94.0,05:00,66.0,15:00,Donosti,ES-PV
2023-01-25,1024E,"DONOSTIA / SAN SEBASTIÁN, IGELDO",GIPUZKOA,250,"4,4","2,7","1,9",05:30,"7,0",18:45,36.0,"3,6","12,5",19:40,82.0,100.0,Varias,72.0,Varias,Donosti,ES-PV
2023-01-26,1024E,"DONOSTIA / SAN SEBASTIÁN, IGELDO",GIPUZKOA,250,"5,2","1,1","2,0",00:30,"8,3",13:30,1.0,"3,6","10,6",20:20,92.0,100.0,Varias,81.0,20:30,Donosti,ES-PV
2023-01-27,1024E,"DONOSTIA / SAN SEBASTIÁN, IGELDO",GIPUZKOA,250,"3,6","3,4","1,9",07:45,"5,4",18:15,3.0,"3,1","11,4",19:20,85.0,97.0,15:00,69.0,18:00,Donosti,ES-PV
2023-01-28,1024E,"DONOSTIA / SAN SEBASTIÁN, IGELDO",GIPUZKOA,250,"2,6","3,8","1,5",18:15,"3,6",02:00,9.0,"2,5","5,0",17:10,95.0,99.0,17:50,79.0,20:10,Donosti,ES-PV
2023-01-29,1024E,"DONOSTIA / SAN SEBASTIÁN, IGELDO",GIPUZKOA,250,"2,6","0,0","1,4",Varias,"3,8",15:30,14.0,"1,7","5,0",07:00,86.0,92.0,Varias,79.0,Varias,Donosti,ES-PV
2023-01-30,1024E,"DONOSTIA / SAN SEBASTIÁN, IGELDO",GIPUZKOA,250,"4,8","0,0","2,2",Varias,"7,4",12:45,35.0,"2,2","6,4",13:40,73.0,89.0,03:00,64.0,Varias,Donosti,ES-PV
2023-01-31,1024E,"DONOSTIA / SAN SEBASTIÁN, IGELDO",GIPUZKOA,250,"6,8",0,"5,0",03:45,"8,5",13:30,30.0,"0,8","4,2",15:20,89.0,99.0,Varias,73.0,00:00,Donosti,ES-PV
2023-02-01,1024E,"DONOSTIA / SAN SEBASTIÁN, IGELDO",GIPUZKOA,250,"7,6","0,0","6,0",07:20,"9,1",12:20,5.0,"1,4","7,5",06:10,84.0,100.0,07:00,68.0,16:00,Donosti,ES-PV
2023-02-02,1024E,"DONOSTIA / SAN SEBASTIÁN, IGELDO",GIPUZKOA,250,"6,6","0,0","4,6",07:30,"8,7",13:30,2.0,"3,1","6,9",14:40,76.0,81.0,11:30,70.0,03:30,Donosti,ES-PV
2023-02-03,1024E,"DONOSTIA / SAN SEBASTIÁN, IGELDO",GIPUZKOA,250,"6,0","0,0","3,5",07:15,"8,4",15:45,2.0,"1,7","4,4",15:10,80.0,91.0,23:59,71.0,00:00,Donosti,ES-PV
2023-02-04,1024E,"DONOSTIA / SAN SEBASTIÁN, IGELDO",GIPUZKOA,250,"6,3","0,0","4,4",06:30,"8,2",13:30,33.0,"2,5","6,1",17:00,84.0,96.0,08:00,77.0,13:00,Donosti,ES-PV
2023-02-05,1024E,"DONOSTIA / SAN SEBASTIÁN, IGELDO",GIPUZKOA,250,"7,6","0,0","6,6",03:00,"8,6",12:30,6.0,"2,2","9,2",20:50,87.0,92.0,18:10,67.0,Varias,Donosti,ES-PV
2023-02-06,1024E,"DONOSTIA / SAN SEBASTIÁN, IGELDO",GIPUZKOA,250,"5,6","0,0","3,0",08:15,"8,3",00:30,5.0,"2,5","8,9",02:00,80.0,90.0,Varias,67.0,00:00,Donosti,ES-PV
2023-02-07,1024E,"DONOSTIA / SAN SEBASTIÁN, IGELDO",GIPUZKOA,250,"4,8","0,0","3,0",04:25,"6,7",11:55,16.0,"2,2","7,2",16:20,86.0,94.0,09:10,78.0,18:00,Donosti,ES-PV
2023-02-08,1024E,"DONOSTIA / SAN SEBASTIÁN, IGELDO",GIPUZKOA,250,"6,0","0,0","3,0",07:45,"9,1",13:45,2.0,"2,5","6,1",14:40,80.0,90.0,00:00,68.0,21:00,Donosti,ES-PV
2023-02-09,1024E,"DONOSTIA / SAN SEBASTIÁN, IGELDO",GIPUZKOA,250,"6,4","0,0","3,0",06:30,"9,8",13:45,2.0,"2,2","5,0",14:10,65.0,89.0,04:00,50.0,13:30,Donosti,ES-PV
2023-02-10,1024E,"DONOSTIA / SAN SEBASTIÁN, IGELDO",GIPUZKOA,250,"5,9","0,0","2,6",07:40,"9,2",16:10,5.0,"2,5","6,4",15:40,67.0,77.0,Varias,56.0,18:00,Donosti,ES-PV
2023-02-11,1024E,"DONOSTIA / SAN SEBASTIÁN, IGELDO",GIPUZKOA,250,"9,6","0,0","4,5",05:15,"14,7",15:10,18.0,"7,2","16,1",23:59,36.0,61.0,00:00,25.0,Varias,Donosti,ES-PV
2023-02-12,1024E,"DONOSTIA / SAN SEBASTIÁN, IGELDO",GIPUZKOA,250,"11,6","0,0","7,2",06:45,"15,9",14:30,18.0,"6,7","17,5",01:10,31.0,47.0,06:00,21.0,18:00,Donosti,ES-PV
2023-02-13,1024E,"DONOSTIA / SAN SEBASTIÁN, IGELDO",GIPUZKOA,250,"12,5","0,0","7,7",Varias,"17,3",14:00,15.0,"6,7","15,8",23:59,36.0,48.0,07:00,26.0,14:00,Donosti,ES-PV
2023-02-14,1024E,"DONOSTIA / SAN SEBASTIÁN, IGELDO",GIPUZKOA,250,"14,0","0,0","11,5",Varias,"16,5",14:05,17.0,"10,6","23,6",06:30,33.0,42.0,Varias,25.0,14:15,Donosti,ES-PV
2023-02-15,1024E,"DONOSTIA / SAN SEBASTIÁN, IGELDO",GIPUZKOA,250,"13,9","0,0","10,0",23:40,"17,8",13:15,18.0,"4,4","16,4",05:30,51.0,73.0,23:59,41.0,Varias,Donosti,ES-PV
2023-02-16,1024E,"DONOSTIA / SAN SEBASTIÁN, IGELDO",GIPUZKOA,250,"11,0","0,0","8,3",07:30,"13,6",14:30,33.0,"1,4","5,3",Varias,66.0,76.0,22:00,54.0,14:00,Donosti,ES-PV
2023-02-17,1024E,"DONOSTIA / SAN SEBASTIÁN, IGELDO",GIPUZKOA,250,"10,8","0,0","7,5",07:05,"14,0",13:20,2.0,"1,9","4,2",14:20,72.0,89.0,Varias,57.0,14:00,Donosti,ES-PV
2023-02-18,1024E,"DONOSTIA / SAN SEBASTIÁN, IGELDO",GIPUZKOA,250,"13,8","0,0","9,7",01:30,"18,0",11:55,19.0,"3,6","10,0",08:50,44.0,92.0,23:59,34.0,12:05,Donosti,ES-PV
2023-02-19,1024E,"DONOSTIA / SAN SEBASTIÁN, IGELDO",GIPUZKOA,250,"10,5","0,0","9,0",Varias,"12,0",11:40,29.0,"1,7","6,1",00:10,97.0,100.0,Varias,81.0,02:00,Donosti,ES-PV
2023-02-20,1024E,"DONOSTIA / SAN SEBASTIÁN, IGELDO",GIPUZKOA,250,"14,8","0,0","8,2",07:30,"21,3",14:45,16.0,"2,8","10,3",Varias,69.0,100.0,Varias,30.0,23:00,Donosti,ES-PV
2023-02-21,1024E,"DONOSTIA / SAN SEBASTIÁN, IGELDO",GIPUZKOA,250,"14,8","0,1","10,4",23:59,"19,2",00:00,16.0,"3,6","14,7",02:10,74.0,96.0,Varias,31.0,00:00,Donosti,ES-PV
2023-02-22,1024E,"DONOSTIA / SAN SEBASTIÁN, IGELDO",GIPUZKOA,250,"11,3","31,9","9,6",21:30,"13,0",14:10,26.0,"1,7","6,4",10:30,88.0,97.0,Varias,75.0,14:00,Donosti,ES-PV
2023-02-23,1024E,"DONOSTIA / SAN SEBASTIÁN, IGELDO",GIPUZKOA,250,"7,2","34,0","3,8",23:20,"10,5",00:00,32.0,"1,4","20,3",01:30,95.0,100.0,02:00,88.0,03:00,Donosti,ES-PV
2023-02-24,1024E,"DONOSTIA / SAN SEBASTIÁN, IGELDO",GIPUZKOA,250,"7,2","0,0","2,9",01:45,"11,5",14:45,29.0,"4,4","12,8",01:00,61.0,94.0,02:00,45.0,16:00,Donosti,ES-PV
2023-02-25,1024E,"DONOSTIA / SAN SEBASTIÁN, IGELDO",GIPUZKOA,250,"7,0","0,1","4,6",07:10,"9,5",11:10,2.0,"2,5","11,4",20:20,61.0,87.0,23:00,50.0,00:00,Donosti,ES-PV
2023-02-26,1024E,"DONOSTIA / SAN SEBASTIÁN, IGELDO",GIPUZKOA,250,"5,0","0,0","3,2",23:59,"6,8",00:00,1.0,"8,3","15,6",17:40,60.0,87.0,01:00,44.0,21:00,Donosti,ES-PV
2023-02-27,1024E,"DONOSTIA / SAN SEBASTIÁN, IGELDO",GIPUZKOA,250,"1,4","2,6","-1,0",12:40,"3,7",06:30,1.0,"4,4","18,9",07:10,72.0,93.0,14:00,47.0,00:00,Donosti,ES-PV
2023-02-28,1024E,"DONOSTIA / SAN SEBASTIÁN, IGELDO",GIPUZKOA,250,"3,0",0,"0,6",00:00,"5,5",Varias,35.0,"5,0","12,8",17:40,62.0,92.0,00:00,51.0,23:00,Donosti,ES-PV
2023-03-01,1024E,"DONOSTIA / SAN SEBASTIÁN, IGELDO",GIPUZKOA,250,"2,6","0,0","0,5",06:40,"4,6",15:15,2.0,"1,7","6,4",11:50,52.0,64.0,22:00,46.0,Varias,Donosti,ES-PV
2023-03-02,1024E,"DONOSTIA / SAN SEBASTIÁN, IGELDO",GIPUZKOA,250,"5,9","0,1","3,4",02:30,"8,4",11:30,36.0,"5,3","10,3",12:40,71.0,74.0,18:00,61.0,00:00,Donosti,ES-PV
2023-03-03,1024E,"DONOSTIA / SAN SEBASTIÁN, IGELDO",GIPUZKOA,250,"5,7","0,8","4,4",08:45,"7,0",00:00,32.0,"2,5","10,3",06:10,83.0,97.0,08:00,63.0,04:00,Donosti,ES-PV
2023-03-04,1024E,"DONOSTIA / SAN SEBASTIÁN, IGELDO",GIPUZKOA,250,"6,2","0,0","3,0",05:45,"9,5",14:15,1.0,"1,9","5,3",14:30,68.0,85.0,23:59,56.0,Varias,Donosti,ES-PV
2023-03-05,1024E,"DONOSTIA / SAN SEBASTIÁN, IGELDO",GIPUZKOA,250,"6,2","0,0","2,6",05:45,"9,9",15:30,36.0,"2,2","6,1",14:40,81.0,90.0,Varias,61.0,10:00,Donosti,ES-PV
2023-03-06,1024E,"DONOSTIA / SAN SEBASTIÁN, IGELDO",GIPUZKOA,250,"8,0","0,0","6,2",23:45,"9,8",16:50,2.0,"1,7","6,1",14:00,82.0,91.0,Varias,73.0,11:00,Donosti,ES-PV
2023-03-07,1024E,"DONOSTIA / SAN SEBASTIÁN, IGELDO",GIPUZKOA,250,"10,8","4,7","5,9",00:00,"15,6",11:00,20.0,"5,0","15,8",23:30,85.0,100.0,Varias,57.0,11:00,Donosti,ES-PV
2023-03-08,1024E,"DONOSTIA / SAN SEBASTIÁN, IGELDO",GIPUZKOA,250,"17,0","0,1","13,9",23:59,"20,0",10:15,18.0,"8,3","19,7",09:00,60.0,80.0,23:59,51.0,10:00,Donosti,ES-PV
2023-03-09,1024E,"DONOSTIA / SAN SEBASTIÁN, IGELDO",GIPUZKOA,250,"16,8","0,5","12,8",15:40,"20,8",12:30,24.0,"5,8","19,4",12:00,56.0,82.0,01:00,39.0,14:00,Donosti,ES-PV
2023-03-10,1024E,"DONOSTIA / SAN SEBASTIÁN, IGELDO",GIPUZKOA,250,"15,2","0,0","11,0",06:40,"19,4",18:10,32.0,"5,0","16,4",04:00,71.0,96.0,07:00,51.0,19:00,Donosti,ES-PV
2023-03-11,1024E,"DONOSTIA / SAN SEBASTIÁN, IGELDO",GIPUZKOA,250,"15,4","40,0","12,5",14:45,"18,2",00:00,31.0,"3,6","12,5",14:40,87.0,100.0,Varias,54.0,Varias,Donosti,ES-PV
2023-03-12,1024E,"DONOSTIA / SAN SEBASTIÁN, IGELDO",GIPUZKOA,250,"16,2","0,2","12,1",02:00,"20,4",13:45,17.0,"2,2","11,4",23:59,87.0,100.0,Varias,65.0,23:59,Donosti,ES-PV
2023-03-13,1024E,"DONOSTIA / SAN SEBASTIÁN, IGELDO",GIPUZKOA,250,"17,1","5,3","10,0",18:40,"24,2",13:45,23.0,"8,3","23,9",14:50,58.0,92.0,18:00,29.0,Varias,Donosti,ES-PV
2023-03-14,1024E,"DONOSTIA / SAN SEBASTIÁN, IGELDO",GIPUZKOA,250,"10,8","0,5","9,0",07:30,"12,5",00:00,30.0,"5,8","22,2",04:40,85.0,95.0,08:00,60.0,01:00,Donosti,ES-PV
2023-03-15,1024E,"DONOSTIA / SAN SEBASTIÁN, IGELDO",GIPUZKOA,250,"12,8","0,0","9,6",06:30,"16,0",23:45,19.0,"2,2","10,0",23:59,76.0,83.0,08:00,43.0,23:59,Donosti,ES-PV
2023-03-16,1024E,"DONOSTIA / SAN SEBASTIÁN, IGELDO",GIPUZKOA,250,"20,1","0,0","15,2",01:45,"25,0",13:45,18.0,"6,9","18,3",,34.0,43.0,00:00,30.0,21:00,Donosti,ES-PV
2023-03-17,1024E,"DONOSTIA / SAN SEBASTIÁN, IGELDO",GIPUZKOA,250,"16,4","0,5","11,4",22:10,"21,5",15:15,20.0,"7,5","18,1",14:10,43.0,88.0,21:00,38.0,Varias,Donosti,ES-PV
2023-03-18,1024E,"DONOSTIA / SAN SEBASTIÁN, IGELDO",GIPUZKOA,250,"13,0","13,2","9,8",22:15,"16,1",11:30,31.0,"5,0","15,3",23:50,77.0,100.0,Varias,50.0,11:00,Donosti,ES-PV
2023-03-19,1024E,"DONOSTIA / SAN SEBASTIÁN, IGELDO",GIPUZKOA,250,"10,6","1,0","8,4",23:59,"12,8",15:20,32.0,"3,9","16,4",03:40,92.0,100.0,Varias,77.0,Varias,Donosti,ES-PV
2023-03-20,1024E,"DONOSTIA / SAN SEBASTIÁN, IGELDO",GIPUZKOA,250,"11,2","0,0","7,0",06:30,"15,5",15:55,18.0,"2,5","4,7",06:30,72.0,94.0,03:00,50.0,17:00,Donosti,ES-PV
2023-03-21,1024E,"DONOSTIA / SAN SEBASTIÁN, IGELDO",GIPUZKOA,250,"11,8","0,0","9,1",05:45,"14,6",12:15,99.0,"2,2","6,4",Varias,90.0,98.0,Varias,70.0,00:00,Donosti,ES-PV
2023-03-22,1024E,"DONOSTIA / SAN SEBASTIÁN, IGELDO",GIPUZKOA,250,"14,6","0,2","9,2",02:30,"20,0",23:00,20.0,"3,6","13,1",23:59,77.0,91.0,00:00,41.0,23:59,Donosti,ES-PV
2023-03-23,1024E,"DONOSTIA / SAN SEBASTIÁN, IGELDO",GIPUZKOA,250,"19,4",0,"16,3",03:00,"22,5",12:45,20.0,"6,1","16,7",23:40,32.0,48.0,03:00,19.0,21:00,Donosti,ES-PV
2023-03-24,1024E,"DONOSTIA / SAN SEBASTIÁN, IGELDO",GIPUZKOA,250,"15,0",0,"10,0",23:10,"20,0",00:00,25.0,"2,5","15,0",00:30,79.0,96.0,07:00,28.0,00:00,Donosti,ES-PV
2023-03-25,1024E,"DONOSTIA / SAN SEBASTIÁN, IGELDO",GIPUZKOA,250,"14,0","1,7","8,6",04:15,"19,3",21:30,29.0,"3,1","14,2",23:10,70.0,80.0,23:59,42.0,21:00,Donosti,ES-PV
2023-03-26,1024E,"DONOSTIA / SAN SEBASTIÁN, IGELDO",GIPUZKOA,250,"11,1","4,8","8,7",22:30,"13,5",Varias,29.0,"10,3","24,7",19:20,75.0,97.0,23:59,62.0,12:10,Donosti,ES-PV
2023-03-27,1024E,"DONOSTIA / SAN SEBASTIÁN, IGELDO",GIPUZKOA,250,"10,1","0,0","7,4",23:50,"12,8",14:00,32.0,"3,6","13,9",00:20,85.0,97.0,00:00,73.0,12:00,Donosti,ES-PV
2023-03-28,1024E,"DONOSTIA / SAN SEBASTIÁN, IGELDO",GIPUZKOA,250,"16,0","0,0","6,9",02:20,"25,2",16:30,18.0,"5,8","13,6",23:40,43.0,89.0,00:00,31.0,Varias,Donosti,ES-PV
2023-03-29,1024E,"DONOSTIA / SAN SEBASTIÁN, IGELDO",GIPUZKOA,250,"20,5","0,0","14,0",23:59,"27,0",13:58,18.0,"8,6","18,3",07:50,32.0,76.0,23:59,28.0,14:05,Donosti,ES-PV
2023-03-30,1024E,"DONOSTIA / SAN SEBASTIÁN, IGELDO",GIPUZKOA,250,"17,3","0,0","13,0",04:15,"21,6",18:00,21.0,"3,6","16,9",19:20,63.0,84.0,06:30,37.0,18:00,Donosti,ES-PV
2023-03-31,1024E,"DONOSTIA / SAN SEBASTIÁN, IGELDO",GIPUZKOA,250,"15,4","0,1","11,3",23:05,"19,6",00:00,30.0,"6,7","13,9",18:10,77.0,89.0,06:00,44.0,00:00,Donosti,ES-PV
2023-04-01,1024E,"DONOSTIA / SAN SEBASTIÁN, IGELDO",GIPUZKOA,250,"10,2","16,9","8,0",13:15,"12,4",09:10,31.0,"7,8","23,1",23:00,88.0,100.0,23:59,68.0,09:00,Donosti,ES-PV
2023-04-02,1024E,"DONOSTIA / SAN SEBASTIÁN, IGELDO",GIPUZKOA,250,"9,6","5,3","8,0",01:30,"11,3",13:30,34.0,"9,4","19,7",01:10,86.0,100.0,Varias,77.0,Varias,Donosti,ES-PV
2023-04-03,1024E,"DONOSTIA / SAN SEBASTIÁN, IGELDO",GIPUZKOA,250,"10,0","0,0","7,0",03:30,"13,0",14:30,1.0,"3,3","7,5",Varias,83.0,97.0,10:00,73.0,12:00,Donosti,ES-PV
2023-04-04,1024E,"DONOSTIA / SAN SEBASTIÁN, IGELDO",GIPUZKOA,250,"8,2","0,0","5,6",05:30,"10,7",14:10,32.0,"2,8","7,8",15:10,81.0,94.0,Varias,71.0,Varias,Donosti,ES-PV
2023-04-05,1024E,"DONOSTIA / SAN SEBASTIÁN, IGELDO",GIPUZKOA,250,"7,8","0,0","3,7",06:15,"11,9",14:15,36.0,"2,2","5,8",Varias,79.0,90.0,Varias,69.0,23:00,Donosti,ES-PV
2023-04-06,1024E,"DONOSTIA / SAN SEBASTIÁN, IGELDO",GIPUZKOA,250,"10,0","0,0","6,5",06:15,"13,4",13:30,34.0,"2,5","6,9",14:35,80.0,93.0,22:15,69.0,13:30,Donosti,ES-PV
2023-04-07,1024E,"DONOSTIA / SAN SEBASTIÁN, IGELDO",GIPUZKOA,250,"11,4","0,0","6,4",05:10,"16,4",14:15,5.0,"1,9","6,4",14:30,73.0,92.0,Varias,58.0,14:00,Donosti,ES-PV
2023-04-08,1024E,"DONOSTIA / SAN SEBASTIÁN, IGELDO",GIPUZKOA,250,"13,1","0,0","9,2",03:15,"17,0",14:45,4.0,"1,4","5,6",14:10,64.0,97.0,Varias,48.0,18:30,Donosti,ES-PV
2023-04-09,1024E,"DONOSTIA / SAN SEBASTIÁN, IGELDO",GIPUZKOA,250,"16,6","0,0","11,0",23:59,"22,3",10:30,31.0,"3,9","8,9",14:10,54.0,98.0,Varias,28.0,10:00,Donosti,ES-PV
2023-04-10,1024E,"DONOSTIA / SAN SEBASTIÁN, IGELDO",GIPUZKOA,250,"12,6","0,0","9,2",05:10,"16,0",14:20,31.0,"1,9","6,4",10:20,76.0,97.0,02:00,64.0,18:00,Donosti,ES-PV
2023-04-11,1024E,"DONOSTIA / SAN SEBASTIÁN, IGELDO",GIPUZKOA,250,"13,4","0,0","11,5",23:59,"15,4",12:15,28.0,"2,5","7,5",01:50,88.0,95.0,Varias,70.0,Varias,Donosti,ES-PV
2023-04-12,1024E,"DONOSTIA / SAN SEBASTIÁN, IGELDO",GIPUZKOA,250,"11,2","20,6","7,0",23:30,"15,5",07:10,31.0,"6,1","17,5",10:30,74.0,98.0,Varias,58.0,07:10,Donosti,ES-PV
2023-04-13,1024E,"DONOSTIA / SAN SEBASTIÁN, IGELDO",GIPUZKOA,250,"8,0","16,8","5,5",05:30,"10,4",13:45,32.0,"6,4","17,5",15:00,88.0,95.0,18:00,73.0,01:00,Donosti,ES-PV
2023-04-14,1024E,"DONOSTIA / SAN SEBASTIÁN, IGELDO",GIPUZKOA,250,"11,4","4,3","8,3",04:00,"14,4",11:30,30.0,"8,9","18,9",18:00,80.0,93.0,09:00,69.0,15:00,Donosti,ES-PV
2023-04-15,1024E,"DONOSTIA / SAN SEBASTIÁN, IGELDO",GIPUZKOA,250,"10,5","6,3","9,0",23:59,"12,0",00:15,30.0,"5,8","15,6",01:00,97.0,100.0,Varias,88.0,02:00,Donosti,ES-PV
2023-04-16,1024E,"DONOSTIA / SAN SEBASTIÁN, IGELDO",GIPUZKOA,250,"10,0","0,0","6,8",05:30,"13,2",14:30,36.0,"2,5","6,1",15:40,81.0,97.0,00:00,70.0,13:00,Donosti,ES-PV
2023-04-17,1024E,"DONOSTIA / SAN SEBASTIÁN, IGELDO",GIPUZKOA,250,"11,1","0,0","8,6",02:00,"13,6",14:50,33.0,"2,8","7,5",Varias,74.0,90.0,Varias,63.0,12:15,Donosti,ES-PV
2023-04-18,1024E,"DONOSTIA / SAN SEBASTIÁN, IGELDO",GIPUZKOA,250,"11,4","0,0","9,2",06:30,"13,5",15:45,35.0,"2,5","7,5",11:50,84.0,92.0,Varias,70.0,10:00,Donosti,ES-PV
2023-04-19,1024E,"DONOSTIA / SAN SEBASTIÁN, IGELDO",GIPUZKOA,250,"14,6","0,0","8,8",02:30,"20,5",15:50,19.0,"3,1","8,6",10:40,58.0,89.0,03:00,45.0,15:00,Donosti,ES-PV
2023-04-20,1024E,"DONOSTIA / SAN SEBASTIÁN, IGELDO",GIPUZKOA,250,"13,8","0,0","10,6",22:30,"17,0",08:15,32.0,"2,5","9,2",12:20,84.0,99.0,20:30,65.0,08:30,Donosti,ES-PV
2023-04-21,1024E,"DONOSTIA / SAN SEBASTIÁN, IGELDO",GIPUZKOA,250,"14,0","11,5","8,6",04:50,"19,4",15:30,28.0,"2,8","16,9",19:40,78.0,98.0,22:00,73.0,18:00,Donosti,ES-PV
2023-04-22,1024E,"DONOSTIA / SAN SEBASTIÁN, IGELDO",GIPUZKOA,250,"13,6","1,2","11,0",05:55,"16,1",13:50,18.0,"1,4","9,7",23:50,75.0,98.0,Varias,62.0,Varias,Donosti,ES-PV
2023-04-23,1024E,"DONOSTIA / SAN SEBASTIÁN, IGELDO",GIPUZKOA,250,"14,1","4,8","11,0",23:59,"17,2",05:50,20.0,"1,9","13,6",02:40,79.0,98.0,Varias,43.0,06:00,Donosti,ES-PV
2023-04-24,1024E,"DONOSTIA / SAN SEBASTIÁN, IGELDO",GIPUZKOA,250,"13,4","1,0","10,5",00:50,"16,3",09:15,31.0,"2,8","9,4",18:10,77.0,93.0,22:00,70.0,10:00,Donosti,ES-PV
2023-04-25,1024E,"DONOSTIA / SAN SEBASTIÁN, IGELDO",GIPUZKOA,250,"15,8","2,0","13,5",00:10,"18,1",15:30,29.0,"1,9","7,5",07:00,87.0,98.0,Varias,79.0,15:00,Donosti,ES-PV
2023-04-26,1024E,"DONOSTIA / SAN SEBASTIÁN, IGELDO",GIPUZKOA,250,"16,5","0,0","13,6",Varias,"19,4",12:50,2.0,"1,9","7,2",14:40,88.0,98.0,Varias,75.0,13:10,Donosti,ES-PV
2023-04-27,1024E,"DONOSTIA / SAN SEBASTIÁN, IGELDO",GIPUZKOA,250,"18,3","0,0","14,0",05:30,"22,6",16:30,16.0,"1,9","4,2",05:10,78.0,97.0,06:00,64.0,17:00,Donosti,ES-PV
2023-04-28,1024E,"DONOSTIA / SAN SEBASTIÁN, IGELDO",GIPUZKOA,250,"18,0","0,3","14,0",Varias,"22,0",10:45,30.0,"4,2","14,7",18:10,89.0,100.0,Varias,67.0,10:00,Donosti,ES-PV
2023-04-29,1024E,"DONOSTIA / SAN SEBASTIÁN, IGELDO",GIPUZKOA,250,"14,2","3,3","13,0",21:15,"15,5",15:30,31.0,"4,4","11,1",21:50,100.0,100.0,Varias,95.0,16:00,Donosti,ES-PV
2023-04-30,1024E,"DONOSTIA / SAN SEBASTIÁN, IGELDO",GIPUZKOA,250,"13,5","1,1","11,5",03:15,"15,5",14:45,33.0,"3,1","9,2",01:40,93.0,100.0,Varias,86.0,15:00,Donosti,ES-PV
2023-05-01,1024E,"DONOSTIA / SAN SEBASTIÁN, IGELDO",GIPUZKOA,250,"13,3","0,1","11,0",23:15,"15,6",15:30,2.0,"2,5","6,1",12:50,93.0,100.0,06:00,76.0,Varias,Donosti,ES-PV
2023-05-02,1024E,"DONOSTIA / SAN SEBASTIÁN, IGELDO",GIPUZKOA,250,"13,5","0,0","9,0",06:30,"18,0",Varias,3.0,"2,8","8,1",16:30,77.0,100.0,06:00,64.0,18:00,Donosti,ES-PV
2023-05-03,1024E,"DONOSTIA / SAN SEBASTIÁN, IGELDO",GIPUZKOA,250,"21,6","0,0","13,0",03:30,"30,2",15:30,31.0,"6,7","21,1",21:10,27.0,83.0,23:59,23.0,12:00,Donosti,ES-PV
2023-05-04,1024E,"DONOSTIA / SAN SEBASTIÁN, IGELDO",GIPUZKOA,250,"17,2","0,0","13,6",03:45,"20,8",09:45,31.0,"4,7","14,7",00:10,63.0,84.0,21:00,53.0,11:00,Donosti,ES-PV
2023-05-05,1024E,"DONOSTIA / SAN SEBASTIÁN, IGELDO",GIPUZKOA,250,"16,2","0,0","12,8",03:15,"19,5",14:15,1.0,"2,2","5,0",11:20,78.0,92.0,21:30,60.0,14:00,Donosti,ES-PV
2023-05-06,1024E,"DONOSTIA / SAN SEBASTIÁN, IGELDO",GIPUZKOA,250,"16,2","1,3","13,5",Varias,"19,0",07:45,30.0,"4,2","11,9",11:50,80.0,93.0,23:59,60.0,07:30,Donosti,ES-PV
2023-05-07,1024E,"DONOSTIA / SAN SEBASTIÁN, IGELDO",GIPUZKOA,250,"14,7","0,0","12,0",23:59,"17,4",14:45,33.0,"1,9","6,9",12:40,88.0,98.0,23:59,79.0,14:00,Donosti,ES-PV
2023-05-08,1024E,"DONOSTIA / SAN SEBASTIÁN, IGELDO",GIPUZKOA,250,"14,7","0,0","10,4",03:50,"19,0",15:10,3.0,"1,4","5,0",14:00,70.0,98.0,Varias,59.0,15:10,Donosti,ES-PV
2023-05-09,1024E,"DONOSTIA / SAN SEBASTIÁN, IGELDO",GIPUZKOA,250,"14,9","12,3","12,8",23:59,"17,0",12:50,33.0,"4,4","14,4",15:20,81.0,100.0,Varias,57.0,07:00,Donosti,ES-PV
2023-05-10,1024E,"DONOSTIA / SAN SEBASTIÁN, IGELDO",GIPUZKOA,250,"12,8","26,2","10,3",05:45,"15,2",12:15,33.0,"5,6","12,5",12:50,84.0,92.0,Varias,71.0,17:00,Donosti,ES-PV
2023-05-11,1024E,"DONOSTIA / SAN SEBASTIÁN, IGELDO",GIPUZKOA,250,"12,0","47,8","9,6",20:15,"14,5",14:30,32.0,"4,4","15,6",09:20,91.0,97.0,19:30,74.0,15:00,Donosti,ES-PV
2023-05-12,1024E,"DONOSTIA / SAN SEBASTIÁN, IGELDO",GIPUZKOA,250,"11,8","5,7","9,0",05:50,"14,5",11:45,36.0,"4,7","10,3",20:10,85.0,99.0,09:00,70.0,18:15,Donosti,ES-PV
2023-05-13,1024E,"DONOSTIA / SAN SEBASTIÁN, IGELDO",GIPUZKOA,250,"13,0","10,2","11,0",10:50,"15,0",13:45,30.0,"6,4","12,2",08:10,85.0,98.0,Varias,76.0,13:30,Donosti,ES-PV
2023-05-14,1024E,"DONOSTIA / SAN SEBASTIÁN, IGELDO",GIPUZKOA,250,"13,1",0,"12,0",02:50,"14,2",13:10,33.0,"7,8","14,4",16:10,96.0,100.0,Varias,88.0,19:00,Donosti,ES-PV
2023-05-15,1024E,"DONOSTIA / SAN SEBASTIÁN, IGELDO",GIPUZKOA,250,"12,6","6,4","10,8",19:05,"14,3",12:20,31.0,"5,8","16,1",19:10,90.0,99.0,16:00,81.0,10:00,Donosti,ES-PV
2023-05-16,1024E,"DONOSTIA / SAN SEBASTIÁN, IGELDO",GIPUZKOA,250,"12,9","0,0","11,2",19:30,"14,6",13:30,34.0,"5,6","13,6",02:30,71.0,98.0,00:00,59.0,Varias,Donosti,ES-PV
2023-05-17,1024E,"DONOSTIA / SAN SEBASTIÁN, IGELDO",GIPUZKOA,250,"12,8","0,0","10,0",05:10,"15,6",14:30,2.0,"3,6","11,9",22:20,65.0,89.0,23:15,57.0,14:00,Donosti,ES-PV
2023-05-18,1024E,"DONOSTIA / SAN SEBASTIÁN, IGELDO",GIPUZKOA,250,"13,3","0,0","10,5",04:15,"16,1",12:30,36.0,"4,7","11,9",14:40,62.0,84.0,23:59,54.0,13:30,Donosti,ES-PV
2023-05-19,1024E,"DONOSTIA / SAN SEBASTIÁN, IGELDO",GIPUZKOA,250,"14,4","0,0","12,4",21:00,"16,5",12:30,36.0,"5,6","11,1",00:20,71.0,92.0,05:00,58.0,13:00,Donosti,ES-PV
2023-05-20,1024E,"DONOSTIA / SAN SEBASTIÁN, IGELDO",GIPUZKOA,250,"14,4","0,0","12,2",00:10,"16,5",13:30,30.0,"5,0","13,9",03:10,86.0,93.0,Varias,73.0,00:00,Donosti,ES-PV
2023-05-21,1024E,"DONOSTIA / SAN SEBASTIÁN, IGELDO",GIPUZKOA,250,"14,2",0,"12,0",04:00,"16,4",09:30,33.0,"3,9","8,9",11:30,88.0,98.0,Varias,81.0,09:00,Donosti,ES-PV
2023-05-22,1024E,"DONOSTIA / SAN SEBASTIÁN, IGELDO",GIPUZKOA,250,"14,4","3,5","13,2",09:00,"15,6",14:10,30.0,"3,3","7,2",11:40,98.0,100.0,Varias,91.0,03:00,Donosti,ES-PV
2023-05-23,1024E,"DONOSTIA / SAN SEBASTIÁN, IGELDO",GIPUZKOA,250,"15,0","1,4","14,0",00:00,"16,0",15:15,29.0,"3,9","9,7",12:50,100.0,100.0,Varias,99.0,Varias,Donosti,ES-PV
2023-05-24,1024E,"DONOSTIA / SAN SEBASTIÁN, IGELDO",GIPUZKOA,250,"15,2","0,0","13,5",22:00,"16,8",11:30,30.0,"3,3","8,9",Varias,96.0,100.0,Varias,89.0,12:00,Donosti,ES-PV
2023-05-25,1024E,"DONOSTIA / SAN SEBASTIÁN, IGELDO",GIPUZKOA,250,"14,2","1,3","12,1",23:30,"16,4",10:05,28.0,"5,0","10,6",02:00,80.0,94.0,Varias,65.0,17:50,Donosti,ES-PV
2023-05-26,1024E,"DONOSTIA / SAN SEBASTIÁN, IGELDO",GIPUZKOA,250,"16,0","0,0","11,5",05:30,"20,4",17:30,3.0,"1,4","6,1",16:20,76.0,96.0,04:00,71.0,18:00,Donosti,ES-PV
2023-05-27,1024E,"DONOSTIA / SAN SEBASTIÁN, IGELDO",GIPUZKOA,250,"21,5","0,0","17,0",Varias,"26,0",11:40,6.0,"3,9","8,9",16:50,60.0,78.0,00:00,45.0,11:55,Donosti,ES-PV
2023-05-28,1024E,"DONOSTIA / SAN SEBASTIÁN, IGELDO",GIPUZKOA,250,"18,2","0,0","15,8",23:00,"20,6",08:45,31.0,"2,8","7,5",14:40,89.0,100.0,Varias,73.0,00:00,Donosti,ES-PV
2023-05-29,1024E,"DONOSTIA / SAN SEBASTIÁN, IGELDO",GIPUZKOA,250,"18,2","0,0","15,2",23:59,"21,2",10:30,2.0,"2,2","5,6",14:00,85.0,100.0,Varias,69.0,17:00,Donosti,ES-PV
2023-05-30,1024E,"DONOSTIA / SAN SEBASTIÁN, IGELDO",GIPUZKOA,250,"17,4","0,0","14,8",01:50,"20,0",14:30,33.0,"2,8","6,4",17:50,90.0,97.0,23:59,84.0,14:00,Donosti,ES-PV
2023-05-31,1024E,"DONOSTIA / SAN SEBASTIÁN, IGELDO",GIPUZKOA,250,"17,0","0,0","15,5",04:30,"18,6",12:15,33.0,"3,3","7,5",12:00,93.0,99.0,Varias,86.0,09:00,Donosti,ES-PV
2023-06-01,1024E,"DONOSTIA / SAN SEBASTIÁN, IGELDO",GIPUZKOA,250,"17,0","0,0","14,4",15:30,"19,6",15:45,2.0,"2,2","6,4",12:40,92.0,100.0,01:00,81.0,16:00,Donosti,ES-PV
2023-06-02,1024E,"DONOSTIA / SAN SEBASTIÁN, IGELDO",GIPUZKOA,250,"20,4","0,0","16,5",00:00,"24,4",10:00,4.0,"3,3","8,1",12:50,66.0,90.0,00:00,55.0,10:00,Donosti,ES-PV
2023-06-03,1024E,"DONOSTIA / SAN SEBASTIÁN, IGELDO",GIPUZKOA,250,"19,9","0,0","16,8",02:30,"23,0",18:10,35.0,"2,8","6,7",13:00,76.0,97.0,21:00,67.0,09:55,Donosti,ES-PV
2023-06-04,1024E,"DONOSTIA / SAN SEBASTIÁN, IGELDO",GIPUZKOA,250,"18,4","0,0","15,5",04:10,"21,3",15:25,33.0,"1,9","6,1",14:20,85.0,96.0,Varias,79.0,16:10,Donosti,ES-PV
2023-06-05,1024E,"DONOSTIA / SAN SEBASTIÁN, IGELDO",GIPUZKOA,250,"19,0","0,0","16,6",04:00,"21,5",13:30,35.0,"2,5","6,4",14:00,88.0,99.0,05:00,82.0,Varias,Donosti,ES-PV
2023-06-06,1024E,"DONOSTIA / SAN SEBASTIÁN, IGELDO",GIPUZKOA,250,"20,5","0,0","17,0",Varias,"24,0",14:45,36.0,"2,5","6,9",17:00,82.0,96.0,03:00,72.0,Varias,Donosti,ES-PV
2023-06-07,1024E,"DONOSTIA / SAN SEBASTIÁN, IGELDO",GIPUZKOA,250,"22,4","0,0","18,5",00:10,"26,2",12:05,17.0,"5,6","15,0",22:20,72.0,91.0,00:10,69.0,Varias,Donosti,ES-PV
2023-06-08,1024E,"DONOSTIA / SAN SEBASTIÁN, IGELDO",GIPUZKOA,250,"23,8",0,"19,4",23:59,"28,1",17:10,18.0,"8,3","14,4",00:10,50.0,93.0,23:59,42.0,17:00,Donosti,ES-PV
2023-06-09,1024E,"DONOSTIA / SAN SEBASTIÁN, IGELDO",GIPUZKOA,250,"22,9","0,3","18,3",23:55,"27,5",12:15,23.0,"3,6","11,9",09:00,57.0,93.0,00:00,42.0,12:00,Donosti,ES-PV
2023-06-10,1024E,"DONOSTIA / SAN SEBASTIÁN, IGELDO",GIPUZKOA,250,"20,5","11,5","18,0",Varias,"23,0",12:15,35.0,"2,5","6,1",15:20,86.0,94.0,21:00,72.0,10:00,Donosti,ES-PV
2023-06-11,1024E,"DONOSTIA / SAN SEBASTIÁN, IGELDO",GIPUZKOA,250,"19,8","22,2","17,4",06:30,"22,2",13:30,22.0,"3,3","6,7",22:30,90.0,98.0,Varias,82.0,15:00,Donosti,ES-PV
2023-06-12,1024E,"DONOSTIA / SAN SEBASTIÁN, IGELDO",GIPUZKOA,250,"19,2","2,0","16,0",23:45,"22,3",14:15,28.0,"2,2","6,4",18:30,90.0,98.0,Varias,74.0,14:20,Donosti,ES-PV
2023-06-13,1024E,"DONOSTIA / SAN SEBASTIÁN, IGELDO",GIPUZKOA,250,"18,2","28,9","16,0",00:10,"20,5",09:45,29.0,"5,0","15,8",17:30,94.0,100.0,Varias,81.0,09:45,Donosti,ES-PV
2023-06-14,1024E,"DONOSTIA / SAN SEBASTIÁN, IGELDO",GIPUZKOA,250,"18,2","0,0","16,8",23:59,"19,7",13:40,33.0,"5,6","17,2",00:30,90.0,100.0,Varias,81.0,14:00,Donosti,ES-PV
2023-06-15,1024E,"DONOSTIA / SAN SEBASTIÁN, IGELDO",GIPUZKOA,250,"18,2","0,0","15,8",23:59,"20,6",13:30,3.0,"2,8","5,8",13:30,74.0,93.0,04:00,66.0,09:30,Donosti,ES-PV
2023-06-16,1024E,"DONOSTIA / SAN SEBASTIÁN, IGELDO",GIPUZKOA,250,"19,8","0,0","14,5",04:50,"25,2",16:40,30.0,"2,5","7,5",21:00,87.0,98.0,Varias,76.0,17:00,Donosti,ES-PV
2023-06-17,1024E,"DONOSTIA / SAN SEBASTIÁN, IGELDO",GIPUZKOA,250,"19,2","8,8","17,5",23:40,"21,0",06:15,25.0,"4,2","10,0",15:50,95.0,98.0,Varias,90.0,06:10,Donosti,ES-PV
2023-06-18,1024E,"DONOSTIA / SAN SEBASTIÁN, IGELDO",GIPUZKOA,250,"19,0","24,3","16,6",02:30,"21,5",14:30,24.0,"3,3","11,9",17:30,96.0,100.0,Varias,87.0,15:45,Donosti,ES-PV
2023-06-19,1024E,"DONOSTIA / SAN SEBASTIÁN, IGELDO",GIPUZKOA,250,"21,0","3,2","17,5",00:20,"24,5",15:40,17.0,"8,1","20,3",13:40,61.0,100.0,Varias,52.0,16:00,Donosti,ES-PV
2023-06-20,1024E,"DONOSTIA / SAN SEBASTIÁN, IGELDO",GIPUZKOA,250,"19,5","30,9","17,5",05:30,"21,5",12:15,28.0,"2,8","12,2",07:50,97.0,100.0,Varias,91.0,Varias,Donosti,ES-PV
2023-06-21,1024E,"DONOSTIA / SAN SEBASTIÁN, IGELDO",GIPUZKOA,250,"18,3","10,1","16,8",03:30,"19,8",10:30,30.0,"2,2","10,0",21:20,99.0,100.0,Varias,95.0,11:00,Donosti,ES-PV
2023-06-22,1024E,"DONOSTIA / SAN SEBASTIÁN, IGELDO",GIPUZKOA,250,"19,0","0,7","16,6",03:45,"21,3",17:15,27.0,"3,9","9,7",00:30,91.0,100.0,Varias,80.0,16:00,Donosti,ES-PV
2023-06-23,1024E,"DONOSTIA / SAN SEBASTIÁN, IGELDO",GIPUZKOA,250,"19,2","0,0","15,6",04:50,"22,8",14:30,1.0,"2,8","6,1",17:30,87.0,97.0,Varias,77.0,14:00,Donosti,ES-PV
2023-06-24,1024E,"DONOSTIA / SAN SEBASTIÁN, IGELDO",GIPUZKOA,250,"21,4","0,0","16,8",04:45,"26,0",19:30,1.0,"1,9","5,0",15:40,80.0,98.0,Varias,66.0,Varias,Donosti,ES-PV
2023-06-25,1024E,"DONOSTIA / SAN SEBASTIÁN, IGELDO",GIPUZKOA,250,"20,6","1,0","18,5",22:00,"22,8",04:10,30.0,"4,7","10,6",05:00,93.0,100.0,Varias,74.0,04:05,Donosti,ES-PV
2023-06-26,1024E,"DONOSTIA / SAN SEBASTIÁN, IGELDO",GIPUZKOA,250,"19,8","4,6","17,5",10:55,"22,0",14:20,1.0,"2,8","7,5",16:20,85.0,99.0,11:00,74.0,13:30,Donosti,ES-PV
2023-06-27,1024E,"DONOSTIA / SAN SEBASTIÁN, IGELDO",GIPUZKOA,250,"18,7","0,0","17,0",06:20,"20,4",12:40,2.0,"1,7","6,1",04:40,80.0,88.0,07:00,75.0,18:00,Donosti,ES-PV
2023-06-28,1024E,"DONOSTIA / SAN SEBASTIÁN, IGELDO",GIPUZKOA,250,"18,9","1,2","17,5",01:30,"20,3",13:45,29.0,"3,6","6,7",23:59,92.0,94.0,Varias,84.0,00:00,Donosti,ES-PV
2023-06-29,1024E,"DONOSTIA / SAN SEBASTIÁN, IGELDO",GIPUZKOA,250,"18,2","4,5","15,8",23:59,"20,6",10:30,31.0,"3,9","15,3",22:20,85.0,100.0,23:59,81.0,12:00,Donosti,ES-PV
2023-06-30,1024E,"DONOSTIA / SAN SEBASTIÁN, IGELDO",GIPUZKOA,250,"17,4",0,"15,0",00:45,"19,7",16:50,34.0,"5,0","15,0",01:40,67.0,100.0,00:00,64.0,06:30,Donosti,ES-PV
2023-01-01,1082,BILBAO AEROPUERTO,BIZKAIA,42,"19,2","5,1","13,4",23:20,"25,1",13:17,23.0,"5,6","16,9",13:49,36.0,92.0,23:59,26.0,15:24,Bilbao,ES-PV
2023-01-02,1082,BILBAO AEROPUERTO,BIZKAIA,42,"9,8","0,0","5,0",23:57,"14,7",13:30,29.0,"1,4","9,2",02:43,80.0,95.0,Varias,53.0,13:58,Bilbao,ES-PV
2023-01-03,1082,BILBAO AEROPUERTO,BIZKAIA,42,"9,1","0,0","3,2",05:27,"15,0",14:43,23.0,"1,9","5,8",13:08,76.0,97.0,07:00,43.0,14:51,Bilbao,ES-PV
2023-01-04,1082,BILBAO AEROPUERTO,BIZKAIA,42,"10,6","0,0","3,4",06:09,"17,7",14:21,8.0,"1,1","5,8",06:33,72.0,89.0,Varias,46.0,14:14,Bilbao,ES-PV
2023-01-05,1082,BILBAO AEROPUERTO,BIZKAIA,42,"11,5","0,0","5,3",23:33,"17,7",14:46,8.0,"1,4","4,7",16:07,72.0,93.0,Varias,48.0,13:17,Bilbao,ES-PV
2023-01-06,1082,BILBAO AEROPUERTO,BIZKAIA,42,"10,1","0,0","2,7",07:37,"17,5",13:50,99.0,"1,9","10,3",Varias,75.0,95.0,07:00,25.0,22:50,Bilbao,ES-PV
2023-01-07,1082,BILBAO AEROPUERTO,BIZKAIA,42,"14,0","12,8","9,9",01:40,"18,0",13:42,21.0,"5,3","21,1",05:06,54.0,95.0,Varias,36.0,00:11,Bilbao,ES-PV
2023-01-08,1082,BILBAO AEROPUERTO,BIZKAIA,42,"12,4","12,9","8,5",05:57,"16,3",14:03,30.0,"4,2","16,4",14:55,82.0,97.0,06:18,62.0,13:29,Bilbao,ES-PV
2023-01-09,1082,BILBAO AEROPUERTO,BIZKAIA,42,"9,4","0,4","5,4",23:31,"13,5",15:08,30.0,"4,2","13,3",04:45,72.0,93.0,Varias,54.0,11:11,Bilbao,ES-PV
2023-01-10,1082,BILBAO AEROPUERTO,BIZKAIA,42,"10,9","4,7","3,8",Varias,"18,0",14:27,22.0,"2,5","9,2",23:46,66.0,94.0,00:00,42.0,14:33,Bilbao,ES-PV
2023-01-11,1082,BILBAO AEROPUERTO,BIZKAIA,42,"12,0","0,7","7,0",23:55,"16,9",03:36,29.0,"2,2","15,3",05:05,82.0,94.0,Varias,53.0,03:12,Bilbao,ES-PV
2023-01-12,1082,BILBAO AEROPUERTO,BIZKAIA,42,"9,2","0,0","4,2",Varias,"14,2",13:04,29.0,"3,1","7,8",12:34,80.0,96.0,03:27,55.0,11:49,Bilbao,ES-PV
2023-01-13,1082,BILBAO AEROPUERTO,BIZKAIA,42,"10,2","2,0","6,6",22:40,"13,8",15:17,17.0,"1,9","7,8",07:04,84.0,96.0,Varias,67.0,04:18,Bilbao,ES-PV
2023-01-14,1082,BILBAO AEROPUERTO,BIZKAIA,42,"13,6","10,0","8,7",00:25,"18,5",13:26,20.0,"4,2","17,5",18:37,54.0,78.0,00:26,44.0,23:11,Bilbao,ES-PV
2023-01-15,1082,BILBAO AEROPUERTO,BIZKAIA,42,"10,6","16,1","4,6",20:40,"16,7",00:02,17.0,"2,8","18,1",23:55,78.0,94.0,Varias,41.0,22:44,Bilbao,ES-PV
2023-01-16,1082,BILBAO AEROPUERTO,BIZKAIA,42,"10,4","94,6","7,4",06:02,"13,3",23:21,21.0,"3,1","22,8",02:34,92.0,97.0,Varias,52.0,00:00,Bilbao,ES-PV
2023-01-17,1082,BILBAO AEROPUERTO,BIZKAIA,42,"8,3","36,2","4,2",22:44,"12,4",02:51,29.0,"6,4","24,2",03:59,78.0,94.0,00:19,63.0,13:09,Bilbao,ES-PV
2023-01-18,1082,BILBAO AEROPUERTO,BIZKAIA,42,"3,4","14,1","1,5",05:55,"5,3",11:16,99.0,"2,5","10,8",Varias,92.0,95.0,21:03,79.0,11:15,Bilbao,ES-PV
2023-01-19,1082,BILBAO AEROPUERTO,BIZKAIA,42,"7,8","9,1","2,9",04:06,"12,7",19:56,30.0,"4,4","22,2",20:52,81.0,95.0,Varias,66.0,11:47,Bilbao,ES-PV
2023-01-20,1082,BILBAO AEROPUERTO,BIZKAIA,42,"6,5",0,"1,8",23:58,"11,2",14:31,35.0,"1,4","11,4",00:08,74.0,91.0,Varias,55.0,13:50,Bilbao,ES-PV
2023-01-21,1082,BILBAO AEROPUERTO,BIZKAIA,42,"4,2","0,3","-1,5",07:38,"9,9",14:29,32.0,"2,2","8,3",14:47,76.0,96.0,07:00,56.0,19:57,Bilbao,ES-PV
2023-01-22,1082,BILBAO AEROPUERTO,BIZKAIA,42,"4,1","0,0","-1,0",08:06,"9,2",13:46,99.0,"2,5","8,3",Varias,72.0,94.0,07:00,51.0,13:17,Bilbao,ES-PV
2023-01-23,1082,BILBAO AEROPUERTO,BIZKAIA,42,"5,4","12,0","3,8",22:30,"6,9",Varias,2.0,"2,2","8,3",03:12,82.0,95.0,Varias,57.0,00:13,Bilbao,ES-PV
2023-01-24,1082,BILBAO AEROPUERTO,BIZKAIA,42,"4,2","2,3","3,0",08:30,"5,5",13:25,35.0,"2,2","5,8",Varias,86.0,96.0,Varias,74.0,15:50,Bilbao,ES-PV
2023-01-25,1082,BILBAO AEROPUERTO,BIZKAIA,42,"5,8","6,3","3,3",05:24,"8,2",22:46,99.0,"1,7","8,9",Varias,87.0,94.0,Varias,77.0,13:06,Bilbao,ES-PV
2023-01-26,1082,BILBAO AEROPUERTO,BIZKAIA,42,"7,4","13,5","5,1",23:56,"9,8",10:00,35.0,"2,5","12,5",03:52,80.0,96.0,23:50,69.0,05:17,Bilbao,ES-PV
2023-01-27,1082,BILBAO AEROPUERTO,BIZKAIA,42,"6,4","19,4","4,3",04:33,"8,6",13:22,99.0,"4,4","13,3",Varias,86.0,97.0,07:00,62.0,15:14,Bilbao,ES-PV
2023-01-28,1082,BILBAO AEROPUERTO,BIZKAIA,42,"5,6","8,1","3,7",22:49,"7,5",12:12,7.0,"2,5","7,2",12:31,89.0,96.0,Varias,74.0,15:23,Bilbao,ES-PV
2023-01-29,1082,BILBAO AEROPUERTO,BIZKAIA,42,"5,8","0,1","3,4",05:20,"8,2",14:00,99.0,"1,7","6,1",Varias,80.0,97.0,05:43,64.0,14:04,Bilbao,ES-PV
2023-01-30,1082,BILBAO AEROPUERTO,BIZKAIA,42,"6,6","0,0","3,4",06:32,"9,7",15:02,99.0,"1,1","4,7",Varias,78.0,93.0,Varias,53.0,13:47,Bilbao,ES-PV
2023-01-31,1082,BILBAO AEROPUERTO,BIZKAIA,42,"7,8","9,1","4,9",Varias,"10,8",12:49,99.0,"1,7","6,7",Varias,79.0,96.0,Varias,63.0,12:53,Bilbao,ES-PV
2023-02-01,1082,BILBAO AEROPUERTO,BIZKAIA,42,"8,6",0,"5,4",23:39,"11,9",12:34,99.0,"2,5","7,2",11:39,80.0,97.0,Varias,61.0,14:34,Bilbao,ES-PV
2023-02-02,1082,BILBAO AEROPUERTO,BIZKAIA,42,"6,7","0,0","1,4",23:25,"12,0",13:15,4.0,"2,5","9,7",14:44,74.0,95.0,Varias,53.0,13:46,Bilbao,ES-PV
2023-02-03,1082,BILBAO AEROPUERTO,BIZKAIA,42,"6,4","0,0","-0,7",06:11,"13,4",13:43,3.0,"1,9","7,2",15:55,76.0,97.0,Varias,54.0,13:46,Bilbao,ES-PV
2023-02-04,1082,BILBAO AEROPUERTO,BIZKAIA,42,"5,0","0,0","-0,2",02:30,"10,3",14:24,3.0,"0,8","5,8",16:48,77.0,95.0,Varias,62.0,16:51,Bilbao,ES-PV
2023-02-05,1082,BILBAO AEROPUERTO,BIZKAIA,42,"8,9",0,"6,9",Varias,"10,9",15:08,3.0,"0,8","6,1",17:11,83.0,90.0,Varias,64.0,23:24,Bilbao,ES-PV
2023-02-06,1082,BILBAO AEROPUERTO,BIZKAIA,42,"5,4","0,0","0,8",23:58,"10,0",14:20,5.0,"3,3","8,9",11:16,66.0,90.0,Varias,52.0,11:45,Bilbao,ES-PV
2023-02-07,1082,BILBAO AEROPUERTO,BIZKAIA,42,"4,6","0,2","0,0",02:39,"9,2",13:38,99.0,"1,9","7,2",Varias,80.0,93.0,Varias,61.0,13:42,Bilbao,ES-PV
2023-02-08,1082,BILBAO AEROPUERTO,BIZKAIA,42,"7,7","0,0","0,5",06:42,"14,9",13:33,8.0,"2,5","7,2",18:32,74.0,95.0,Varias,47.0,13:44,Bilbao,ES-PV
2023-02-09,1082,BILBAO AEROPUERTO,BIZKAIA,42,"6,7","0,0","-0,3",06:26,"13,7",13:06,36.0,"1,4","7,2",13:45,71.0,95.0,Varias,46.0,15:08,Bilbao,ES-PV
2023-02-10,1082,BILBAO AEROPUERTO,BIZKAIA,42,"6,6","0,0","-0,6",07:06,"13,7",14:32,4.0,"2,8","9,2",15:24,66.0,94.0,Varias,35.0,13:30,Bilbao,ES-PV
2023-02-11,1082,BILBAO AEROPUERTO,BIZKAIA,42,"9,2","0,0","1,3",01:09,"17,1",14:45,99.0,"2,8","8,9",Varias,50.0,87.0,00:09,27.0,14:49,Bilbao,ES-PV
2023-02-12,1082,BILBAO AEROPUERTO,BIZKAIA,42,"12,0","0,0","6,1",06:26,"17,8",15:30,99.0,"3,3","10,3",Varias,46.0,61.0,07:26,22.0,15:11,Bilbao,ES-PV
2023-02-13,1082,BILBAO AEROPUERTO,BIZKAIA,42,"12,9","0,0","6,6",01:23,"19,2",14:31,99.0,"5,3","11,4",Varias,38.0,56.0,07:29,24.0,14:03,Bilbao,ES-PV
2023-02-14,1082,BILBAO AEROPUERTO,BIZKAIA,42,"13,4","0,0","8,7",05:15,"18,0",13:36,13.0,"3,6","11,7",07:51,42.0,63.0,Varias,28.0,14:48,Bilbao,ES-PV
2023-02-15,1082,BILBAO AEROPUERTO,BIZKAIA,42,"13,2","0,0","6,1",23:44,"20,4",14:40,20.0,"3,1","15,0",01:00,50.0,83.0,23:49,30.0,14:53,Bilbao,ES-PV
2023-02-16,1082,BILBAO AEROPUERTO,BIZKAIA,42,"10,9","0,0","3,2",06:53,"18,6",13:28,99.0,"1,9","7,2",Varias,68.0,89.0,Varias,36.0,12:46,Bilbao,ES-PV
2023-02-17,1082,BILBAO AEROPUERTO,BIZKAIA,42,"12,0","0,0","3,8",07:23,"20,3",13:47,99.0,"1,7","5,8",Varias,64.0,91.0,Varias,33.0,13:42,Bilbao,ES-PV
2023-02-18,1082,BILBAO AEROPUERTO,BIZKAIA,42,"12,6","0,0","3,6",04:05,"21,7",13:35,12.0,"3,6","7,8",Varias,56.0,91.0,22:52,21.0,13:36,Bilbao,ES-PV
2023-02-19,1082,BILBAO AEROPUERTO,BIZKAIA,42,"10,6","0,0","6,5",02:04,"14,7",14:11,2.0,"1,9","7,2",16:44,79.0,90.0,Varias,70.0,13:22,Bilbao,ES-PV
2023-02-20,1082,BILBAO AEROPUERTO,BIZKAIA,42,"16,6","0,0","8,1",07:53,"25,0",14:53,6.0,"2,2","8,3",11:10,60.0,92.0,Varias,25.0,21:59,Bilbao,ES-PV
2023-02-21,1082,BILBAO AEROPUERTO,BIZKAIA,42,"15,8","0,0","11,1",07:37,"20,5",11:56,16.0,"2,2","8,3",02:07,71.0,90.0,Varias,33.0,11:34,Bilbao,ES-PV
2023-02-22,1082,BILBAO AEROPUERTO,BIZKAIA,42,"11,4","36,1","8,6",23:44,"14,3",13:09,30.0,"1,4","16,1",22:07,85.0,95.0,Varias,68.0,14:14,Bilbao,ES-PV
2023-02-23,1082,BILBAO AEROPUERTO,BIZKAIA,42,"6,6","14,1","4,5",22:22,"8,7",00:00,30.0,"1,9","10,3",00:03,90.0,94.0,Varias,84.0,13:44,Bilbao,ES-PV
2023-02-24,1082,BILBAO AEROPUERTO,BIZKAIA,42,"7,4",0,"2,0",07:00,"12,7",14:49,99.0,"3,6","10,3",Varias,61.0,94.0,Varias,37.0,14:15,Bilbao,ES-PV
2023-02-25,1082,BILBAO AEROPUERTO,BIZKAIA,42,"8,7","3,1","5,1",07:20,"12,3",11:51,4.0,"1,7","6,7",14:37,58.0,89.0,Varias,41.0,13:01,Bilbao,ES-PV
2023-02-26,1082,BILBAO AEROPUERTO,BIZKAIA,42,"7,8","0,0","5,5",23:44,"10,1",13:22,99.0,"5,6","12,8",Varias,57.0,92.0,01:30,42.0,23:58,Bilbao,ES-PV
2023-02-27,1082,BILBAO AEROPUERTO,BIZKAIA,42,"4,2","0,3","2,9",Varias,"5,6",00:00,35.0,"4,4","13,9",13:28,62.0,86.0,Varias,40.0,00:09,Bilbao,ES-PV
2023-02-28,1082,BILBAO AEROPUERTO,BIZKAIA,42,"5,4","0,1","2,7",04:03,"8,2",15:03,99.0,"3,6","11,4",Varias,63.0,90.0,Varias,45.0,12:13,Bilbao,ES-PV
2023-03-01,1082,BILBAO AEROPUERTO,BIZKAIA,42,"5,2","0,0","1,3",06:17,"9,1",13:01,35.0,"1,9","8,3",14:19,61.0,84.0,06:24,42.0,13:07,Bilbao,ES-PV
2023-03-02,1082,BILBAO AEROPUERTO,BIZKAIA,42,"6,2","0,0","3,3",00:32,"9,2",16:32,29.0,"2,8","10,8",13:07,67.0,82.0,Varias,58.0,09:59,Bilbao,ES-PV
2023-03-03,1082,BILBAO AEROPUERTO,BIZKAIA,42,"6,1","6,1","4,6",05:56,"7,6",01:06,26.0,"1,7","5,0",11:14,88.0,95.0,Varias,64.0,01:35,Bilbao,ES-PV
2023-03-04,1082,BILBAO AEROPUERTO,BIZKAIA,42,"6,8","0,0","1,6",23:35,"11,9",15:48,5.0,"2,2","6,7",14:46,69.0,95.0,Varias,49.0,15:39,Bilbao,ES-PV
2023-03-05,1082,BILBAO AEROPUERTO,BIZKAIA,42,"7,0","0,1","-0,6",06:10,"14,7",13:51,99.0,"1,7","7,2",Varias,67.0,93.0,Varias,42.0,13:41,Bilbao,ES-PV
2023-03-06,1082,BILBAO AEROPUERTO,BIZKAIA,42,"9,6","0,0","3,6",00:00,"15,6",14:59,29.0,"1,9","7,2",16:11,69.0,94.0,Varias,44.0,13:10,Bilbao,ES-PV
2023-03-07,1082,BILBAO AEROPUERTO,BIZKAIA,42,"11,6","0,5","5,4",01:16,"17,9",23:01,20.0,"3,1","16,4",23:53,76.0,90.0,Varias,48.0,22:16,Bilbao,ES-PV
2023-03-08,1082,BILBAO AEROPUERTO,BIZKAIA,42,"17,4","0,0","12,0",23:44,"22,7",16:17,23.0,"7,5","20,0",10:14,56.0,89.0,23:59,44.0,16:13,Bilbao,ES-PV
2023-03-09,1082,BILBAO AEROPUERTO,BIZKAIA,42,"15,8",0,"9,4",23:30,"22,2",14:18,24.0,"3,9","16,4",13:36,48.0,90.0,Varias,34.0,12:21,Bilbao,ES-PV
2023-03-10,1082,BILBAO AEROPUERTO,BIZKAIA,42,"15,8","0,0","8,5",01:09,"23,2",17:25,26.0,"3,9","11,7",17:31,52.0,85.0,01:12,38.0,17:25,Bilbao,ES-PV
2023-03-11,1082,BILBAO AEROPUERTO,BIZKAIA,42,"17,3","15,2","14,4",Varias,"20,2",00:05,32.0,"3,9","10,8",13:02,76.0,96.0,Varias,44.0,00:05,Bilbao,ES-PV
2023-03-12,1082,BILBAO AEROPUERTO,BIZKAIA,42,"18,8",0,"14,2",Varias,"23,5",13:37,9.0,"2,8","8,3",20:48,73.0,97.0,07:00,48.0,13:42,Bilbao,ES-PV
2023-03-13,1082,BILBAO AEROPUERTO,BIZKAIA,42,"17,6","1,5","10,6",20:40,"24,6",14:50,99.0,"5,6","21,1",Varias,54.0,93.0,Varias,24.0,15:00,Bilbao,ES-PV
2023-03-14,1082,BILBAO AEROPUERTO,BIZKAIA,42,"12,8","0,3","9,7",21:50,"16,0",13:43,30.0,"6,1","17,5",Varias,60.0,82.0,Varias,48.0,01:49,Bilbao,ES-PV
2023-03-15,1082,BILBAO AEROPUERTO,BIZKAIA,42,"15,0","0,0","8,9",06:47,"21,1",14:40,99.0,"3,1","6,7",Varias,62.0,85.0,Varias,40.0,14:29,Bilbao,ES-PV
2023-03-16,1082,BILBAO AEROPUERTO,BIZKAIA,42,"19,1","0,0","12,4",00:01,"25,8",12:33,99.0,"4,7","11,7",Varias,34.0,64.0,00:00,22.0,12:30,Bilbao,ES-PV
2023-03-17,1082,BILBAO AEROPUERTO,BIZKAIA,42,"16,2","0,0","9,7",05:13,"22,6",15:39,23.0,"6,7","16,4",Varias,39.0,91.0,Varias,27.0,Varias,Bilbao,ES-PV
2023-03-18,1082,BILBAO AEROPUERTO,BIZKAIA,42,"15,2","6,3","11,8",22:28,"18,5",11:12,28.0,"4,7","14,4",23:04,67.0,92.0,Varias,40.0,11:18,Bilbao,ES-PV
2023-03-19,1082,BILBAO AEROPUERTO,BIZKAIA,42,"11,6","0,1","7,6",23:56,"15,6",14:31,99.0,"3,9","12,8",Varias,80.0,93.0,Varias,62.0,16:08,Bilbao,ES-PV
2023-03-20,1082,BILBAO AEROPUERTO,BIZKAIA,42,"12,9","0,0","5,2",05:33,"20,6",13:12,29.0,"2,5","6,7",15:00,65.0,95.0,Varias,44.0,12:24,Bilbao,ES-PV
2023-03-21,1082,BILBAO AEROPUERTO,BIZKAIA,42,"12,4","0,0","5,8",02:45,"19,0",12:22,32.0,"3,3","8,3",12:48,72.0,89.0,Varias,47.0,12:36,Bilbao,ES-PV
2023-03-22,1082,BILBAO AEROPUERTO,BIZKAIA,42,"14,8","0,0","8,0",06:00,"21,7",21:40,21.0,"2,5","7,2",21:30,73.0,93.0,06:23,20.0,21:20,Bilbao,ES-PV
2023-03-23,1082,BILBAO AEROPUERTO,BIZKAIA,42,"18,8","0,0","14,2",00:51,"23,5",18:17,21.0,"3,3","18,1",23:27,34.0,72.0,00:50,21.0,10:52,Bilbao,ES-PV
2023-03-24,1082,BILBAO AEROPUERTO,BIZKAIA,42,"15,4","0,2","9,9",23:56,"20,9",00:00,22.0,"2,2","14,4",00:21,57.0,86.0,Varias,35.0,00:00,Bilbao,ES-PV
2023-03-25,1082,BILBAO AEROPUERTO,BIZKAIA,42,"13,8",0,"5,7",06:00,"21,8",19:33,99.0,"1,7","12,8",Varias,58.0,88.0,Varias,32.0,19:16,Bilbao,ES-PV
2023-03-26,1082,BILBAO AEROPUERTO,BIZKAIA,42,"14,8","1,4","11,9",23:53,"17,8",11:52,30.0,"9,4","21,7",16:44,61.0,88.0,Varias,33.0,11:09,Bilbao,ES-PV
2023-03-27,1082,BILBAO AEROPUERTO,BIZKAIA,42,"12,0","0,0","7,3",23:59,"16,6",15:11,31.0,"2,8","10,3",00:02,62.0,92.0,06:56,36.0,12:38,Bilbao,ES-PV
2023-03-28,1082,BILBAO AEROPUERTO,BIZKAIA,42,"17,7","0,0","6,6",04:37,"28,8",15:28,99.0,"2,2","9,2",Varias,39.0,86.0,00:06,20.0,15:35,Bilbao,ES-PV
2023-03-29,1082,BILBAO AEROPUERTO,BIZKAIA,42,"22,2","0,0","14,2",23:31,"30,1",13:09,18.0,"4,2","15,0",08:37,25.0,63.0,Varias,16.0,14:58,Bilbao,ES-PV
2023-03-30,1082,BILBAO AEROPUERTO,BIZKAIA,42,"17,8","0,0","10,0",04:45,"25,7",15:29,21.0,"3,1","20,0",20:57,49.0,81.0,04:47,27.0,15:39,Bilbao,ES-PV
2023-03-31,1082,BILBAO AEROPUERTO,BIZKAIA,42,"17,3","0,2","13,2",22:11,"21,4",00:03,30.0,"5,6","16,1",16:17,64.0,80.0,Varias,32.0,00:19,Bilbao,ES-PV
2023-04-01,1082,BILBAO AEROPUERTO,BIZKAIA,42,"11,9","9,9","9,4",18:30,"14,4",10:35,32.0,"7,2","18,6",14:42,76.0,89.0,Varias,57.0,10:44,Bilbao,ES-PV
2023-04-02,1082,BILBAO AEROPUERTO,BIZKAIA,42,"10,5","0,1","6,0",23:44,"15,0",15:10,30.0,"6,7","16,9",00:32,71.0,91.0,Varias,54.0,15:07,Bilbao,ES-PV
2023-04-03,1082,BILBAO AEROPUERTO,BIZKAIA,42,"10,6","0,0","4,9",01:38,"16,3",13:24,2.0,"2,8","10,8",16:03,69.0,93.0,01:54,49.0,14:50,Bilbao,ES-PV
2023-04-04,1082,BILBAO AEROPUERTO,BIZKAIA,42,"9,0","0,0","3,6",23:59,"14,4",12:33,31.0,"2,5","9,2",13:34,72.0,92.0,05:15,53.0,11:39,Bilbao,ES-PV
2023-04-05,1082,BILBAO AEROPUERTO,BIZKAIA,42,"9,7","0,0","1,3",05:15,"18,1",13:57,29.0,"3,3","8,9",14:40,64.0,92.0,Varias,34.0,12:16,Bilbao,ES-PV
2023-04-06,1082,BILBAO AEROPUERTO,BIZKAIA,42,"11,0","0,0","3,3",05:04,"18,8",11:52,99.0,"3,6","9,7",Varias,69.0,92.0,Varias,12.0,11:36,Bilbao,ES-PV
2023-04-07,1082,BILBAO AEROPUERTO,BIZKAIA,42,"13,6","0,0","3,8",05:05,"23,3",15:06,8.0,"2,5","7,8",17:56,55.0,91.0,Varias,30.0,15:00,Bilbao,ES-PV
2023-04-08,1082,BILBAO AEROPUERTO,BIZKAIA,42,"15,2","0,0","6,5",05:55,"23,9",13:25,4.0,"1,9","6,1",15:03,57.0,88.0,Varias,29.0,15:00,Bilbao,ES-PV
2023-04-09,1082,BILBAO AEROPUERTO,BIZKAIA,42,"16,8","0,0","8,2",Varias,"25,4",11:19,99.0,"4,2","10,3",Varias,64.0,92.0,Varias,20.0,11:08,Bilbao,ES-PV
2023-04-10,1082,BILBAO AEROPUERTO,BIZKAIA,42,"13,2","0,0","6,9",04:13,"19,4",15:22,30.0,"2,2","9,7",13:31,69.0,94.0,Varias,48.0,15:13,Bilbao,ES-PV
2023-04-11,1082,BILBAO AEROPUERTO,BIZKAIA,42,"15,7","0,0","10,5",23:42,"20,9",11:54,99.0,"3,3","9,7",13:11,72.0,86.0,Varias,53.0,11:25,Bilbao,ES-PV
2023-04-12,1082,BILBAO AEROPUERTO,BIZKAIA,42,"10,2","6,1","7,5",23:44,"13,0",07:37,31.0,"5,6","16,1",10:14,73.0,93.0,Varias,62.0,19:08,Bilbao,ES-PV
2023-04-13,1082,BILBAO AEROPUERTO,BIZKAIA,42,"10,2","5,4","6,7",04:40,"13,6",16:34,29.0,"4,7","15,3",14:31,85.0,92.0,Varias,51.0,10:29,Bilbao,ES-PV
2023-04-14,1082,BILBAO AEROPUERTO,BIZKAIA,42,"12,8","3,4","9,5",00:34,"16,1",11:14,30.0,"6,4","16,4",17:36,78.0,94.0,07:00,59.0,15:39,Bilbao,ES-PV
2023-04-15,1082,BILBAO AEROPUERTO,BIZKAIA,42,"12,8","6,0","11,5",23:30,"14,1",00:23,30.0,"4,2","12,8",00:43,89.0,93.0,Varias,65.0,00:43,Bilbao,ES-PV
2023-04-16,1082,BILBAO AEROPUERTO,BIZKAIA,42,"12,4","0,0","6,9",05:54,"18,0",13:55,99.0,"3,1","8,3",Varias,64.0,97.0,Varias,26.0,14:16,Bilbao,ES-PV
2023-04-17,1082,BILBAO AEROPUERTO,BIZKAIA,42,"11,1","0,0","4,6",05:23,"17,6",13:09,4.0,"3,9","11,4",13:47,61.0,93.0,Varias,35.0,11:20,Bilbao,ES-PV
2023-04-18,1082,BILBAO AEROPUERTO,BIZKAIA,42,"12,4","0,0","7,3",23:52,"17,6",15:08,99.0,"3,1","8,3",Varias,64.0,91.0,00:01,44.0,15:52,Bilbao,ES-PV
2023-04-19,1082,BILBAO AEROPUERTO,BIZKAIA,42,"16,4","0,0","6,0",04:18,"26,8",14:52,99.0,"3,6","10,3",Varias,63.0,92.0,Varias,29.0,13:52,Bilbao,ES-PV
2023-04-20,1082,BILBAO AEROPUERTO,BIZKAIA,42,"14,2","0,0","8,6",04:55,"19,9",13:12,30.0,"3,3","8,3",09:41,76.0,93.0,Varias,55.0,11:50,Bilbao,ES-PV
2023-04-21,1082,BILBAO AEROPUERTO,BIZKAIA,42,"16,3","5,5","10,5",03:42,"22,1",12:32,31.0,"4,4","13,9",19:49,74.0,93.0,Varias,48.0,10:34,Bilbao,ES-PV
2023-04-22,1082,BILBAO AEROPUERTO,BIZKAIA,42,"15,2","0,5","10,5",22:10,"19,9",14:38,99.0,"1,9","7,8",Varias,61.0,95.0,Varias,38.0,13:56,Bilbao,ES-PV
2023-04-23,1082,BILBAO AEROPUERTO,BIZKAIA,42,"14,8","7,0","10,4",23:59,"19,1",01:46,22.0,"1,7","13,9",02:08,76.0,94.0,Varias,37.0,01:47,Bilbao,ES-PV
2023-04-24,1082,BILBAO AEROPUERTO,BIZKAIA,42,"14,8",0,"10,0",00:34,"19,5",15:52,29.0,"3,6","8,9",16:10,77.0,95.0,Varias,65.0,Varias,Bilbao,ES-PV
2023-04-25,1082,BILBAO AEROPUERTO,BIZKAIA,42,"18,0","0,9","14,6",00:00,"21,3",13:44,32.0,"2,8","7,2",Varias,75.0,93.0,Varias,55.0,16:24,Bilbao,ES-PV
2023-04-26,1082,BILBAO AEROPUERTO,BIZKAIA,42,"20,2","0,0","15,4",00:00,"25,0",12:35,31.0,"3,3","8,3",Varias,77.0,91.0,Varias,56.0,12:20,Bilbao,ES-PV
2023-04-27,1082,BILBAO AEROPUERTO,BIZKAIA,42,"19,8","0,0","14,6",05:01,"25,1",16:02,28.0,"3,1","7,8",Varias,70.0,92.0,Varias,53.0,09:39,Bilbao,ES-PV
2023-04-28,1082,BILBAO AEROPUERTO,BIZKAIA,42,"19,0","0,7","13,1",05:09,"24,8",10:51,99.0,"3,6","10,8",Varias,87.0,95.0,Varias,59.0,10:55,Bilbao,ES-PV
2023-04-29,1082,BILBAO AEROPUERTO,BIZKAIA,42,"16,7","1,4","14,7",22:28,"18,7",13:30,99.0,"3,9","8,3",Varias,87.0,96.0,Varias,76.0,11:51,Bilbao,ES-PV
2023-04-30,1082,BILBAO AEROPUERTO,BIZKAIA,42,"16,6","0,1","13,3",03:49,"20,0",14:22,33.0,"3,6","9,2",15:08,80.0,95.0,01:03,61.0,13:33,Bilbao,ES-PV
2023-05-01,1082,BILBAO AEROPUERTO,BIZKAIA,42,"15,6","0,0","10,4",23:30,"20,7",14:49,36.0,"2,5","7,8",12:26,72.0,94.0,Varias,57.0,17:39,Bilbao,ES-PV
2023-05-02,1082,BILBAO AEROPUERTO,BIZKAIA,42,"16,6","0,0","8,8",05:23,"24,5",13:41,99.0,"3,6","9,7",Varias,59.0,94.0,Varias,32.0,12:02,Bilbao,ES-PV
2023-05-03,1082,BILBAO AEROPUERTO,BIZKAIA,42,"23,0","0,0","12,3",03:31,"33,7",14:57,31.0,"4,2","18,1",19:13,31.0,85.0,Varias,18.0,13:29,Bilbao,ES-PV
2023-05-04,1082,BILBAO AEROPUERTO,BIZKAIA,42,"20,3","0,0","14,2",05:18,"26,4",12:36,21.0,"4,7","11,4",12:08,46.0,80.0,Varias,29.0,12:05,Bilbao,ES-PV
2023-05-05,1082,BILBAO AEROPUERTO,BIZKAIA,42,"17,6","0,0","11,3",04:45,"24,0",11:32,29.0,"3,6","9,2",13:29,64.0,89.0,Varias,44.0,10:34,Bilbao,ES-PV
2023-05-06,1082,BILBAO AEROPUERTO,BIZKAIA,42,"17,0","5,5","11,3",04:29,"22,8",10:20,31.0,"3,6","15,0",12:17,73.0,94.0,Varias,50.0,10:23,Bilbao,ES-PV
2023-05-07,1082,BILBAO AEROPUERTO,BIZKAIA,42,"16,1",0,"11,4",23:46,"20,8",12:09,31.0,"3,1","8,9",12:19,73.0,94.0,Varias,60.0,12:21,Bilbao,ES-PV
2023-05-08,1082,BILBAO AEROPUERTO,BIZKAIA,42,"16,8","0,0","9,6",04:44,"24,1",13:32,30.0,"2,5","8,3",15:21,57.0,93.0,Varias,30.0,15:55,Bilbao,ES-PV
2023-05-09,1082,BILBAO AEROPUERTO,BIZKAIA,42,"16,0","7,9","12,6",01:09,"19,4",12:08,30.0,"5,0","16,1",Varias,84.0,94.0,Varias,64.0,06:23,Bilbao,ES-PV
2023-05-10,1082,BILBAO AEROPUERTO,BIZKAIA,42,"14,0","3,0","10,2",04:58,"17,9",12:28,30.0,"4,4","13,9",11:03,72.0,95.0,Varias,53.0,12:48,Bilbao,ES-PV
2023-05-11,1082,BILBAO AEROPUERTO,BIZKAIA,42,"14,1","40,2","10,5",17:41,"17,7",11:51,30.0,"3,6","15,0",Varias,81.0,95.0,Varias,57.0,11:47,Bilbao,ES-PV
2023-05-12,1082,BILBAO AEROPUERTO,BIZKAIA,42,"13,0","19,6","9,4",23:59,"16,6",13:56,99.0,"4,2","11,4",Varias,78.0,95.0,Varias,56.0,16:42,Bilbao,ES-PV
2023-05-13,1082,BILBAO AEROPUERTO,BIZKAIA,42,"13,0","14,1","8,2",05:02,"17,8",12:56,30.0,"4,7","13,3",12:40,84.0,96.0,Varias,64.0,15:11,Bilbao,ES-PV
2023-05-14,1082,BILBAO AEROPUERTO,BIZKAIA,42,"14,6","1,8","12,1",23:58,"17,2",15:54,99.0,"5,3","12,5",Varias,83.0,94.0,Varias,70.0,15:28,Bilbao,ES-PV
2023-05-15,1082,BILBAO AEROPUERTO,BIZKAIA,42,"14,0","3,5","12,0",00:14,"16,0",09:39,33.0,"3,6","10,3",12:23,83.0,92.0,15:14,73.0,09:36,Bilbao,ES-PV
2023-05-16,1082,BILBAO AEROPUERTO,BIZKAIA,42,"13,2","0,0","9,2",21:36,"17,1",13:36,99.0,"5,6","10,3",Varias,60.0,87.0,Varias,46.0,17:28,Bilbao,ES-PV
2023-05-17,1082,BILBAO AEROPUERTO,BIZKAIA,42,"12,8","0,0","7,7",04:24,"18,0",11:33,3.0,"3,1","10,3",10:01,62.0,90.0,Varias,44.0,09:42,Bilbao,ES-PV
2023-05-18,1082,BILBAO AEROPUERTO,BIZKAIA,42,"14,0","0,0","9,2",04:48,"18,7",12:22,99.0,"3,6","10,8",Varias,62.0,86.0,06:12,38.0,09:51,Bilbao,ES-PV
2023-05-19,1082,BILBAO AEROPUERTO,BIZKAIA,42,"15,3","0,0","11,3",23:29,"19,3",12:46,34.0,"5,8","10,8",16:10,64.0,84.0,Varias,42.0,14:32,Bilbao,ES-PV
2023-05-20,1082,BILBAO AEROPUERTO,BIZKAIA,42,"15,6","0,0","11,9",00:36,"19,3",14:25,99.0,"4,2","10,3",Varias,72.0,86.0,Varias,59.0,13:42,Bilbao,ES-PV
2023-05-21,1082,BILBAO AEROPUERTO,BIZKAIA,42,"16,4","0,0","13,0",05:29,"19,9",15:17,35.0,"3,3","9,7",11:24,71.0,88.0,Varias,60.0,14:40,Bilbao,ES-PV
2023-05-22,1082,BILBAO AEROPUERTO,BIZKAIA,42,"16,4","1,7","12,6",01:34,"20,2",15:00,99.0,"3,1","8,9",Varias,80.0,92.0,Varias,68.0,15:03,Bilbao,ES-PV
2023-05-23,1082,BILBAO AEROPUERTO,BIZKAIA,42,"17,6","21,1","15,3",04:11,"19,8",10:45,30.0,"3,9","9,2",Varias,90.0,94.0,15:28,72.0,10:47,Bilbao,ES-PV
2023-05-24,1082,BILBAO AEROPUERTO,BIZKAIA,42,"17,6","0,0","15,0",02:39,"20,1",11:00,99.0,"2,8","8,3",Varias,84.0,95.0,Varias,67.0,11:15,Bilbao,ES-PV
2023-05-25,1082,BILBAO AEROPUERTO,BIZKAIA,42,"15,6","1,0","11,9",20:04,"19,3",13:02,30.0,"3,3","10,8",17:20,79.0,92.0,Varias,50.0,14:11,Bilbao,ES-PV
2023-05-26,1082,BILBAO AEROPUERTO,BIZKAIA,42,"17,6","0,1","9,9",04:40,"25,2",13:55,4.0,"3,3","12,5",13:13,65.0,94.0,Varias,44.0,15:17,Bilbao,ES-PV
2023-05-27,1082,BILBAO AEROPUERTO,BIZKAIA,42,"22,2","0,0","14,9",04:18,"29,6",13:49,3.0,"3,3","10,8",15:29,53.0,87.0,Varias,35.0,12:30,Bilbao,ES-PV
2023-05-28,1082,BILBAO AEROPUERTO,BIZKAIA,42,"18,7","0,0","14,2",04:42,"23,2",09:27,99.0,"3,3","8,3",Varias,79.0,92.0,Varias,64.0,09:31,Bilbao,ES-PV
2023-05-29,1082,BILBAO AEROPUERTO,BIZKAIA,42,"20,2","0,0","15,3",23:48,"25,0",12:33,99.0,"3,1","7,2",Varias,70.0,93.0,Varias,53.0,13:16,Bilbao,ES-PV
2023-05-30,1082,BILBAO AEROPUERTO,BIZKAIA,42,"18,7","0,0","13,7",04:33,"23,7",12:36,27.0,"2,8","8,9",15:01,77.0,92.0,Varias,58.0,10:13,Bilbao,ES-PV
2023-05-31,1082,BILBAO AEROPUERTO,BIZKAIA,42,"18,2","0,0","15,0",01:20,"21,3",14:16,99.0,"2,8","7,8",Varias,79.0,93.0,Varias,70.0,15:45,Bilbao,ES-PV
2023-06-01,1082,BILBAO AEROPUERTO,BIZKAIA,42,"19,8","0,0","15,5",23:49,"24,2",10:58,28.0,"2,5","8,3",12:11,72.0,90.0,Varias,56.0,10:39,Bilbao,ES-PV
2023-06-02,1082,BILBAO AEROPUERTO,BIZKAIA,42,"21,2","0,0","14,4",Varias,"28,0",12:54,3.0,"3,1","11,7",13:07,59.0,91.0,Varias,39.0,17:12,Bilbao,ES-PV
2023-06-03,1082,BILBAO AEROPUERTO,BIZKAIA,42,"20,2","0,0","14,2",04:21,"26,1",Varias,27.0,"3,6","8,3",14:23,68.0,90.0,Varias,52.0,09:15,Bilbao,ES-PV
2023-06-04,1082,BILBAO AEROPUERTO,BIZKAIA,42,"21,4","0,0","16,9",23:58,"25,9",13:35,99.0,"3,3","7,8",Varias,74.0,91.0,Varias,61.0,11:39,Bilbao,ES-PV
2023-06-05,1082,BILBAO AEROPUERTO,BIZKAIA,42,"20,9","0,0","15,5",04:02,"26,3",12:27,29.0,"3,1","8,9",13:20,74.0,93.0,Varias,56.0,09:27,Bilbao,ES-PV
2023-06-06,1082,BILBAO AEROPUERTO,BIZKAIA,42,"23,0","0,0","16,7",04:38,"29,4",Varias,99.0,"1,9","8,3",Varias,69.0,93.0,Varias,47.0,11:44,Bilbao,ES-PV
2023-06-07,1082,BILBAO AEROPUERTO,BIZKAIA,42,"23,0","0,1","17,7",02:12,"28,3",16:34,99.0,"3,9","8,3",Varias,55.0,89.0,Varias,48.0,18:21,Bilbao,ES-PV
2023-06-08,1082,BILBAO AEROPUERTO,BIZKAIA,42,"24,7","0,0","20,0",22:40,"29,4",13:05,29.0,"3,6","10,3",19:29,58.0,80.0,00:03,46.0,16:02,Bilbao,ES-PV
2023-06-09,1082,BILBAO AEROPUERTO,BIZKAIA,42,"24,0","2,0","18,2",23:45,"29,7",12:48,99.0,"3,3","13,3",Varias,53.0,93.0,Varias,35.0,12:52,Bilbao,ES-PV
2023-06-10,1082,BILBAO AEROPUERTO,BIZKAIA,42,"21,4","0,0","16,1",04:06,"26,7",10:34,29.0,"3,6","8,9",15:11,76.0,94.0,Varias,58.0,10:50,Bilbao,ES-PV
2023-06-11,1082,BILBAO AEROPUERTO,BIZKAIA,42,"21,6","0,3","17,8",04:16,"25,4",15:51,4.0,"2,5","10,3",15:34,75.0,93.0,Varias,56.0,15:52,Bilbao,ES-PV
2023-06-12,1082,BILBAO AEROPUERTO,BIZKAIA,42,"22,0","1,4","16,9",Varias,"27,0",14:38,99.0,"2,2","10,8",Varias,75.0,94.0,Varias,54.0,14:38,Bilbao,ES-PV
2023-06-13,1082,BILBAO AEROPUERTO,BIZKAIA,42,"18,6","4,3","15,0",04:07,"22,1",09:43,30.0,"4,4","12,8",16:55,85.0,95.0,Varias,64.0,15:18,Bilbao,ES-PV
2023-06-14,1082,BILBAO AEROPUERTO,BIZKAIA,42,"18,8","0,0","16,2",23:24,"21,3",13:40,30.0,"3,9","11,4",00:53,77.0,92.0,Varias,69.0,17:22,Bilbao,ES-PV
2023-06-15,1082,BILBAO AEROPUERTO,BIZKAIA,42,"20,6","0,0","15,2",23:32,"25,9",15:01,2.0,"1,9","7,2",12:55,68.0,92.0,Varias,54.0,12:29,Bilbao,ES-PV
2023-06-16,1082,BILBAO AEROPUERTO,BIZKAIA,42,"22,0","0,2","13,3",04:57,"30,6",12:57,99.0,"2,2","8,3",Varias,63.0,93.0,Varias,42.0,10:34,Bilbao,ES-PV
2023-06-17,1082,BILBAO AEROPUERTO,BIZKAIA,42,"21,0","1,0","17,7",04:50,"24,2",11:44,99.0,"1,9","7,8",Varias,83.0,94.0,23:44,67.0,11:46,Bilbao,ES-PV
2023-06-18,1082,BILBAO AEROPUERTO,BIZKAIA,42,"19,8","33,5","16,7",Varias,"22,9",11:41,26.0,"2,5","8,3",14:16,92.0,97.0,Varias,70.0,11:23,Bilbao,ES-PV
2023-06-19,1082,BILBAO AEROPUERTO,BIZKAIA,42,"22,4","11,1","17,3",03:00,"27,4",11:54,99.0,"5,0","11,4",Varias,73.0,96.0,Varias,51.0,12:11,Bilbao,ES-PV
2023-06-20,1082,BILBAO AEROPUERTO,BIZKAIA,42,"20,0","3,1","17,5",23:09,"22,6",10:52,30.0,"3,1","7,8",15:02,91.0,96.0,Varias,79.0,09:52,Bilbao,ES-PV
2023-06-21,1082,BILBAO AEROPUERTO,BIZKAIA,42,"19,0","5,6","17,2",03:55,"20,7",12:32,99.0,"2,2","5,0",Varias,93.0,97.0,08:47,89.0,12:24,Bilbao,ES-PV
2023-06-22,1082,BILBAO AEROPUERTO,BIZKAIA,42,"21,0","0,0","17,0",23:57,"25,1",14:03,99.0,"2,5","6,7",Varias,73.0,96.0,Varias,56.0,12:32,Bilbao,ES-PV
2023-06-23,1082,BILBAO AEROPUERTO,BIZKAIA,42,"22,2","0,0","15,8",Varias,"28,6",15:37,4.0,"2,2","10,3",16:12,67.0,94.0,Varias,45.0,15:03,Bilbao,ES-PV
2023-06-24,1082,BILBAO AEROPUERTO,BIZKAIA,42,"23,6","0,0","16,3",03:18,"31,0",14:47,3.0,"2,5","8,9",15:01,66.0,96.0,Varias,44.0,11:58,Bilbao,ES-PV
2023-06-25,1082,BILBAO AEROPUERTO,BIZKAIA,42,"22,0","0,1","19,0",04:49,"25,1",12:22,99.0,"4,7","9,7",Varias,76.0,92.0,Varias,62.0,12:23,Bilbao,ES-PV
2023-06-26,1082,BILBAO AEROPUERTO,BIZKAIA,42,"21,7","0,2","19,4",23:50,"24,0",14:33,99.0,"2,2","8,9",Varias,82.0,93.0,04:45,70.0,10:20,Bilbao,ES-PV
2023-06-27,1082,BILBAO AEROPUERTO,BIZKAIA,42,"21,0","0,0","18,5",02:05,"23,5",13:51,4.0,"2,8","8,3",08:18,65.0,84.0,Varias,56.0,13:21,Bilbao,ES-PV
2023-06-28,1082,BILBAO AEROPUERTO,BIZKAIA,42,"21,0","0,2","16,3",05:05,"25,7",13:45,31.0,"2,5","7,8",Varias,73.0,91.0,Varias,62.0,13:47,Bilbao,ES-PV
2023-06-29,1082,BILBAO AEROPUERTO,BIZKAIA,42,"19,6","12,1","15,6",22:50,"23,7",14:43,99.0,"2,8","12,5",Varias,84.0,95.0,Varias,62.0,14:30,Bilbao,ES-PV
2023-06-30,1082,BILBAO AEROPUERTO,BIZKAIA,42,"18,4","0,4","14,5",03:43,"22,4",14:34,29.0,"3,9","11,7",00:07,73.0,93.0,Varias,55.0,14:41,Bilbao,ES-PV
2023-01-01,8414A,VALENCIA AEROPUERTO,VALENCIA,56,"11,0","0,0","4,6",Varias,"17,5",13:19,8.0,"1,4","7,2",16:51,72.0,96.0,19:56,50.0,11:32,Valencia,ES-VC
2023-01-02,8414A,VALENCIA AEROPUERTO,VALENCIA,56,"11,8","0,1","6,0",06:24,"17,5",12:17,4.0,"2,2","5,8",16:21,76.0,93.0,00:01,49.0,12:05,Valencia,ES-VC
2023-01-03,8414A,VALENCIA AEROPUERTO,VALENCIA,56,"13,8","0,1","9,5",05:28,"18,0",14:27,99.0,"1,4","4,2",Varias,84.0,96.0,Varias,62.0,14:30,Valencia,ES-VC
2023-01-04,8414A,VALENCIA AEROPUERTO,VALENCIA,56,"12,2","0,0","6,5",07:30,"18,0",14:26,30.0,"1,7","7,2",04:04,74.0,96.0,02:39,46.0,14:43,Valencia,ES-VC
2023-01-05,8414A,VALENCIA AEROPUERTO,VALENCIA,56,"10,3","0,0","3,0",07:28,"17,6",12:50,99.0,"1,7","4,7",Varias,71.0,94.0,Varias,44.0,13:13,Valencia,ES-VC
2023-01-06,8414A,VALENCIA AEROPUERTO,VALENCIA,56,"10,1","0,0","2,8",07:38,"17,4",13:29,13.0,"1,4","5,0",14:29,69.0,93.0,00:27,40.0,13:04,Valencia,ES-VC
2023-01-07,8414A,VALENCIA AEROPUERTO,VALENCIA,56,"10,2","0,0","1,7",05:24,"18,6",13:50,24.0,"5,3","13,3",11:07,61.0,93.0,Varias,37.0,12:36,Valencia,ES-VC
2023-01-08,8414A,VALENCIA AEROPUERTO,VALENCIA,56,"18,4","0,0","14,7",02:30,"22,1",14:21,26.0,"8,3","19,7",Varias,58.0,67.0,07:23,48.0,15:21,Valencia,ES-VC
2023-01-09,8414A,VALENCIA AEROPUERTO,VALENCIA,56,"15,4","0,0","8,6",22:54,"22,1",13:05,26.0,"5,0","13,3",08:03,57.0,87.0,20:24,28.0,13:43,Valencia,ES-VC
2023-01-10,8414A,VALENCIA AEROPUERTO,VALENCIA,56,"13,6","0,0","6,7",06:51,"20,5",14:28,24.0,"3,1","7,8",Varias,60.0,88.0,Varias,37.0,11:52,Valencia,ES-VC
2023-01-11,8414A,VALENCIA AEROPUERTO,VALENCIA,56,"13,8","0,0","6,0",03:05,"21,7",14:54,99.0,"2,2","12,5",Varias,58.0,91.0,02:31,36.0,14:50,Valencia,ES-VC
2023-01-12,8414A,VALENCIA AEROPUERTO,VALENCIA,56,"12,0","0,0","4,3",07:14,"19,7",15:04,13.0,"2,8","6,1",16:30,67.0,95.0,Varias,34.0,15:33,Valencia,ES-VC
2023-01-13,8414A,VALENCIA AEROPUERTO,VALENCIA,56,"11,3","0,0","3,0",06:55,"19,6",14:47,99.0,"1,4","5,0",Varias,57.0,95.0,03:00,24.0,13:55,Valencia,ES-VC
2023-01-14,8414A,VALENCIA AEROPUERTO,VALENCIA,56,"11,6","0,0","2,7",06:49,"20,6",14:59,22.0,"3,9","9,7",15:09,56.0,90.0,Varias,32.0,15:05,Valencia,ES-VC
2023-01-15,8414A,VALENCIA AEROPUERTO,VALENCIA,56,"13,2","0,0","7,4",23:59,"19,1",Varias,99.0,"5,0","17,5",Varias,53.0,75.0,21:20,40.0,13:05,Valencia,ES-VC
2023-01-16,8414A,VALENCIA AEROPUERTO,VALENCIA,56,"11,6","0,0","6,1",00:50,"17,0",14:19,26.0,"8,9","24,2",22:58,50.0,73.0,00:52,41.0,12:38,Valencia,ES-VC
2023-01-17,8414A,VALENCIA AEROPUERTO,VALENCIA,56,"14,2","1,2","8,8",21:57,"19,7",13:12,99.0,"11,1","24,7",12:29,47.0,84.0,19:09,27.0,13:03,Valencia,ES-VC
2023-01-18,8414A,VALENCIA AEROPUERTO,VALENCIA,56,"10,4","0,0","6,4",05:19,"14,5",13:17,26.0,"6,7","15,3",11:12,34.0,66.0,00:48,12.0,14:50,Valencia,ES-VC
2023-01-19,8414A,VALENCIA AEROPUERTO,VALENCIA,56,"10,2","0,0","6,1",Varias,"14,2",13:56,99.0,"8,1","16,1",Varias,40.0,59.0,Varias,31.0,Varias,Valencia,ES-VC
2023-01-20,8414A,VALENCIA AEROPUERTO,VALENCIA,56,"12,8","0,0","7,5",07:11,"18,2",14:09,26.0,"3,6","13,9",02:20,47.0,78.0,07:20,16.0,13:18,Valencia,ES-VC
2023-01-21,8414A,VALENCIA AEROPUERTO,VALENCIA,56,"7,5","0,0","1,5",06:58,"13,5",14:47,33.0,"3,9","18,1",19:54,49.0,85.0,Varias,19.0,16:49,Valencia,ES-VC
2023-01-22,8414A,VALENCIA AEROPUERTO,VALENCIA,56,"9,5","0,0","4,6",06:35,"14,4",14:34,33.0,"4,4","16,1",19:53,24.0,37.0,Varias,16.0,14:30,Valencia,ES-VC
2023-01-23,8414A,VALENCIA AEROPUERTO,VALENCIA,56,"6,0","0,0","-0,5",07:06,"12,6",13:21,99.0,"1,9","9,2",Varias,45.0,68.0,Varias,24.0,12:21,Valencia,ES-VC
2023-01-24,8414A,VALENCIA AEROPUERTO,VALENCIA,56,"7,0","0,0","2,8",20:45,"11,3",12:46,31.0,"3,3","7,8",22:53,47.0,74.0,20:41,33.0,12:59,Valencia,ES-VC
2023-01-25,8414A,VALENCIA AEROPUERTO,VALENCIA,56,"8,4","0,0","2,9",05:12,"13,9",13:13,6.0,"2,8","7,2",13:27,49.0,78.0,21:33,35.0,13:20,Valencia,ES-VC
2023-01-26,8414A,VALENCIA AEROPUERTO,VALENCIA,56,"7,8","0,0","1,4",23:44,"14,3",12:21,12.0,"2,5","6,7",12:47,54.0,79.0,23:49,34.0,11:23,Valencia,ES-VC
2023-01-27,8414A,VALENCIA AEROPUERTO,VALENCIA,56,"6,8","0,0","-1,2",06:23,"14,7",13:04,32.0,"2,5","8,9",11:45,50.0,80.0,Varias,24.0,13:00,Valencia,ES-VC
2023-01-28,8414A,VALENCIA AEROPUERTO,VALENCIA,56,"7,0","0,0","0,6",07:22,"13,5",13:10,32.0,"1,9","8,9",00:52,50.0,72.0,23:15,29.0,13:07,Valencia,ES-VC
2023-01-29,8414A,VALENCIA AEROPUERTO,VALENCIA,56,"5,8","0,2","2,0",06:57,"9,6",14:30,31.0,"2,8","7,8",09:01,58.0,90.0,Varias,40.0,10:36,Valencia,ES-VC
2023-01-30,8414A,VALENCIA AEROPUERTO,VALENCIA,56,"7,8","0,0","1,2",Varias,"14,4",14:31,30.0,"2,5","7,2",05:17,66.0,92.0,01:38,42.0,14:55,Valencia,ES-VC
2023-01-31,8414A,VALENCIA AEROPUERTO,VALENCIA,56,"7,6","0,0","-0,4",07:00,"15,7",13:26,99.0,"1,7","6,1",Varias,59.0,89.0,Varias,23.0,13:25,Valencia,ES-VC
2023-02-01,8414A,VALENCIA AEROPUERTO,VALENCIA,56,"7,4","0,0","0,1",Varias,"14,7",13:28,12.0,"1,9","5,8",Varias,66.0,90.0,Varias,42.0,12:03,Valencia,ES-VC
2023-02-02,8414A,VALENCIA AEROPUERTO,VALENCIA,56,"9,4","0,0","1,5",Varias,"17,4",13:55,12.0,"1,9","5,0",14:00,60.0,91.0,Varias,34.0,13:46,Valencia,ES-VC
2023-02-03,8414A,VALENCIA AEROPUERTO,VALENCIA,56,"9,4","0,0","0,6",04:05,"18,1",13:28,29.0,"1,7","7,2",07:46,55.0,83.0,Varias,27.0,13:25,Valencia,ES-VC
2023-02-04,8414A,VALENCIA AEROPUERTO,VALENCIA,56,"11,0","0,0","1,2",02:46,"20,7",14:30,99.0,"1,9","5,0",Varias,34.0,81.0,01:00,14.0,14:01,Valencia,ES-VC
2023-02-05,8414A,VALENCIA AEROPUERTO,VALENCIA,56,"9,8","0,0","2,0",07:00,"17,6",13:30,99.0,"1,9","5,8",Varias,58.0,93.0,Varias,28.0,10:19,Valencia,ES-VC
2023-02-06,8414A,VALENCIA AEROPUERTO,VALENCIA,56,"6,8","4,9","3,5",02:17,"10,1",09:12,4.0,"5,0","13,9",Varias,78.0,93.0,Varias,55.0,09:09,Valencia,ES-VC
2023-02-07,8414A,VALENCIA AEROPUERTO,VALENCIA,56,"9,0","1,1","4,8",22:37,"13,1",14:16,5.0,"3,3","10,3",12:02,64.0,88.0,Varias,46.0,14:02,Valencia,ES-VC
2023-02-08,8414A,VALENCIA AEROPUERTO,VALENCIA,56,"8,8","22,1","6,7",00:00,"10,8",15:16,99.0,"5,0","11,4",Varias,89.0,96.0,10:35,76.0,03:54,Valencia,ES-VC
2023-02-09,8414A,VALENCIA AEROPUERTO,VALENCIA,56,"9,8",0,"6,8",23:51,"12,7",12:40,3.0,"3,9","9,2",11:25,71.0,91.0,Varias,56.0,12:48,Valencia,ES-VC
2023-02-10,8414A,VALENCIA AEROPUERTO,VALENCIA,56,"8,4","0,0","3,6",06:54,"13,1",12:26,13.0,"1,4","7,2",13:53,74.0,96.0,Varias,51.0,12:21,Valencia,ES-VC
2023-02-11,8414A,VALENCIA AEROPUERTO,VALENCIA,56,"7,8","0,0","3,6",23:56,"12,1",12:14,99.0,"2,8","7,8",Varias,70.0,90.0,02:34,54.0,16:08,Valencia,ES-VC
2023-02-12,8414A,VALENCIA AEROPUERTO,VALENCIA,56,"8,0","0,0","2,0",03:21,"14,0",14:38,99.0,"1,7","5,8",Varias,70.0,93.0,Varias,51.0,13:48,Valencia,ES-VC
2023-02-13,8414A,VALENCIA AEROPUERTO,VALENCIA,56,"7,7","0,0","1,5",06:48,"13,9",14:30,99.0,"1,9","5,0",Varias,74.0,93.0,Varias,54.0,13:22,Valencia,ES-VC
2023-02-14,8414A,VALENCIA AEROPUERTO,VALENCIA,56,"10,4","0,0","6,7",00:00,"14,1",12:50,99.0,"1,9","5,0",Varias,72.0,89.0,02:01,52.0,12:33,Valencia,ES-VC
2023-02-15,8414A,VALENCIA AEROPUERTO,VALENCIA,56,"10,2","0,0","6,0",06:20,"14,3",Varias,99.0,"2,8","5,8",Varias,76.0,92.0,Varias,65.0,12:51,Valencia,ES-VC
2023-02-16,8414A,VALENCIA AEROPUERTO,VALENCIA,56,"10,8","0,0","5,4",23:53,"16,1",13:47,8.0,"1,7","6,7",16:19,75.0,94.0,23:30,49.0,14:29,Valencia,ES-VC
2023-02-17,8414A,VALENCIA AEROPUERTO,VALENCIA,56,"9,8","0,0","2,2",06:19,"17,5",14:37,7.0,"2,5","6,1",14:06,65.0,94.0,00:00,28.0,14:56,Valencia,ES-VC
2023-02-18,8414A,VALENCIA AEROPUERTO,VALENCIA,56,"9,8","0,0","2,2",05:18,"17,5",13:33,15.0,"1,4","5,0",14:59,63.0,88.0,Varias,32.0,12:53,Valencia,ES-VC
2023-02-19,8414A,VALENCIA AEROPUERTO,VALENCIA,56,"11,8","0,0","4,1",07:04,"19,5",13:51,99.0,"1,7","5,0",15:24,62.0,89.0,01:31,28.0,13:46,Valencia,ES-VC
2023-02-20,8414A,VALENCIA AEROPUERTO,VALENCIA,56,"11,6","0,0","4,1",05:37,"19,1",13:23,99.0,"1,9","5,0",Varias,60.0,89.0,Varias,31.0,12:50,Valencia,ES-VC
2023-02-21,8414A,VALENCIA AEROPUERTO,VALENCIA,56,"12,4","0,3","4,8",05:16,"20,1",14:45,99.0,"2,5","6,7",Varias,57.0,86.0,00:52,34.0,14:23,Valencia,ES-VC
2023-02-22,8414A,VALENCIA AEROPUERTO,VALENCIA,56,"10,8","0,0","5,0",06:57,"16,7",13:28,99.0,"2,5","7,2",Varias,77.0,94.0,23:50,57.0,13:15,Valencia,ES-VC
2023-02-23,8414A,VALENCIA AEROPUERTO,VALENCIA,56,"11,7","0,0","7,2",02:28,"16,2",13:48,99.0,"1,7","6,1",Varias,79.0,96.0,Varias,40.0,22:11,Valencia,ES-VC
2023-02-24,8414A,VALENCIA AEROPUERTO,VALENCIA,56,"8,4","0,0","2,5",06:41,"14,2",12:00,99.0,"3,1","8,3",Varias,59.0,87.0,Varias,31.0,11:42,Valencia,ES-VC
2023-02-25,8414A,VALENCIA AEROPUERTO,VALENCIA,56,"10,2","0,0","2,5",06:40,"17,9",13:30,16.0,"4,2","11,7",15:28,49.0,88.0,02:39,19.0,14:56,Valencia,ES-VC
2023-02-26,8414A,VALENCIA AEROPUERTO,VALENCIA,56,"9,8","0,0","2,5",06:44,"17,2",15:21,99.0,"4,4","22,8",Varias,51.0,72.0,06:47,21.0,21:53,Valencia,ES-VC
2023-02-27,8414A,VALENCIA AEROPUERTO,VALENCIA,56,"6,9","0,0","3,3",06:13,"10,5",14:05,32.0,"9,2","18,6",06:15,27.0,45.0,Varias,17.0,12:38,Valencia,ES-VC
2023-02-28,8414A,VALENCIA AEROPUERTO,VALENCIA,56,"10,4","0,0","3,8",05:52,"16,9",14:30,30.0,"3,1","9,2",Varias,35.0,57.0,19:22,20.0,13:44,Valencia,ES-VC
2023-03-01,8414A,VALENCIA AEROPUERTO,VALENCIA,56,"8,1","0,0","3,0",07:16,"13,2",12:42,12.0,"3,6","9,2",Varias,49.0,78.0,Varias,27.0,12:44,Valencia,ES-VC
2023-03-02,8414A,VALENCIA AEROPUERTO,VALENCIA,56,"7,0","0,0","0,2",05:36,"13,9",14:06,7.0,"2,5","10,8",17:35,45.0,72.0,Varias,26.0,12:26,Valencia,ES-VC
2023-03-03,8414A,VALENCIA AEROPUERTO,VALENCIA,56,"9,0","0,0","2,0",04:01,"16,1",13:44,10.0,"3,6","10,3",14:18,47.0,75.0,Varias,27.0,13:47,Valencia,ES-VC
2023-03-04,8414A,VALENCIA AEROPUERTO,VALENCIA,56,"8,1","0,0","1,2",05:58,"15,0",12:48,99.0,"3,1","7,2",Varias,62.0,89.0,Varias,35.0,11:30,Valencia,ES-VC
2023-03-05,8414A,VALENCIA AEROPUERTO,VALENCIA,56,"9,8","1,5","1,5",06:21,"18,1",12:10,26.0,"2,5","14,4",20:31,59.0,91.0,02:12,30.0,10:58,Valencia,ES-VC
2023-03-06,8414A,VALENCIA AEROPUERTO,VALENCIA,56,"13,2","0,0","7,3",06:26,"19,2",12:49,26.0,"5,3","16,4",15:50,55.0,88.0,Varias,38.0,15:48,Valencia,ES-VC
2023-03-07,8414A,VALENCIA AEROPUERTO,VALENCIA,56,"16,2","0,0","10,6",04:19,"21,7",14:41,29.0,"7,8","18,1",14:29,49.0,78.0,Varias,28.0,15:54,Valencia,ES-VC
2023-03-08,8414A,VALENCIA AEROPUERTO,VALENCIA,56,"19,8","0,0","14,2",04:55,"25,5",12:28,26.0,"8,6","17,5",12:52,51.0,67.0,07:07,38.0,15:42,Valencia,ES-VC
2023-03-09,8414A,VALENCIA AEROPUERTO,VALENCIA,56,"21,7","0,0","16,9",Varias,"26,5",14:44,27.0,"5,3","18,1",Varias,47.0,66.0,04:37,25.0,15:56,Valencia,ES-VC
2023-03-10,8414A,VALENCIA AEROPUERTO,VALENCIA,56,"21,3","0,0","15,8",05:59,"26,8",Varias,25.0,"7,2","15,3",15:07,38.0,54.0,Varias,24.0,14:34,Valencia,ES-VC
2023-03-11,8414A,VALENCIA AEROPUERTO,VALENCIA,56,"22,1","0,0","16,5",05:45,"27,7",16:18,99.0,"9,4","16,9",Varias,43.0,62.0,Varias,28.0,16:27,Valencia,ES-VC
2023-03-12,8414A,VALENCIA AEROPUERTO,VALENCIA,56,"21,3","0,0","13,3",06:03,"29,3",14:05,14.0,"2,5","10,3",Varias,47.0,75.0,06:04,29.0,13:21,Valencia,ES-VC
2023-03-13,8414A,VALENCIA AEROPUERTO,VALENCIA,56,"21,8","0,0","11,6",05:34,"31,9",14:49,99.0,"5,8","16,9",Varias,40.0,82.0,Varias,15.0,17:59,Valencia,ES-VC
2023-03-14,8414A,VALENCIA AEROPUERTO,VALENCIA,56,"18,5","0,0","11,5",23:58,"25,5",14:47,29.0,"3,6","13,9",03:13,32.0,66.0,23:05,16.0,14:32,Valencia,ES-VC
2023-03-15,8414A,VALENCIA AEROPUERTO,VALENCIA,56,"14,8","0,0","7,8",Varias,"21,7",11:24,99.0,"4,2","8,9",Varias,52.0,83.0,Varias,26.0,11:14,Valencia,ES-VC
2023-03-16,8414A,VALENCIA AEROPUERTO,VALENCIA,56,"12,6","0,0","6,8",06:21,"18,5",11:44,99.0,"2,5","7,8",Varias,70.0,87.0,05:22,52.0,10:19,Valencia,ES-VC
2023-03-17,8414A,VALENCIA AEROPUERTO,VALENCIA,56,"12,7","0,0","6,7",05:57,"18,7",12:31,7.0,"3,1","8,3",16:03,72.0,91.0,23:24,51.0,12:17,Valencia,ES-VC
2023-03-18,8414A,VALENCIA AEROPUERTO,VALENCIA,56,"17,1","0,0","9,7",02:25,"24,5",13:42,3.0,"5,3","11,7",16:57,55.0,92.0,Varias,20.0,15:29,Valencia,ES-VC
2023-03-19,8414A,VALENCIA AEROPUERTO,VALENCIA,56,"13,8","0,0","8,1",04:50,"19,4",10:32,99.0,"2,8","8,3",Varias,58.0,81.0,23:58,38.0,10:22,Valencia,ES-VC
2023-03-20,8414A,VALENCIA AEROPUERTO,VALENCIA,56,"14,9","0,0","7,1",06:19,"22,7",11:41,12.0,"3,3","9,7",14:12,56.0,84.0,05:17,34.0,11:36,Valencia,ES-VC
2023-03-21,8414A,VALENCIA AEROPUERTO,VALENCIA,56,"13,4","0,0","6,9",Varias,"19,9",12:32,99.0,"3,1","6,7",Varias,69.0,90.0,Varias,39.0,10:43,Valencia,ES-VC
2023-03-22,8414A,VALENCIA AEROPUERTO,VALENCIA,56,"13,0","0,0","5,8",06:04,"20,1",14:06,13.0,"3,1","7,2",17:14,72.0,91.0,03:07,49.0,13:52,Valencia,ES-VC
2023-03-23,8414A,VALENCIA AEROPUERTO,VALENCIA,56,"15,0","0,0","7,6",05:57,"22,4",11:05,9.0,"3,3","8,3",13:03,70.0,90.0,Varias,42.0,11:01,Valencia,ES-VC
2023-03-24,8414A,VALENCIA AEROPUERTO,VALENCIA,56,"18,8","0,0","9,8",04:17,"27,7",11:55,99.0,"4,4","12,8",Varias,34.0,91.0,Varias,17.0,15:44,Valencia,ES-VC
2023-03-25,8414A,VALENCIA AEROPUERTO,VALENCIA,56,"17,6","0,0","12,1",23:31,"23,1",11:58,99.0,"3,1","8,9",Varias,64.0,91.0,23:33,38.0,12:03,Valencia,ES-VC
2023-03-26,8414A,VALENCIA AEROPUERTO,VALENCIA,56,"20,8","0,0","11,8",00:38,"29,9",14:15,99.0,"5,6","14,4",Varias,32.0,91.0,00:26,14.0,20:44,Valencia,ES-VC
2023-03-27,8414A,VALENCIA AEROPUERTO,VALENCIA,56,"17,4","0,0","9,6",04:11,"25,1",13:48,99.0,"3,6","11,7",14:37,37.0,66.0,20:37,15.0,13:41,Valencia,ES-VC
2023-03-28,8414A,VALENCIA AEROPUERTO,VALENCIA,56,"13,2","0,0","6,1",06:06,"20,4",12:08,13.0,"3,3","10,3",13:48,56.0,90.0,23:58,32.0,11:10,Valencia,ES-VC
2023-03-29,8414A,VALENCIA AEROPUERTO,VALENCIA,56,"14,2","0,0","7,3",05:46,"21,2",13:37,11.0,"3,3","7,2",14:02,68.0,92.0,Varias,41.0,13:46,Valencia,ES-VC
2023-03-30,8414A,VALENCIA AEROPUERTO,VALENCIA,56,"20,4","0,0","8,5",05:43,"32,2",15:17,26.0,"5,8","15,0",15:18,32.0,90.0,02:03,10.0,Varias,Valencia,ES-VC
2023-03-31,8414A,VALENCIA AEROPUERTO,VALENCIA,56,"25,1","0,0","20,0",Varias,"30,2",14:50,99.0,"9,2","17,5",08:39,30.0,42.0,Varias,20.0,15:21,Valencia,ES-VC
2023-04-01,8414A,VALENCIA AEROPUERTO,VALENCIA,56,"19,7","0,0","14,2",23:59,"25,2",13:49,99.0,"3,1","17,5",23:05,46.0,60.0,Varias,26.0,12:47,Valencia,ES-VC
2023-04-02,8414A,VALENCIA AEROPUERTO,VALENCIA,56,"18,4","0,0","12,1",Varias,"24,7",15:07,99.0,"7,5","18,1",Varias,27.0,47.0,00:54,17.0,14:52,Valencia,ES-VC
2023-04-03,8414A,VALENCIA AEROPUERTO,VALENCIA,56,"14,2","0,0","7,4",05:23,"21,1",12:36,11.0,"4,2","9,2",15:37,43.0,77.0,Varias,22.0,11:31,Valencia,ES-VC
2023-04-04,8414A,VALENCIA AEROPUERTO,VALENCIA,56,"12,4","0,0","5,6",05:11,"19,2",Varias,99.0,"3,1","8,3",Varias,57.0,87.0,Varias,32.0,09:50,Valencia,ES-VC
2023-04-05,8414A,VALENCIA AEROPUERTO,VALENCIA,56,"14,4","0,0","8,3",05:00,"20,5",11:37,10.0,"4,7","10,3",14:37,56.0,87.0,00:00,38.0,11:11,Valencia,ES-VC
2023-04-06,8414A,VALENCIA AEROPUERTO,VALENCIA,56,"13,2","0,0","6,9",05:09,"19,5",Varias,99.0,"3,3","9,2",Varias,61.0,88.0,02:30,35.0,15:19,Valencia,ES-VC
2023-04-07,8414A,VALENCIA AEROPUERTO,VALENCIA,56,"14,2","0,0","6,6",05:17,"21,7",14:13,11.0,"3,9","9,2",Varias,50.0,88.0,04:09,33.0,15:18,Valencia,ES-VC
2023-04-08,8414A,VALENCIA AEROPUERTO,VALENCIA,56,"13,6","0,0","7,4",03:51,"19,7",12:56,9.0,"4,4","11,7",13:55,65.0,85.0,21:37,55.0,07:13,Valencia,ES-VC
2023-04-09,8414A,VALENCIA AEROPUERTO,VALENCIA,56,"15,8","0,0","10,5",05:45,"21,1",10:51,12.0,"3,1","8,3",Varias,72.0,93.0,04:58,49.0,10:44,Valencia,ES-VC
2023-04-10,8414A,VALENCIA AEROPUERTO,VALENCIA,56,"15,7","0,0","9,7",05:39,"21,7",10:48,99.0,"3,1","8,9",Varias,76.0,92.0,05:54,50.0,10:49,Valencia,ES-VC
2023-04-11,8414A,VALENCIA AEROPUERTO,VALENCIA,56,"18,0","0,0","12,3",23:57,"23,7",12:12,12.0,"3,3","7,8",Varias,68.0,90.0,Varias,45.0,12:03,Valencia,ES-VC
2023-04-12,8414A,VALENCIA AEROPUERTO,VALENCIA,56,"21,2","0,0","10,7",03:30,"31,8",13:53,26.0,"8,9","19,7",12:43,23.0,92.0,Varias,11.0,14:26,Valencia,ES-VC
2023-04-13,8414A,VALENCIA AEROPUERTO,VALENCIA,56,"17,6","0,0","12,0",22:57,"23,2",12:23,12.0,"3,6","10,8",14:20,38.0,79.0,22:16,15.0,13:23,Valencia,ES-VC
2023-04-14,8414A,VALENCIA AEROPUERTO,VALENCIA,56,"18,6","0,0","9,1",03:45,"28,2",15:51,30.0,"6,9","15,3",16:42,29.0,81.0,01:20,22.0,16:33,Valencia,ES-VC
2023-04-15,8414A,VALENCIA AEROPUERTO,VALENCIA,56,"21,7","0,0","14,0",05:27,"29,4",13:32,34.0,"6,7","18,6",23:02,27.0,56.0,Varias,14.0,13:15,Valencia,ES-VC
2023-04-16,8414A,VALENCIA AEROPUERTO,VALENCIA,56,"16,4","0,0","10,5",23:59,"22,2",12:37,33.0,"3,6","12,8",00:21,32.0,65.0,Varias,20.0,12:41,Valencia,ES-VC
2023-04-17,8414A,VALENCIA AEROPUERTO,VALENCIA,56,"14,5","0,0","7,8",05:01,"21,2",13:16,8.0,"3,3","8,9",Varias,46.0,83.0,Varias,29.0,11:29,Valencia,ES-VC
2023-04-18,8414A,VALENCIA AEROPUERTO,VALENCIA,56,"16,1","0,0","11,6",05:15,"20,6",12:34,13.0,"4,4","10,8",15:19,60.0,83.0,00:05,34.0,12:26,Valencia,ES-VC
2023-04-19,8414A,VALENCIA AEROPUERTO,VALENCIA,56,"15,7","0,0","9,8",04:20,"21,6",13:26,12.0,"3,6","8,9",14:36,50.0,85.0,04:26,28.0,13:24,Valencia,ES-VC
2023-04-20,8414A,VALENCIA AEROPUERTO,VALENCIA,56,"17,2","0,0","9,1",04:29,"25,2",14:02,99.0,"3,6","9,2",Varias,37.0,84.0,Varias,26.0,14:55,Valencia,ES-VC
2023-04-21,8414A,VALENCIA AEROPUERTO,VALENCIA,56,"17,4","0,0","11,1",04:55,"23,6",15:36,99.0,"3,6","9,7",Varias,63.0,90.0,03:09,45.0,15:53,Valencia,ES-VC
2023-04-22,8414A,VALENCIA AEROPUERTO,VALENCIA,56,"18,4","0,6","12,3",05:02,"24,5",12:46,11.0,"3,3","8,3",14:27,61.0,90.0,Varias,46.0,12:29,Valencia,ES-VC
2023-04-23,8414A,VALENCIA AEROPUERTO,VALENCIA,56,"18,2","0,0","10,5",04:39,"26,0",10:04,99.0,"4,2","9,2",Varias,51.0,92.0,Varias,26.0,09:54,Valencia,ES-VC
2023-04-24,8414A,VALENCIA AEROPUERTO,VALENCIA,56,"19,0","0,0","12,7",04:10,"25,4",12:52,99.0,"4,2","10,3",Varias,55.0,87.0,Varias,38.0,12:52,Valencia,ES-VC
2023-04-25,8414A,VALENCIA AEROPUERTO,VALENCIA,56,"22,1","0,0","13,3",05:19,"30,9",10:54,13.0,"4,2","9,7",12:02,46.0,81.0,23:59,22.0,10:39,Valencia,ES-VC
2023-04-26,8414A,VALENCIA AEROPUERTO,VALENCIA,56,"19,2","0,0","14,1",05:18,"24,2",12:37,99.0,"3,6","8,3",Varias,69.0,90.0,Varias,55.0,12:38,Valencia,ES-VC
2023-04-27,8414A,VALENCIA AEROPUERTO,VALENCIA,56,"19,0","0,0","13,3",04:45,"24,6",11:06,8.0,"2,8","8,3",13:51,69.0,92.0,04:55,55.0,13:12,Valencia,ES-VC
2023-04-28,8414A,VALENCIA AEROPUERTO,VALENCIA,56,"19,2",0,"13,8",04:45,"24,7",12:19,8.0,"2,5","7,8",16:10,67.0,90.0,04:50,44.0,12:23,Valencia,ES-VC
2023-04-29,8414A,VALENCIA AEROPUERTO,VALENCIA,56,"23,2",0,"16,2",05:29,"30,2",09:03,7.0,"3,9","9,2",13:40,66.0,90.0,Varias,30.0,09:01,Valencia,ES-VC
2023-04-30,8414A,VALENCIA AEROPUERTO,VALENCIA,56,"21,5","0,0","14,4",04:52,"28,6",10:52,13.0,"4,4","10,8",13:24,58.0,90.0,Varias,29.0,10:42,Valencia,ES-VC
2023-05-01,8414A,VALENCIA AEROPUERTO,VALENCIA,56,"20,4","0,0","15,0",05:08,"25,7",11:27,10.0,"3,1","10,3",12:46,66.0,91.0,Varias,39.0,10:11,Valencia,ES-VC
2023-05-02,8414A,VALENCIA AEROPUERTO,VALENCIA,56,"18,6","0,0","12,2",04:39,"25,0",12:06,11.0,"3,3","9,2",12:39,46.0,83.0,Varias,24.0,14:36,Valencia,ES-VC
2023-05-03,8414A,VALENCIA AEROPUERTO,VALENCIA,56,"19,2","0,0","12,3",04:18,"26,0",11:10,99.0,"4,4","9,7",Varias,52.0,77.0,00:00,28.0,11:03,Valencia,ES-VC
2023-05-04,8414A,VALENCIA AEROPUERTO,VALENCIA,56,"18,4","0,0","12,3",04:52,"24,6",10:12,5.0,"3,9","9,2",11:54,59.0,87.0,Varias,41.0,14:06,Valencia,ES-VC
2023-05-05,8414A,VALENCIA AEROPUERTO,VALENCIA,56,"19,8","0,0","14,3",05:06,"25,3",12:56,8.0,"3,3","9,2",15:20,66.0,90.0,02:49,51.0,13:02,Valencia,ES-VC
2023-05-06,8414A,VALENCIA AEROPUERTO,VALENCIA,56,"20,3","0,1","14,5",05:01,"26,1",12:44,99.0,"3,9","8,9",Varias,54.0,88.0,01:00,34.0,13:18,Valencia,ES-VC
2023-05-07,8414A,VALENCIA AEROPUERTO,VALENCIA,56,"21,0","0,0","16,7",04:42,"25,2",14:04,99.0,"4,2","9,7",Varias,61.0,87.0,Varias,38.0,13:45,Valencia,ES-VC
2023-05-08,8414A,VALENCIA AEROPUERTO,VALENCIA,56,"21,2","0,0","15,2",04:48,"27,2",11:46,99.0,"4,7","9,2",Varias,56.0,94.0,04:51,33.0,11:44,Valencia,ES-VC
2023-05-09,8414A,VALENCIA AEROPUERTO,VALENCIA,56,"21,5",0,"14,5",04:35,"28,5",10:43,99.0,"3,9","11,4",Varias,52.0,80.0,22:38,27.0,09:34,Valencia,ES-VC
2023-05-10,8414A,VALENCIA AEROPUERTO,VALENCIA,56,"21,0","0,1","16,2",05:12,"25,7",10:36,99.0,"5,6","10,8",Varias,49.0,86.0,Varias,32.0,11:59,Valencia,ES-VC
2023-05-11,8414A,VALENCIA AEROPUERTO,VALENCIA,56,"20,6","0,0","18,1",04:54,"23,1",12:39,10.0,"4,2","9,7",14:10,50.0,74.0,Varias,43.0,11:01,Valencia,ES-VC
2023-05-12,8414A,VALENCIA AEROPUERTO,VALENCIA,56,"17,4","2,1","12,9",23:38,"22,0",13:16,12.0,"3,9","10,8",15:19,45.0,88.0,21:28,33.0,08:37,Valencia,ES-VC
2023-05-13,8414A,VALENCIA AEROPUERTO,VALENCIA,56,"16,2","1,9","10,8",04:58,"21,6",12:25,3.0,"2,8","10,8",13:23,56.0,86.0,23:05,34.0,09:46,Valencia,ES-VC
2023-05-14,8414A,VALENCIA AEROPUERTO,VALENCIA,56,"17,9","0,4","11,3",03:48,"24,5",14:06,14.0,"4,2","11,4",11:24,43.0,82.0,Varias,30.0,10:59,Valencia,ES-VC
2023-05-15,8414A,VALENCIA AEROPUERTO,VALENCIA,56,"18,5","0,0","11,1",04:10,"25,9",11:56,33.0,"4,4","14,4",Varias,39.0,83.0,01:01,26.0,11:25,Valencia,ES-VC
2023-05-16,8414A,VALENCIA AEROPUERTO,VALENCIA,56,"19,9","0,0","13,8",04:24,"26,0",14:18,34.0,"5,0","14,4",Varias,31.0,54.0,Varias,24.0,13:54,Valencia,ES-VC
2023-05-17,8414A,VALENCIA AEROPUERTO,VALENCIA,56,"17,5","4,3","11,8",04:38,"23,2",11:15,11.0,"4,4","9,7",13:46,45.0,76.0,Varias,22.0,11:33,Valencia,ES-VC
2023-05-18,8414A,VALENCIA AEROPUERTO,VALENCIA,56,"18,4","1,1","14,4",03:45,"22,4",13:15,11.0,"5,3","11,4",14:52,59.0,90.0,04:35,41.0,10:03,Valencia,ES-VC
2023-05-19,8414A,VALENCIA AEROPUERTO,VALENCIA,56,"18,6",0,"14,5",03:09,"22,6",12:03,6.0,"3,6","10,8",02:00,51.0,88.0,04:59,35.0,15:13,Valencia,ES-VC
2023-05-20,8414A,VALENCIA AEROPUERTO,VALENCIA,56,"17,8","0,0","12,3",04:40,"23,3",13:24,12.0,"4,7","10,3",14:02,42.0,72.0,Varias,32.0,13:15,Valencia,ES-VC
2023-05-21,8414A,VALENCIA AEROPUERTO,VALENCIA,56,"18,0",0,"11,8",04:30,"24,2",15:30,6.0,"3,9","10,3",16:14,53.0,78.0,Varias,36.0,15:04,Valencia,ES-VC
2023-05-22,8414A,VALENCIA AEROPUERTO,VALENCIA,56,"19,6",0,"16,7",05:43,"22,6",14:05,99.0,"5,3","11,4",Varias,68.0,83.0,06:28,52.0,14:00,Valencia,ES-VC
2023-05-23,8414A,VALENCIA AEROPUERTO,VALENCIA,56,"18,0","22,9","15,1",14:48,"20,9",10:37,6.0,"5,0","16,1",09:14,76.0,96.0,15:23,58.0,05:04,Valencia,ES-VC
2023-05-24,8414A,VALENCIA AEROPUERTO,VALENCIA,56,"20,0","0,4","16,2",Varias,"23,7",Varias,99.0,"2,5","8,9",Varias,64.0,96.0,Varias,47.0,17:04,Valencia,ES-VC
2023-05-25,8414A,VALENCIA AEROPUERTO,VALENCIA,56,"19,4","5,7","14,8",02:48,"23,9",12:11,7.0,"3,9","9,7",13:03,75.0,96.0,Varias,49.0,11:48,Valencia,ES-VC
2023-05-26,8414A,VALENCIA AEROPUERTO,VALENCIA,56,"19,7","0,2","16,4",01:13,"23,0",13:08,4.0,"4,4","10,8",13:49,81.0,94.0,Varias,68.0,12:58,Valencia,ES-VC
2023-05-27,8414A,VALENCIA AEROPUERTO,VALENCIA,56,"19,9","1,6","15,8",Varias,"24,0",Varias,6.0,"3,9","8,3",14:17,63.0,98.0,Varias,46.0,16:41,Valencia,ES-VC
2023-05-28,8414A,VALENCIA AEROPUERTO,VALENCIA,56,"19,8","0,8","16,5",04:56,"23,1",13:31,10.0,"1,7","8,3",14:35,71.0,93.0,04:14,56.0,13:42,Valencia,ES-VC
2023-05-29,8414A,VALENCIA AEROPUERTO,VALENCIA,56,"21,0","0,0","16,7",Varias,"25,2",11:05,8.0,"2,8","9,2",12:31,67.0,93.0,03:17,50.0,11:53,Valencia,ES-VC
2023-05-30,8414A,VALENCIA AEROPUERTO,VALENCIA,56,"19,6","0,0","14,7",04:49,"24,6",11:04,6.0,"3,1","9,7",11:36,66.0,93.0,03:43,53.0,13:58,Valencia,ES-VC
2023-05-31,8414A,VALENCIA AEROPUERTO,VALENCIA,56,"21,6","0,0","14,7",04:01,"28,5",11:30,99.0,"3,9","8,9",Varias,53.0,88.0,Varias,32.0,14:16,Valencia,ES-VC
2023-06-01,8414A,VALENCIA AEROPUERTO,VALENCIA,56,"20,6","0,0","16,0",04:27,"25,1",12:37,99.0,"4,4","10,3",Varias,65.0,89.0,Varias,52.0,13:27,Valencia,ES-VC
2023-06-02,8414A,VALENCIA AEROPUERTO,VALENCIA,56,"20,5","3,9","15,8",04:54,"25,2",14:41,17.0,"3,3","8,3",10:31,67.0,92.0,Varias,55.0,14:31,Valencia,ES-VC
2023-06-03,8414A,VALENCIA AEROPUERTO,VALENCIA,56,"21,1","0,0","16,4",03:32,"25,8",12:05,13.0,"3,3","8,9",Varias,63.0,94.0,03:47,53.0,11:34,Valencia,ES-VC
2023-06-04,8414A,VALENCIA AEROPUERTO,VALENCIA,56,"22,2",0,"17,2",02:16,"27,2",12:45,7.0,"3,3","9,7",14:16,63.0,90.0,02:28,45.0,12:36,Valencia,ES-VC
2023-06-05,8414A,VALENCIA AEROPUERTO,VALENCIA,56,"21,7","0,0","16,7",04:33,"26,7",14:00,99.0,"3,6","8,9",Varias,62.0,91.0,04:30,44.0,12:40,Valencia,ES-VC
2023-06-06,8414A,VALENCIA AEROPUERTO,VALENCIA,56,"22,2","0,0","16,9",04:40,"27,4",10:34,12.0,"4,2","9,7",13:14,62.0,88.0,Varias,42.0,16:12,Valencia,ES-VC
2023-06-07,8414A,VALENCIA AEROPUERTO,VALENCIA,56,"21,6","0,2","18,6",04:49,"24,7",11:45,99.0,"3,1","5,8",Varias,70.0,85.0,23:55,58.0,11:38,Valencia,ES-VC
2023-06-08,8414A,VALENCIA AEROPUERTO,VALENCIA,56,"21,7","0,4","16,7",04:30,"26,7",13:42,99.0,"3,3","8,3",14:13,67.0,93.0,Varias,51.0,15:06,Valencia,ES-VC
2023-06-09,8414A,VALENCIA AEROPUERTO,VALENCIA,56,"25,8","0,0","18,7",04:46,"33,0",15:11,99.0,"6,1","13,9",Varias,45.0,94.0,04:20,25.0,15:12,Valencia,ES-VC
2023-06-10,8414A,VALENCIA AEROPUERTO,VALENCIA,56,"27,2","0,0","22,6",23:56,"31,7",13:45,8.0,"3,9","9,2",12:52,44.0,67.0,Varias,31.0,13:36,Valencia,ES-VC
2023-06-11,8414A,VALENCIA AEROPUERTO,VALENCIA,56,"24,8","6,4","20,2",23:39,"29,4",12:34,9.0,"3,6","9,7",14:52,72.0,95.0,Varias,49.0,12:15,Valencia,ES-VC
2023-06-12,8414A,VALENCIA AEROPUERTO,VALENCIA,56,"23,4",0,"19,1",03:30,"27,7",11:31,13.0,"3,1","10,3",15:42,68.0,94.0,00:00,51.0,11:43,Valencia,ES-VC
2023-06-13,8414A,VALENCIA AEROPUERTO,VALENCIA,56,"23,5","6,7","16,9",18:52,"30,1",11:23,35.0,"4,2","11,4",18:32,59.0,96.0,18:56,38.0,11:01,Valencia,ES-VC
2023-06-14,8414A,VALENCIA AEROPUERTO,VALENCIA,56,"23,2","0,0","16,2",04:35,"30,2",13:18,99.0,"3,6","9,2",Varias,52.0,92.0,00:23,36.0,14:35,Valencia,ES-VC
2023-06-15,8414A,VALENCIA AEROPUERTO,VALENCIA,56,"24,7","0,0","19,5",04:41,"29,9",12:36,99.0,"3,3","8,3",Varias,48.0,83.0,04:38,37.0,Varias,Valencia,ES-VC
2023-06-16,8414A,VALENCIA AEROPUERTO,VALENCIA,56,"26,0","0,0","20,4",02:23,"31,5",12:51,6.0,"4,2","9,2",17:04,56.0,76.0,Varias,31.0,12:24,Valencia,ES-VC
2023-06-17,8414A,VALENCIA AEROPUERTO,VALENCIA,56,"26,1","0,8","20,2",04:42,"32,0",14:28,13.0,"3,9","10,3",11:46,46.0,80.0,Varias,34.0,14:49,Valencia,ES-VC
2023-06-18,8414A,VALENCIA AEROPUERTO,VALENCIA,56,"23,3","0,3","19,4",23:59,"27,2",12:10,27.0,"3,3","8,9",06:15,60.0,83.0,06:59,43.0,12:39,Valencia,ES-VC
2023-06-19,8414A,VALENCIA AEROPUERTO,VALENCIA,56,"23,2","0,0","17,7",04:30,"28,7",13:36,9.0,"3,6","10,8",15:20,59.0,82.0,00:30,40.0,09:02,Valencia,ES-VC
2023-06-20,8414A,VALENCIA AEROPUERTO,VALENCIA,56,"25,7","0,0","20,4",Varias,"31,0",10:12,3.0,"3,3","8,9",17:59,55.0,86.0,Varias,39.0,09:51,Valencia,ES-VC
2023-06-21,8414A,VALENCIA AEROPUERTO,VALENCIA,56,"25,2","6,2","20,5",21:30,"30,0",15:26,30.0,"3,6","16,9",16:24,69.0,91.0,21:30,53.0,16:24,Valencia,ES-VC
2023-06-22,8414A,VALENCIA AEROPUERTO,VALENCIA,56,"26,8","0,0","19,7",03:14,"33,9",11:36,6.0,"4,7","10,3",13:29,48.0,88.0,03:02,28.0,11:12,Valencia,ES-VC
2023-06-23,8414A,VALENCIA AEROPUERTO,VALENCIA,56,"26,0","0,0","20,1",04:48,"31,9",14:31,15.0,"3,9","9,2",13:44,54.0,76.0,Varias,37.0,10:56,Valencia,ES-VC
2023-06-24,8414A,VALENCIA AEROPUERTO,VALENCIA,56,"27,0","0,0","20,5",04:05,"33,4",13:56,11.0,"4,2","10,3",14:22,46.0,80.0,Varias,35.0,14:04,Valencia,ES-VC
2023-06-25,8414A,VALENCIA AEROPUERTO,VALENCIA,56,"28,0","0,6","21,7",03:30,"34,3",14:01,33.0,"3,3","9,7",23:20,44.0,77.0,02:20,33.0,16:00,Valencia,ES-VC
2023-06-26,8414A,VALENCIA AEROPUERTO,VALENCIA,56,"29,2",0,"24,6",23:57,"33,8",13:45,35.0,"4,4","11,4",17:01,59.0,77.0,Varias,34.0,13:37,Valencia,ES-VC
2023-06-27,8414A,VALENCIA AEROPUERTO,VALENCIA,56,"26,8","0,0","21,7",04:41,"31,8",15:13,8.0,"3,9","9,2",18:06,60.0,86.0,04:52,43.0,16:37,Valencia,ES-VC
2023-06-28,8414A,VALENCIA AEROPUERTO,VALENCIA,56,"26,4","0,0","22,6",04:22,"30,3",Varias,99.0,"4,2","8,3",Varias,68.0,85.0,03:56,58.0,12:59,Valencia,ES-VC
2023-06-29,8414A,VALENCIA AEROPUERTO,VALENCIA,56,"26,4","0,0","22,1",04:43,"30,7",13:51,99.0,"3,6","9,7",Varias,67.0,84.0,00:00,54.0,14:05,Valencia,ES-VC
2023-06-30,8414A,VALENCIA AEROPUERTO,VALENCIA,56,"25,7","0,0","22,2",23:49,"29,2",09:19,99.0,"3,9","10,3",Varias,49.0,74.0,23:52,42.0,15:26,Valencia,ES-VC
2023-01-01,3195,"MADRID, RETIRO",MADRID,667,"11,3","0,1","7,8",05:30,"14,8",14:40,28.0,"1,1","7,5",23:50,51.0,66.0,Varias,35.0,14:20,Madrid,ES-MD
2023-01-02,3195,"MADRID, RETIRO",MADRID,667,"10,4","0,0","9,0",Varias,"11,8",14:40,99.0,"1,4","5,3",Varias,84.0,93.0,08:30,58.0,00:00,Madrid,ES-MD
2023-01-03,3195,"MADRID, RETIRO",MADRID,667,"9,0","0,0","5,9",Varias,"12,1",14:30,4.0,"1,7","5,6",06:50,78.0,91.0,21:10,57.0,16:10,Madrid,ES-MD
2023-01-04,3195,"MADRID, RETIRO",MADRID,667,"7,4","0,0","3,1",07:30,"11,6",15:00,6.0,"0,6","4,2",Varias,69.0,86.0,04:00,45.0,15:40,Madrid,ES-MD
2023-01-05,3195,"MADRID, RETIRO",MADRID,667,"7,3","0,0","3,0",06:30,"11,6",14:40,5.0,"0,8","5,0",03:10,65.0,83.0,Varias,46.0,15:50,Madrid,ES-MD
2023-01-06,3195,"MADRID, RETIRO",MADRID,667,"6,2","0,0","1,9",07:00,"10,5",16:00,22.0,"1,1","4,4",18:30,78.0,95.0,23:40,52.0,15:50,Madrid,ES-MD
2023-01-07,3195,"MADRID, RETIRO",MADRID,667,"5,2","6,3","2,5",01:00,"7,9",23:20,9.0,"0,8","3,3",07:30,94.0,99.0,Varias,88.0,14:00,Madrid,ES-MD
2023-01-08,3195,"MADRID, RETIRO",MADRID,667,"10,4","4,2","7,7",00:00,"13,2",13:50,23.0,"3,9","16,9",12:30,96.0,99.0,Varias,92.0,Varias,Madrid,ES-MD
2023-01-09,3195,"MADRID, RETIRO",MADRID,667,"9,3","0,0","5,9",23:30,"12,7",13:50,29.0,"2,5","10,3",12:40,64.0,99.0,Varias,44.0,14:00,Madrid,ES-MD
2023-01-10,3195,"MADRID, RETIRO",MADRID,667,"7,0","0,0","3,4",06:50,"10,5",16:20,28.0,"1,7","5,3",20:10,83.0,98.0,23:30,72.0,13:50,Madrid,ES-MD
2023-01-11,3195,"MADRID, RETIRO",MADRID,667,"7,0","0,1","4,9",23:00,"9,2",15:00,25.0,"1,1","4,4",02:10,96.0,99.0,Varias,89.0,15:40,Madrid,ES-MD
2023-01-12,3195,"MADRID, RETIRO",MADRID,667,"6,2","0,0","1,7",08:10,"10,6",15:30,22.0,"1,4","3,9",14:10,80.0,99.0,Varias,60.0,15:50,Madrid,ES-MD
2023-01-13,3195,"MADRID, RETIRO",MADRID,667,"7,4","0,0","3,7",00:10,"11,1",15:50,7.0,"1,1","4,2",09:00,79.0,99.0,Varias,60.0,14:40,Madrid,ES-MD
2023-01-14,3195,"MADRID, RETIRO",MADRID,667,"6,0","0,0","1,8",08:20,"10,3",15:00,10.0,"0,8","3,3",01:10,87.0,99.0,Varias,70.0,14:50,Madrid,ES-MD
2023-01-15,3195,"MADRID, RETIRO",MADRID,667,"7,8","0,0","4,3",01:20,"11,2",13:50,27.0,"3,1","11,1",15:00,75.0,99.0,Varias,45.0,15:20,Madrid,ES-MD
2023-01-16,3195,"MADRID, RETIRO",MADRID,667,"6,5","0,4","2,9",04:50,"10,1",16:30,26.0,"5,6","16,1",23:50,83.0,93.0,10:00,52.0,01:10,Madrid,ES-MD
2023-01-17,3195,"MADRID, RETIRO",MADRID,667,"6,4","0,2","2,8",23:59,"9,9",Varias,28.0,"5,3","18,1",07:50,67.0,97.0,06:40,45.0,11:00,Madrid,ES-MD
2023-01-18,3195,"MADRID, RETIRO",MADRID,667,"4,0","0,0","2,1",05:00,"5,9",13:30,28.0,"3,3","13,9",07:50,62.0,83.0,00:20,44.0,13:40,Madrid,ES-MD
2023-01-19,3195,"MADRID, RETIRO",MADRID,667,"4,4","0,3","1,2",04:30,"7,7",15:50,27.0,"3,3","11,1",13:00,67.0,91.0,23:59,51.0,12:00,Madrid,ES-MD
2023-01-20,3195,"MADRID, RETIRO",MADRID,667,"10,2","0,0","6,6",02:50,"13,7",13:40,25.0,"3,1","9,7",00:30,57.0,94.0,Varias,42.0,13:30,Madrid,ES-MD
2023-01-21,3195,"MADRID, RETIRO",MADRID,667,"6,6","0,0","3,4",23:40,"9,8",14:20,4.0,"3,1","13,3",22:20,58.0,87.0,06:50,32.0,16:20,Madrid,ES-MD
2023-01-22,3195,"MADRID, RETIRO",MADRID,667,"4,3","0,0","0,2",23:40,"8,4",14:30,99.0,"3,1","10,0",Varias,32.0,68.0,23:40,24.0,13:40,Madrid,ES-MD
2023-01-23,3195,"MADRID, RETIRO",MADRID,667,"3,4","0,0","-1,8",06:20,"8,5",14:40,2.0,"2,8","13,6",17:10,58.0,81.0,06:50,37.0,14:30,Madrid,ES-MD
2023-01-24,3195,"MADRID, RETIRO",MADRID,667,"3,0","0,0","0,2",04:40,"5,7",14:10,4.0,"2,5","7,5",13:40,56.0,67.0,04:50,51.0,13:30,Madrid,ES-MD
2023-01-25,3195,"MADRID, RETIRO",MADRID,667,"4,7","0,1","0,3",05:00,"9,1",15:40,5.0,"2,2","8,6",00:50,54.0,70.0,05:00,37.0,15:10,Madrid,ES-MD
2023-01-26,3195,"MADRID, RETIRO",MADRID,667,"4,5","0,0","-0,2",Varias,"9,2",13:50,2.0,"2,8","8,3",01:10,54.0,80.0,07:50,35.0,14:10,Madrid,ES-MD
2023-01-27,3195,"MADRID, RETIRO",MADRID,667,"3,8","0,0","-1,0",06:30,"8,6",12:30,5.0,"4,2","13,9",12:30,53.0,81.0,Varias,33.0,14:40,Madrid,ES-MD
2023-01-28,3195,"MADRID, RETIRO",MADRID,667,"4,4","0,0","-0,6",08:10,"9,3",14:40,3.0,"3,1","9,4",11:40,49.0,74.0,08:10,35.0,Varias,Madrid,ES-MD
2023-01-29,3195,"MADRID, RETIRO",MADRID,667,"2,2","0,0","-1,6",05:40,"5,9",Varias,10.0,"1,9","8,9",12:00,56.0,77.0,05:40,44.0,16:20,Madrid,ES-MD
2023-01-30,3195,"MADRID, RETIRO",MADRID,667,"3,6","0,0","-1,1",06:20,"8,2",16:10,5.0,"1,4","6,4",00:40,59.0,76.0,Varias,40.0,14:10,Madrid,ES-MD
2023-01-31,3195,"MADRID, RETIRO",MADRID,667,"4,6","0,0","-1,6",07:30,"10,9",16:10,3.0,"1,4","5,0",23:00,55.0,82.0,03:30,33.0,Varias,Madrid,ES-MD
2023-02-01,3195,"MADRID, RETIRO",MADRID,667,"6,8","0,0","1,8",07:00,"11,8",15:40,6.0,"1,7","7,5",07:20,55.0,72.0,06:40,37.0,16:30,Madrid,ES-MD
2023-02-02,3195,"MADRID, RETIRO",MADRID,667,"7,6","0,0","2,4",06:50,"12,7",16:00,99.0,"1,4","7,2",Varias,53.0,76.0,07:40,34.0,15:50,Madrid,ES-MD
2023-02-03,3195,"MADRID, RETIRO",MADRID,667,"8,0","0,0","0,8",08:10,"15,2",15:10,4.0,"0,8","5,0",00:40,44.0,80.0,08:10,17.0,14:30,Madrid,ES-MD
2023-02-04,3195,"MADRID, RETIRO",MADRID,667,"9,0","0,0","1,1",07:30,"17,0",16:20,2.0,"1,1","5,3",19:30,43.0,69.0,06:30,21.0,16:10,Madrid,ES-MD
2023-02-05,3195,"MADRID, RETIRO",MADRID,667,"10,4","0,0","4,5",02:00,"16,2",15:20,5.0,"1,9","8,6",07:30,25.0,56.0,00:30,16.0,14:10,Madrid,ES-MD
2023-02-06,3195,"MADRID, RETIRO",MADRID,667,"6,6","0,0","2,3",07:40,"10,8",15:00,10.0,"3,3","12,2",11:00,51.0,64.0,21:10,29.0,10:50,Madrid,ES-MD
2023-02-07,3195,"MADRID, RETIRO",MADRID,667,"5,6","1,1","2,8",07:10,"8,4",15:20,10.0,"1,4","8,3",19:30,69.0,87.0,Varias,51.0,14:50,Madrid,ES-MD
2023-02-08,3195,"MADRID, RETIRO",MADRID,667,"6,1","0,0","2,3",05:20,"9,9",15:50,3.0,"2,2","9,2",08:40,65.0,80.0,05:20,53.0,14:50,Madrid,ES-MD
2023-02-09,3195,"MADRID, RETIRO",MADRID,667,"7,2","0,0","4,2",05:20,"10,3",16:20,16.0,"0,8","6,1",21:00,63.0,83.0,07:20,43.0,14:50,Madrid,ES-MD
2023-02-10,3195,"MADRID, RETIRO",MADRID,667,"5,5","0,0","2,0",06:20,"9,0",15:30,15.0,"1,9","6,4",14:20,56.0,80.0,06:10,39.0,15:50,Madrid,ES-MD
2023-02-11,3195,"MADRID, RETIRO",MADRID,667,"5,8","0,0","1,3",08:00,"10,4",15:50,8.0,"3,1","8,1",12:10,55.0,72.0,07:10,40.0,16:10,Madrid,ES-MD
2023-02-12,3195,"MADRID, RETIRO",MADRID,667,"6,6","0,0","1,9",04:10,"11,2",16:10,5.0,"2,5","6,9",07:10,57.0,72.0,05:30,45.0,15:30,Madrid,ES-MD
2023-02-13,3195,"MADRID, RETIRO",MADRID,667,"6,2","0,0","2,3",07:40,"10,0",16:20,15.0,"2,2","6,9",14:00,65.0,81.0,07:30,51.0,15:00,Madrid,ES-MD
2023-02-14,3195,"MADRID, RETIRO",MADRID,667,"7,3","0,0","4,3",07:00,"10,3",16:40,9.0,"2,2","6,9",06:40,67.0,79.0,Varias,56.0,16:20,Madrid,ES-MD
2023-02-15,3195,"MADRID, RETIRO",MADRID,667,"9,2","0,0","5,8",Varias,"12,5",15:20,10.0,"1,4","5,0",02:10,59.0,76.0,Varias,44.0,16:00,Madrid,ES-MD
2023-02-16,3195,"MADRID, RETIRO",MADRID,667,"9,0","0,0","3,8",07:10,"14,1",15:10,4.0,"1,4","5,8",Varias,48.0,78.0,05:20,24.0,15:30,Madrid,ES-MD
2023-02-17,3195,"MADRID, RETIRO",MADRID,667,"9,1","0,0","3,4",07:30,"14,8",15:50,13.0,"1,9","7,8",22:10,42.0,66.0,07:30,24.0,15:00,Madrid,ES-MD
2023-02-18,3195,"MADRID, RETIRO",MADRID,667,"10,0","0,0","5,8",05:30,"14,3",16:30,5.0,"2,5","6,1",07:10,37.0,50.0,23:59,31.0,11:30,Madrid,ES-MD
2023-02-19,3195,"MADRID, RETIRO",MADRID,667,"12,8","0,0","7,9",06:00,"17,8",15:30,4.0,"1,7","6,4",07:30,44.0,60.0,06:30,30.0,14:50,Madrid,ES-MD
2023-02-20,3195,"MADRID, RETIRO",MADRID,667,"14,0","0,0","9,1",04:20,"19,0",15:30,12.0,"2,2","8,1",15:40,38.0,65.0,03:20,22.0,15:30,Madrid,ES-MD
2023-02-21,3195,"MADRID, RETIRO",MADRID,667,"13,0","0,0","8,6",06:50,"17,5",14:40,23.0,"1,1","6,4",15:40,44.0,65.0,Varias,35.0,14:30,Madrid,ES-MD
2023-02-22,3195,"MADRID, RETIRO",MADRID,667,"10,8","0,0","5,9",06:00,"15,7",16:00,25.0,"1,4","5,6",18:00,57.0,79.0,05:40,41.0,15:40,Madrid,ES-MD
2023-02-23,3195,"MADRID, RETIRO",MADRID,667,"6,2","0,0","2,7",23:59,"9,6",11:10,27.0,"3,3","12,8",17:10,68.0,86.0,07:30,43.0,14:10,Madrid,ES-MD
2023-02-24,3195,"MADRID, RETIRO",MADRID,667,"4,7","0,0","-0,3",06:40,"9,7",16:10,99.0,"1,4","5,8",Varias,54.0,85.0,06:40,31.0,16:10,Madrid,ES-MD
2023-02-25,3195,"MADRID, RETIRO",MADRID,667,"5,0","0,4","0,1",07:20,"9,8",13:20,1.0,"1,7","9,4",17:40,59.0,76.0,23:00,37.0,13:40,Madrid,ES-MD
2023-02-26,3195,"MADRID, RETIRO",MADRID,667,"5,8","0,1","0,1",06:40,"11,4",15:40,4.0,"2,2","8,9",23:59,56.0,87.0,Varias,34.0,14:20,Madrid,ES-MD
2023-02-27,3195,"MADRID, RETIRO",MADRID,667,"3,6","0,0","0,4",05:40,"6,7",14:10,4.0,"4,7","11,9",12:40,32.0,51.0,05:30,25.0,13:30,Madrid,ES-MD
2023-02-28,3195,"MADRID, RETIRO",MADRID,667,"3,6","0,0","-1,8",05:50,"8,9",13:30,4.0,"2,8","10,3",16:20,45.0,63.0,05:50,27.0,13:40,Madrid,ES-MD
2023-03-01,3195,"MADRID, RETIRO",MADRID,667,"2,3","0,0","-1,6",07:00,"6,2",16:20,35.0,"2,2","7,5",17:10,43.0,58.0,06:50,30.0,16:40,Madrid,ES-MD
2023-03-02,3195,"MADRID, RETIRO",MADRID,667,"4,2","0,0","-1,6",06:10,"9,9",15:50,5.0,"1,4","7,5",21:00,46.0,70.0,05:50,33.0,Varias,Madrid,ES-MD
2023-03-03,3195,"MADRID, RETIRO",MADRID,667,"6,0","0,0","0,1",06:50,"11,9",15:30,4.0,"1,4","8,1",18:30,46.0,73.0,06:40,29.0,16:40,Madrid,ES-MD
2023-03-04,3195,"MADRID, RETIRO",MADRID,667,"6,9","0,0","1,4",06:40,"12,4",16:20,3.0,"1,4","5,3",07:50,50.0,74.0,06:50,33.0,16:20,Madrid,ES-MD
2023-03-05,3195,"MADRID, RETIRO",MADRID,667,"6,3","4,2","2,3",06:30,"10,3",13:40,29.0,"1,7","8,3",15:30,65.0,98.0,21:20,43.0,13:50,Madrid,ES-MD
2023-03-06,3195,"MADRID, RETIRO",MADRID,667,"9,0","0,5","4,5",03:30,"13,4",14:50,23.0,"3,3","8,6",17:50,77.0,97.0,00:30,61.0,Varias,Madrid,ES-MD
2023-03-07,3195,"MADRID, RETIRO",MADRID,667,"12,0","1,8","8,5",05:00,"15,5",15:40,25.0,"3,3","10,8",10:10,75.0,99.0,04:30,51.0,15:40,Madrid,ES-MD
2023-03-08,3195,"MADRID, RETIRO",MADRID,667,"12,6","14,3","9,5",01:30,"15,8",15:40,22.0,"4,2","14,2",13:20,77.0,99.0,Varias,63.0,15:50,Madrid,ES-MD
2023-03-09,3195,"MADRID, RETIRO",MADRID,667,"14,0","1,1","10,9",07:00,"17,2",15:20,25.0,"3,9","16,1",14:20,74.0,99.0,Varias,54.0,14:10,Madrid,ES-MD
2023-03-10,3195,"MADRID, RETIRO",MADRID,667,"13,6","0,1","8,6",06:40,"18,7",16:10,30.0,"2,8","11,9",01:40,62.0,90.0,23:50,44.0,15:50,Madrid,ES-MD
2023-03-11,3195,"MADRID, RETIRO",MADRID,667,"14,4","0,0","8,9",06:10,"19,8",15:00,31.0,"3,1","11,1",19:10,72.0,99.0,Varias,46.0,15:10,Madrid,ES-MD
2023-03-12,3195,"MADRID, RETIRO",MADRID,667,"15,2","0,0","9,8",07:00,"20,6",16:30,31.0,"1,1","8,3",01:00,66.0,91.0,07:00,49.0,14:30,Madrid,ES-MD
2023-03-13,3195,"MADRID, RETIRO",MADRID,667,"15,0","0,0","10,1",07:10,"19,9",13:50,25.0,"4,2","18,9",15:40,66.0,94.0,07:00,39.0,14:20,Madrid,ES-MD
2023-03-14,3195,"MADRID, RETIRO",MADRID,667,"12,2","0,0","7,2",06:20,"17,2",14:40,28.0,"2,8","10,8",02:40,44.0,65.0,06:10,29.0,13:30,Madrid,ES-MD
2023-03-15,3195,"MADRID, RETIRO",MADRID,667,"13,2","0,0","7,0",07:00,"19,3",16:40,15.0,"1,1","4,2",12:00,45.0,70.0,05:10,25.0,15:30,Madrid,ES-MD
2023-03-16,3195,"MADRID, RETIRO",MADRID,667,"16,0","0,0","9,3",05:20,"22,8",16:00,27.0,"1,9","5,8",16:50,40.0,63.0,04:20,22.0,15:10,Madrid,ES-MD
2023-03-17,3195,"MADRID, RETIRO",MADRID,667,"13,4","0,0","10,4",23:59,"16,5",15:40,99.0,"4,2","12,5",Varias,54.0,84.0,07:50,34.0,14:00,Madrid,ES-MD
2023-03-18,3195,"MADRID, RETIRO",MADRID,667,"11,0","0,0","6,5",06:50,"15,6",14:50,28.0,"1,9","11,4",15:00,63.0,91.0,Varias,42.0,14:50,Madrid,ES-MD
2023-03-19,3195,"MADRID, RETIRO",MADRID,667,"12,8","0,0","7,6",05:30,"18,0",13:50,6.0,"1,4","6,7",14:50,47.0,83.0,Varias,26.0,14:30,Madrid,ES-MD
2023-03-20,3195,"MADRID, RETIRO",MADRID,667,"13,4","0,0","7,0",06:20,"19,8",16:00,26.0,"1,7","5,3",14:00,41.0,66.0,23:59,24.0,16:10,Madrid,ES-MD
2023-03-21,3195,"MADRID, RETIRO",MADRID,667,"14,5","0,0","8,1",05:30,"20,9",16:00,24.0,"1,4","5,0",14:50,41.0,69.0,04:40,25.0,14:40,Madrid,ES-MD
2023-03-22,3195,"MADRID, RETIRO",MADRID,667,"15,1","0,0","8,6",06:50,"21,6",15:20,24.0,"2,2","8,3",15:40,40.0,68.0,03:00,19.0,16:30,Madrid,ES-MD
2023-03-23,3195,"MADRID, RETIRO",MADRID,667,"14,8","0,0","8,3",06:30,"21,2",13:40,25.0,"2,5","10,6",16:00,41.0,71.0,07:10,16.0,15:30,Madrid,ES-MD
2023-03-24,3195,"MADRID, RETIRO",MADRID,667,"14,4","0,0","9,9",06:30,"19,0",15:50,27.0,"1,9","7,5",10:20,68.0,90.0,23:59,51.0,Varias,Madrid,ES-MD
2023-03-25,3195,"MADRID, RETIRO",MADRID,667,"14,6","0,0","8,4",07:40,"20,7",15:50,25.0,"1,9","10,3",21:30,54.0,99.0,Varias,19.0,15:30,Madrid,ES-MD
2023-03-26,3195,"MADRID, RETIRO",MADRID,667,"15,1","0,0","9,5",06:30,"20,7",14:10,27.0,"3,3","12,2",12:40,41.0,86.0,06:30,12.0,14:20,Madrid,ES-MD
2023-03-27,3195,"MADRID, RETIRO",MADRID,667,"13,6","0,0","7,2",06:30,"19,9",16:20,10.0,"1,7","7,2",08:10,35.0,61.0,06:30,20.0,14:10,Madrid,ES-MD
2023-03-28,3195,"MADRID, RETIRO",MADRID,667,"15,6","0,0","8,3",04:40,"22,9",15:40,6.0,"1,7","5,8",01:10,26.0,46.0,04:30,13.0,15:30,Madrid,ES-MD
2023-03-29,3195,"MADRID, RETIRO",MADRID,667,"17,9","0,0","10,6",06:30,"25,2",14:30,22.0,"1,7","7,2",15:10,29.0,47.0,07:30,18.0,14:20,Madrid,ES-MD
2023-03-30,3195,"MADRID, RETIRO",MADRID,667,"16,8","0,0","11,5",05:10,"22,0",14:10,24.0,"3,3","12,8",16:20,49.0,65.0,05:10,29.0,15:30,Madrid,ES-MD
2023-03-31,3195,"MADRID, RETIRO",MADRID,667,"16,0","0,0","11,2",06:50,"20,9",15:30,27.0,"3,9","11,7",17:50,58.0,72.0,08:00,42.0,16:10,Madrid,ES-MD
2023-04-01,3195,"MADRID, RETIRO",MADRID,667,"14,7","0,0","10,3",06:00,"19,1",15:20,32.0,"3,3","13,9",16:40,46.0,60.0,02:20,37.0,Varias,Madrid,ES-MD
2023-04-02,3195,"MADRID, RETIRO",MADRID,667,"12,2","0,0","5,8",Varias,"18,5",14:20,99.0,"2,2","8,9",Varias,36.0,63.0,06:50,20.0,15:40,Madrid,ES-MD
2023-04-03,3195,"MADRID, RETIRO",MADRID,667,"12,2","0,0","5,1",06:10,"19,3",14:40,5.0,"1,1","6,9",00:20,32.0,56.0,05:40,14.0,15:40,Madrid,ES-MD
2023-04-04,3195,"MADRID, RETIRO",MADRID,667,"14,5","0,0","8,3",06:30,"20,7",14:50,9.0,"3,9","12,2",18:10,,,,,,Madrid,ES-MD
2023-04-05,3195,"MADRID, RETIRO",MADRID,667,"13,4","0,0","5,7",06:50,"21,1",14:40,4.0,"2,2","8,3",00:10,,,,,,Madrid,ES-MD
2023-04-06,3195,"MADRID, RETIRO",MADRID,667,"16,2","0,0","9,1",06:30,"23,3",13:50,99.0,"1,9","7,5",Varias,20.0,38.0,08:50,10.0,15:00,Madrid,ES-MD
2023-04-07,3195,"MADRID, RETIRO",MADRID,667,"16,7","0,0","9,2",06:10,"24,2",14:10,25.0,"1,9","7,8",15:30,23.0,48.0,21:40,13.0,14:20,Madrid,ES-MD
2023-04-08,3195,"MADRID, RETIRO",MADRID,667,"17,6","0,0","9,3",06:20,"26,0",13:50,18.0,"1,4","5,3",15:30,26.0,52.0,06:00,14.0,14:00,Madrid,ES-MD
2023-04-09,3195,"MADRID, RETIRO",MADRID,667,"18,6","0,0","10,6",06:20,"26,5",15:20,24.0,"1,7","8,9",15:50,32.0,58.0,05:30,15.0,Varias,Madrid,ES-MD
2023-04-10,3195,"MADRID, RETIRO",MADRID,667,"19,0","0,0","11,9",06:20,"26,2",15:00,33.0,"1,7","8,1",21:20,30.0,62.0,07:20,12.0,15:40,Madrid,ES-MD
2023-04-11,3195,"MADRID, RETIRO",MADRID,667,"18,6","0,0","11,3",05:50,"25,9",15:20,21.0,"1,7","8,9",15:50,33.0,67.0,06:20,16.0,16:10,Madrid,ES-MD
2023-04-12,3195,"MADRID, RETIRO",MADRID,667,"15,0","0,0","10,0",23:50,"20,0",11:10,25.0,"3,1","11,9",15:10,51.0,81.0,06:10,30.0,12:30,Madrid,ES-MD
2023-04-13,3195,"MADRID, RETIRO",MADRID,667,"11,4","0,0","6,9",05:40,"15,9",Varias,35.0,"3,6","11,7",15:20,38.0,58.0,05:20,26.0,12:10,Madrid,ES-MD
2023-04-14,3195,"MADRID, RETIRO",MADRID,667,"14,1","0,0","8,9",06:00,"19,3",14:00,29.0,"4,7","14,4",18:10,49.0,64.0,Varias,40.0,Varias,Madrid,ES-MD
2023-04-15,3195,"MADRID, RETIRO",MADRID,667,"16,7","0,0","10,1",05:50,"23,3",15:00,4.0,"1,4","12,8",22:40,41.0,65.0,Varias,27.0,Varias,Madrid,ES-MD
2023-04-16,3195,"MADRID, RETIRO",MADRID,667,"17,2","0,0","10,5",06:30,"24,0",15:20,4.0,"2,5","15,0",02:20,35.0,63.0,05:40,16.0,17:40,Madrid,ES-MD
2023-04-17,3195,"MADRID, RETIRO",MADRID,667,"17,9","0,0","10,7",06:00,"25,1",14:00,3.0,"2,5","9,7",23:10,22.0,38.0,01:10,16.0,Varias,Madrid,ES-MD
2023-04-18,3195,"MADRID, RETIRO",MADRID,667,"15,9","0,0","8,9",06:20,"22,9",14:30,5.0,"2,2","9,2",06:40,30.0,56.0,23:59,16.0,14:30,Madrid,ES-MD
2023-04-19,3195,"MADRID, RETIRO",MADRID,667,"17,1","0,0","10,4",06:20,"23,8",15:30,16.0,"1,1","6,1",00:10,38.0,65.0,Varias,19.0,15:40,Madrid,ES-MD
2023-04-20,3195,"MADRID, RETIRO",MADRID,667,"19,3","0,0","11,6",05:30,"27,0",14:10,23.0,"2,2","8,6",16:50,31.0,57.0,04:00,18.0,14:30,Madrid,ES-MD
2023-04-21,3195,"MADRID, RETIRO",MADRID,667,"18,8","7,3","12,1",06:10,"25,5",12:50,26.0,"1,9","10,8",16:40,42.0,63.0,Varias,24.0,14:40,Madrid,ES-MD
2023-04-22,3195,"MADRID, RETIRO",MADRID,667,"16,2","0,5","12,0",06:10,"20,5",14:40,29.0,"2,8","8,6",16:10,55.0,98.0,07:30,24.0,16:10,Madrid,ES-MD
2023-04-23,3195,"MADRID, RETIRO",MADRID,667,"16,2","0,0","9,1",05:40,"23,3",13:40,35.0,"2,2","12,5",22:30,50.0,84.0,06:10,29.0,13:40,Madrid,ES-MD
2023-04-24,3195,"MADRID, RETIRO",MADRID,667,"18,4","0,0","11,6",05:50,"25,1",14:30,32.0,"1,9","7,5",00:50,47.0,84.0,06:20,28.0,14:30,Madrid,ES-MD
2023-04-25,3195,"MADRID, RETIRO",MADRID,667,"20,6","0,0","13,3",06:10,"27,8",13:50,26.0,"1,7","7,5",14:50,43.0,84.0,06:10,21.0,18:20,Madrid,ES-MD
2023-04-26,3195,"MADRID, RETIRO",MADRID,667,"21,2","0,0","13,5",Varias,"28,9",13:40,26.0,"2,5","8,9",14:00,33.0,67.0,05:40,18.0,Varias,Madrid,ES-MD
2023-04-27,3195,"MADRID, RETIRO",MADRID,667,"23,2","0,0","15,7",04:10,"30,7",14:30,23.0,"1,7","7,8",15:00,29.0,55.0,03:20,15.0,15:10,Madrid,ES-MD
2023-04-28,3195,"MADRID, RETIRO",MADRID,667,"24,8","0,0","18,7",05:20,"30,9",13:30,24.0,"2,2","8,3",14:20,29.0,50.0,23:59,17.0,13:50,Madrid,ES-MD
2023-04-29,3195,"MADRID, RETIRO",MADRID,667,"20,9","0,5","16,3",05:30,"25,5",16:20,30.0,"1,7","8,6",16:40,50.0,77.0,11:50,28.0,17:40,Madrid,ES-MD
2023-04-30,3195,"MADRID, RETIRO",MADRID,667,"19,2","0,0","14,1",05:40,"24,2",14:00,3.0,"1,9","10,0",21:20,43.0,71.0,04:40,29.0,Varias,Madrid,ES-MD
2023-05-01,3195,"MADRID, RETIRO",MADRID,667,"19,4","0,0","12,1",05:30,"26,6",14:20,5.0,"1,7","8,6",00:10,34.0,62.0,05:30,19.0,Varias,Madrid,ES-MD
2023-05-02,3195,"MADRID, RETIRO",MADRID,667,"20,7","0,0","13,5",05:10,"27,9",13:20,5.0,"1,4","7,8",04:00,26.0,43.0,03:20,13.0,11:00,Madrid,ES-MD
2023-05-03,3195,"MADRID, RETIRO",MADRID,667,"22,6","0,0","16,2",05:30,"29,1",16:30,23.0,"2,2","10,0",17:00,25.0,52.0,23:50,13.0,18:10,Madrid,ES-MD
2023-05-04,3195,"MADRID, RETIRO",MADRID,667,"20,1","0,0","14,8",05:40,"25,4",14:30,23.0,"3,3","10,8",13:40,37.0,70.0,06:30,16.0,14:40,Madrid,ES-MD
2023-05-05,3195,"MADRID, RETIRO",MADRID,667,"19,4","0,0","12,2",05:20,"26,5",14:10,28.0,"1,9","8,3",14:40,31.0,65.0,05:50,17.0,14:10,Madrid,ES-MD
2023-05-06,3195,"MADRID, RETIRO",MADRID,667,"20,8","0,0","13,5",Varias,"28,0",13:20,22.0,"2,5","9,2",11:50,27.0,50.0,03:20,12.0,17:10,Madrid,ES-MD
2023-05-07,3195,"MADRID, RETIRO",MADRID,667,"21,6","0,0","16,1",05:30,"27,0",13:00,4.0,"2,2","7,5",23:20,36.0,58.0,05:50,23.0,18:20,Madrid,ES-MD
2023-05-08,3195,"MADRID, RETIRO",MADRID,667,"21,8","0,0","14,5",05:20,"29,0",13:40,13.0,"2,2","9,2",14:40,35.0,61.0,05:40,23.0,Varias,Madrid,ES-MD
2023-05-09,3195,"MADRID, RETIRO",MADRID,667,"22,2","0,0","17,2",04:30,"27,1",14:00,27.0,"2,8","10,8",13:20,41.0,62.0,05:30,28.0,15:30,Madrid,ES-MD
2023-05-10,3195,"MADRID, RETIRO",MADRID,667,"19,0","0,0","13,1",05:20,"24,9",14:00,5.0,"1,4","10,3",Varias,35.0,63.0,05:30,14.0,17:10,Madrid,ES-MD
2023-05-11,3195,"MADRID, RETIRO",MADRID,667,"16,4","0,0","10,0",05:40,"22,8",14:40,6.0,"3,1","9,7",18:00,36.0,61.0,05:20,20.0,14:50,Madrid,ES-MD
2023-05-12,3195,"MADRID, RETIRO",MADRID,667,"14,7","0,0","10,0",05:40,"19,4",13:40,1.0,"3,6","12,2",14:40,37.0,58.0,05:40,22.0,13:10,Madrid,ES-MD
2023-05-13,3195,"MADRID, RETIRO",MADRID,667,"14,6","0,0","8,4",04:00,"20,7",15:10,4.0,"2,5","9,7",20:00,38.0,67.0,02:10,25.0,Varias,Madrid,ES-MD
2023-05-14,3195,"MADRID, RETIRO",MADRID,667,"14,9","1,5","9,2",05:20,"20,6",15:20,35.0,"2,5","9,2",16:10,45.0,78.0,16:30,30.0,15:10,Madrid,ES-MD
2023-05-15,3195,"MADRID, RETIRO",MADRID,667,"15,2","0,0","8,6",05:20,"21,7",13:10,3.0,"2,2","11,7",15:50,39.0,74.0,05:20,23.0,12:50,Madrid,ES-MD
2023-05-16,3195,"MADRID, RETIRO",MADRID,667,"16,0","0,0","9,7",04:40,"22,4",13:10,8.0,"2,2","11,4",22:10,30.0,60.0,04:20,17.0,13:20,Madrid,ES-MD
2023-05-17,3195,"MADRID, RETIRO",MADRID,667,"16,0","0,0","8,3",Varias,"23,8",13:40,8.0,"4,7","15,8",03:20,23.0,54.0,04:50,11.0,17:20,Madrid,ES-MD
2023-05-18,3195,"MADRID, RETIRO",MADRID,667,"16,1","0,0","9,6",04:10,"22,6",14:10,4.0,"3,3","14,2",01:00,29.0,56.0,06:10,11.0,14:30,Madrid,ES-MD
2023-05-19,3195,"MADRID, RETIRO",MADRID,667,"15,8","0,0","9,7",05:30,"21,8",14:20,5.0,"3,6","12,2",01:00,31.0,49.0,06:30,19.0,Varias,Madrid,ES-MD
2023-05-20,3195,"MADRID, RETIRO",MADRID,667,"14,6","0,0","8,8",05:30,"20,5",13:20,3.0,"1,9","12,2",23:00,37.0,59.0,05:10,26.0,15:40,Madrid,ES-MD
2023-05-21,3195,"MADRID, RETIRO",MADRID,667,"16,3","0,9","11,1",03:50,"21,5",15:10,13.0,"3,1","11,4",13:10,51.0,74.0,07:50,31.0,14:50,Madrid,ES-MD
2023-05-22,3195,"MADRID, RETIRO",MADRID,667,"18,8","0,7","13,6",06:00,"23,9",13:10,13.0,"2,8","11,1",16:30,40.0,91.0,21:50,26.0,14:10,Madrid,ES-MD
2023-05-23,3195,"MADRID, RETIRO",MADRID,667,"19,4","4,8","13,5",Varias,"25,2",14:20,99.0,"3,1","11,1",Varias,64.0,94.0,20:00,28.0,14:30,Madrid,ES-MD
2023-05-24,3195,"MADRID, RETIRO",MADRID,667,"19,2","0,0","13,4",03:10,"25,1",13:50,11.0,"1,7","8,9",15:50,58.0,86.0,00:00,34.0,13:30,Madrid,ES-MD
2023-05-25,3195,"MADRID, RETIRO",MADRID,667,"19,3","18,8","13,5",05:30,"25,1",13:00,26.0,"2,2","12,5",13:30,55.0,87.0,Varias,39.0,12:50,Madrid,ES-MD
2023-05-26,3195,"MADRID, RETIRO",MADRID,667,"15,0","6,3","12,1",04:20,"17,9",13:10,14.0,"3,1","8,1",08:50,87.0,99.0,05:30,69.0,13:10,Madrid,ES-MD
2023-05-27,3195,"MADRID, RETIRO",MADRID,667,"17,4","10,4","13,3",23:00,"21,5",12:40,16.0,"1,4","11,4",21:20,68.0,97.0,23:30,51.0,12:40,Madrid,ES-MD
2023-05-28,3195,"MADRID, RETIRO",MADRID,667,"15,4","7,4","12,4",23:59,"18,5",16:40,14.0,"1,7","8,9",17:10,91.0,99.0,Varias,61.0,16:10,Madrid,ES-MD
2023-05-29,3195,"MADRID, RETIRO",MADRID,667,"18,0","7,2","12,4",00:00,"23,5",14:20,24.0,"1,1","9,4",15:20,79.0,99.0,Varias,42.0,15:00,Madrid,ES-MD
2023-05-30,3195,"MADRID, RETIRO",MADRID,667,"17,8","0,6","12,4",04:00,"23,2",12:50,26.0,"1,9","9,4",15:00,76.0,99.0,00:00,47.0,12:40,Madrid,ES-MD
2023-05-31,3195,"MADRID, RETIRO",MADRID,667,"18,9","0,0","12,6",05:00,"25,2",14:10,99.0,"1,7","7,2",Varias,59.0,97.0,03:30,37.0,15:20,Madrid,ES-MD
2023-06-01,3195,"MADRID, RETIRO",MADRID,667,"19,3","8,3","13,5",23:50,"25,1",12:10,31.0,"1,4","12,2",14:30,67.0,95.0,23:00,36.0,13:10,Madrid,ES-MD
2023-06-02,3195,"MADRID, RETIRO",MADRID,667,"18,8","1,0","13,5",03:30,"24,1",14:00,9.0,"1,4","10,8",18:10,64.0,92.0,Varias,40.0,14:00,Madrid,ES-MD
2023-06-03,3195,"MADRID, RETIRO",MADRID,667,"19,4","0,2","13,4",05:10,"25,3",14:10,9.0,"2,2","10,8",18:00,59.0,96.0,05:40,35.0,15:30,Madrid,ES-MD
2023-06-04,3195,"MADRID, RETIRO",MADRID,667,"20,9","0,0","15,2",05:00,"26,6",14:40,10.0,"0,6","8,3",18:50,56.0,84.0,05:20,34.0,15:40,Madrid,ES-MD
2023-06-05,3195,"MADRID, RETIRO",MADRID,667,"22,0","4,5","16,1",05:10,"28,0",13:20,14.0,"2,8","10,3",18:00,57.0,89.0,16:20,33.0,13:40,Madrid,ES-MD
2023-06-06,3195,"MADRID, RETIRO",MADRID,667,"22,0","2,9","15,5",04:40,"28,5",15:10,14.0,"1,7","7,5",23:40,52.0,88.0,04:50,34.0,17:10,Madrid,ES-MD
2023-06-07,3195,"MADRID, RETIRO",MADRID,667,"18,9","9,8","15,8",07:30,"22,0",00:00,15.0,"1,9","8,6",01:00,89.0,98.0,Varias,53.0,00:10,Madrid,ES-MD
2023-06-08,3195,"MADRID, RETIRO",MADRID,667,"18,1","3,3","15,9",07:00,"20,3",17:20,16.0,"1,9","6,1",11:50,86.0,99.0,08:30,73.0,17:20,Madrid,ES-MD
2023-06-09,3195,"MADRID, RETIRO",MADRID,667,"19,4","0,0","14,6",05:50,"24,1",14:30,27.0,"2,5","9,7",15:50,64.0,98.0,00:00,46.0,14:20,Madrid,ES-MD
2023-06-10,3195,"MADRID, RETIRO",MADRID,667,"21,6","0,0","16,3",04:40,"26,8",15:00,26.0,"1,9","8,1",12:20,60.0,92.0,04:30,34.0,15:10,Madrid,ES-MD
2023-06-11,3195,"MADRID, RETIRO",MADRID,667,"22,4","0,0","16,9",05:30,"27,9",14:00,21.0,"2,5","10,3",15:30,44.0,83.0,05:30,28.0,15:10,Madrid,ES-MD
2023-06-12,3195,"MADRID, RETIRO",MADRID,667,"22,7","1,8","17,1",04:30,"28,3",13:30,4.0,"3,3","9,7",22:50,46.0,72.0,06:10,32.0,16:10,Madrid,ES-MD
2023-06-13,3195,"MADRID, RETIRO",MADRID,667,"19,8","0,1","15,1",05:20,"24,4",11:00,24.0,"1,9","9,2",10:40,58.0,94.0,03:20,32.0,15:10,Madrid,ES-MD
2023-06-14,3195,"MADRID, RETIRO",MADRID,667,"21,3","0,0","15,6",05:10,"27,0",14:10,3.0,"1,1","6,7",23:30,49.0,74.0,05:00,37.0,14:00,Madrid,ES-MD
2023-06-15,3195,"MADRID, RETIRO",MADRID,667,"24,2","0,0","17,9",04:40,"30,4",14:10,4.0,"2,2","6,4",06:20,40.0,67.0,02:00,26.0,14:40,Madrid,ES-MD
2023-06-16,3195,"MADRID, RETIRO",MADRID,667,"26,2","0,0","19,9",05:40,"32,5",14:20,4.0,"1,9","7,5",02:50,35.0,55.0,Varias,24.0,14:30,Madrid,ES-MD
2023-06-17,3195,"MADRID, RETIRO",MADRID,667,"27,4","0,0","20,9",05:40,"34,0",12:50,23.0,"2,5","11,7",16:40,37.0,65.0,05:40,24.0,16:20,Madrid,ES-MD
2023-06-18,3195,"MADRID, RETIRO",MADRID,667,"25,6","2,6","20,3",04:30,"30,8",14:10,29.0,"2,5","8,1",18:20,43.0,69.0,04:10,32.0,14:10,Madrid,ES-MD
2023-06-19,3195,"MADRID, RETIRO",MADRID,667,"24,2","0,5","18,5",05:00,"29,9",14:40,16.0,"1,9","12,5",18:40,52.0,94.0,03:40,33.0,16:50,Madrid,ES-MD
2023-06-20,3195,"MADRID, RETIRO",MADRID,667,"23,3","0,0","19,2",05:40,"27,4",13:30,23.0,"1,9","9,2",Varias,51.0,73.0,06:40,39.0,16:30,Madrid,ES-MD
2023-06-21,3195,"MADRID, RETIRO",MADRID,667,"22,2","7,5","16,2",21:40,"28,3",12:10,18.0,"2,2","11,1",20:10,52.0,95.0,23:50,34.0,15:20,Madrid,ES-MD
2023-06-22,3195,"MADRID, RETIRO",MADRID,667,"22,2","0,0","15,4",03:00,"29,0",15:20,21.0,"1,4","5,3",12:40,56.0,97.0,Varias,33.0,15:20,Madrid,ES-MD
2023-06-23,3195,"MADRID, RETIRO",MADRID,667,"25,9","0,0","19,6",05:30,"32,2",14:50,4.0,"1,9","7,5",04:20,43.0,72.0,05:40,27.0,14:00,Madrid,ES-MD
2023-06-24,3195,"MADRID, RETIRO",MADRID,667,"27,6","0,0","21,1",05:30,"34,2",15:10,6.0,"1,1","6,1",02:20,37.0,64.0,07:20,23.0,15:30,Madrid,ES-MD
2023-06-25,3195,"MADRID, RETIRO",MADRID,667,"30,0","0,0","23,1",04:10,"37,0",15:00,5.0,"1,9","11,1",19:30,33.0,60.0,02:40,16.0,19:00,Madrid,ES-MD
2023-06-26,3195,"MADRID, RETIRO",MADRID,667,"29,6","0,0","22,3",04:10,"37,0",14:10,8.0,"1,7","8,9",21:50,31.0,56.0,04:00,12.0,16:40,Madrid,ES-MD
2023-06-27,3195,"MADRID, RETIRO",MADRID,667,"28,6","0,0","22,3",06:10,"34,9",15:00,4.0,"1,7","6,9",23:00,40.0,66.0,06:10,20.0,17:00,Madrid,ES-MD
2023-06-28,3195,"MADRID, RETIRO",MADRID,667,"28,9","0,0","22,9",06:10,"34,9",15:00,28.0,"2,2","8,1",17:40,36.0,62.0,06:40,19.0,19:00,Madrid,ES-MD
2023-06-29,3195,"MADRID, RETIRO",MADRID,667,"28,1","0,0","19,6",23:59,"36,6",14:00,4.0,"2,8","12,5",21:20,33.0,69.0,04:40,16.0,Varias,Madrid,ES-MD
2023-06-30,3195,"MADRID, RETIRO",MADRID,667,"23,0","0,0","16,7",05:20,"29,3",15:20,3.0,"2,5","13,3",00:10,36.0,65.0,04:20,24.0,15:00,Madrid,ES-MD
2023-01-01,6172X,MÁLAGA,MALAGA,25,"16,4","0,0","12,0",05:08,"20,9",13:51,2.0,"0,8","5,0",01:10,41.0,58.0,18:20,29.0,13:40,Málaga,ES-AN
2023-01-02,6172X,MÁLAGA,MALAGA,25,"16,7","0,2","12,9",07:54,"20,5",10:51,3.0,"0,8","4,4",03:50,57.0,80.0,17:10,35.0,11:00,Málaga,ES-AN
2023-01-03,6172X,MÁLAGA,MALAGA,25,"16,3","0,0","13,3",08:02,"19,3",11:06,17.0,"2,5","6,1",18:00,81.0,88.0,17:10,66.0,Varias,Málaga,ES-AN
2023-01-04,6172X,MÁLAGA,MALAGA,25,"16,2","0,0","13,3",23:58,"19,1",10:47,19.0,"1,7","5,6",15:00,74.0,80.0,05:50,62.0,10:50,Málaga,ES-AN
2023-01-05,6172X,MÁLAGA,MALAGA,25,"15,8","0,0","13,2",23:57,"18,4",12:43,14.0,"2,2","5,8",10:30,74.0,79.0,08:00,69.0,Varias,Málaga,ES-AN
2023-01-06,6172X,MÁLAGA,MALAGA,25,"15,0","0,0","11,3",Varias,"18,6",12:16,26.0,"2,2","6,1",16:40,72.0,81.0,03:20,56.0,12:30,Málaga,ES-AN
2023-01-07,6172X,MÁLAGA,MALAGA,25,"15,8","0,0","10,7",06:25,"21,0",15:36,34.0,"3,1","10,8",14:00,57.0,77.0,00:50,43.0,14:10,Málaga,ES-AN
2023-01-08,6172X,MÁLAGA,MALAGA,25,"16,4","0,0","13,0",02:48,"19,8",15:06,27.0,"1,4","5,8",16:40,75.0,86.0,22:20,67.0,00:20,Málaga,ES-AN
2023-01-09,6172X,MÁLAGA,MALAGA,25,"18,6","0,0","15,5",00:05,"21,6",14:10,34.0,"3,3","11,1",10:20,65.0,86.0,00:20,56.0,14:00,Málaga,ES-AN
2023-01-10,6172X,MÁLAGA,MALAGA,25,"17,2","0,0","14,2",23:58,"20,3",11:53,34.0,"1,7","8,3",00:50,70.0,78.0,Varias,54.0,11:50,Málaga,ES-AN
2023-01-11,6172X,MÁLAGA,MALAGA,25,"17,2","0,0","13,2",06:44,"21,3",14:39,2.0,"5,0","13,1",16:20,62.0,78.0,04:50,46.0,13:50,Málaga,ES-AN
2023-01-12,6172X,MÁLAGA,MALAGA,25,"16,2","0,0","12,4",23:58,"19,9",11:07,2.0,"1,7","5,8",07:20,67.0,77.0,23:30,56.0,11:10,Málaga,ES-AN
2023-01-13,6172X,MÁLAGA,MALAGA,25,"15,0","0,0","11,3",05:32,"18,7",14:09,26.0,"2,5","7,2",14:40,74.0,84.0,17:40,58.0,11:40,Málaga,ES-AN
2023-01-14,6172X,MÁLAGA,MALAGA,25,"14,6","0,0","10,8",06:27,"18,5",15:52,3.0,"1,7","5,0",03:40,77.0,84.0,18:20,64.0,Varias,Málaga,ES-AN
2023-01-15,6172X,MÁLAGA,MALAGA,25,"15,5","0,0","10,8",Varias,"20,2",13:27,1.0,"3,3","11,9",16:20,59.0,77.0,04:10,44.0,13:40,Málaga,ES-AN
2023-01-16,6172X,MÁLAGA,MALAGA,25,"13,9","0,0","10,7",06:45,"17,1",15:35,2.0,"5,8","16,9",14:00,55.0,62.0,00:00,46.0,09:40,Málaga,ES-AN
2023-01-17,6172X,MÁLAGA,MALAGA,25,"17,2","0,0","13,9",23:48,"20,6",13:55,36.0,"5,3","17,2",23:59,52.0,63.0,04:40,46.0,Varias,Málaga,ES-AN
2023-01-18,6172X,MÁLAGA,MALAGA,25,"12,8","0,0","10,6",24:00,"15,1",15:31,36.0,"5,0","18,1",00:30,43.0,60.0,03:50,36.0,15:30,Málaga,ES-AN
2023-01-19,6172X,MÁLAGA,MALAGA,25,"11,1","0,0","7,6",07:21,"14,6",15:35,1.0,"3,9","11,7",09:40,48.0,63.0,07:20,33.0,15:30,Málaga,ES-AN
2023-01-20,6172X,MÁLAGA,MALAGA,25,"15,4","0,0","12,7",00:22,"18,2",16:11,2.0,"3,1","12,5",16:40,64.0,74.0,Varias,54.0,00:00,Málaga,ES-AN
2023-01-21,6172X,MÁLAGA,MALAGA,25,"16,5","0,0","13,3",23:56,"19,7",15:08,33.0,"4,4","11,1",14:00,61.0,79.0,03:40,49.0,15:10,Málaga,ES-AN
2023-01-22,6172X,MÁLAGA,MALAGA,25,"12,4","0,0","8,8",22:56,"15,9",13:43,27.0,"3,3","10,0",13:30,43.0,71.0,03:20,18.0,13:20,Málaga,ES-AN
2023-01-23,6172X,MÁLAGA,MALAGA,25,"11,0","0,0","7,1",03:10,"15,0",12:58,2.0,"2,2","12,8",07:30,37.0,59.0,21:00,24.0,11:40,Málaga,ES-AN
2023-01-24,6172X,MÁLAGA,MALAGA,25,"10,0","1,0","6,5",05:50,"13,6",14:23,14.0,"4,4","11,1",18:10,60.0,79.0,18:50,43.0,12:20,Málaga,ES-AN
2023-01-25,6172X,MÁLAGA,MALAGA,25,"10,4","0,0","6,6",07:40,"14,3",15:21,5.0,"1,7","5,6",05:30,58.0,71.0,01:40,50.0,11:50,Málaga,ES-AN
2023-01-26,6172X,MÁLAGA,MALAGA,25,"10,8","0,0","7,7",07:21,"13,9",12:24,2.0,"4,4","13,3",13:50,42.0,55.0,00:20,32.0,12:30,Málaga,ES-AN
2023-01-27,6172X,MÁLAGA,MALAGA,25,"11,6","0,0","7,2",07:14,"15,9",14:42,3.0,"3,6","12,2",17:20,44.0,59.0,07:10,29.0,14:50,Málaga,ES-AN
2023-01-28,6172X,MÁLAGA,MALAGA,25,"11,0","0,0","6,8",07:32,"15,3",14:58,99.0,"1,9","8,9",Varias,46.0,58.0,21:00,35.0,Varias,Málaga,ES-AN
2023-01-29,6172X,MÁLAGA,MALAGA,25,"10,1","3,2","6,0",06:29,"14,2",15:26,12.0,"3,6","11,4",21:50,62.0,85.0,22:20,42.0,10:20,Málaga,ES-AN
2023-01-30,6172X,MÁLAGA,MALAGA,25,"10,8","0,0","7,3",07:18,"14,4",15:50,18.0,"3,1","13,1",15:30,69.0,85.0,04:40,49.0,10:40,Málaga,ES-AN
2023-01-31,6172X,MÁLAGA,MALAGA,25,"12,0","0,0","7,7",06:33,"16,3",14:54,4.0,"1,7","5,8",04:50,59.0,72.0,01:10,49.0,12:30,Málaga,ES-AN
2023-02-01,6172X,MÁLAGA,MALAGA,25,"11,4","0,0","7,3",07:12,"15,4",14:49,5.0,"3,1","5,3",22:10,66.0,74.0,19:40,49.0,11:00,Málaga,ES-AN
2023-02-02,6172X,MÁLAGA,MALAGA,25,"12,0","0,0","7,9",03:40,"16,1",15:04,3.0,"1,9","5,8",02:50,66.0,77.0,03:30,56.0,14:30,Málaga,ES-AN
2023-02-03,6172X,MÁLAGA,MALAGA,25,"12,4","0,0","8,1",03:56,"16,7",Varias,22.0,"1,9","6,4",14:00,63.0,75.0,04:00,42.0,15:50,Málaga,ES-AN
2023-02-04,6172X,MÁLAGA,MALAGA,25,"13,0","0,0","8,1",07:24,"17,9",12:12,5.0,"1,9","6,4",03:00,58.0,70.0,18:50,34.0,12:00,Málaga,ES-AN
2023-02-05,6172X,MÁLAGA,MALAGA,25,"12,4","0,0","8,1",04:26,"16,7",16:09,5.0,"1,4","5,6",22:50,63.0,70.0,18:20,49.0,19:00,Málaga,ES-AN
2023-02-06,6172X,MÁLAGA,MALAGA,25,"12,5","8,2","8,8",05:00,"16,2",14:44,16.0,"3,1","10,6",23:30,69.0,83.0,23:20,56.0,00:00,Málaga,ES-AN
2023-02-07,6172X,MÁLAGA,MALAGA,25,"11,5","16,6","9,2",17:06,"13,8",00:01,13.0,"3,6","12,8",00:20,77.0,91.0,23:00,68.0,Varias,Málaga,ES-AN
2023-02-08,6172X,MÁLAGA,MALAGA,25,"12,6","9,6","10,3",01:53,"15,0",13:23,16.0,"3,1","15,0",21:10,75.0,90.0,Varias,69.0,13:40,Málaga,ES-AN
2023-02-09,6172X,MÁLAGA,MALAGA,25,"14,4","0,0","12,9",07:03,"15,9",10:56,18.0,"4,2","16,9",22:50,66.0,77.0,00:10,59.0,10:50,Málaga,ES-AN
2023-02-10,6172X,MÁLAGA,MALAGA,25,"13,2","0,0","12,1",06:09,"14,4",12:40,18.0,"6,4","20,3",21:50,57.0,64.0,Varias,46.0,11:50,Málaga,ES-AN
2023-02-11,6172X,MÁLAGA,MALAGA,25,"14,2","0,0","12,7",24:00,"15,8",15:15,19.0,"5,6","20,0",03:50,59.0,62.0,Varias,49.0,01:30,Málaga,ES-AN
2023-02-12,6172X,MÁLAGA,MALAGA,25,"14,0","0,0","10,3",04:55,"17,6",11:38,19.0,"3,6","11,7",17:00,63.0,73.0,23:20,52.0,11:20,Málaga,ES-AN
2023-02-13,6172X,MÁLAGA,MALAGA,25,"13,9","0,0","10,1",07:14,"17,7",10:14,20.0,"2,8","11,1",00:20,67.0,74.0,04:40,54.0,10:10,Málaga,ES-AN
2023-02-14,6172X,MÁLAGA,MALAGA,25,"14,7","0,0","12,1",06:05,"17,3",12:21,20.0,"3,3","10,8",16:00,69.0,77.0,Varias,60.0,11:40,Málaga,ES-AN
2023-02-15,6172X,MÁLAGA,MALAGA,25,"14,8","0,0","11,5",Varias,"18,2",16:07,18.0,"2,5","8,3",15:30,66.0,79.0,Varias,56.0,11:20,Málaga,ES-AN
2023-02-16,6172X,MÁLAGA,MALAGA,25,"14,6","0,0","11,2",Varias,"18,1",11:17,18.0,"3,1","10,3",17:00,62.0,71.0,18:10,49.0,Varias,Málaga,ES-AN
2023-02-17,6172X,MÁLAGA,MALAGA,25,"14,4","0,6","12,2",04:29,"16,6",08:19,14.0,"3,3","17,5",13:20,69.0,77.0,16:30,56.0,11:10,Málaga,ES-AN
2023-02-18,6172X,MÁLAGA,MALAGA,25,"16,8","0,0","14,0",23:46,"19,7",14:08,16.0,"2,2","8,3",10:20,67.0,79.0,Varias,59.0,14:20,Málaga,ES-AN
2023-02-19,6172X,MÁLAGA,MALAGA,25,"15,6","0,0","13,1",07:29,"18,2",15:20,19.0,"3,3","6,4",17:30,67.0,79.0,Varias,59.0,13:20,Málaga,ES-AN
2023-02-20,6172X,MÁLAGA,MALAGA,25,"16,9","0,0","13,0",06:57,"20,8",10:01,14.0,"2,2","6,7",20:10,60.0,72.0,23:30,49.0,10:10,Málaga,ES-AN
2023-02-21,6172X,MÁLAGA,MALAGA,25,"16,0","0,0","13,4",06:44,"18,6",11:17,14.0,"1,7","9,4",02:50,75.0,83.0,19:30,61.0,10:50,Málaga,ES-AN
2023-02-22,6172X,MÁLAGA,MALAGA,25,"15,6","0,0","12,2",05:56,"19,1",15:36,35.0,"1,9","6,1",08:50,72.0,78.0,12:40,49.0,22:10,Málaga,ES-AN
2023-02-23,6172X,MÁLAGA,MALAGA,25,"16,7","0,0","12,5",24:00,"20,9",14:12,4.0,"2,5","10,8",16:10,48.0,64.0,Varias,29.0,Varias,Málaga,ES-AN
2023-02-24,6172X,MÁLAGA,MALAGA,25,"13,6","1,6","9,7",Varias,"17,4",13:00,5.0,"3,1","9,4",17:50,31.0,43.0,23:40,21.0,13:50,Málaga,ES-AN
2023-02-25,6172X,MÁLAGA,MALAGA,25,"12,1","0,0","8,2",07:12,"16,0",13:25,2.0,"3,1","12,5",16:00,52.0,80.0,06:00,35.0,13:10,Málaga,ES-AN
2023-02-26,6172X,MÁLAGA,MALAGA,25,"13,6","0,0","10,6",01:05,"16,7",16:11,3.0,"2,8","12,2",12:30,53.0,66.0,06:30,44.0,Varias,Málaga,ES-AN
2023-02-27,6172X,MÁLAGA,MALAGA,25,"13,7","0,0","11,1",07:12,"16,3",13:50,5.0,"4,4","13,1",14:30,40.0,55.0,04:40,26.0,Varias,Málaga,ES-AN
2023-02-28,6172X,MÁLAGA,MALAGA,25,"13,0","0,0","8,4",05:20,"17,6",16:36,1.0,"3,1","12,5",10:10,26.0,42.0,00:00,19.0,11:10,Málaga,ES-AN
2023-03-01,6172X,MÁLAGA,MALAGA,25,"13,4","0,0","8,7",06:41,"18,0",14:34,4.0,"3,1","10,0",16:40,37.0,46.0,12:10,20.0,14:50,Málaga,ES-AN
2023-03-02,6172X,MÁLAGA,MALAGA,25,"12,6","0,0","7,7",05:33,"17,6",16:18,3.0,"3,3","10,3",13:30,29.0,47.0,Varias,19.0,15:50,Málaga,ES-AN
2023-03-03,6172X,MÁLAGA,MALAGA,25,"12,6","0,0","8,0",Varias,"17,1",11:48,99.0,"2,5","6,1",05:50,49.0,56.0,18:00,27.0,11:20,Málaga,ES-AN
2023-03-04,6172X,MÁLAGA,MALAGA,25,"13,4","0,0","11,4",00:15,"15,3",12:38,19.0,"1,9","7,2",10:10,61.0,70.0,19:50,48.0,Varias,Málaga,ES-AN
2023-03-05,6172X,MÁLAGA,MALAGA,25,"12,6","0,0","9,3",06:50,"15,8",15:02,3.0,"2,5","5,3",07:50,67.0,72.0,17:50,53.0,09:30,Málaga,ES-AN
2023-03-06,6172X,MÁLAGA,MALAGA,25,"14,6","5,0","11,5",02:52,"17,7",12:04,28.0,"2,8","8,9",13:20,76.0,92.0,20:00,59.0,12:00,Málaga,ES-AN
2023-03-07,6172X,MÁLAGA,MALAGA,25,"18,0","0,0","14,0",Varias,"21,9",14:18,2.0,"3,6","12,8",14:30,57.0,92.0,Varias,46.0,14:20,Málaga,ES-AN
2023-03-08,6172X,MÁLAGA,MALAGA,25,"19,4","0,0","15,9",04:23,"22,8",17:19,28.0,"3,6","11,9",14:30,66.0,78.0,Varias,49.0,18:10,Málaga,ES-AN
2023-03-09,6172X,MÁLAGA,MALAGA,25,"20,1","0,0","16,6",02:07,"23,6",15:58,2.0,"4,2","11,7",16:30,64.0,72.0,22:50,54.0,Varias,Málaga,ES-AN
2023-03-10,6172X,MÁLAGA,MALAGA,25,"21,3","0,0","17,0",06:51,"25,6",15:12,1.0,"3,9","11,4",20:10,46.0,69.0,02:50,27.0,15:00,Málaga,ES-AN
2023-03-11,6172X,MÁLAGA,MALAGA,25,"21,8","0,0","17,3",06:20,"26,3",13:00,3.0,"5,0","14,2",16:10,51.0,67.0,05:30,37.0,11:00,Málaga,ES-AN
2023-03-12,6172X,MÁLAGA,MALAGA,25,"20,2","0,0","16,3",23:20,"24,0",10:42,36.0,"1,7","11,7",00:20,66.0,77.0,21:30,39.0,10:40,Málaga,ES-AN
2023-03-13,6172X,MÁLAGA,MALAGA,25,"21,2","0,0","15,2",05:02,"27,2",16:01,99.0,"2,2","11,7",23:30,58.0,80.0,12:10,27.0,17:00,Málaga,ES-AN
2023-03-14,6172X,MÁLAGA,MALAGA,25,"20,4","0,0","14,7",22:11,"26,2",13:57,15.0,"3,9","16,1",15:10,44.0,72.0,21:40,23.0,14:10,Málaga,ES-AN
2023-03-15,6172X,MÁLAGA,MALAGA,25,"17,4","0,0","13,8",06:00,"20,9",09:36,5.0,"2,2","5,0",04:00,55.0,63.0,18:50,38.0,09:40,Málaga,ES-AN
2023-03-16,6172X,MÁLAGA,MALAGA,25,"17,0","0,0","12,8",06:22,"21,1",12:47,6.0,"2,5","5,8",04:00,46.0,63.0,20:00,35.0,09:40,Málaga,ES-AN
2023-03-17,6172X,MÁLAGA,MALAGA,25,"18,7","0,0","13,0",06:21,"24,4",15:47,4.0,"3,1","10,6",18:30,45.0,63.0,11:20,31.0,15:10,Málaga,ES-AN
2023-03-18,6172X,MÁLAGA,MALAGA,25,"18,5","0,0","15,3",07:00,"21,7",14:56,1.0,"4,2","12,2",13:50,45.0,62.0,07:00,33.0,15:40,Málaga,ES-AN
2023-03-19,6172X,MÁLAGA,MALAGA,25,"18,1","0,0","14,3",23:57,"21,9",10:55,34.0,"2,8","6,1",02:20,57.0,73.0,19:00,34.0,11:00,Málaga,ES-AN
2023-03-20,6172X,MÁLAGA,MALAGA,25,"15,8","0,0","12,6",05:55,"18,9",09:48,4.0,"2,5","5,8",03:40,68.0,80.0,19:30,50.0,08:20,Málaga,ES-AN
2023-03-21,6172X,MÁLAGA,MALAGA,25,"15,6","0,0","12,8",04:53,"18,4",08:46,19.0,"2,2","5,0",14:50,62.0,83.0,Varias,40.0,08:40,Málaga,ES-AN
2023-03-22,6172X,MÁLAGA,MALAGA,25,"15,8","0,0","12,5",05:22,"19,0",14:18,99.0,"1,7","5,0",23:50,68.0,78.0,Varias,48.0,08:20,Málaga,ES-AN
2023-03-23,6172X,MÁLAGA,MALAGA,25,"16,5","0,0","12,9",06:28,"20,1",16:28,4.0,"2,2","4,7",07:20,62.0,74.0,12:50,39.0,08:10,Málaga,ES-AN
2023-03-24,6172X,MÁLAGA,MALAGA,25,"21,5","0,0","14,8",05:11,"28,2",14:13,34.0,"3,6","10,8",13:50,28.0,61.0,00:00,16.0,14:20,Málaga,ES-AN
2023-03-25,6172X,MÁLAGA,MALAGA,25,"19,2","0,0","14,8",20:51,"23,7",08:44,34.0,"1,9","8,9",00:30,63.0,92.0,21:10,36.0,08:10,Málaga,ES-AN
2023-03-26,6172X,MÁLAGA,MALAGA,25,"23,0","0,0","16,6",01:10,"29,3",15:59,36.0,"3,3","10,3",15:50,34.0,70.0,01:10,23.0,Varias,Málaga,ES-AN
2023-03-27,6172X,MÁLAGA,MALAGA,25,"19,0","0,0","15,4",23:40,"22,6",00:42,34.0,"2,5","11,4",00:40,43.0,56.0,Varias,33.0,07:10,Málaga,ES-AN
2023-03-28,6172X,MÁLAGA,MALAGA,25,"16,8","0,0","13,7",04:34,"20,0",14:13,1.0,"2,2","6,1",03:50,56.0,75.0,21:10,38.0,08:10,Málaga,ES-AN
2023-03-29,6172X,MÁLAGA,MALAGA,25,"16,3","0,0","13,0",05:55,"19,6",08:30,99.0,"2,8","5,0",Varias,68.0,79.0,Varias,56.0,08:30,Málaga,ES-AN
2023-03-30,6172X,MÁLAGA,MALAGA,25,"21,4","0,0","13,7",03:52,"29,1",17:50,5.0,"2,8","8,1",17:50,54.0,79.0,12:50,22.0,17:50,Málaga,ES-AN
2023-03-31,6172X,MÁLAGA,MALAGA,25,"25,1","0,0","20,4",06:03,"29,8",15:31,2.0,"4,4","13,3",16:40,32.0,49.0,Varias,15.0,11:10,Málaga,ES-AN
2023-04-01,6172X,MÁLAGA,MALAGA,25,"22,8","0,0","18,8",06:16,"26,8",15:56,4.0,"4,7","13,1",14:00,38.0,56.0,03:50,28.0,Varias,Málaga,ES-AN
2023-04-02,6172X,MÁLAGA,MALAGA,25,"20,1","0,0","15,3",23:44,"24,9",10:49,16.0,"2,2","13,9",12:20,59.0,74.0,19:30,39.0,10:40,Málaga,ES-AN
2023-04-03,6172X,MÁLAGA,MALAGA,25,"18,4","0,0","13,1",05:46,"23,6",13:45,24.0,"2,5","7,2",14:00,53.0,81.0,Varias,33.0,13:30,Málaga,ES-AN
2023-04-04,6172X,MÁLAGA,MALAGA,25,"15,5","0,0","13,5",04:12,"17,5",Varias,20.0,"1,9","5,6",11:50,71.0,79.0,18:10,60.0,08:00,Málaga,ES-AN
2023-04-05,6172X,MÁLAGA,MALAGA,25,"15,8","0,0","12,6",05:01,"19,0",08:32,18.0,"3,6","8,9",13:30,63.0,73.0,Varias,48.0,08:40,Málaga,ES-AN
2023-04-06,6172X,MÁLAGA,MALAGA,25,"16,6","0,0","13,0",05:52,"20,3",10:18,6.0,"2,5","6,1",03:00,55.0,71.0,19:00,34.0,10:20,Málaga,ES-AN
2023-04-07,6172X,MÁLAGA,MALAGA,25,"15,4","0,0","11,8",05:57,"19,0",11:56,20.0,"2,5","5,6",14:10,63.0,75.0,20:20,56.0,08:20,Málaga,ES-AN
2023-04-08,6172X,MÁLAGA,MALAGA,25,"15,9","0,0","11,9",03:32,"19,9",09:19,26.0,"2,2","6,4",11:40,61.0,80.0,21:50,34.0,23:59,Málaga,ES-AN
2023-04-09,6172X,MÁLAGA,MALAGA,25,"17,0","0,0","13,9",04:09,"20,1",15:03,17.0,"1,7","5,8",11:30,64.0,87.0,Varias,32.0,00:20,Málaga,ES-AN
2023-04-10,6172X,MÁLAGA,MALAGA,25,"22,2","0,0","14,9",02:30,"29,5",15:22,28.0,"1,9","8,3",16:00,53.0,81.0,02:40,21.0,20:50,Málaga,ES-AN
2023-04-11,6172X,MÁLAGA,MALAGA,25,"20,5","0,0","16,0",Varias,"25,0",00:01,36.0,"2,2","6,7",03:20,78.0,92.0,22:10,22.0,00:00,Málaga,ES-AN
2023-04-12,6172X,MÁLAGA,MALAGA,25,"23,0","0,0","17,1",00:01,"28,8",15:27,2.0,"3,9","14,2",22:10,33.0,71.0,00:00,21.0,15:00,Málaga,ES-AN
2023-04-13,6172X,MÁLAGA,MALAGA,25,"21,0","0,0","16,1",06:10,"25,8",14:02,36.0,"4,7","12,5",14:20,33.0,62.0,06:10,13.0,14:20,Málaga,ES-AN
2023-04-14,6172X,MÁLAGA,MALAGA,25,"22,5","0,0","17,0",04:57,"28,0",14:54,1.0,"4,4","13,1",08:30,28.0,36.0,23:50,20.0,00:00,Málaga,ES-AN
2023-04-15,6172X,MÁLAGA,MALAGA,25,"22,7","0,0","18,5",05:49,"26,9",11:05,36.0,"3,1","12,2",03:00,49.0,59.0,12:40,27.0,23:20,Málaga,ES-AN
2023-04-16,6172X,MÁLAGA,MALAGA,25,"21,0","0,0","16,5",23:58,"25,4",00:01,13.0,"3,1","10,3",01:40,56.0,77.0,11:00,28.0,00:00,Málaga,ES-AN
2023-04-17,6172X,MÁLAGA,MALAGA,25,"17,0","0,0","14,4",05:22,"19,7",07:48,18.0,"3,1","8,3",12:30,69.0,79.0,18:30,53.0,21:10,Málaga,ES-AN
2023-04-18,6172X,MÁLAGA,MALAGA,25,"16,8","0,0","13,4",05:45,"20,2",07:59,21.0,"2,8","6,9",09:50,63.0,71.0,Varias,42.0,09:10,Málaga,ES-AN
2023-04-19,6172X,MÁLAGA,MALAGA,25,"17,2","0,0","15,2",03:59,"19,2",09:24,28.0,"2,5","9,2",09:50,67.0,72.0,Varias,54.0,09:20,Málaga,ES-AN
2023-04-20,6172X,MÁLAGA,MALAGA,25,"18,2","0,0","14,9",05:22,"21,5",09:45,99.0,"2,2","5,3",Varias,60.0,78.0,20:40,39.0,23:59,Málaga,ES-AN
2023-04-21,6172X,MÁLAGA,MALAGA,25,"18,4","0,0","15,2",05:43,"21,5",08:10,26.0,"2,8","10,0",13:30,55.0,69.0,13:50,32.0,05:30,Málaga,ES-AN
2023-04-22,6172X,MÁLAGA,MALAGA,25,"22,0","0,0","18,0",Varias,"25,9",15:16,27.0,"5,3","12,8",12:50,61.0,70.0,17:20,46.0,15:10,Málaga,ES-AN
2023-04-23,6172X,MÁLAGA,MALAGA,25,"20,4","0,0","17,2",05:40,"23,7",09:30,33.0,"2,2","8,3",03:20,54.0,70.0,Varias,38.0,09:20,Málaga,ES-AN
2023-04-24,6172X,MÁLAGA,MALAGA,25,"20,7","0,0","17,0",03:47,"24,4",07:44,15.0,"1,4","5,0",03:00,61.0,80.0,Varias,37.0,07:40,Málaga,ES-AN
2023-04-25,6172X,MÁLAGA,MALAGA,25,"21,0","0,0","16,3",04:19,"25,7",09:14,18.0,"2,2","6,9",15:20,53.0,75.0,23:59,37.0,08:40,Málaga,ES-AN
2023-04-26,6172X,MÁLAGA,MALAGA,25,"20,2","0,0","17,2",04:49,"23,1",09:49,19.0,"1,4","5,0",15:40,68.0,80.0,12:00,52.0,23:20,Málaga,ES-AN
2023-04-27,6172X,MÁLAGA,MALAGA,25,"20,4","0,0","17,4",07:40,"23,4",15:49,16.0,"1,4","5,0",06:40,78.0,86.0,07:40,46.0,03:10,Málaga,ES-AN
2023-04-28,6172X,MÁLAGA,MALAGA,25,"22,8","0,0","20,0",00:01,"25,7",08:26,28.0,"1,1","5,8",09:10,54.0,61.0,00:00,41.0,08:30,Málaga,ES-AN
2023-04-29,6172X,MÁLAGA,MALAGA,25,"26,2","0,0","19,9",01:57,"32,6",15:38,2.0,"3,1","13,3",14:10,36.0,73.0,Varias,23.0,13:30,Málaga,ES-AN
2023-04-30,6172X,MÁLAGA,MALAGA,25,"22,6","0,0","18,5",24:00,"26,7",09:20,1.0,"1,7","8,9",00:20,56.0,87.0,23:30,42.0,08:30,Málaga,ES-AN
2023-05-01,6172X,MÁLAGA,MALAGA,25,"20,1","0,0","16,9",04:09,"23,3",12:50,99.0,"1,4","4,2",Varias,75.0,88.0,Varias,56.0,06:20,Málaga,ES-AN
2023-05-02,6172X,MÁLAGA,MALAGA,25,"21,2","0,0","17,8",00:05,"24,5",15:40,20.0,"1,4","6,1",14:50,61.0,87.0,00:00,50.0,11:40,Málaga,ES-AN
2023-05-03,6172X,MÁLAGA,MALAGA,25,"21,4","0,0","17,8",23:56,"24,9",09:18,27.0,"2,8","6,9",12:10,56.0,73.0,21:30,42.0,Varias,Málaga,ES-AN
2023-05-04,6172X,MÁLAGA,MALAGA,25,"20,2","0,0","17,1",01:44,"23,3",08:14,15.0,"1,9","8,6",09:10,65.0,91.0,22:30,40.0,03:40,Málaga,ES-AN
2023-05-05,6172X,MÁLAGA,MALAGA,25,"19,8","0,0","17,2",03:58,"22,3",07:09,99.0,"2,2","5,3",Varias,74.0,89.0,Varias,56.0,06:40,Málaga,ES-AN
2023-05-06,6172X,MÁLAGA,MALAGA,25,"21,6","0,0","18,3",06:29,"24,9",23:37,15.0,"2,2","8,6",15:50,68.0,84.0,00:00,44.0,23:00,Málaga,ES-AN
2023-05-07,6172X,MÁLAGA,MALAGA,25,"22,4","0,0","20,1",Varias,"24,7",00:01,36.0,"3,1","8,9",00:30,71.0,86.0,Varias,46.0,00:00,Málaga,ES-AN
2023-05-08,6172X,MÁLAGA,MALAGA,25,"21,0","0,0","18,8",Varias,"23,3",07:20,22.0,"1,7","5,0",12:10,76.0,90.0,Varias,66.0,06:20,Málaga,ES-AN
2023-05-09,6172X,MÁLAGA,MALAGA,25,"23,6","0,0","18,2",Varias,"29,0",22:35,1.0,"1,7","6,4",22:40,83.0,92.0,Varias,34.0,Varias,Málaga,ES-AN
2023-05-10,6172X,MÁLAGA,MALAGA,25,"23,8","0,0","19,7",Varias,"28,0",00:01,15.0,"1,9","13,6",04:00,61.0,79.0,Varias,34.0,00:00,Málaga,ES-AN
2023-05-11,6172X,MÁLAGA,MALAGA,25,"20,3","0,0","18,1",05:30,"22,5",07:47,20.0,"1,9","5,3",13:20,73.0,88.0,22:00,64.0,06:00,Málaga,ES-AN
2023-05-12,6172X,MÁLAGA,MALAGA,25,"20,2","0,0","17,7",03:30,"22,7",09:49,19.0,"2,2","6,9",23:30,73.0,86.0,00:00,69.0,06:40,Málaga,ES-AN
2023-05-13,6172X,MÁLAGA,MALAGA,25,"18,9","0,0","16,8",24:00,"21,0",13:18,15.0,"1,9","13,6",03:30,68.0,83.0,00:00,62.0,16:10,Málaga,ES-AN
2023-05-14,6172X,MÁLAGA,MALAGA,25,"19,2","0,0","15,0",05:21,"23,3",22:32,28.0,"3,6","11,7",13:20,66.0,80.0,19:50,33.0,Varias,Málaga,ES-AN
2023-05-15,6172X,MÁLAGA,MALAGA,25,"25,4","0,0","20,4",04:23,"30,3",17:15,27.0,"3,3","14,2",14:00,29.0,62.0,15:10,20.0,Varias,Málaga,ES-AN
2023-05-16,6172X,MÁLAGA,MALAGA,25,"22,8","0,0","19,6",23:55,"26,0",07:39,15.0,"2,8","7,8",11:30,48.0,68.0,21:40,28.0,07:40,Málaga,ES-AN
2023-05-17,6172X,MÁLAGA,MALAGA,25,"20,6","0,0","18,5",Varias,"22,8",10:25,99.0,"1,7","5,8",Varias,62.0,72.0,Varias,43.0,01:50,Málaga,ES-AN
2023-05-18,6172X,MÁLAGA,MALAGA,25,"18,0","19,2","14,0",14:01,"21,9",08:06,14.0,"2,5","12,2",13:30,72.0,87.0,14:10,40.0,01:30,Málaga,ES-AN
2023-05-19,6172X,MÁLAGA,MALAGA,25,"17,9","7,0","14,5",Varias,"21,3",15:52,28.0,"4,7","13,9",14:20,72.0,85.0,17:30,56.0,10:30,Málaga,ES-AN
2023-05-20,6172X,MÁLAGA,MALAGA,25,"18,4","0,0","15,1",00:31,"21,7",08:41,5.0,"1,4","5,8",00:40,70.0,82.0,Varias,57.0,08:50,Málaga,ES-AN
2023-05-21,6172X,MÁLAGA,MALAGA,25,"17,0","24,6","14,7",11:24,"19,4",17:26,32.0,"1,7","8,1",11:00,77.0,89.0,Varias,65.0,17:30,Málaga,ES-AN
2023-05-22,6172X,MÁLAGA,MALAGA,25,"15,5","0,4","13,6",03:55,"17,4",11:20,20.0,"1,9","10,0",03:00,81.0,91.0,05:00,71.0,11:00,Málaga,ES-AN
2023-05-23,6172X,MÁLAGA,MALAGA,25,"17,8","2,2","14,7",03:23,"20,9",11:39,24.0,"2,8","8,3",15:30,71.0,88.0,23:10,54.0,11:40,Málaga,ES-AN
2023-05-24,6172X,MÁLAGA,MALAGA,25,"18,2","0,0","15,7",00:01,"20,6",16:06,14.0,"1,9","6,4",00:40,73.0,86.0,00:00,66.0,07:40,Málaga,ES-AN
2023-05-25,6172X,MÁLAGA,MALAGA,25,"19,3","0,0","16,4",04:39,"22,2",08:03,22.0,"1,7","5,8",14:20,70.0,83.0,21:10,58.0,09:10,Málaga,ES-AN
2023-05-26,6172X,MÁLAGA,MALAGA,25,"20,2","7,6","17,2",05:17,"23,2",10:49,21.0,"1,4","7,2",09:50,73.0,81.0,20:10,64.0,Varias,Málaga,ES-AN
2023-05-27,6172X,MÁLAGA,MALAGA,25,"20,4","0,0","17,5",06:05,"23,2",12:39,99.0,"2,8","9,7",Varias,73.0,89.0,02:40,61.0,13:40,Málaga,ES-AN
2023-05-28,6172X,MÁLAGA,MALAGA,25,"21,5","0,0","18,5",05:33,"24,5",09:44,28.0,"3,9","12,5",10:40,64.0,74.0,12:40,46.0,09:40,Málaga,ES-AN
2023-05-29,6172X,MÁLAGA,MALAGA,25,"23,0","0,0","18,9",05:15,"27,0",11:48,28.0,"3,9","12,5",12:50,58.0,68.0,14:40,36.0,11:40,Málaga,ES-AN
2023-05-30,6172X,MÁLAGA,MALAGA,25,"21,8","0,0","19,3",04:48,"24,4",08:53,28.0,"3,9","9,4",13:20,65.0,71.0,Varias,40.0,21:20,Málaga,ES-AN
2023-05-31,6172X,MÁLAGA,MALAGA,25,"22,6","0,0","19,5",23:55,"25,7",08:46,1.0,"3,3","8,9",01:10,61.0,80.0,23:59,45.0,08:40,Málaga,ES-AN
2023-06-01,6172X,MÁLAGA,MALAGA,25,"21,4","1,4","18,7",01:45,"24,1",15:00,22.0,"2,2","7,5",13:10,69.0,85.0,20:40,56.0,06:00,Málaga,ES-AN
2023-06-02,6172X,MÁLAGA,MALAGA,25,"21,9","0,0","19,1",04:47,"24,7",12:25,20.0,"1,7","7,5",15:20,70.0,87.0,02:30,52.0,11:50,Málaga,ES-AN
2023-06-03,6172X,MÁLAGA,MALAGA,25,"21,4","0,0","18,8",03:43,"24,1",13:21,24.0,"1,7","6,1",13:40,73.0,81.0,Varias,65.0,07:30,Málaga,ES-AN
2023-06-04,6172X,MÁLAGA,MALAGA,25,"21,4","0,0","18,3",05:02,"24,4",07:42,21.0,"1,7","4,7",13:30,70.0,86.0,Varias,54.0,07:50,Málaga,ES-AN
2023-06-05,6172X,MÁLAGA,MALAGA,25,"21,8","0,0","19,2",Varias,"24,4",10:38,21.0,"2,2","5,3",13:20,74.0,86.0,Varias,68.0,07:20,Málaga,ES-AN
2023-06-06,6172X,MÁLAGA,MALAGA,25,"22,2","0,6","20,8",05:23,"23,6",13:18,21.0,"3,9","7,2",16:50,78.0,86.0,Varias,70.0,21:40,Málaga,ES-AN
2023-06-07,6172X,MÁLAGA,MALAGA,25,"22,6","2,4","20,4",Varias,"24,7",17:49,1.0,"1,9","6,1",10:20,72.0,82.0,07:40,62.0,17:50,Málaga,ES-AN
2023-06-08,6172X,MÁLAGA,MALAGA,25,"21,4","2,2","19,7",03:40,"23,0",18:01,29.0,"1,1","5,8",12:20,77.0,86.0,Varias,71.0,08:00,Málaga,ES-AN
2023-06-09,6172X,MÁLAGA,MALAGA,25,"23,2","0,0","18,9",03:43,"27,4",18:18,28.0,"2,8","9,7",13:00,70.0,87.0,Varias,49.0,18:20,Málaga,ES-AN
2023-06-10,6172X,MÁLAGA,MALAGA,25,"23,8","0,0","20,3",05:15,"27,3",17:34,28.0,"3,1","10,8",15:40,60.0,74.0,23:10,48.0,09:50,Málaga,ES-AN
2023-06-11,6172X,MÁLAGA,MALAGA,25,"24,1","0,0","21,7",09:20,"26,5",17:01,16.0,"3,3","7,5",18:10,63.0,80.0,23:00,53.0,00:40,Málaga,ES-AN
2023-06-12,6172X,MÁLAGA,MALAGA,25,"24,4","0,0","21,0",01:20,"27,9",14:59,14.0,"2,5","7,8",16:50,61.0,84.0,Varias,37.0,23:59,Málaga,ES-AN
2023-06-13,6172X,MÁLAGA,MALAGA,25,"26,6","0,0","22,9",04:44,"30,4",15:38,34.0,"4,4","11,4",14:30,39.0,56.0,11:20,28.0,15:50,Málaga,ES-AN
2023-06-14,6172X,MÁLAGA,MALAGA,25,"25,2","0,0","20,6",23:59,"29,7",09:42,3.0,"3,6","8,9",00:50,55.0,78.0,23:59,38.0,09:40,Málaga,ES-AN
2023-06-15,6172X,MÁLAGA,MALAGA,25,"24,2","0,0","19,6",01:42,"28,7",17:54,5.0,"1,1","4,2",04:10,51.0,83.0,01:50,37.0,17:50,Málaga,ES-AN
2023-06-16,6172X,MÁLAGA,MALAGA,25,"26,2","0,0","22,3",00:02,"30,0",16:20,4.0,"1,7","4,4",03:30,39.0,54.0,Varias,33.0,13:10,Málaga,ES-AN
2023-06-17,6172X,MÁLAGA,MALAGA,25,"26,4","0,0","22,8",05:07,"30,0",07:52,12.0,"1,9","6,4",23:50,42.0,50.0,15:50,33.0,08:20,Málaga,ES-AN
2023-06-18,6172X,MÁLAGA,MALAGA,25,"24,4","1,8","22,1",10:45,"26,7",03:18,33.0,"1,9","11,9",07:20,57.0,69.0,20:30,37.0,03:20,Málaga,ES-AN
2023-06-19,6172X,MÁLAGA,MALAGA,25,"22,6","0,0","20,2",23:58,"25,1",08:02,18.0,"2,2","6,4",13:10,70.0,84.0,23:59,58.0,Varias,Málaga,ES-AN
2023-06-20,6172X,MÁLAGA,MALAGA,25,"24,3","0,0","20,2",00:01,"28,4",22:55,28.0,"2,5","9,2",11:20,64.0,84.0,00:00,42.0,23:00,Málaga,ES-AN
2023-06-21,6172X,MÁLAGA,MALAGA,25,"24,0","0,0","19,9",06:21,"28,2",10:30,16.0,"2,8","7,5",Varias,72.0,87.0,07:10,45.0,00:00,Málaga,ES-AN
2023-06-22,6172X,MÁLAGA,MALAGA,25,"23,2","0,0","19,7",04:51,"26,7",08:29,17.0,"1,7","8,3",04:20,65.0,82.0,04:50,47.0,01:40,Málaga,ES-AN
2023-06-23,6172X,MÁLAGA,MALAGA,25,"25,5","0,0","21,4",00:23,"29,6",09:10,5.0,"1,4","5,3",02:10,55.0,73.0,23:40,44.0,07:10,Málaga,ES-AN
2023-06-24,6172X,MÁLAGA,MALAGA,25,"26,0","0,0","22,7",04:31,"29,3",07:44,4.0,"2,2","5,0",03:30,54.0,77.0,00:30,46.0,13:40,Málaga,ES-AN
2023-06-25,6172X,MÁLAGA,MALAGA,25,"26,3","0,0","23,1",05:21,"29,5",13:25,4.0,"1,7","4,4",05:50,51.0,58.0,18:30,38.0,21:00,Málaga,ES-AN
2023-06-26,6172X,MÁLAGA,MALAGA,25,"27,9","0,0","24,5",03:18,"31,3",14:57,22.0,"1,7","5,3",10:20,52.0,69.0,19:40,40.0,Varias,Málaga,ES-AN
2023-06-27,6172X,MÁLAGA,MALAGA,25,"29,3","0,0","24,4",03:55,"34,2",09:50,5.0,"1,4","5,3",03:40,47.0,64.0,00:00,30.0,09:50,Málaga,ES-AN
2023-06-28,6172X,MÁLAGA,MALAGA,25,"28,0","0,0","23,1",24:00,"32,9",08:05,27.0,"1,9","5,8",10:50,53.0,81.0,22:40,32.0,08:00,Málaga,ES-AN
2023-06-29,6172X,MÁLAGA,MALAGA,25,"25,6","0,0","22,7",00:02,"28,6",13:08,14.0,"1,9","8,1",15:50,64.0,84.0,Varias,45.0,03:00,Málaga,ES-AN
2023-06-30,6172X,MÁLAGA,MALAGA,25,"24,9","0,0","22,6",04:44,"27,2",16:42,19.0,"2,5","11,1",11:20,75.0,90.0,Varias,58.0,15:30,Málaga,ES-AN
2023-01-01,5515X,GRANADA-CARTUJA,GRANADA,775,"13,4","0,0","6,0",07:32,"20,7",15:00,30.0,"0,0","2,5",14:30,39.0,56.0,09:40,19.0,15:00,Granada,ES-AN
2023-01-02,5515X,GRANADA-CARTUJA,GRANADA,775,"11,2","0,0","6,6",06:47,"15,9",13:46,28.0,"0,3","3,3",08:30,61.0,85.0,Varias,41.0,00:00,Granada,ES-AN
2023-01-03,5515X,GRANADA-CARTUJA,GRANADA,775,"12,8","0,0","7,0",07:00,"18,7",16:09,30.0,"0,8","2,8",11:20,71.0,93.0,07:40,45.0,16:10,Granada,ES-AN
2023-01-04,5515X,GRANADA-CARTUJA,GRANADA,775,"12,3","0,0","5,5",08:14,"19,1",14:56,99.0,"0,8","2,8",Varias,72.0,90.0,Varias,46.0,14:50,Granada,ES-AN
2023-01-05,5515X,GRANADA-CARTUJA,GRANADA,775,"10,2","0,0","4,1",06:02,"16,4",14:57,27.0,"0,3","3,1",12:30,75.0,95.0,08:00,51.0,Varias,Granada,ES-AN
2023-01-06,5515X,GRANADA-CARTUJA,GRANADA,775,"8,8","0,0","2,9",08:14,"14,8",15:05,35.0,"0,6","3,1",14:40,79.0,95.0,07:30,56.0,15:00,Granada,ES-AN
2023-01-07,5515X,GRANADA-CARTUJA,GRANADA,775,"10,0","0,0","4,0",02:54,"15,9",15:23,31.0,"0,6","3,1",11:30,73.0,93.0,Varias,49.0,15:30,Granada,ES-AN
2023-01-08,5515X,GRANADA-CARTUJA,GRANADA,775,"11,7","2,0","9,7",00:01,"13,7",11:01,29.0,"0,3","7,5",20:40,86.0,95.0,Varias,72.0,02:00,Granada,ES-AN
2023-01-09,5515X,GRANADA-CARTUJA,GRANADA,775,"11,4","0,6","8,9",22:56,"13,8",14:06,22.0,"0,3","4,2",01:50,93.0,96.0,Varias,87.0,17:00,Granada,ES-AN
2023-01-10,5515X,GRANADA-CARTUJA,GRANADA,775,"11,6","0,0","5,9",07:22,"17,3",16:01,28.0,"0,3","2,8",12:50,84.0,97.0,07:30,57.0,16:10,Granada,ES-AN
2023-01-11,5515X,GRANADA-CARTUJA,GRANADA,775,"8,6","0,0","4,6",06:03,"12,6",14:37,27.0,"0,3","3,6",14:20,90.0,96.0,07:10,69.0,14:40,Granada,ES-AN
2023-01-12,5515X,GRANADA-CARTUJA,GRANADA,775,"11,3","0,0","5,2",Varias,"17,4",15:02,15.0,"0,6","3,3",04:30,75.0,95.0,08:10,48.0,15:00,Granada,ES-AN
2023-01-13,5515X,GRANADA-CARTUJA,GRANADA,775,"10,4","0,0","3,8",Varias,"17,0",16:10,99.0,"0,8","2,8",Varias,75.0,95.0,Varias,51.0,15:00,Granada,ES-AN
2023-01-14,5515X,GRANADA-CARTUJA,GRANADA,775,"10,7","0,0","3,1",07:18,"18,3",14:47,1.0,"0,8","3,3",07:50,58.0,93.0,05:00,25.0,16:10,Granada,ES-AN
2023-01-15,5515X,GRANADA-CARTUJA,GRANADA,775,"9,6","0,0","2,6",06:58,"16,7",15:05,35.0,"0,8","7,8",15:30,66.0,90.0,23:50,49.0,12:40,Granada,ES-AN
2023-01-16,5515X,GRANADA-CARTUJA,GRANADA,775,"7,0","0,2","2,7",06:54,"11,2",12:04,12.0,"0,6","5,3",21:00,75.0,94.0,Varias,58.0,12:10,Granada,ES-AN
2023-01-17,5515X,GRANADA-CARTUJA,GRANADA,775,"9,6","0,8","5,6",24:00,"13,5",15:20,30.0,"2,5","10,8",17:30,85.0,96.0,Varias,67.0,16:10,Granada,ES-AN
2023-01-18,5515X,GRANADA-CARTUJA,GRANADA,775,"5,4","0,0","2,3",08:00,"8,4",15:15,27.0,"1,7","8,6",02:50,70.0,94.0,Varias,48.0,15:20,Granada,ES-AN
2023-01-19,5515X,GRANADA-CARTUJA,GRANADA,775,"4,6","0,0","-1,0",07:01,"10,3",14:53,34.0,"0,6","4,7",15:10,66.0,86.0,07:20,41.0,14:40,Granada,ES-AN
2023-01-20,5515X,GRANADA-CARTUJA,GRANADA,775,"7,6","0,0","4,2",01:24,"11,0",15:47,4.0,"0,8","3,9",18:50,87.0,94.0,Varias,73.0,00:00,Granada,ES-AN
2023-01-21,5515X,GRANADA-CARTUJA,GRANADA,775,"9,6","0,0","3,7",07:27,"15,4",15:36,99.0,"0,6","4,7",Varias,79.0,96.0,Varias,52.0,15:50,Granada,ES-AN
2023-01-22,5515X,GRANADA-CARTUJA,GRANADA,775,"6,3","0,2","1,3",23:17,"11,3",12:33,8.0,"1,9","7,8",04:00,28.0,80.0,00:20,21.0,09:10,Granada,ES-AN
2023-01-23,5515X,GRANADA-CARTUJA,GRANADA,775,"5,9","0,0","1,5",Varias,"10,3",15:22,2.0,"1,1","7,2",10:30,34.0,62.0,23:59,30.0,15:40,Granada,ES-AN
2023-01-24,5515X,GRANADA-CARTUJA,GRANADA,775,"4,0","0,0","-2,0",07:29,"10,1",14:12,15.0,"0,8","5,0",20:00,53.0,79.0,08:30,33.0,14:30,Granada,ES-AN
2023-01-25,5515X,GRANADA-CARTUJA,GRANADA,775,"6,0","0,0","-0,8",05:27,"12,9",15:05,28.0,"0,6","4,4",16:50,57.0,83.0,Varias,32.0,15:40,Granada,ES-AN
2023-01-26,5515X,GRANADA-CARTUJA,GRANADA,775,"4,6","0,0","-1,5",04:34,"10,7",14:33,35.0,"1,4","6,7",16:00,59.0,84.0,Varias,39.0,14:30,Granada,ES-AN
2023-01-27,5515X,GRANADA-CARTUJA,GRANADA,775,"5,0","0,0","-1,7",07:48,"11,7",14:40,35.0,"0,6","7,8",16:00,56.0,88.0,08:30,33.0,14:30,Granada,ES-AN
2023-01-28,5515X,GRANADA-CARTUJA,GRANADA,775,"5,0","0,0","-1,7",07:32,"11,7",15:05,28.0,"0,6","4,7",15:50,49.0,75.0,06:40,33.0,14:40,Granada,ES-AN
2023-01-29,5515X,GRANADA-CARTUJA,GRANADA,775,"5,0","0,0","-2,4",06:55,"12,3",15:06,23.0,"0,6","5,0",15:00,60.0,83.0,22:20,36.0,14:00,Granada,ES-AN
2023-01-30,5515X,GRANADA-CARTUJA,GRANADA,775,"6,2","0,0","-1,1",07:45,"13,6",14:55,29.0,"0,6","4,2",15:10,61.0,87.0,Varias,35.0,15:20,Granada,ES-AN
2023-01-31,5515X,GRANADA-CARTUJA,GRANADA,775,"8,0","0,0","-0,9",07:23,"16,8",15:25,27.0,"0,6","3,1",13:30,53.0,85.0,07:30,19.0,15:20,Granada,ES-AN
2023-02-01,5515X,GRANADA-CARTUJA,GRANADA,775,"8,4","0,0","-0,3",07:21,"17,2",15:39,23.0,"0,3","4,2",15:00,41.0,69.0,07:10,16.0,14:50,Granada,ES-AN
2023-02-02,5515X,GRANADA-CARTUJA,GRANADA,775,"7,8","0,0","0,1",07:07,"15,4",16:10,27.0,"0,3","3,6",15:20,52.0,74.0,07:10,32.0,Varias,Granada,ES-AN
2023-02-03,5515X,GRANADA-CARTUJA,GRANADA,775,"9,6","0,0","0,8",05:10,"18,3",15:45,6.0,"0,3","4,2",21:50,42.0,76.0,05:30,24.0,14:50,Granada,ES-AN
2023-02-04,5515X,GRANADA-CARTUJA,GRANADA,775,"9,6","0,0","0,5",08:09,"18,8",15:12,5.0,"1,1","4,4",20:50,42.0,71.0,08:10,23.0,16:20,Granada,ES-AN
2023-02-05,5515X,GRANADA-CARTUJA,GRANADA,775,"11,8","0,0","1,6",07:03,"22,0",15:28,29.0,"0,6","3,9",14:20,36.0,60.0,07:20,14.0,15:20,Granada,ES-AN
2023-02-06,5515X,GRANADA-CARTUJA,GRANADA,775,"10,1","0,0","2,3",07:56,"17,9",15:34,23.0,"0,8","5,6",17:10,49.0,85.0,22:40,27.0,14:30,Granada,ES-AN
2023-02-07,5515X,GRANADA-CARTUJA,GRANADA,775,"6,3","2,2","2,7",23:59,"9,9",12:08,20.0,"0,3","5,6",15:00,78.0,95.0,23:10,58.0,13:00,Granada,ES-AN
2023-02-08,5515X,GRANADA-CARTUJA,GRANADA,775,"7,6","0,0","1,6",05:00,"13,7",14:20,7.0,"0,3","4,7",12:10,71.0,96.0,04:50,49.0,12:50,Granada,ES-AN
2023-02-09,5515X,GRANADA-CARTUJA,GRANADA,775,"10,2","0,2","3,4",07:00,"16,9",15:35,20.0,"0,6","5,3",17:00,66.0,86.0,Varias,37.0,15:40,Granada,ES-AN
2023-02-10,5515X,GRANADA-CARTUJA,GRANADA,775,"7,0","0,0","1,4",06:06,"12,6",13:18,9.0,"1,1","7,2",23:30,54.0,82.0,00:10,35.0,13:40,Granada,ES-AN
2023-02-11,5515X,GRANADA-CARTUJA,GRANADA,775,"7,7","0,0","1,5",06:40,"13,9",15:03,4.0,"0,8","8,6",15:50,51.0,72.0,05:50,32.0,14:20,Granada,ES-AN
2023-02-12,5515X,GRANADA-CARTUJA,GRANADA,775,"9,2","0,0","2,6",02:55,"15,7",13:26,4.0,"0,8","5,6",20:30,55.0,75.0,04:00,43.0,Varias,Granada,ES-AN
2023-02-13,5515X,GRANADA-CARTUJA,GRANADA,775,"10,2","0,0","2,2",07:27,"18,1",14:39,13.0,"0,8","6,4",19:10,55.0,84.0,08:00,36.0,14:40,Granada,ES-AN
2023-02-14,5515X,GRANADA-CARTUJA,GRANADA,775,"10,4","0,0","4,0",06:06,"16,8",13:50,3.0,"0,8","5,6",18:20,59.0,82.0,06:40,41.0,14:10,Granada,ES-AN
2023-02-15,5515X,GRANADA-CARTUJA,GRANADA,775,"11,2","0,0","4,5",05:46,"17,8",15:25,12.0,"0,6","5,3",22:30,57.0,81.0,04:30,41.0,14:30,Granada,ES-AN
2023-02-16,5515X,GRANADA-CARTUJA,GRANADA,775,"10,2","0,0","3,4",06:57,"17,1",13:02,8.0,"0,8","5,3",18:20,53.0,81.0,Varias,36.0,13:10,Granada,ES-AN
2023-02-17,5515X,GRANADA-CARTUJA,GRANADA,775,"10,5","0,0","5,4",05:51,"15,6",14:15,2.0,"0,6","4,7",16:50,61.0,76.0,06:00,43.0,14:20,Granada,ES-AN
2023-02-18,5515X,GRANADA-CARTUJA,GRANADA,775,"13,3","0,0","7,9",02:35,"18,7",16:12,15.0,"0,8","3,3",16:20,52.0,73.0,01:00,37.0,16:10,Granada,ES-AN
2023-02-19,5515X,GRANADA-CARTUJA,GRANADA,775,"13,6","0,0","6,9",04:52,"20,4",15:37,4.0,"0,3","3,9",21:00,49.0,72.0,Varias,29.0,15:40,Granada,ES-AN
2023-02-20,5515X,GRANADA-CARTUJA,GRANADA,775,"15,9","0,0","7,9",03:22,"23,9",14:26,18.0,"0,8","6,7",15:20,36.0,54.0,04:20,23.0,14:00,Granada,ES-AN
2023-02-21,5515X,GRANADA-CARTUJA,GRANADA,775,"16,4","0,0","9,8",23:50,"23,0",14:17,30.0,"1,4","9,2",15:10,40.0,61.0,23:50,28.0,15:00,Granada,ES-AN
2023-02-22,5515X,GRANADA-CARTUJA,GRANADA,775,"13,0","0,0","5,7",06:06,"20,4",14:28,30.0,"0,8","4,4",17:30,54.0,82.0,07:30,25.0,14:50,Granada,ES-AN
2023-02-23,5515X,GRANADA-CARTUJA,GRANADA,775,"10,3","0,0","3,9",23:54,"16,7",13:22,29.0,"1,1","8,1",16:00,60.0,85.0,07:00,41.0,Varias,Granada,ES-AN
2023-02-24,5515X,GRANADA-CARTUJA,GRANADA,775,"8,4","0,0","1,6",06:05,"15,3",14:46,30.0,"1,1","7,5",15:40,47.0,74.0,04:40,27.0,Varias,Granada,ES-AN
2023-02-25,5515X,GRANADA-CARTUJA,GRANADA,775,"5,9","0,0","1,8",03:07,"10,0",16:32,26.0,"1,4","7,8",15:20,57.0,78.0,07:20,41.0,16:40,Granada,ES-AN
2023-02-26,5515X,GRANADA-CARTUJA,GRANADA,775,"7,8","0,2","3,7",Varias,"11,9",15:37,34.0,"0,6","5,3",17:30,72.0,91.0,05:40,46.0,15:40,Granada,ES-AN
2023-02-27,5515X,GRANADA-CARTUJA,GRANADA,775,"7,8","0,0","3,1",07:38,"12,5",14:15,35.0,"1,9","8,1",17:30,46.0,81.0,08:00,25.0,16:10,Granada,ES-AN
2023-02-28,5515X,GRANADA-CARTUJA,GRANADA,775,"7,4","0,0","-0,1",07:36,"14,8",14:55,31.0,"1,4","6,7",15:50,33.0,57.0,02:00,15.0,16:10,Granada,ES-AN
2023-03-01,5515X,GRANADA-CARTUJA,GRANADA,775,"5,8","0,0","-1,8",06:53,"13,5",14:49,99.0,"1,1","7,5",Varias,41.0,64.0,07:00,25.0,13:00,Granada,ES-AN
2023-03-02,5515X,GRANADA-CARTUJA,GRANADA,775,"6,0","0,0","-1,6",06:53,"13,5",15:22,32.0,"1,1","6,1",12:10,39.0,72.0,Varias,20.0,15:30,Granada,ES-AN
2023-03-03,5515X,GRANADA-CARTUJA,GRANADA,775,"8,4","0,0","-1,5",06:28,"18,2",15:18,26.0,"0,8","5,8",16:30,36.0,61.0,06:50,20.0,15:40,Granada,ES-AN
2023-03-04,5515X,GRANADA-CARTUJA,GRANADA,775,"10,2","0,0","1,5",06:08,"19,0",15:05,23.0,"0,8","5,0",14:50,33.0,56.0,23:59,17.0,Varias,Granada,ES-AN
2023-03-05,5515X,GRANADA-CARTUJA,GRANADA,775,"11,0","0,0","4,7",06:49,"17,4",13:37,28.0,"0,8","10,3",16:50,49.0,83.0,18:50,20.0,13:00,Granada,ES-AN
2023-03-06,5515X,GRANADA-CARTUJA,GRANADA,775,"11,6","5,0","6,8",04:15,"16,4",12:47,27.0,"0,3","4,7",15:40,66.0,93.0,Varias,45.0,15:10,Granada,ES-AN
2023-03-07,5515X,GRANADA-CARTUJA,GRANADA,775,"13,0","0,0","8,4",07:25,"17,7",15:47,28.0,"0,8","6,1",15:40,73.0,95.0,Varias,49.0,15:50,Granada,ES-AN
2023-03-08,5515X,GRANADA-CARTUJA,GRANADA,775,"14,8","0,0","9,8",00:01,"19,7",16:41,28.0,"0,6","6,9",16:30,68.0,87.0,04:30,50.0,16:50,Granada,ES-AN
2023-03-09,5515X,GRANADA-CARTUJA,GRANADA,775,"13,0","2,8","9,6",04:41,"16,4",13:55,27.0,"0,3","5,3",17:00,82.0,96.0,23:10,65.0,10:20,Granada,ES-AN
2023-03-10,5515X,GRANADA-CARTUJA,GRANADA,775,"15,3","0,0","8,0",Varias,"22,6",16:37,26.0,"0,8","6,1",13:50,54.0,96.0,02:10,25.0,16:40,Granada,ES-AN
2023-03-11,5515X,GRANADA-CARTUJA,GRANADA,775,"15,6","0,0","7,1",06:51,"24,1",15:29,31.0,"1,4","6,4",16:20,61.0,84.0,Varias,40.0,15:30,Granada,ES-AN
2023-03-12,5515X,GRANADA-CARTUJA,GRANADA,775,"18,4","0,0","7,6",06:16,"29,3",15:21,27.0,"0,6","3,3",14:00,46.0,88.0,06:20,19.0,16:00,Granada,ES-AN
2023-03-13,5515X,GRANADA-CARTUJA,GRANADA,775,"18,5","0,0","11,1",07:12,"25,9",13:39,32.0,"1,1","7,8",14:00,39.0,76.0,23:00,13.0,13:40,Granada,ES-AN
2023-03-14,5515X,GRANADA-CARTUJA,GRANADA,775,"15,2","0,0","6,4",07:02,"23,9",15:06,28.0,"0,8","5,8",16:10,48.0,86.0,07:10,23.0,Varias,Granada,ES-AN
2023-03-15,5515X,GRANADA-CARTUJA,GRANADA,775,"17,6","0,0","7,9",06:30,"27,4",15:23,28.0,"0,8","4,2",13:10,31.0,55.0,Varias,18.0,Varias,Granada,ES-AN
2023-03-16,5515X,GRANADA-CARTUJA,GRANADA,775,"19,0","0,0","9,5",07:18,"28,5",14:22,16.0,"0,8","7,2",17:10,28.0,56.0,07:20,15.0,13:00,Granada,ES-AN
2023-03-17,5515X,GRANADA-CARTUJA,GRANADA,775,"14,7","0,0","8,7",06:49,"20,7",14:27,28.0,"1,4","6,9",14:50,47.0,62.0,Varias,31.0,10:40,Granada,ES-AN
2023-03-18,5515X,GRANADA-CARTUJA,GRANADA,775,"13,8","0,0","8,2",23:50,"19,3",13:41,36.0,"1,9","9,2",15:20,51.0,80.0,06:10,34.0,13:20,Granada,ES-AN
2023-03-19,5515X,GRANADA-CARTUJA,GRANADA,775,"13,4","0,0","5,7",06:13,"21,1",14:11,99.0,"1,1","5,8",Varias,46.0,77.0,06:20,24.0,14:50,Granada,ES-AN
2023-03-20,5515X,GRANADA-CARTUJA,GRANADA,775,"14,8","0,0","5,7",05:56,"23,8",15:25,30.0,"1,1","5,3",16:20,45.0,76.0,Varias,20.0,16:50,Granada,ES-AN
2023-03-21,5515X,GRANADA-CARTUJA,GRANADA,775,"15,6","0,0","6,7",06:29,"24,6",15:11,29.0,"0,6","5,3",16:50,41.0,71.0,07:00,18.0,14:30,Granada,ES-AN
2023-03-22,5515X,GRANADA-CARTUJA,GRANADA,775,"16,4","0,0","7,4",06:49,"25,5",15:15,29.0,"1,1","5,3",13:40,35.0,65.0,07:30,18.0,16:50,Granada,ES-AN
2023-03-23,5515X,GRANADA-CARTUJA,GRANADA,775,"17,6","0,0","8,1",05:31,"27,1",15:20,31.0,"1,1","6,7",16:10,33.0,62.0,07:40,19.0,14:10,Granada,ES-AN
2023-03-24,5515X,GRANADA-CARTUJA,GRANADA,775,"16,6","0,0","8,5",06:47,"24,7",14:02,36.0,"0,8","7,2",16:30,39.0,72.0,06:50,19.0,12:50,Granada,ES-AN
2023-03-25,5515X,GRANADA-CARTUJA,GRANADA,775,"18,0","0,0","8,6",06:32,"27,4",14:33,28.0,"1,1","5,8",17:30,39.0,66.0,07:00,21.0,13:20,Granada,ES-AN
2023-03-26,5515X,GRANADA-CARTUJA,GRANADA,775,"18,8","0,0","10,5",06:22,"27,2",14:54,34.0,"0,8","5,8",16:10,40.0,72.0,06:50,20.0,16:00,Granada,ES-AN
2023-03-27,5515X,GRANADA-CARTUJA,GRANADA,775,"17,0","0,0","9,2",05:22,"24,9",15:59,29.0,"1,1","5,6",12:50,35.0,57.0,01:30,24.0,16:00,Granada,ES-AN
2023-03-28,5515X,GRANADA-CARTUJA,GRANADA,775,"18,2","0,0","9,0",06:08,"27,4",14:24,24.0,"0,8","6,1",15:30,32.0,56.0,06:10,19.0,Varias,Granada,ES-AN
2023-03-29,5515X,GRANADA-CARTUJA,GRANADA,775,"19,2","0,0","9,5",05:53,"29,0",15:22,22.0,"0,8","6,1",14:50,30.0,57.0,05:40,15.0,16:50,Granada,ES-AN
2023-03-30,5515X,GRANADA-CARTUJA,GRANADA,775,"19,4","0,0","10,7",05:26,"28,2",15:27,24.0,"1,7","8,3",17:10,29.0,47.0,06:50,17.0,16:10,Granada,ES-AN
2023-03-31,5515X,GRANADA-CARTUJA,GRANADA,775,"19,1","0,0","11,1",06:11,"27,1",14:40,35.0,"1,4","7,2",15:20,40.0,61.0,Varias,15.0,11:10,Granada,ES-AN
2023-04-01,5515X,GRANADA-CARTUJA,GRANADA,775,"17,3","0,0","11,0",06:32,"23,6",13:07,34.0,"1,7","9,2",14:20,49.0,79.0,06:50,29.0,16:00,Granada,ES-AN
2023-04-02,5515X,GRANADA-CARTUJA,GRANADA,775,"16,4","0,0","9,6",06:07,"23,3",14:57,35.0,"2,2","8,6",12:40,34.0,84.0,05:40,8.0,13:00,Granada,ES-AN
2023-04-03,5515X,GRANADA-CARTUJA,GRANADA,775,"15,8","0,0","6,5",05:55,"25,0",15:09,6.0,"1,4","6,9",01:10,20.0,54.0,23:59,8.0,14:20,Granada,ES-AN
2023-04-04,5515X,GRANADA-CARTUJA,GRANADA,775,"15,4","0,0","8,3",05:18,"22,4",13:57,99.0,"0,6","4,7",Varias,33.0,73.0,23:59,19.0,14:20,Granada,ES-AN
2023-04-05,5515X,GRANADA-CARTUJA,GRANADA,775,"16,2","0,0","6,2",06:29,"26,1",14:53,24.0,"0,8","5,3",15:40,36.0,73.0,Varias,16.0,13:00,Granada,ES-AN
2023-04-06,5515X,GRANADA-CARTUJA,GRANADA,775,"16,1","0,0","6,3",06:04,"25,9",14:31,36.0,"0,8","5,3",16:20,22.0,50.0,00:20,10.0,13:00,Granada,ES-AN
2023-04-07,5515X,GRANADA-CARTUJA,GRANADA,775,"15,9","0,0","6,3",06:04,"25,5",15:22,3.0,"1,1","5,8",21:30,26.0,51.0,23:00,12.0,13:00,Granada,ES-AN
2023-04-08,5515X,GRANADA-CARTUJA,GRANADA,775,"18,5","0,0","8,5",06:17,"28,5",15:22,26.0,"1,1","5,3",15:40,21.0,52.0,00:50,9.0,13:00,Granada,ES-AN
2023-04-09,5515X,GRANADA-CARTUJA,GRANADA,775,"19,5","0,0","10,2",05:13,"28,8",14:51,99.0,"1,4","6,7",Varias,19.0,40.0,04:50,11.0,18:00,Granada,ES-AN
2023-04-10,5515X,GRANADA-CARTUJA,GRANADA,775,"20,4","0,0","12,0",05:56,"28,8",15:22,33.0,"1,1","7,5",14:40,27.0,48.0,07:00,16.0,15:00,Granada,ES-AN
2023-04-11,5515X,GRANADA-CARTUJA,GRANADA,775,"20,6","0,0","11,4",06:00,"29,7",13:58,28.0,"1,4","6,9",15:50,23.0,42.0,07:20,14.0,Varias,Granada,ES-AN
2023-04-12,5515X,GRANADA-CARTUJA,GRANADA,775,"19,0","0,0","11,3",05:35,"26,7",14:14,30.0,"1,1","8,3",14:50,36.0,57.0,07:10,21.0,13:50,Granada,ES-AN
2023-04-13,5515X,GRANADA-CARTUJA,GRANADA,775,"16,1","0,0","9,6",06:29,"22,6",15:44,35.0,"1,1","7,8",14:30,35.0,71.0,05:00,13.0,16:00,Granada,ES-AN
2023-04-14,5515X,GRANADA-CARTUJA,GRANADA,775,"16,2","0,0","8,1",03:22,"24,3",14:29,36.0,"1,4","7,5",14:20,30.0,48.0,23:30,24.0,11:00,Granada,ES-AN
2023-04-15,5515X,GRANADA-CARTUJA,GRANADA,775,"18,3","0,0","9,5",06:02,"27,1",14:18,34.0,"1,9","10,8",18:00,37.0,67.0,06:50,14.0,15:00,Granada,ES-AN
2023-04-16,5515X,GRANADA-CARTUJA,GRANADA,775,"20,4","0,0","12,4",06:44,"28,5",14:26,26.0,"0,8","8,1",14:40,33.0,60.0,Varias,18.0,13:00,Granada,ES-AN
2023-04-17,5515X,GRANADA-CARTUJA,GRANADA,775,"18,8","0,0","9,1",05:10,"28,6",14:44,19.0,"1,1","6,1",17:40,37.0,69.0,04:40,18.0,13:00,Granada,ES-AN
2023-04-18,5515X,GRANADA-CARTUJA,GRANADA,775,"18,6","0,0","9,4",05:41,"27,7",14:49,99.0,"1,1","5,8",Varias,35.0,61.0,05:50,17.0,14:10,Granada,ES-AN
2023-04-19,5515X,GRANADA-CARTUJA,GRANADA,775,"17,7","0,0","10,1",05:46,"25,3",14:36,15.0,"0,8","4,7",02:10,39.0,62.0,05:50,22.0,13:30,Granada,ES-AN
2023-04-20,5515X,GRANADA-CARTUJA,GRANADA,775,"19,3","0,0","10,5",06:07,"28,1",13:21,27.0,"0,8","7,8",15:00,40.0,72.0,Varias,21.0,Varias,Granada,ES-AN
2023-04-21,5515X,GRANADA-CARTUJA,GRANADA,775,"19,8","0,0","11,1",05:06,"28,5",13:03,24.0,"1,4","8,9",13:40,34.0,68.0,23:50,17.0,13:00,Granada,ES-AN
2023-04-22,5515X,GRANADA-CARTUJA,GRANADA,775,"17,3","0,0","10,6",05:56,"24,0",13:44,99.0,"1,1","5,3",14:30,56.0,80.0,Varias,39.0,13:50,Granada,ES-AN
2023-04-23,5515X,GRANADA-CARTUJA,GRANADA,775,"18,2","0,0","9,5",06:33,"27,0",14:35,31.0,"0,8","5,6",14:20,41.0,83.0,04:40,11.0,14:20,Granada,ES-AN
2023-04-24,5515X,GRANADA-CARTUJA,GRANADA,775,"20,0","0,0","11,2",06:01,"28,9",13:32,28.0,"1,1","6,1",18:00,28.0,48.0,Varias,18.0,15:50,Granada,ES-AN
2023-04-25,5515X,GRANADA-CARTUJA,GRANADA,775,"22,8","0,0","13,6",06:19,"32,0",13:50,27.0,"1,1","7,5",17:00,27.0,46.0,06:40,18.0,18:00,Granada,ES-AN
2023-04-26,5515X,GRANADA-CARTUJA,GRANADA,775,"24,2","0,0","14,1",06:32,"34,4",14:31,3.0,"1,1","5,6",13:00,25.0,51.0,06:30,12.0,13:00,Granada,ES-AN
2023-04-27,5515X,GRANADA-CARTUJA,GRANADA,775,"26,2","0,0","16,1",05:02,"36,4",13:03,21.0,"1,4","9,2",13:10,21.0,44.0,07:20,11.0,13:00,Granada,ES-AN
2023-04-28,5515X,GRANADA-CARTUJA,GRANADA,775,"29,3","0,0","20,5",04:38,"38,1",12:52,18.0,"1,1","7,2",14:20,20.0,34.0,23:59,12.0,13:00,Granada,ES-AN
2023-04-29,5515X,GRANADA-CARTUJA,GRANADA,775,"23,6","0,0","18,3",05:08,"28,9",12:29,29.0,"1,9","8,9",16:00,33.0,53.0,23:59,20.0,11:00,Granada,ES-AN
2023-04-30,5515X,GRANADA-CARTUJA,GRANADA,775,"21,6","0,0","14,6",05:29,"28,5",13:32,19.0,"0,8","6,4",16:30,38.0,66.0,04:30,25.0,17:00,Granada,ES-AN
2023-05-01,5515X,GRANADA-CARTUJA,GRANADA,775,"21,6","0,0","13,2",05:19,"30,1",15:24,99.0,"1,1","6,7",14:30,36.0,64.0,06:20,20.0,14:00,Granada,ES-AN
2023-05-02,5515X,GRANADA-CARTUJA,GRANADA,775,"22,2","0,0","14,4",05:37,"30,0",13:09,24.0,"1,1","5,3",16:40,31.0,52.0,06:10,20.0,13:00,Granada,ES-AN
2023-05-03,5515X,GRANADA-CARTUJA,GRANADA,775,"23,2","0,0","15,1",05:55,"31,4",13:46,26.0,"0,8","5,6",12:30,21.0,38.0,22:50,16.0,18:00,Granada,ES-AN
2023-05-04,5515X,GRANADA-CARTUJA,GRANADA,775,"20,0","0,0","12,6",05:31,"27,4",15:37,25.0,"0,8","4,7",13:10,28.0,44.0,06:20,17.0,13:00,Granada,ES-AN
2023-05-05,5515X,GRANADA-CARTUJA,GRANADA,775,"21,6","0,0","12,8",05:50,"30,5",14:28,26.0,"0,8","5,6",13:20,31.0,58.0,06:20,20.0,18:00,Granada,ES-AN
2023-05-06,5515X,GRANADA-CARTUJA,GRANADA,775,"22,2","0,0","15,0",05:13,"29,5",13:18,28.0,"1,1","7,2",16:10,31.0,53.0,05:10,21.0,12:30,Granada,ES-AN
2023-05-07,5515X,GRANADA-CARTUJA,GRANADA,775,"21,5","0,0","13,0",05:35,"30,0",13:14,27.0,"1,1","7,2",16:40,37.0,66.0,04:30,22.0,13:30,Granada,ES-AN
2023-05-08,5515X,GRANADA-CARTUJA,GRANADA,775,"22,6","0,0","14,8",05:56,"30,4",14:03,29.0,"1,4","7,2",14:40,32.0,56.0,06:10,19.0,16:30,Granada,ES-AN
2023-05-09,5515X,GRANADA-CARTUJA,GRANADA,775,"24,9","0,0","17,1",04:39,"32,7",12:58,34.0,"0,8","7,5",16:40,29.0,48.0,06:40,20.0,13:00,Granada,ES-AN
2023-05-10,5515X,GRANADA-CARTUJA,GRANADA,775,"23,6","0,0","16,5",05:29,"30,8",14:11,24.0,"1,4","8,6",15:30,34.0,54.0,04:10,23.0,18:30,Granada,ES-AN
2023-05-11,5515X,GRANADA-CARTUJA,GRANADA,775,"22,0","0,0","15,0",06:08,"29,1",13:51,28.0,"1,7","7,5",16:50,30.0,63.0,06:20,16.0,12:40,Granada,ES-AN
2023-05-12,5515X,GRANADA-CARTUJA,GRANADA,775,"20,0","0,0","13,2",05:46,"26,8",13:26,26.0,"1,7","9,7",15:20,33.0,64.0,23:30,22.0,16:30,Granada,ES-AN
2023-05-13,5515X,GRANADA-CARTUJA,GRANADA,775,"17,6","0,0","11,7",23:57,"23,4",13:07,36.0,"1,4","9,7",10:40,36.0,73.0,23:40,20.0,15:40,Granada,ES-AN
2023-05-14,5515X,GRANADA-CARTUJA,GRANADA,775,"15,8","0,0","8,7",05:24,"22,9",13:11,28.0,"1,1","8,3",14:00,39.0,79.0,05:40,22.0,13:00,Granada,ES-AN
2023-05-15,5515X,GRANADA-CARTUJA,GRANADA,775,"18,5","0,0","10,9",05:07,"26,1",13:44,27.0,"1,1","8,6",15:50,28.0,51.0,05:30,17.0,13:00,Granada,ES-AN
2023-05-16,5515X,GRANADA-CARTUJA,GRANADA,775,"19,6","0,0","11,9",05:18,"27,2",15:06,29.0,"0,8","6,9",16:20,24.0,47.0,06:10,12.0,13:50,Granada,ES-AN
2023-05-17,5515X,GRANADA-CARTUJA,GRANADA,775,"18,3","0,0","14,0",Varias,"22,6",12:33,26.0,"1,4","7,8",15:10,41.0,61.0,23:40,28.0,12:20,Granada,ES-AN
2023-05-18,5515X,GRANADA-CARTUJA,GRANADA,775,"14,8","0,4","11,7",19:41,"17,9",09:41,9.0,"1,1","6,7",19:40,62.0,79.0,11:50,50.0,09:40,Granada,ES-AN
2023-05-19,5515X,GRANADA-CARTUJA,GRANADA,775,"15,8","3,8","9,9",03:15,"21,8",12:40,17.0,"1,1","6,7",14:30,54.0,90.0,Varias,38.0,11:50,Granada,ES-AN
2023-05-20,5515X,GRANADA-CARTUJA,GRANADA,775,"15,4","0,2","7,7",04:05,"23,2",12:34,24.0,"0,6","7,8",14:10,60.0,94.0,Varias,24.0,12:30,Granada,ES-AN
2023-05-21,5515X,GRANADA-CARTUJA,GRANADA,775,"14,4","0,8","9,7",04:27,"19,0",10:55,23.0,"0,6","5,8",10:50,73.0,84.0,20:20,43.0,09:50,Granada,ES-AN
2023-05-22,5515X,GRANADA-CARTUJA,GRANADA,775,"12,0","15,0","9,5",Varias,"14,6",10:39,36.0,"0,3","3,3",09:20,85.0,95.0,Varias,61.0,10:40,Granada,ES-AN
2023-05-23,5515X,GRANADA-CARTUJA,GRANADA,775,"12,9","0,2","9,1",01:52,"16,7",15:10,19.0,"0,8","5,3",16:30,77.0,96.0,Varias,60.0,15:30,Granada,ES-AN
2023-05-24,5515X,GRANADA-CARTUJA,GRANADA,775,"16,6","0,0","10,5",05:36,"22,7",14:57,14.0,"0,6","5,6",16:50,65.0,90.0,05:40,39.0,15:00,Granada,ES-AN
2023-05-25,5515X,GRANADA-CARTUJA,GRANADA,775,"18,3","22,4","10,1",04:47,"26,5",13:44,23.0,"0,6","7,5",14:40,68.0,91.0,18:10,34.0,13:40,Granada,ES-AN
2023-05-26,5515X,GRANADA-CARTUJA,GRANADA,775,"19,0","0,6","11,7",05:18,"26,4",14:02,24.0,"0,8","5,6",14:30,55.0,84.0,06:10,35.0,16:00,Granada,ES-AN
2023-05-27,5515X,GRANADA-CARTUJA,GRANADA,775,"16,4","8,8","13,3",05:26,"19,6",16:44,26.0,"0,6","7,8",18:40,81.0,95.0,22:50,56.0,16:50,Granada,ES-AN
2023-05-28,5515X,GRANADA-CARTUJA,GRANADA,775,"17,2","21,0","11,5",17:35,"22,9",14:54,28.0,"0,8","12,2",17:20,80.0,96.0,04:40,40.0,16:10,Granada,ES-AN
2023-05-29,5515X,GRANADA-CARTUJA,GRANADA,775,"17,4","0,0","11,1",04:13,"23,6",14:57,28.0,"1,1","6,7",13:30,57.0,96.0,Varias,34.0,15:00,Granada,ES-AN
2023-05-30,5515X,GRANADA-CARTUJA,GRANADA,775,"17,6","0,2","11,7",04:45,"23,5",14:37,28.0,"1,4","7,2",Varias,53.0,85.0,Varias,33.0,16:00,Granada,ES-AN
2023-05-31,5515X,GRANADA-CARTUJA,GRANADA,775,"19,1","0,0","12,3",05:33,"25,9",12:21,24.0,"1,1","5,8",16:10,50.0,84.0,05:50,28.0,13:00,Granada,ES-AN
2023-06-01,5515X,GRANADA-CARTUJA,GRANADA,775,"19,6","0,0","13,0",05:20,"26,2",14:18,24.0,"1,1","8,9",16:10,45.0,77.0,05:30,30.0,15:20,Granada,ES-AN
2023-06-02,5515X,GRANADA-CARTUJA,GRANADA,775,"18,1","3,0","13,0",23:52,"23,2",12:02,28.0,"0,8","5,3",13:00,70.0,92.0,15:30,43.0,11:30,Granada,ES-AN
2023-06-03,5515X,GRANADA-CARTUJA,GRANADA,775,"17,8","0,0","10,9",04:55,"24,6",12:18,35.0,"0,6","7,2",14:10,63.0,92.0,Varias,39.0,12:40,Granada,ES-AN
2023-06-04,5515X,GRANADA-CARTUJA,GRANADA,775,"20,0","9,8","13,0",04:56,"27,1",12:35,1.0,"0,3","8,9",14:10,71.0,92.0,16:50,39.0,12:30,Granada,ES-AN
2023-06-05,5515X,GRANADA-CARTUJA,GRANADA,775,"20,8","0,0","13,7",04:40,"27,9",14:02,24.0,"0,8","5,8",14:10,57.0,87.0,05:00,35.0,Varias,Granada,ES-AN
2023-06-06,5515X,GRANADA-CARTUJA,GRANADA,775,"22,8","3,4","15,3",04:56,"30,3",13:39,23.0,"0,8","7,2",16:20,49.0,79.0,Varias,32.0,13:40,Granada,ES-AN
2023-06-07,5515X,GRANADA-CARTUJA,GRANADA,775,"16,9","10,8","15,1",04:59,"18,7",00:05,18.0,"0,6","3,6",07:00,92.0,96.0,Varias,78.0,00:50,Granada,ES-AN
2023-06-08,5515X,GRANADA-CARTUJA,GRANADA,775,"19,6","4,6","15,0",01:58,"24,3",11:43,29.0,"0,3","6,1",12:20,85.0,96.0,Varias,58.0,11:50,Granada,ES-AN
2023-06-09,5515X,GRANADA-CARTUJA,GRANADA,775,"19,2","0,0","14,3",02:22,"24,1",11:16,27.0,"0,8","6,4",12:20,67.0,91.0,Varias,48.0,16:10,Granada,ES-AN
2023-06-10,5515X,GRANADA-CARTUJA,GRANADA,775,"20,8","0,0","14,1",05:28,"27,4",14:44,29.0,"1,1","5,6",17:30,55.0,90.0,05:40,32.0,13:50,Granada,ES-AN
2023-06-11,5515X,GRANADA-CARTUJA,GRANADA,775,"22,6","0,0","15,5",05:05,"29,7",14:06,22.0,"1,1","6,1",13:10,46.0,78.0,06:00,28.0,Varias,Granada,ES-AN
2023-06-12,5515X,GRANADA-CARTUJA,GRANADA,775,"22,5","0,0","15,8",05:11,"29,2",13:57,25.0,"0,8","6,7",16:50,46.0,78.0,05:20,32.0,Varias,Granada,ES-AN
2023-06-13,5515X,GRANADA-CARTUJA,GRANADA,775,"20,6","0,0","14,8",04:46,"26,5",12:20,20.0,"1,4","7,8",15:10,49.0,77.0,04:40,32.0,16:50,Granada,ES-AN
2023-06-14,5515X,GRANADA-CARTUJA,GRANADA,775,"21,6","0,0","13,9",05:00,"29,4",14:51,35.0,"1,7","8,1",13:50,44.0,79.0,05:50,30.0,13:00,Granada,ES-AN
2023-06-15,5515X,GRANADA-CARTUJA,GRANADA,775,,"0,0",,,,,,"0,8",,,39.0,,,,,Granada,ES-AN
2023-06-16,5515X,GRANADA-CARTUJA,GRANADA,775,"25,9","0,0","18,0",04:58,"33,8",14:08,24.0,"0,8","6,4",16:20,37.0,62.0,05:30,26.0,13:30,Granada,ES-AN
2023-06-17,5515X,GRANADA-CARTUJA,GRANADA,775,"26,8","1,2","18,7",05:16,"35,0",14:47,25.0,"0,8","5,0",15:10,35.0,60.0,06:00,22.0,15:30,Granada,ES-AN
2023-06-18,5515X,GRANADA-CARTUJA,GRANADA,775,"21,2","0,4","17,5",23:03,"25,0",08:41,24.0,"1,1","9,2",12:50,63.0,74.0,Varias,38.0,08:40,Granada,ES-AN
2023-06-19,5515X,GRANADA-CARTUJA,GRANADA,775,"23,2","1,6","16,1",04:59,"30,2",13:51,3.0,"1,1","6,7",06:30,51.0,85.0,23:59,35.0,14:20,Granada,ES-AN
2023-06-20,5515X,GRANADA-CARTUJA,GRANADA,775,"22,8","0,6","16,6",05:03,"29,1",14:17,28.0,"1,1","5,0",17:20,58.0,92.0,05:10,36.0,18:00,Granada,ES-AN
2023-06-21,5515X,GRANADA-CARTUJA,GRANADA,775,"20,5","3,6","16,9",10:03,"24,1",17:05,4.0,"0,8","4,4",03:10,73.0,91.0,08:40,50.0,16:50,Granada,ES-AN
2023-06-22,5515X,GRANADA-CARTUJA,GRANADA,775,"22,8","0,0","14,9",04:53,"30,7",13:26,26.0,"0,6","4,2",13:50,44.0,84.0,04:10,23.0,14:10,Granada,ES-AN
2023-06-23,5515X,GRANADA-CARTUJA,GRANADA,775,"25,6","0,0","17,9",04:54,"33,4",14:49,27.0,"0,8","4,4",16:40,44.0,71.0,04:10,33.0,16:40,Granada,ES-AN
2023-06-24,5515X,GRANADA-CARTUJA,GRANADA,775,"27,3","0,0","19,1",04:55,"35,5",14:56,23.0,"0,8","4,7",16:10,46.0,76.0,05:50,25.0,14:40,Granada,ES-AN
2023-06-25,5515X,GRANADA-CARTUJA,GRANADA,775,"28,6","0,0","19,9",05:48,"37,2",13:59,24.0,"0,8","6,1",14:30,39.0,68.0,06:10,24.0,13:30,Granada,ES-AN
2023-06-26,5515X,GRANADA-CARTUJA,GRANADA,775,"29,8","0,0","21,9",05:18,"37,7",14:22,26.0,"1,4","7,2",13:20,29.0,54.0,06:10,17.0,14:10,Granada,ES-AN
2023-06-27,5515X,GRANADA-CARTUJA,GRANADA,775,"29,4","0,0","21,2",05:40,"37,7",13:10,22.0,"1,1","7,8",13:20,30.0,57.0,06:30,18.0,11:40,Granada,ES-AN
2023-06-28,5515X,GRANADA-CARTUJA,GRANADA,775,"29,2","0,0","20,5",05:09,"37,9",11:58,23.0,"1,4","6,7",13:30,26.0,47.0,06:10,17.0,11:30,Granada,ES-AN
2023-06-29,5515X,GRANADA-CARTUJA,GRANADA,775,"28,5","0,0","21,1",04:40,"35,9",14:23,32.0,"0,8","8,6",15:50,32.0,52.0,07:00,16.0,16:00,Granada,ES-AN
2023-06-30,5515X,GRANADA-CARTUJA,GRANADA,775,"28,0","0,0","20,9",05:36,"35,0",Varias,23.0,"1,7","7,5",12:10,32.0,57.0,06:30,18.0,13:50,Granada,ES-AN
2023-01-01,5402,CÓRDOBA AEROPUERTO,CORDOBA,90,"10,4","3,5","5,2",07:01,"15,7",15:23,9.0,"1,7","6,1",12:22,76.0,96.0,Varias,50.0,13:10,Córdoba,ES-AN
2023-01-02,5402,CÓRDOBA AEROPUERTO,CORDOBA,90,"10,6","0,2","8,4",00:54,"12,9",15:30,99.0,"2,5","5,8",Varias,93.0,99.0,Varias,85.0,12:38,Córdoba,ES-AN
2023-01-03,5402,CÓRDOBA AEROPUERTO,CORDOBA,90,"12,5","0,1","7,6",07:34,"17,4",15:30,8.0,"1,7","6,1",12:09,88.0,100.0,Varias,70.0,15:04,Córdoba,ES-AN
2023-01-04,5402,CÓRDOBA AEROPUERTO,CORDOBA,90,"11,8","0,0","5,5",06:43,"18,1",15:32,9.0,"1,7","5,8",Varias,83.0,99.0,Varias,59.0,14:01,Córdoba,ES-AN
2023-01-05,5402,CÓRDOBA AEROPUERTO,CORDOBA,90,"11,4","0,0","3,4",06:53,"19,5",15:45,99.0,"1,7","5,8",Varias,79.0,100.0,Varias,52.0,16:18,Córdoba,ES-AN
2023-01-06,5402,CÓRDOBA AEROPUERTO,CORDOBA,90,"10,3","0,1","2,8",07:23,"17,8",15:28,7.0,"0,3","5,0",09:40,86.0,100.0,Varias,58.0,15:11,Córdoba,ES-AN
2023-01-07,5402,CÓRDOBA AEROPUERTO,CORDOBA,90,"9,6","7,4","3,8",03:31,"15,5",14:32,99.0,"0,8","4,2",Varias,91.0,100.0,Varias,72.0,14:37,Córdoba,ES-AN
2023-01-08,5402,CÓRDOBA AEROPUERTO,CORDOBA,90,"15,1","4,4","12,1",00:00,"18,1",13:19,24.0,"5,3","15,0",10:34,93.0,99.0,Varias,84.0,13:20,Córdoba,ES-AN
2023-01-09,5402,CÓRDOBA AEROPUERTO,CORDOBA,90,"15,0","0,1","10,7",23:34,"19,4",15:26,99.0,"3,3","9,2",Varias,90.0,98.0,Varias,77.0,15:18,Córdoba,ES-AN
2023-01-10,5402,CÓRDOBA AEROPUERTO,CORDOBA,90,"11,9",0,"7,9",23:31,"15,9",13:57,9.0,"0,6","4,7",15:28,91.0,99.0,Varias,75.0,15:11,Córdoba,ES-AN
2023-01-11,5402,CÓRDOBA AEROPUERTO,CORDOBA,90,"10,2","0,0","5,8",03:43,"14,7",15:10,4.0,"1,1","5,0",10:21,87.0,100.0,Varias,73.0,13:49,Córdoba,ES-AN
2023-01-12,5402,CÓRDOBA AEROPUERTO,CORDOBA,90,"12,0","0,0","6,1",03:29,"17,8",14:50,9.0,"2,2","6,7",10:11,79.0,100.0,Varias,54.0,15:25,Córdoba,ES-AN
2023-01-13,5402,CÓRDOBA AEROPUERTO,CORDOBA,90,"10,6","0,0","3,4",06:23,"17,7",16:11,9.0,"1,1","6,1",11:08,80.0,99.0,Varias,50.0,16:08,Córdoba,ES-AN
2023-01-14,5402,CÓRDOBA AEROPUERTO,CORDOBA,90,"9,7","0,0","1,9",07:55,"17,5",15:02,8.0,"1,4","5,8",11:14,78.0,99.0,Varias,50.0,14:35,Córdoba,ES-AN
2023-01-15,5402,CÓRDOBA AEROPUERTO,CORDOBA,90,"9,1","0,2","1,8",07:21,"16,4",15:48,99.0,"1,1","5,8",Varias,83.0,99.0,Varias,66.0,13:12,Córdoba,ES-AN
2023-01-16,5402,CÓRDOBA AEROPUERTO,CORDOBA,90,"7,4",0,"2,4",07:24,"12,4",16:30,99.0,"3,1","11,7",Varias,88.0,98.0,Varias,79.0,11:15,Córdoba,ES-AN
2023-01-17,5402,CÓRDOBA AEROPUERTO,CORDOBA,90,"12,6","1,5","8,0",23:10,"17,3",13:10,25.0,"7,2","17,5",07:40,69.0,96.0,03:00,44.0,16:00,Córdoba,ES-AN
2023-01-18,5402,CÓRDOBA AEROPUERTO,CORDOBA,90,"8,8","0,0","4,2",21:28,"13,3",14:34,99.0,"4,2","11,7",Varias,61.0,90.0,Varias,38.0,15:27,Córdoba,ES-AN
2023-01-19,5402,CÓRDOBA AEROPUERTO,CORDOBA,90,"6,2","0,0","-0,5",05:59,"13,0",14:20,24.0,"2,5","10,3",15:11,73.0,97.0,Varias,51.0,14:24,Córdoba,ES-AN
2023-01-20,5402,CÓRDOBA AEROPUERTO,CORDOBA,90,"10,8","1,8","8,4",06:36,"13,3",13:57,26.0,"1,4","8,9",03:28,93.0,100.0,Varias,75.0,00:00,Córdoba,ES-AN
2023-01-21,5402,CÓRDOBA AEROPUERTO,CORDOBA,90,"12,8","0,0","9,4",20:17,"16,3",15:42,99.0,"0,8","6,7",Varias,90.0,100.0,Varias,68.0,15:44,Córdoba,ES-AN
2023-01-22,5402,CÓRDOBA AEROPUERTO,CORDOBA,90,"5,8","0,0","-0,7",23:30,"12,2",15:30,99.0,"3,1","8,3",Varias,57.0,96.0,23:59,31.0,12:37,Córdoba,ES-AN
2023-01-23,5402,CÓRDOBA AEROPUERTO,CORDOBA,90,"4,8","0,0","-3,0",06:52,"12,6",14:32,99.0,"2,2","7,8",Varias,63.0,98.0,Varias,35.0,14:26,Córdoba,ES-AN
2023-01-24,5402,CÓRDOBA AEROPUERTO,CORDOBA,90,"5,6","0,0","-1,6",06:21,"12,8",14:55,99.0,"2,8","9,2",11:10,67.0,99.0,Varias,36.0,14:36,Córdoba,ES-AN
2023-01-25,5402,CÓRDOBA AEROPUERTO,CORDOBA,90,"6,0","0,0","-2,3",06:39,"14,3",16:34,12.0,"1,1","7,8",Varias,68.0,98.0,Varias,38.0,16:28,Córdoba,ES-AN
2023-01-26,5402,CÓRDOBA AEROPUERTO,CORDOBA,90,"3,6","0,0","-3,9",07:42,"11,0",14:45,34.0,"0,8","6,1",22:20,74.0,99.0,Varias,48.0,14:43,Córdoba,ES-AN
2023-01-27,5402,CÓRDOBA AEROPUERTO,CORDOBA,90,"5,8","0,0","-3,4",07:25,"14,9",16:42,23.0,"0,6","5,8",15:16,64.0,100.0,07:00,36.0,16:28,Córdoba,ES-AN
2023-01-28,5402,CÓRDOBA AEROPUERTO,CORDOBA,90,"5,6","0,0","-1,9",07:35,"13,0",15:02,7.0,"1,7","8,3",11:54,62.0,95.0,Varias,32.0,14:51,Córdoba,ES-AN
2023-01-29,5402,CÓRDOBA AEROPUERTO,CORDOBA,90,"5,4","0,0","-2,9",05:04,"13,8",15:11,5.0,"3,6","9,2",11:51,63.0,98.0,Varias,30.0,14:58,Córdoba,ES-AN
2023-01-30,5402,CÓRDOBA AEROPUERTO,CORDOBA,90,"6,7","0,0","-1,6",04:37,"15,0",14:46,7.0,"2,5","8,9",13:38,61.0,95.0,Varias,30.0,16:43,Córdoba,ES-AN
2023-01-31,5402,CÓRDOBA AEROPUERTO,CORDOBA,90,"7,8","0,0","-2,1",06:45,"17,6",15:47,7.0,"1,4","7,8",11:54,60.0,97.0,Varias,27.0,15:22,Córdoba,ES-AN
2023-02-01,5402,CÓRDOBA AEROPUERTO,CORDOBA,90,"8,2","0,0","-2,2",07:23,"18,5",15:55,99.0,"1,7","6,1",Varias,61.0,98.0,Varias,25.0,16:02,Córdoba,ES-AN
2023-02-02,5402,CÓRDOBA AEROPUERTO,CORDOBA,90,"8,0","0,0","-2,3",06:44,"18,2",16:20,8.0,"0,6","6,1",10:45,65.0,98.0,Varias,31.0,15:37,Córdoba,ES-AN
2023-02-03,5402,CÓRDOBA AEROPUERTO,CORDOBA,90,"9,4","0,0","-1,3",07:11,"20,0",15:39,99.0,"0,3","4,7",Varias,58.0,98.0,07:00,20.0,15:38,Córdoba,ES-AN
2023-02-04,5402,CÓRDOBA AEROPUERTO,CORDOBA,90,"8,8","0,0","-2,2",07:24,"19,9",16:10,99.0,"1,1","4,7",Varias,57.0,98.0,Varias,25.0,14:52,Córdoba,ES-AN
2023-02-05,5402,CÓRDOBA AEROPUERTO,CORDOBA,90,"10,0","0,0","-1,1",04:41,"21,2",15:52,8.0,"2,8","9,2",10:03,54.0,97.0,Varias,23.0,15:28,Córdoba,ES-AN
2023-02-06,5402,CÓRDOBA AEROPUERTO,CORDOBA,90,"9,0","36,6","-1,7",07:35,"19,6",16:23,99.0,"0,3","5,0",Varias,60.0,97.0,Varias,30.0,16:38,Córdoba,ES-AN
2023-02-07,5402,CÓRDOBA AEROPUERTO,CORDOBA,90,"8,6","2,0","6,7",02:59,"10,4",15:30,5.0,"3,6","10,8",07:04,90.0,99.0,07:00,72.0,00:00,Córdoba,ES-AN
2023-02-08,5402,CÓRDOBA AEROPUERTO,CORDOBA,90,"10,5","0,0","5,7",07:00,"15,3",14:10,99.0,"1,9","6,7",Varias,78.0,97.0,Varias,54.0,14:20,Córdoba,ES-AN
2023-02-09,5402,CÓRDOBA AEROPUERTO,CORDOBA,90,"10,6","0,0","3,8",07:29,"17,4",15:05,22.0,"1,7","9,2",20:14,69.0,98.0,Varias,41.0,15:14,Córdoba,ES-AN
2023-02-10,5402,CÓRDOBA AEROPUERTO,CORDOBA,90,"9,8","0,0","4,3",Varias,"15,2",Varias,7.0,"6,4","14,4",15:11,57.0,89.0,00:00,36.0,16:21,Córdoba,ES-AN
2023-02-11,5402,CÓRDOBA AEROPUERTO,CORDOBA,90,"10,6","0,0","3,9",06:18,"17,4",14:51,7.0,"5,0","10,3",17:18,54.0,80.0,Varias,33.0,16:18,Córdoba,ES-AN
2023-02-12,5402,CÓRDOBA AEROPUERTO,CORDOBA,90,"10,8","0,0","4,4",Varias,"17,3",16:25,99.0,"2,8","7,2",Varias,59.0,89.0,Varias,41.0,16:33,Córdoba,ES-AN
2023-02-13,5402,CÓRDOBA AEROPUERTO,CORDOBA,90,"10,6","0,0","2,6",04:08,"18,7",14:53,7.0,"3,1","8,9",12:59,63.0,97.0,Varias,36.0,16:31,Córdoba,ES-AN
2023-02-14,5402,CÓRDOBA AEROPUERTO,CORDOBA,90,"12,6","0,0","7,0",05:19,"18,2",14:54,7.0,"3,3","7,8",11:15,60.0,89.0,Varias,41.0,15:02,Córdoba,ES-AN
2023-02-15,5402,CÓRDOBA AEROPUERTO,CORDOBA,90,"12,8","0,0","6,0",07:28,"19,6",15:31,99.0,"2,5","8,9",Varias,62.0,95.0,Varias,37.0,15:38,Córdoba,ES-AN
2023-02-16,5402,CÓRDOBA AEROPUERTO,CORDOBA,90,"12,0","0,0","3,9",04:13,"20,2",15:19,99.0,"2,2","8,9",Varias,61.0,97.0,Varias,33.0,15:30,Córdoba,ES-AN
2023-02-17,5402,CÓRDOBA AEROPUERTO,CORDOBA,90,"13,4","0,0","8,1",06:06,"18,8",13:40,8.0,"4,7","11,7",11:12,56.0,78.0,Varias,36.0,13:32,Córdoba,ES-AN
2023-02-18,5402,CÓRDOBA AEROPUERTO,CORDOBA,90,"14,3","0,0","7,9",23:49,"20,7",12:56,99.0,"2,8","8,3",Varias,51.0,92.0,Varias,36.0,12:58,Córdoba,ES-AN
2023-02-19,5402,CÓRDOBA AEROPUERTO,CORDOBA,90,"14,6","0,0","7,6",00:18,"21,6",15:19,7.0,"2,2","8,9",Varias,61.0,92.0,00:00,33.0,15:21,Córdoba,ES-AN
2023-02-20,5402,CÓRDOBA AEROPUERTO,CORDOBA,90,"16,2","0,0","8,8",07:10,"23,5",15:41,7.0,"1,1","5,0",04:03,54.0,90.0,00:59,29.0,14:03,Córdoba,ES-AN
2023-02-21,5402,CÓRDOBA AEROPUERTO,CORDOBA,90,"14,4","0,0","6,9",05:40,"21,8",14:23,99.0,"2,2","7,8",Varias,65.0,95.0,Varias,38.0,13:53,Córdoba,ES-AN
2023-02-22,5402,CÓRDOBA AEROPUERTO,CORDOBA,90,"13,4","0,0","5,1",07:03,"21,6",14:59,21.0,"1,4","6,7",16:16,68.0,98.0,Varias,38.0,15:35,Córdoba,ES-AN
2023-02-23,5402,CÓRDOBA AEROPUERTO,CORDOBA,90,"9,8","0,0","2,4",23:46,"17,3",14:50,26.0,"3,1","9,7",14:03,61.0,97.0,Varias,24.0,16:08,Córdoba,ES-AN
2023-02-24,5402,CÓRDOBA AEROPUERTO,CORDOBA,90,"7,2",0,"-1,5",07:06,"16,0",15:10,99.0,"1,7","8,3",Varias,59.0,96.0,Varias,26.0,16:38,Córdoba,ES-AN
2023-02-25,5402,CÓRDOBA AEROPUERTO,CORDOBA,90,"9,4","0,9","3,9",02:22,"14,9",16:00,22.0,"1,9","8,9",12:14,69.0,95.0,Varias,36.0,16:19,Córdoba,ES-AN
2023-02-26,5402,CÓRDOBA AEROPUERTO,CORDOBA,90,"9,7",0,"3,2",23:56,"16,2",16:14,29.0,"1,7","7,8",17:10,70.0,97.0,Varias,43.0,16:59,Córdoba,ES-AN
2023-02-27,5402,CÓRDOBA AEROPUERTO,CORDOBA,90,"8,2","0,0","1,2",04:17,"15,2",15:41,9.0,"2,5","9,7",11:13,55.0,96.0,Varias,28.0,17:23,Córdoba,ES-AN
2023-02-28,5402,CÓRDOBA AEROPUERTO,CORDOBA,90,"6,2","0,0","-2,5",06:21,"14,9",15:25,99.0,"1,9","7,2",Varias,51.0,94.0,Varias,26.0,15:00,Córdoba,ES-AN
2023-03-01,5402,CÓRDOBA AEROPUERTO,CORDOBA,90,"6,2","0,0","-2,7",Varias,"15,0",16:30,99.0,"3,1","8,9",Varias,56.0,94.0,Varias,29.0,14:10,Córdoba,ES-AN
2023-03-02,5402,CÓRDOBA AEROPUERTO,CORDOBA,90,"6,8","0,0","-3,2",06:09,"16,9",15:19,99.0,"1,1","5,0",Varias,51.0,93.0,Varias,23.0,16:28,Córdoba,ES-AN
2023-03-03,5402,CÓRDOBA AEROPUERTO,CORDOBA,90,"8,2","0,0","-2,8",06:30,"19,2",15:45,99.0,"1,1","7,2",Varias,52.0,93.0,Varias,24.0,16:05,Córdoba,ES-AN
2023-03-04,5402,CÓRDOBA AEROPUERTO,CORDOBA,90,"9,8","0,0","-0,2",05:50,"19,7",13:57,99.0,"1,4","6,1",Varias,54.0,93.0,Varias,22.0,16:23,Córdoba,ES-AN
2023-03-05,5402,CÓRDOBA AEROPUERTO,CORDOBA,90,"10,0","10,0","5,1",06:08,"15,0",14:02,7.0,"1,9","5,0",08:01,70.0,99.0,Varias,40.0,13:45,Córdoba,ES-AN
2023-03-06,5402,CÓRDOBA AEROPUERTO,CORDOBA,90,"12,6","2,7","8,3",00:00,"16,8",13:51,4.0,"0,6","4,7",11:55,88.0,99.0,Varias,68.0,13:55,Córdoba,ES-AN
2023-03-07,5402,CÓRDOBA AEROPUERTO,CORDOBA,90,"16,0","3,3","12,2",06:30,"19,8",15:26,22.0,"3,9","9,7",14:12,78.0,99.0,Varias,59.0,15:44,Córdoba,ES-AN
2023-03-08,5402,CÓRDOBA AEROPUERTO,CORDOBA,90,"17,7","0,6","14,1",20:51,"21,3",15:23,23.0,"4,2","10,8",16:15,86.0,99.0,Varias,64.0,16:30,Córdoba,ES-AN
2023-03-09,5402,CÓRDOBA AEROPUERTO,CORDOBA,90,"16,9","14,3","14,1",06:30,"19,7",15:13,99.0,"3,9","13,3",Varias,93.0,98.0,Varias,85.0,15:18,Córdoba,ES-AN
2023-03-10,5402,CÓRDOBA AEROPUERTO,CORDOBA,90,"17,1","0,0","11,8",23:53,"22,4",15:57,99.0,"2,2","5,8",Varias,76.0,99.0,Varias,54.0,16:43,Córdoba,ES-AN
2023-03-11,5402,CÓRDOBA AEROPUERTO,CORDOBA,90,"15,8","0,0","8,1",06:55,"23,5",16:15,29.0,"1,1","5,0",Varias,76.0,99.0,Varias,48.0,16:27,Córdoba,ES-AN
2023-03-12,5402,CÓRDOBA AEROPUERTO,CORDOBA,90,"16,8","0,0","7,4",06:30,"26,1",16:49,8.0,"1,7","7,8",10:51,69.0,99.0,Varias,41.0,16:43,Córdoba,ES-AN
2023-03-13,5402,CÓRDOBA AEROPUERTO,CORDOBA,90,"16,4","0,0","8,2",06:35,"24,6",15:25,26.0,"2,5","9,7",16:09,68.0,99.0,Varias,44.0,15:38,Córdoba,ES-AN
2023-03-14,5402,CÓRDOBA AEROPUERTO,CORDOBA,90,"13,8","0,0","5,3",05:51,"22,3",16:40,99.0,"0,6","4,7",Varias,62.0,96.0,Varias,36.0,18:52,Córdoba,ES-AN
2023-03-15,5402,CÓRDOBA AEROPUERTO,CORDOBA,90,"15,9","0,0","5,4",06:05,"26,4",15:43,5.0,"2,2","7,8",10:33,53.0,96.0,Varias,25.0,14:28,Córdoba,ES-AN
2023-03-16,5402,CÓRDOBA AEROPUERTO,CORDOBA,90,"16,0","0,2","5,3",06:22,"26,8",15:43,24.0,"2,2","8,9",21:12,56.0,95.0,Varias,26.0,15:49,Córdoba,ES-AN
2023-03-17,5402,CÓRDOBA AEROPUERTO,CORDOBA,90,"17,1","0,7","12,2",00:00,"22,0",14:47,23.0,"2,8","8,3",16:33,67.0,97.0,Varias,38.0,14:56,Córdoba,ES-AN
2023-03-18,5402,CÓRDOBA AEROPUERTO,CORDOBA,90,"14,6",0,"8,7",23:57,"20,6",15:36,36.0,"2,5","9,2",15:41,61.0,95.0,Varias,36.0,15:38,Córdoba,ES-AN
2023-03-19,5402,CÓRDOBA AEROPUERTO,CORDOBA,90,"13,9","0,0","4,7",06:08,"23,1",14:59,99.0,"2,2","7,8",Varias,59.0,96.0,Varias,30.0,15:42,Córdoba,ES-AN
2023-03-20,5402,CÓRDOBA AEROPUERTO,CORDOBA,90,"14,4","0,0","4,1",04:51,"24,7",16:44,6.0,"1,1","5,8",10:04,54.0,95.0,Varias,23.0,14:43,Córdoba,ES-AN
2023-03-21,5402,CÓRDOBA AEROPUERTO,CORDOBA,90,"15,5","0,0","5,2",05:38,"25,8",15:29,99.0,"1,1","4,7",Varias,55.0,95.0,Varias,23.0,15:18,Córdoba,ES-AN
2023-03-22,5402,CÓRDOBA AEROPUERTO,CORDOBA,90,"16,4","0,0","5,6",06:30,"27,2",16:08,99.0,"1,1","5,0",09:27,55.0,96.0,Varias,25.0,15:57,Córdoba,ES-AN
2023-03-23,5402,CÓRDOBA AEROPUERTO,CORDOBA,90,"16,4","0,0","5,8",06:03,"26,9",14:39,99.0,"1,7","8,9",Varias,54.0,95.0,Varias,27.0,14:22,Córdoba,ES-AN
2023-03-24,5402,CÓRDOBA AEROPUERTO,CORDOBA,90,"15,1","0,0","5,6",06:27,"24,6",15:00,21.0,"2,5","7,8",13:56,62.0,95.0,Varias,34.0,15:02,Córdoba,ES-AN
2023-03-25,5402,CÓRDOBA AEROPUERTO,CORDOBA,90,"17,8","0,0","7,4",06:19,"28,1",15:37,22.0,"1,9","6,1",16:42,63.0,96.0,Varias,31.0,16:21,Córdoba,ES-AN
2023-03-26,5402,CÓRDOBA AEROPUERTO,CORDOBA,90,"17,4","0,0","6,8",06:12,"27,9",15:06,20.0,"1,9","7,8",14:32,55.0,96.0,Varias,26.0,16:02,Córdoba,ES-AN
2023-03-27,5402,CÓRDOBA AEROPUERTO,CORDOBA,90,"17,0","0,0","6,5",04:21,"27,6",15:23,6.0,"2,5","8,3",10:30,45.0,93.0,Varias,17.0,15:14,Córdoba,ES-AN
2023-03-28,5402,CÓRDOBA AEROPUERTO,CORDOBA,90,"16,8","0,0","5,1",05:54,"28,5",16:01,5.0,"0,3","7,8",10:02,45.0,94.0,Varias,20.0,18:02,Córdoba,ES-AN
2023-03-29,5402,CÓRDOBA AEROPUERTO,CORDOBA,90,"18,2","0,0","6,4",06:32,"30,0",15:03,,"2,2",,,45.0,88.0,06:12,16.0,16:44,Córdoba,ES-AN
2023-03-30,5402,CÓRDOBA AEROPUERTO,CORDOBA,90,"18,6","0,0","8,3",06:52,"28,9",15:54,25.0,"2,2","8,3",14:25,50.0,91.0,06:53,21.0,16:23,Córdoba,ES-AN
2023-03-31,5402,CÓRDOBA AEROPUERTO,CORDOBA,90,"17,0","0,0","7,4",06:26,"26,5",14:45,99.0,"2,2","10,3",Varias,61.0,96.0,Varias,34.0,12:17,Córdoba,ES-AN
2023-04-01,5402,CÓRDOBA AEROPUERTO,CORDOBA,90,"17,4","0,0","8,3",06:27,"26,4",14:58,99.0,"2,5","10,8",Varias,56.0,95.0,07:00,31.0,14:34,Córdoba,ES-AN
2023-04-02,5402,CÓRDOBA AEROPUERTO,CORDOBA,90,"16,6","0,0","8,0",23:25,"25,1",15:37,5.0,"1,4","10,3",09:08,47.0,95.0,Varias,18.0,16:07,Córdoba,ES-AN
2023-04-03,5402,CÓRDOBA AEROPUERTO,CORDOBA,90,"16,0","0,0","6,2",06:27,"25,7",Varias,7.0,"1,9","9,2",Varias,36.0,71.0,Varias,15.0,15:19,Córdoba,ES-AN
2023-04-04,5402,CÓRDOBA AEROPUERTO,CORDOBA,90,"17,2","0,0","7,9",06:05,"26,5",17:05,16.0,"1,4","5,0",21:44,45.0,85.0,Varias,15.0,14:10,Córdoba,ES-AN
2023-04-05,5402,CÓRDOBA AEROPUERTO,CORDOBA,90,"16,3","0,0","4,7",05:40,"27,9",15:57,99.0,"2,5","9,7",Varias,40.0,93.0,Varias,13.0,17:37,Córdoba,ES-AN
2023-04-06,5402,CÓRDOBA AEROPUERTO,CORDOBA,90,"16,0","0,0","4,3",05:31,"27,7",15:19,99.0,"1,1","6,7",Varias,38.0,86.0,Varias,10.0,15:37,Córdoba,ES-AN
2023-04-07,5402,CÓRDOBA AEROPUERTO,CORDOBA,90,"16,2","0,0","4,1",05:19,"28,3",15:46,99.0,"1,9","5,8",Varias,37.0,87.0,Varias,13.0,15:41,Córdoba,ES-AN
2023-04-08,5402,CÓRDOBA AEROPUERTO,CORDOBA,90,"18,0","0,0","4,4",05:32,"31,7",15:20,99.0,"1,4","6,1",Varias,33.0,83.0,Varias,11.0,15:11,Córdoba,ES-AN
2023-04-09,5402,CÓRDOBA AEROPUERTO,CORDOBA,90,"18,6","0,0","5,8",06:11,"31,3",14:58,99.0,"2,2","7,2",Varias,42.0,88.0,Varias,15.0,15:15,Córdoba,ES-AN
2023-04-10,5402,CÓRDOBA AEROPUERTO,CORDOBA,90,"21,0","0,0","9,9",06:19,"32,0",15:36,99.0,"2,2","8,3",Varias,42.0,89.0,Varias,11.0,17:16,Córdoba,ES-AN
2023-04-11,5402,CÓRDOBA AEROPUERTO,CORDOBA,90,"18,6","0,0","6,5",06:00,"30,8",15:01,99.0,"2,8","9,2",Varias,37.0,82.0,Varias,11.0,14:46,Córdoba,ES-AN
2023-04-12,5402,CÓRDOBA AEROPUERTO,CORDOBA,90,"18,0","0,0","9,2",05:30,"26,9",14:29,99.0,"3,3","10,3",Varias,51.0,95.0,Varias,28.0,12:51,Córdoba,ES-AN
2023-04-13,5402,CÓRDOBA AEROPUERTO,CORDOBA,90,"16,2","0,0","7,3",05:44,"25,2",15:02,32.0,"2,8","12,8",14:16,42.0,90.0,Varias,13.0,14:31,Córdoba,ES-AN
2023-04-14,5402,CÓRDOBA AEROPUERTO,CORDOBA,90,"16,6","0,0","5,3",05:05,"27,9",14:33,23.0,"2,8","11,7",13:56,42.0,83.0,Varias,21.0,15:10,Córdoba,ES-AN
2023-04-15,5402,CÓRDOBA AEROPUERTO,CORDOBA,90,"19,6","0,0","8,7",06:03,"30,6",17:25,34.0,"1,9","8,3",20:14,45.0,90.0,Varias,17.0,17:35,Córdoba,ES-AN
2023-04-16,5402,CÓRDOBA AEROPUERTO,CORDOBA,90,"20,3","0,0","10,8",23:43,"29,8",15:53,8.0,"3,6","11,4",10:22,27.0,66.0,23:51,13.0,Varias,Córdoba,ES-AN
2023-04-17,5402,CÓRDOBA AEROPUERTO,CORDOBA,90,"18,6","0,0","5,8",05:17,"31,4",15:58,7.0,"2,8","10,8",14:28,30.0,82.0,Varias,11.0,Varias,Córdoba,ES-AN
2023-04-18,5402,CÓRDOBA AEROPUERTO,CORDOBA,90,"19,0","0,0","7,3",05:42,"30,6",15:10,99.0,"2,5","8,3",Varias,36.0,83.0,Varias,14.0,15:49,Córdoba,ES-AN
2023-04-19,5402,CÓRDOBA AEROPUERTO,CORDOBA,90,"19,5","0,0","8,7",05:46,"30,3",15:54,20.0,"2,2","9,2",16:51,41.0,81.0,Varias,17.0,15:43,Córdoba,ES-AN
2023-04-20,5402,CÓRDOBA AEROPUERTO,CORDOBA,90,"20,0","0,0","9,9",05:19,"30,0",15:21,27.0,"3,3","9,2",13:09,37.0,83.0,Varias,17.0,15:54,Córdoba,ES-AN
2023-04-21,5402,CÓRDOBA AEROPUERTO,CORDOBA,90,"18,5","0,4","10,9",05:00,"26,1",15:05,25.0,"5,0","12,2",Varias,55.0,92.0,05:53,31.0,06:35,Córdoba,ES-AN
2023-04-22,5402,CÓRDOBA AEROPUERTO,CORDOBA,90,"19,2","1,8","12,3",23:56,"26,1",14:59,99.0,"2,5","8,9",Varias,53.0,96.0,Varias,23.0,16:37,Córdoba,ES-AN
2023-04-23,5402,CÓRDOBA AEROPUERTO,CORDOBA,90,"18,4","0,0","6,8",05:18,"30,0",Varias,16.0,"1,4","9,7",23:20,43.0,91.0,Varias,20.0,16:38,Córdoba,ES-AN
2023-04-24,5402,CÓRDOBA AEROPUERTO,CORDOBA,90,"21,0","0,0","9,5",04:59,"32,6",15:29,99.0,"1,1","8,3",Varias,36.0,80.0,Varias,17.0,15:32,Córdoba,ES-AN
2023-04-25,5402,CÓRDOBA AEROPUERTO,CORDOBA,90,"22,9","0,0","10,7",05:09,"35,1",15:24,99.0,"2,2","8,3",Varias,34.0,81.0,Varias,13.0,17:44,Córdoba,ES-AN
2023-04-26,5402,CÓRDOBA AEROPUERTO,CORDOBA,90,"23,4","0,0","10,2",05:04,"36,7",14:48,5.0,"1,7","7,2",09:57,29.0,79.0,Varias,9.0,14:18,Córdoba,ES-AN
2023-04-27,5402,CÓRDOBA AEROPUERTO,CORDOBA,90,"25,6","0,0","12,5",04:53,"38,8",15:07,99.0,"2,2","7,8",Varias,27.0,73.0,Varias,12.0,Varias,Córdoba,ES-AN
2023-04-28,5402,CÓRDOBA AEROPUERTO,CORDOBA,90,"26,6","0,0","16,7",03:13,"36,6",13:52,26.0,"2,8","10,8",14:58,30.0,68.0,Varias,13.0,13:17,Córdoba,ES-AN
2023-04-29,5402,CÓRDOBA AEROPUERTO,CORDOBA,90,"25,0","0,0","17,6",05:40,"32,3",14:48,25.0,"3,9","12,5",10:33,46.0,91.0,Varias,23.0,Varias,Córdoba,ES-AN
2023-04-30,5402,CÓRDOBA AEROPUERTO,CORDOBA,90,"23,1","0,0","13,8",04:55,"32,4",15:39,20.0,"2,2","7,8",15:41,43.0,84.0,Varias,21.0,14:47,Córdoba,ES-AN
2023-05-01,5402,CÓRDOBA AEROPUERTO,CORDOBA,90,"23,0","0,0","12,5",05:33,"33,6",15:16,25.0,"1,9","5,8",14:08,39.0,91.0,Varias,15.0,17:01,Córdoba,ES-AN
2023-05-02,5402,CÓRDOBA AEROPUERTO,CORDOBA,90,"23,6","0,0","13,1",04:59,"34,1",14:42,21.0,"1,9","8,9",18:40,33.0,78.0,Varias,17.0,Varias,Córdoba,ES-AN
2023-05-03,5402,CÓRDOBA AEROPUERTO,CORDOBA,90,"23,0","0,0","11,7",05:08,"34,2",15:42,99.0,"5,3","13,3",Varias,31.0,74.0,23:56,10.0,13:07,Córdoba,ES-AN
2023-05-04,5402,CÓRDOBA AEROPUERTO,CORDOBA,90,"23,1","0,0","15,3",02:35,"30,9",15:37,22.0,"1,9","9,2",14:53,46.0,87.0,Varias,23.0,14:53,Córdoba,ES-AN
2023-05-05,5402,CÓRDOBA AEROPUERTO,CORDOBA,90,"22,2","0,0","11,0",05:24,"33,4",15:56,5.0,"1,7","6,1",10:42,35.0,89.0,Varias,13.0,16:53,Córdoba,ES-AN
2023-05-06,5402,CÓRDOBA AEROPUERTO,CORDOBA,90,"21,8","0,0","11,8",05:33,"31,9",14:42,23.0,"3,6","11,7",18:21,31.0,77.0,Varias,15.0,12:13,Córdoba,ES-AN
2023-05-07,5402,CÓRDOBA AEROPUERTO,CORDOBA,90,"23,4","0,0","14,1",05:28,"32,8",15:34,26.0,"2,5","8,9",13:23,40.0,91.0,Varias,21.0,Varias,Córdoba,ES-AN
2023-05-08,5402,CÓRDOBA AEROPUERTO,CORDOBA,90,"23,8","0,0","12,6",05:28,"35,0",15:25,22.0,"2,2","9,7",15:10,32.0,83.0,Varias,16.0,16:30,Córdoba,ES-AN
2023-05-09,5402,CÓRDOBA AEROPUERTO,CORDOBA,90,"25,2","0,0","14,4",05:27,"36,1",14:25,99.0,"3,3","10,8",Varias,31.0,71.0,Varias,15.0,13:59,Córdoba,ES-AN
2023-05-10,5402,CÓRDOBA AEROPUERTO,CORDOBA,90,"24,6","0,0","15,3",05:45,"34,0",14:06,25.0,"3,6","10,8",14:32,24.0,63.0,Varias,10.0,17:35,Córdoba,ES-AN
2023-05-11,5402,CÓRDOBA AEROPUERTO,CORDOBA,90,"22,4","0,0","11,9",05:27,"32,8",15:49,23.0,"2,8","11,4",15:03,28.0,80.0,Varias,12.0,16:30,Córdoba,ES-AN
2023-05-12,5402,CÓRDOBA AEROPUERTO,CORDOBA,90,"21,2","0,0","11,4",05:29,"30,9",16:04,4.0,,"16,4",21:03,,71.0,Varias,11.0,16:06,Córdoba,ES-AN
2023-05-13,5402,CÓRDOBA AEROPUERTO,CORDOBA,90,"20,9","0,0","13,7",Varias,"28,1",14:36,99.0,"4,4","9,7",Varias,22.0,51.0,Varias,13.0,Varias,Córdoba,ES-AN
2023-05-14,5402,CÓRDOBA AEROPUERTO,CORDOBA,90,"20,4","0,0","11,0",05:30,"29,9",15:33,35.0,,"9,7",15:59,33.0,67.0,06:41,14.0,14:35,Córdoba,ES-AN
2023-05-15,5402,CÓRDOBA AEROPUERTO,CORDOBA,90,"20,4","0,0","9,6",05:24,"31,1",14:36,22.0,"1,9","9,2",14:20,27.0,70.0,Varias,15.0,Varias,Córdoba,ES-AN
2023-05-16,5402,CÓRDOBA AEROPUERTO,CORDOBA,90,"21,8","0,0","13,6",04:55,"30,0",15:45,8.0,"4,4","13,3",07:58,21.0,58.0,Varias,11.0,16:30,Córdoba,ES-AN
2023-05-17,5402,CÓRDOBA AEROPUERTO,CORDOBA,90,"21,8","0,0","14,1",05:15,"29,6",15:26,25.0,"4,7","16,4",17:13,36.0,57.0,Varias,18.0,15:28,Córdoba,ES-AN
2023-05-18,5402,CÓRDOBA AEROPUERTO,CORDOBA,90,"20,3","4,9","12,8",23:18,"27,8",13:22,34.0,"2,8","13,9",14:13,54.0,93.0,Varias,24.0,14:00,Córdoba,ES-AN
2023-05-19,5402,CÓRDOBA AEROPUERTO,CORDOBA,90,"19,0","0,0","10,9",01:52,"27,0",14:28,23.0,"2,5","10,8",16:02,52.0,96.0,Varias,26.0,16:35,Córdoba,ES-AN
2023-05-20,5402,CÓRDOBA AEROPUERTO,CORDOBA,90,"20,0","15,0","13,8",22:30,"26,3",14:06,35.0,"2,2","12,5",15:35,66.0,95.0,Varias,30.0,14:32,Córdoba,ES-AN
2023-05-21,5402,CÓRDOBA AEROPUERTO,CORDOBA,90,"16,8","0,4","11,8",05:07,"21,7",14:08,17.0,"1,4","9,2",14:22,67.0,96.0,Varias,41.0,14:09,Córdoba,ES-AN
2023-05-22,5402,CÓRDOBA AEROPUERTO,CORDOBA,90,"17,2","4,9","13,7",00:00,"20,7",15:41,99.0,"1,9","5,8",Varias,73.0,95.0,Varias,50.0,15:23,Córdoba,ES-AN
2023-05-23,5402,CÓRDOBA AEROPUERTO,CORDOBA,90,"17,6","13,9","13,0",03:34,"22,1",17:08,99.0,"1,1","8,9",Varias,73.0,98.0,Varias,51.0,17:11,Córdoba,ES-AN
2023-05-24,5402,CÓRDOBA AEROPUERTO,CORDOBA,90,"21,1","0,0","15,0",Varias,"27,2",15:59,8.0,"1,1","8,3",19:39,55.0,98.0,Varias,30.0,16:30,Córdoba,ES-AN
2023-05-25,5402,CÓRDOBA AEROPUERTO,CORDOBA,90,"22,2","5,8","13,9",05:02,"30,4",15:46,22.0,"2,8","10,3",22:14,49.0,96.0,Varias,24.0,16:00,Córdoba,ES-AN
2023-05-26,5402,CÓRDOBA AEROPUERTO,CORDOBA,90,"23,0","1,4","16,4",06:07,"29,7",16:16,8.0,"3,6","10,8",14:55,52.0,95.0,Varias,26.0,14:50,Córdoba,ES-AN
2023-05-27,5402,CÓRDOBA AEROPUERTO,CORDOBA,90,"20,7","4,9","17,1",21:30,"24,3",15:42,25.0,"3,3","10,3",17:39,77.0,92.0,Varias,52.0,15:38,Córdoba,ES-AN
2023-05-28,5402,CÓRDOBA AEROPUERTO,CORDOBA,90,"21,0","0,0","16,6",23:59,"25,5",Varias,29.0,"2,5","10,8",15:57,70.0,94.0,Varias,43.0,15:07,Córdoba,ES-AN
2023-05-29,5402,CÓRDOBA AEROPUERTO,CORDOBA,90,"21,1","0,0","14,8",03:35,"27,4",15:32,99.0,"3,1","9,2",Varias,53.0,97.0,Varias,28.0,16:14,Córdoba,ES-AN
2023-05-30,5402,CÓRDOBA AEROPUERTO,CORDOBA,90,"21,4","0,0","14,8",05:39,"27,9",14:52,21.0,"3,1","10,8",13:55,49.0,94.0,Varias,29.0,13:30,Córdoba,ES-AN
2023-05-31,5402,CÓRDOBA AEROPUERTO,CORDOBA,90,"21,9","0,0","14,2",05:02,"29,6",15:53,99.0,"1,7","6,7",Varias,51.0,96.0,Varias,26.0,17:09,Córdoba,ES-AN
2023-06-01,5402,CÓRDOBA AEROPUERTO,CORDOBA,90,"22,6","4,3","14,2",04:56,"31,0",14:56,99.0,"2,5","12,5",Varias,55.0,91.0,Varias,19.0,15:32,Córdoba,ES-AN
2023-06-02,5402,CÓRDOBA AEROPUERTO,CORDOBA,90,"21,6","0,0","14,6",05:21,"28,7",14:14,16.0,"3,3","12,8",15:00,53.0,95.0,Varias,32.0,14:49,Córdoba,ES-AN
2023-06-03,5402,CÓRDOBA AEROPUERTO,CORDOBA,90,"21,4","0,0","13,7",04:51,"29,0",12:13,31.0,"3,1","10,8",Varias,53.0,96.0,Varias,29.0,16:36,Córdoba,ES-AN
2023-06-04,5402,CÓRDOBA AEROPUERTO,CORDOBA,90,"24,1","0,0","15,9",05:03,"32,3",15:08,99.0,"2,8","8,3",Varias,48.0,93.0,Varias,24.0,15:05,Córdoba,ES-AN
2023-06-05,5402,CÓRDOBA AEROPUERTO,CORDOBA,90,"25,0","0,0","16,8",04:50,"33,2",15:06,18.0,"1,4","9,7",19:36,45.0,93.0,Varias,24.0,17:25,Córdoba,ES-AN
2023-06-06,5402,CÓRDOBA AEROPUERTO,CORDOBA,90,"25,8","3,2","17,1",05:23,"34,4",15:24,99.0,"2,8","8,9",Varias,38.0,83.0,Varias,22.0,14:37,Córdoba,ES-AN
2023-06-07,5402,CÓRDOBA AEROPUERTO,CORDOBA,90,"23,9","6,0","18,4",04:54,"29,4",16:43,99.0,"3,3","8,3",Varias,61.0,95.0,Varias,35.0,16:53,Córdoba,ES-AN
2023-06-08,5402,CÓRDOBA AEROPUERTO,CORDOBA,90,"19,8","16,4","17,8",07:13,"21,9",Varias,17.0,"1,9","7,8",00:30,89.0,96.0,Varias,51.0,00:00,Córdoba,ES-AN
2023-06-09,5402,CÓRDOBA AEROPUERTO,CORDOBA,90,"21,6","0,1","17,8",05:15,"25,4",12:22,25.0,"3,1","9,2",13:24,67.0,96.0,Varias,52.0,14:18,Córdoba,ES-AN
2023-06-10,5402,CÓRDOBA AEROPUERTO,CORDOBA,90,"23,8","0,0","17,9",01:37,"29,8",14:42,99.0,"1,9","7,2",21:13,56.0,95.0,Varias,34.0,14:34,Córdoba,ES-AN
2023-06-11,5402,CÓRDOBA AEROPUERTO,CORDOBA,90,"24,3","0,0","16,8",03:35,"31,8",15:13,99.0,"3,1","8,3",Varias,52.0,92.0,Varias,30.0,15:38,Córdoba,ES-AN
2023-06-12,5402,CÓRDOBA AEROPUERTO,CORDOBA,90,"25,4","0,0","18,5",02:43,"32,2",14:39,99.0,"4,7","11,7",Varias,53.0,89.0,Varias,30.0,13:48,Córdoba,ES-AN
2023-06-13,5402,CÓRDOBA AEROPUERTO,CORDOBA,90,"24,7","0,0","19,3",23:54,"30,1",14:46,25.0,"4,4","12,5",14:45,47.0,91.0,Varias,23.0,17:34,Córdoba,ES-AN
2023-06-14,5402,CÓRDOBA AEROPUERTO,CORDOBA,90,"25,0","0,0","16,1",04:50,"33,8",16:59,23.0,"1,1","7,2",13:26,42.0,92.0,Varias,23.0,17:27,Córdoba,ES-AN
2023-06-15,5402,CÓRDOBA AEROPUERTO,CORDOBA,90,"27,0","0,0","17,3",04:45,"36,6",15:47,99.0,"1,9","7,2",Varias,34.0,88.0,Varias,17.0,14:45,Córdoba,ES-AN
2023-06-16,5402,CÓRDOBA AEROPUERTO,CORDOBA,90,"28,8","0,0","19,0",04:51,"38,5",15:04,19.0,"1,1","7,8",19:41,30.0,78.0,Varias,16.0,17:58,Córdoba,ES-AN
2023-06-17,5402,CÓRDOBA AEROPUERTO,CORDOBA,90,"29,4","0,0","19,7",05:00,"39,0",15:11,17.0,"3,1","13,3",14:51,28.0,69.0,Varias,14.0,14:53,Córdoba,ES-AN
2023-06-18,5402,CÓRDOBA AEROPUERTO,CORDOBA,90,"28,8","0,0","21,4",05:09,"36,1",14:54,99.0,"4,2","9,2",Varias,30.0,62.0,Varias,17.0,14:00,Córdoba,ES-AN
2023-06-19,5402,CÓRDOBA AEROPUERTO,CORDOBA,90,"27,4","0,0","21,6",23:59,"33,1",13:39,21.0,"4,7","12,5",13:38,40.0,70.0,Varias,24.0,13:59,Córdoba,ES-AN
2023-06-20,5402,CÓRDOBA AEROPUERTO,CORDOBA,90,"25,4","0,0","20,4",01:49,"30,5",15:51,23.0,"3,3","9,7",13:22,51.0,84.0,Varias,29.0,15:51,Córdoba,ES-AN
2023-06-21,5402,CÓRDOBA AEROPUERTO,CORDOBA,90,"25,5","0,0","18,4",05:18,"32,6",15:59,25.0,"4,2","12,5",17:44,44.0,82.0,Varias,25.0,15:48,Córdoba,ES-AN
2023-06-22,5402,CÓRDOBA AEROPUERTO,CORDOBA,90,"26,8","0,0","17,5",04:58,"36,0",17:34,99.0,"0,8","6,7",00:06,40.0,89.0,Varias,18.0,Varias,Córdoba,ES-AN
2023-06-23,5402,CÓRDOBA AEROPUERTO,CORDOBA,90,"28,4","0,0","17,8",04:34,"38,9",16:16,26.0,"1,4","8,9",19:42,30.0,69.0,Varias,18.0,16:07,Córdoba,ES-AN
2023-06-24,5402,CÓRDOBA AEROPUERTO,CORDOBA,90,"30,4","0,0","20,4",05:11,"40,4",16:56,99.0,"1,4","7,2",19:06,33.0,75.0,Varias,18.0,17:09,Córdoba,ES-AN
2023-06-25,5402,CÓRDOBA AEROPUERTO,CORDOBA,90,"31,2","0,0","20,0",04:57,"42,4",16:11,99.0,"0,8","6,1",Varias,27.0,72.0,Varias,15.0,Varias,Córdoba,ES-AN
2023-06-26,5402,CÓRDOBA AEROPUERTO,CORDOBA,90,"32,4","0,0","22,2",04:20,"42,6",15:17,99.0,"3,3","9,2",Varias,22.0,58.0,Varias,12.0,Varias,Córdoba,ES-AN
2023-06-27,5402,CÓRDOBA AEROPUERTO,CORDOBA,90,"31,8","0,0","21,2",04:48,"42,3",15:46,26.0,"1,7","9,2",13:49,25.0,63.0,Varias,11.0,15:40,Córdoba,ES-AN
2023-06-28,5402,CÓRDOBA AEROPUERTO,CORDOBA,90,"30,2","0,0","20,1",05:07,"40,2",15:14,99.0,"3,1","8,3",Varias,23.0,63.0,Varias,13.0,15:49,Córdoba,ES-AN
2023-06-29,5402,CÓRDOBA AEROPUERTO,CORDOBA,90,"30,2","0,0","21,2",04:32,"39,2",14:50,25.0,"5,3","12,8",17:59,36.0,64.0,Varias,23.0,14:27,Córdoba,ES-AN
2023-06-30,5402,CÓRDOBA AEROPUERTO,CORDOBA,90,"27,5","0,0","17,8",04:50,"37,2",15:18,24.0,"2,5","8,9",20:32,31.0,80.0,Varias,16.0,15:50,Córdoba,ES-AN
2023-01-01,9262,PAMPLONA,NAVARRA,450,"15,2","0,0","11,7",,"18,6",,,,,,,,,,,Pamplona,ES-NC
2023-01-02,9262,PAMPLONA,NAVARRA,450,"10,9","0,0","10,0",,"11,8",,,,,,,,,,,Pamplona,ES-NC
2023-01-03,9262,PAMPLONA,NAVARRA,450,"7,7","0,0","2,7",,"12,7",,,,,,,,,,,Pamplona,ES-NC
2023-01-04,9262,PAMPLONA,NAVARRA,450,"7,0","0,0","-0,3",,"14,3",,,,,,,,,,,Pamplona,ES-NC
2023-01-05,9262,PAMPLONA,NAVARRA,450,"10,0","0,0","5,4",,"14,5",,,,,,,,,,,Pamplona,ES-NC
2023-01-06,9262,PAMPLONA,NAVARRA,450,"4,4","0,0","-0,3",,"9,1",,,,,,,,,,,Pamplona,ES-NC
2023-01-07,9262,PAMPLONA,NAVARRA,450,"5,4","11,2","1,8",,"8,9",,,,,,,,,,,Pamplona,ES-NC
2023-01-08,9262,PAMPLONA,NAVARRA,450,"8,3","9,3","6,4",,"10,2",,,,,,,,,,,Pamplona,ES-NC
2023-01-09,9262,PAMPLONA,NAVARRA,450,"8,4","0,0","7,0",,"9,9",,,,,,,,,,,Pamplona,ES-NC
2023-01-10,9262,PAMPLONA,NAVARRA,450,"7,2","1,4","1,9",,"12,5",,,,,,,,,,,Pamplona,ES-NC
2023-01-11,9262,PAMPLONA,NAVARRA,450,"7,1","0,4","3,8",,"10,4",,,,,,,,,,,Pamplona,ES-NC
2023-01-12,9262,PAMPLONA,NAVARRA,450,"5,6","0,0","1,7",,"9,5",,,,,,,,,,,Pamplona,ES-NC
2023-01-13,9262,PAMPLONA,NAVARRA,450,"7,3","0,0","2,7",,"11,9",,,,,,,,,,,Pamplona,ES-NC
2023-01-14,9262,PAMPLONA,NAVARRA,450,"6,5","1,7","1,4",,"11,6",,,,,,,,,,,Pamplona,ES-NC
2023-01-15,9262,PAMPLONA,NAVARRA,450,"6,2","9,0","4,4",,"7,9",,,,,,,,,,,Pamplona,ES-NC
2023-01-16,9262,PAMPLONA,NAVARRA,450,"4,8","27,3","1,9",,"7,7",,,,,,,,,,,Pamplona,ES-NC
2023-01-17,9262,PAMPLONA,NAVARRA,450,"5,0","7,3","2,4",,"7,7",,,,,,,,,,,Pamplona,ES-NC
2023-01-18,9262,PAMPLONA,NAVARRA,450,"2,6","22,5","0,4",,"4,8",,,,,,,,,,,Pamplona,ES-NC
2023-01-19,9262,PAMPLONA,NAVARRA,450,"4,1","10,8","0,0",,"8,2",,,,,,,,,,,Pamplona,ES-NC
2023-01-20,9262,PAMPLONA,NAVARRA,450,"3,7","0,0","1,5",,"5,9",,,,,,,,,,,Pamplona,ES-NC
2023-01-21,9262,PAMPLONA,NAVARRA,450,"1,6","0,0","-1,6",,"4,7",,,,,,,,,,,Pamplona,ES-NC
2023-01-22,9262,PAMPLONA,NAVARRA,450,"2,4","0,0","-0,8",,"5,6",,,,,,,,,,,Pamplona,ES-NC
2023-01-23,9262,PAMPLONA,NAVARRA,450,"0,4","0,0","-1,1",,"2,0",,,,,,,,,,,Pamplona,ES-NC
2023-01-24,9262,PAMPLONA,NAVARRA,450,"0,8","0,0","-0,7",,"2,3",,,,,,,,,,,Pamplona,ES-NC
2023-01-25,9262,PAMPLONA,NAVARRA,450,"1,5","1,6","-2,3",,"5,3",,,,,,,,,,,Pamplona,ES-NC
2023-01-26,9262,PAMPLONA,NAVARRA,450,"5,2","0,0","2,3",,"8,0",,,,,,,,,,,Pamplona,ES-NC
2023-01-27,9262,PAMPLONA,NAVARRA,450,"2,8","0,0","1,3",,"4,4",,,,,,,,,,,Pamplona,ES-NC
2023-01-28,9262,PAMPLONA,NAVARRA,450,"2,0","0,0","1,3",,"2,6",,,,,,,,,,,Pamplona,ES-NC
2023-01-29,9262,PAMPLONA,NAVARRA,450,"2,2","0,0","1,2",,"3,3",,,,,,,,,,,Pamplona,ES-NC
2023-01-30,9262,PAMPLONA,NAVARRA,450,"3,0","0,0","-1,8",,"7,8",,,,,,,,,,,Pamplona,ES-NC
2023-01-31,9262,PAMPLONA,NAVARRA,450,"6,4","0,0","3,2",,"9,7",,,,,,,,,,,Pamplona,ES-NC
2023-02-01,9262,PAMPLONA,NAVARRA,450,"7,3","0,0","4,8",,"9,8",,,,,,,,,,,Pamplona,ES-NC
2023-02-02,9262,PAMPLONA,NAVARRA,450,"4,9","0,0","-1,4",,"11,2",,,,,,,,,,,Pamplona,ES-NC
2023-02-03,9262,PAMPLONA,NAVARRA,450,"7,0","0,0","-0,8",,"14,8",,,,,,,,,,,Pamplona,ES-NC
2023-02-04,9262,PAMPLONA,NAVARRA,450,"6,6","0,0","2,4",,"10,9",,,,,,,,,,,Pamplona,ES-NC
2023-02-05,9262,PAMPLONA,NAVARRA,450,"7,6","0,0","5,0",,"10,3",,,,,,,,,,,Pamplona,ES-NC
2023-02-06,9262,PAMPLONA,NAVARRA,450,"7,1","0,0","3,8",,"10,4",,,,,,,,,,,Pamplona,ES-NC
2023-02-07,9262,PAMPLONA,NAVARRA,450,"2,2","1,6","-1,3",,"5,7",,,,,,,,,,,Pamplona,ES-NC
2023-02-08,9262,PAMPLONA,NAVARRA,450,"5,0","0,0","-0,6",,"10,7",,,,,,,,,,,Pamplona,ES-NC
2023-02-09,9262,PAMPLONA,NAVARRA,450,"5,2","0,0","-0,3",,"10,7",,,,,,,,,,,Pamplona,ES-NC
2023-02-10,9262,PAMPLONA,NAVARRA,450,"3,8","0,0","-2,7",,"10,4",,,,,,,,,,,Pamplona,ES-NC
2023-02-11,9262,PAMPLONA,NAVARRA,450,"5,1","0,0","-2,6",,"12,8",,,,,,,,,,,Pamplona,ES-NC
2023-02-12,9262,PAMPLONA,NAVARRA,450,"5,6","0,0","-2,1",,"13,4",,,,,,,,,,,Pamplona,ES-NC
2023-02-13,9262,PAMPLONA,NAVARRA,450,"6,8","0,0","-1,3",,"14,8",,,,,,,,,,,Pamplona,ES-NC
2023-02-14,9262,PAMPLONA,NAVARRA,450,"9,8","0,0","5,3",,"14,4",,,,,,,,,,,Pamplona,ES-NC
2023-02-15,9262,PAMPLONA,NAVARRA,450,"9,8","0,0","4,5",,"15,2",,,,,,,,,,,Pamplona,ES-NC
2023-02-16,9262,PAMPLONA,NAVARRA,450,"8,4","0,0","-0,3",,"17,1",,,,,,,,,,,Pamplona,ES-NC
2023-02-17,9262,PAMPLONA,NAVARRA,450,"8,4","0,0","-0,2",,"17,0",,,,,,,,,,,Pamplona,ES-NC
2023-02-18,9262,PAMPLONA,NAVARRA,450,"9,8","0,0","1,7",,"17,8",,,,,,,,,,,Pamplona,ES-NC
2023-02-19,9262,PAMPLONA,NAVARRA,450,"10,0","0,0","1,1",,"18,9",,,,,,,,,,,Pamplona,ES-NC
2023-02-20,9262,PAMPLONA,NAVARRA,450,"12,1","0,0","4,8",,"19,4",,,,,,,,,,,Pamplona,ES-NC
2023-02-21,9262,PAMPLONA,NAVARRA,450,"11,6","0,0","5,3",,"18,0",,,,,,,,,,,Pamplona,ES-NC
2023-02-22,9262,PAMPLONA,NAVARRA,450,"9,6","17,3","6,7",,"12,5",,,,,,,,,,,Pamplona,ES-NC
2023-02-23,9262,PAMPLONA,NAVARRA,450,"2,3","15,4","0,4",,"4,2",,,,,,,,,,,Pamplona,ES-NC
2023-02-24,9262,PAMPLONA,NAVARRA,450,"5,3","0,0","0,8",,"9,8",,,,,,,,,,,Pamplona,ES-NC
2023-02-25,9262,PAMPLONA,NAVARRA,450,"2,4","0,0","-1,4",,"6,2",,,,,,,,,,,Pamplona,ES-NC
2023-02-26,9262,PAMPLONA,NAVARRA,450,"5,0","0,0","3,8",,"6,3",,,,,,,,,,,Pamplona,ES-NC
2023-02-27,9262,PAMPLONA,NAVARRA,450,"-0,3","0,0","-2,6",,"2,0",,,,,,,,,,,Pamplona,ES-NC
2023-02-28,9262,PAMPLONA,NAVARRA,450,"1,4","0,0","-1,4",,"4,3",,,,,,,,,,,Pamplona,ES-NC
2023-03-01,9262,PAMPLONA,NAVARRA,450,"2,0","0,0","-2,2",,"6,2",,,,,,,,,,,Pamplona,ES-NC
2023-03-02,9262,PAMPLONA,NAVARRA,450,"3,6","0,0","0,9",,"6,3",,,,,,,,,,,Pamplona,ES-NC
2023-03-03,9262,PAMPLONA,NAVARRA,450,"6,1","0,0","3,4",,"8,8",,,,,,,,,,,Pamplona,ES-NC
2023-03-04,9262,PAMPLONA,NAVARRA,450,"4,1","0,0","-2,5",,"10,7",,,,,,,,,,,Pamplona,ES-NC
2023-03-05,9262,PAMPLONA,NAVARRA,450,"6,4","0,0","-1,8",,"14,6",,,,,,,,,,,Pamplona,ES-NC
2023-03-06,9262,PAMPLONA,NAVARRA,450,"8,0","0,0","2,4",,"13,7",,,,,,,,,,,Pamplona,ES-NC
2023-03-07,9262,PAMPLONA,NAVARRA,450,"8,6","0,9","4,5",,"12,8",,,,,,,,,,,Pamplona,ES-NC
2023-03-08,9262,PAMPLONA,NAVARRA,450,"11,4","4,7","6,6",,"16,3",,,,,,,,,,,Pamplona,ES-NC
2023-03-09,9262,PAMPLONA,NAVARRA,450,"14,5","0,0","9,4",,"19,6",,,,,,,,,,,Pamplona,ES-NC
2023-03-10,9262,PAMPLONA,NAVARRA,450,"12,0","0,0","8,0",,"16,1",,,,,,,,,,,Pamplona,ES-NC
2023-03-11,9262,PAMPLONA,NAVARRA,450,"13,2","4,7","8,4",,"18,0",,,,,,,,,,,Pamplona,ES-NC
2023-03-12,9262,PAMPLONA,NAVARRA,450,"15,6","0,5","10,0",,"21,2",,,,,,,,,,,Pamplona,ES-NC
2023-03-13,9262,PAMPLONA,NAVARRA,450,"17,8","0,0","10,9",,"24,8",,,,,,,,,,,Pamplona,ES-NC
2023-03-14,9262,PAMPLONA,NAVARRA,450,"11,4","1,9","9,4",,"13,5",,,,,,,,,,,Pamplona,ES-NC
2023-03-15,9262,PAMPLONA,NAVARRA,450,"12,6","0,0","5,9",,"19,3",,,,,,,,,,,Pamplona,ES-NC
2023-03-16,9262,PAMPLONA,NAVARRA,450,"14,5","0,0","5,4",,"23,6",,,,,,,,,,,Pamplona,ES-NC
2023-03-17,9262,PAMPLONA,NAVARRA,450,"15,0","0,0","10,8",,"19,2",,,,,,,,,,,Pamplona,ES-NC
2023-03-18,9262,PAMPLONA,NAVARRA,450,"13,4","3,9","9,3",,"17,5",,,,,,,,,,,Pamplona,ES-NC
2023-03-19,9262,PAMPLONA,NAVARRA,450,"12,1","0,0","8,9",,"15,3",,,,,,,,,,,Pamplona,ES-NC
2023-03-20,9262,PAMPLONA,NAVARRA,450,"12,1","0,0","2,6",,"21,6",,,,,,,,,,,Pamplona,ES-NC
2023-03-21,9262,PAMPLONA,NAVARRA,450,"11,8","0,0","4,4",,"19,3",,,,,,,,,,,Pamplona,ES-NC
2023-03-22,9262,PAMPLONA,NAVARRA,450,"12,6","0,0","4,8",,"20,5",,,,,,,,,,,Pamplona,ES-NC
2023-03-23,9262,PAMPLONA,NAVARRA,450,"16,8","0,0","11,2",,"22,3",,,,,,,,,,,Pamplona,ES-NC
2023-03-24,9262,PAMPLONA,NAVARRA,450,"13,8","1,3","11,3",,"16,4",,,,,,,,,,,Pamplona,ES-NC
2023-03-25,9262,PAMPLONA,NAVARRA,450,"11,8","0,0","3,3",,"20,4",,,,,,,,,,,Pamplona,ES-NC
2023-03-26,9262,PAMPLONA,NAVARRA,450,"14,0","2,1","10,9",,"17,0",,,,,,,,,,,Pamplona,ES-NC
2023-03-27,9262,PAMPLONA,NAVARRA,450,"10,8","0,0","7,4",,"14,3",,,,,,,,,,,Pamplona,ES-NC
2023-03-28,9262,PAMPLONA,NAVARRA,450,"12,2","0,0","2,6",,"21,7",,,,,,,,,,,Pamplona,ES-NC
2023-03-29,9262,PAMPLONA,NAVARRA,450,"15,6","0,0","6,2",,"25,0",,,,,,,,,,,Pamplona,ES-NC
2023-03-30,9262,PAMPLONA,NAVARRA,450,"16,2","0,0","9,3",,"23,0",,,,,,,,,,,Pamplona,ES-NC
2023-03-31,9262,PAMPLONA,NAVARRA,450,"15,5","0,0","13,9",,"17,1",,,,,,,,,,,Pamplona,ES-NC
2023-04-01,9262,PAMPLONA,NAVARRA,450,"11,4","15,8","9,3",,"13,4",,,,,,,,,,,Pamplona,ES-NC
2023-04-02,9262,PAMPLONA,NAVARRA,450,"7,6","3,7","5,0",,"10,3",,,,,,,,,,,Pamplona,ES-NC
2023-04-03,9262,PAMPLONA,NAVARRA,450,"10,8","0,0","6,8",,"14,7",,,,,,,,,,,Pamplona,ES-NC
2023-04-04,9262,PAMPLONA,NAVARRA,450,"9,6","0,0","5,4",,"13,8",,,,,,,,,,,Pamplona,ES-NC
2023-04-05,9262,PAMPLONA,NAVARRA,450,"9,7","0,0","1,4",,"18,0",,,,,,,,,,,Pamplona,ES-NC
2023-04-06,9262,PAMPLONA,NAVARRA,450,"12,4","0,0","4,8",,"20,0",,,,,,,,,,,Pamplona,ES-NC
2023-04-07,9262,PAMPLONA,NAVARRA,450,"13,3","0,0","3,4",,"23,2",,,,,,,,,,,Pamplona,ES-NC
2023-04-08,9262,PAMPLONA,NAVARRA,450,"14,5","0,0","5,6",,"23,4",,,,,,,,,,,Pamplona,ES-NC
2023-04-09,9262,PAMPLONA,NAVARRA,450,"15,4","0,0","5,9",,"25,0",,,,,,,,,,,Pamplona,ES-NC
2023-04-10,9262,PAMPLONA,NAVARRA,450,"14,4","0,0","6,9",,"21,8",,,,,,,,,,,Pamplona,ES-NC
2023-04-11,9262,PAMPLONA,NAVARRA,450,"16,3","0,0","9,6",,"23,0",,,,,,,,,,,Pamplona,ES-NC
2023-04-12,9262,PAMPLONA,NAVARRA,450,"10,6","0,4","7,5",,"13,8",,,,,,,,,,,Pamplona,ES-NC
2023-04-13,9262,PAMPLONA,NAVARRA,450,"8,0","2,5","4,5",,"11,6",,,,,,,,,,,Pamplona,ES-NC
2023-04-14,9262,PAMPLONA,NAVARRA,450,"11,2","1,7","6,3",,"16,2",,,,,,,,,,,Pamplona,ES-NC
2023-04-15,9262,PAMPLONA,NAVARRA,450,"10,9","1,8","8,8",,"13,0",,,,,,,,,,,Pamplona,ES-NC
2023-04-16,9262,PAMPLONA,NAVARRA,450,"10,0","0,0","4,9",,"15,2",,,,,,,,,,,Pamplona,ES-NC
2023-04-17,9262,PAMPLONA,NAVARRA,450,"11,6","0,0","5,8",,"17,4",,,,,,,,,,,Pamplona,ES-NC
2023-04-18,9262,PAMPLONA,NAVARRA,450,"12,8","0,0","6,8",,"18,7",,,,,,,,,,,Pamplona,ES-NC
2023-04-19,9262,PAMPLONA,NAVARRA,450,"14,1","0,0","4,7",,"23,5",,,,,,,,,,,Pamplona,ES-NC
2023-04-20,9262,PAMPLONA,NAVARRA,450,"16,0","0,0","7,9",,"24,0",,,,,,,,,,,Pamplona,ES-NC
2023-04-21,9262,PAMPLONA,NAVARRA,450,"17,0","2,6","7,2",,"26,7",,,,,,,,,,,Pamplona,ES-NC
2023-04-22,9262,PAMPLONA,NAVARRA,450,"14,7","5,4","11,5",,"17,9",,,,,,,,,,,Pamplona,ES-NC
2023-04-23,9262,PAMPLONA,NAVARRA,450,"13,2","5,3","8,8",,"17,6",,,,,,,,,,,Pamplona,ES-NC
2023-04-24,9262,PAMPLONA,NAVARRA,450,"14,6","1,6","9,0",,"20,3",,,,,,,,,,,Pamplona,ES-NC
2023-04-25,9262,PAMPLONA,NAVARRA,450,"16,9","0,3","12,4",,"21,4",,,,,,,,,,,Pamplona,ES-NC
2023-04-26,9262,PAMPLONA,NAVARRA,450,"18,8","0,0","12,9",,"24,8",,,,,,,,,,,Pamplona,ES-NC
2023-04-27,9262,PAMPLONA,NAVARRA,450,"20,0","0,0","12,9",,"27,0",,,,,,,,,,,Pamplona,ES-NC
2023-04-28,9262,PAMPLONA,NAVARRA,450,"20,2","0,0","13,4",,"26,9",,,,,,,,,,,Pamplona,ES-NC
2023-04-29,9262,PAMPLONA,NAVARRA,450,"17,5","0,0","15,7",,"19,3",,,,,,,,,,,Pamplona,ES-NC
2023-04-30,9262,PAMPLONA,NAVARRA,450,"15,5","0,0","12,7",,"18,3",,,,,,,,,,,Pamplona,ES-NC
2023-05-01,9262,PAMPLONA,NAVARRA,450,"15,6","0,0","11,8",,"19,3",,,,,,,,,,,Pamplona,ES-NC
2023-05-02,9262,PAMPLONA,NAVARRA,450,"16,0","0,0","7,4",,"24,7",,,,,,,,,,,Pamplona,ES-NC
2023-05-03,9262,PAMPLONA,NAVARRA,450,"19,4","0,0","8,8",,"30,1",,,,,,,,,,,Pamplona,ES-NC
2023-05-04,9262,PAMPLONA,NAVARRA,450,"19,8","0,0","13,2",,"26,4",,,,,,,,,,,Pamplona,ES-NC
2023-05-05,9262,PAMPLONA,NAVARRA,450,"19,0","0,0","11,3",,"26,7",,,,,,,,,,,Pamplona,ES-NC
2023-05-06,9262,PAMPLONA,NAVARRA,450,"19,2","0,0","11,0",,"27,5",,,,,,,,,,,Pamplona,ES-NC
2023-05-07,9262,PAMPLONA,NAVARRA,450,"16,8","0,0","11,8",,"21,8",,,,,,,,,,,Pamplona,ES-NC
2023-05-08,9262,PAMPLONA,NAVARRA,450,"16,5","0,0","9,2",,"23,8",,,,,,,,,,,Pamplona,ES-NC
2023-05-09,9262,PAMPLONA,NAVARRA,450,"13,0","0,9","8,4",,"17,6",,,,,,,,,,,Pamplona,ES-NC
2023-05-10,9262,PAMPLONA,NAVARRA,450,"12,6","0,0","9,5",,"15,6",,,,,,,,,,,Pamplona,ES-NC
2023-05-11,9262,PAMPLONA,NAVARRA,450,"11,8","3,3","8,8",,"14,9",,,,,,,,,,,Pamplona,ES-NC
2023-05-12,9262,PAMPLONA,NAVARRA,450,"11,4","1,2","7,8",,"14,9",,,,,,,,,,,Pamplona,ES-NC
2023-05-13,9262,PAMPLONA,NAVARRA,450,"11,1","9,5","8,0",,"14,2",,,,,,,,,,,Pamplona,ES-NC
2023-05-14,9262,PAMPLONA,NAVARRA,450,"12,1","7,0","8,9",,"15,3",,,,,,,,,,,Pamplona,ES-NC
2023-05-15,9262,PAMPLONA,NAVARRA,450,"13,8","6,8","10,2",,"17,3",,,,,,,,,,,Pamplona,ES-NC
2023-05-16,9262,PAMPLONA,NAVARRA,450,"12,2","0,0","9,3",,"15,2",,,,,,,,,,,Pamplona,ES-NC
2023-05-17,9262,PAMPLONA,NAVARRA,450,"13,0","0,0","8,9",,"17,0",,,,,,,,,,,Pamplona,ES-NC
2023-05-18,9262,PAMPLONA,NAVARRA,450,"11,8","0,0","6,8",,"16,9",,,,,,,,,,,Pamplona,ES-NC
2023-05-19,9262,PAMPLONA,NAVARRA,450,"14,0","0,0","10,9",,"17,0",,,,,,,,,,,Pamplona,ES-NC
2023-05-20,9262,PAMPLONA,NAVARRA,450,"14,0","0,0","10,5",,"17,4",,,,,,,,,,,Pamplona,ES-NC
2023-05-21,9262,PAMPLONA,NAVARRA,450,"15,8","0,0","10,8",,"20,8",,,,,,,,,,,Pamplona,ES-NC
2023-05-22,9262,PAMPLONA,NAVARRA,450,"16,2","0,0","12,3",,"20,0",,,,,,,,,,,Pamplona,ES-NC
2023-05-23,9262,PAMPLONA,NAVARRA,450,"17,8","0,7","13,8",,"21,8",,,,,,,,,,,Pamplona,ES-NC
2023-05-24,9262,PAMPLONA,NAVARRA,450,"17,2","0,0","13,9",,"20,5",,,,,,,,,,,Pamplona,ES-NC
2023-05-25,9262,PAMPLONA,NAVARRA,450,"15,8","0,0","13,4",,"18,2",,,,,,,,,,,Pamplona,ES-NC
2023-05-26,9262,PAMPLONA,NAVARRA,450,"16,0","0,0","8,8",,"23,1",,,,,,,,,,,Pamplona,ES-NC
2023-05-27,9262,PAMPLONA,NAVARRA,450,"20,3","0,0","13,4",,"27,2",,,,,,,,,,,Pamplona,ES-NC
2023-05-28,9262,PAMPLONA,NAVARRA,450,"19,7","10,8","12,6",,"26,8",,,,,,,,,,,Pamplona,ES-NC
2023-05-29,9262,PAMPLONA,NAVARRA,450,"18,8","2,7","13,3",,"24,4",,,,,,,,,,,Pamplona,ES-NC
2023-05-30,9262,PAMPLONA,NAVARRA,450,"19,0","2,3","11,8",,"26,3",,,,,,,,,,,Pamplona,ES-NC
2023-05-31,9262,PAMPLONA,NAVARRA,450,"19,2","3,8","12,0",,"26,3",,,,,,,,,,,Pamplona,ES-NC
2023-06-01,9262,PAMPLONA,NAVARRA,450,"18,2","20,3","12,6",,"23,9",,,,,,,,,,,Pamplona,ES-NC
2023-06-02,9262,PAMPLONA,NAVARRA,450,"20,4","0,0","13,5",,"27,2",,,,,,,,,,,Pamplona,ES-NC
2023-06-03,9262,PAMPLONA,NAVARRA,450,"19,0","2,9","12,7",,"25,3",,,,,,,,,,,Pamplona,ES-NC
2023-06-04,9262,PAMPLONA,NAVARRA,450,"19,2","0,0","12,6",,"25,9",,,,,,,,,,,Pamplona,ES-NC
2023-06-05,9262,PAMPLONA,NAVARRA,450,"20,1","1,8","13,8",,"26,4",,,,,,,,,,,Pamplona,ES-NC
2023-06-06,9262,PAMPLONA,NAVARRA,450,"22,3","0,0","16,2",,"28,4",,,,,,,,,,,Pamplona,ES-NC
2023-06-07,9262,PAMPLONA,NAVARRA,450,"20,6","0,0","15,9",,"25,3",,,,,,,,,,,Pamplona,ES-NC
2023-06-08,9262,PAMPLONA,NAVARRA,450,"22,2","0,0","17,9",,"26,4",,,,,,,,,,,Pamplona,ES-NC
2023-06-09,9262,PAMPLONA,NAVARRA,450,"22,3","1,9","19,3",,"25,3",,,,,,,,,,,Pamplona,ES-NC
2023-06-10,9262,PAMPLONA,NAVARRA,450,"21,0","0,0","14,7",,"27,4",,,,,,,,,,,Pamplona,ES-NC
2023-06-11,9262,PAMPLONA,NAVARRA,450,"21,7","4,2","17,4",,"26,0",,,,,,,,,,,Pamplona,ES-NC
2023-06-12,9262,PAMPLONA,NAVARRA,450,"20,9","0,0","14,4",,"27,4",,,,,,,,,,,Pamplona,ES-NC
2023-06-13,9262,PAMPLONA,NAVARRA,450,"19,4","3,1","14,3",,"24,6",,,,,,,,,,,Pamplona,ES-NC
2023-06-14,9262,PAMPLONA,NAVARRA,450,"18,6","0,0","16,0",,"21,3",,,,,,,,,,,Pamplona,ES-NC
2023-06-15,9262,PAMPLONA,NAVARRA,450,"21,4","0,0","15,8",,"26,9",,,,,,,,,,,Pamplona,ES-NC
2023-06-16,9262,PAMPLONA,NAVARRA,450,"22,4","0,0","13,4",,"31,5",,,,,,,,,,,Pamplona,ES-NC
2023-06-17,9262,PAMPLONA,NAVARRA,450,"25,8","3,9","18,3",,"33,4",,,,,,,,,,,Pamplona,ES-NC
2023-06-18,9262,PAMPLONA,NAVARRA,450,"21,9","11,9","16,9",,"26,9",,,,,,,,,,,Pamplona,ES-NC
2023-06-19,9262,PAMPLONA,NAVARRA,450,"19,8","7,3","16,4",,"23,3",,,,,,,,,,,Pamplona,ES-NC
2023-06-20,9262,PAMPLONA,NAVARRA,450,"22,4","13,7","16,4",,"28,4",,,,,,,,,,,Pamplona,ES-NC
2023-06-21,9262,PAMPLONA,NAVARRA,450,"21,8","5,7","16,9",,"26,6",,,,,,,,,,,Pamplona,ES-NC
2023-06-22,9262,PAMPLONA,NAVARRA,450,"20,4","0,0","16,4",,"24,3",,,,,,,,,,,Pamplona,ES-NC
2023-06-23,9262,PAMPLONA,NAVARRA,450,"20,9","0,0","14,4",,"27,4",,,,,,,,,,,Pamplona,ES-NC
2023-06-24,9262,PAMPLONA,NAVARRA,450,"23,6","0,0","14,9",,"32,3",,,,,,,,,,,Pamplona,ES-NC
2023-06-25,9262,PAMPLONA,NAVARRA,450,"24,0","0,0","16,2",,"31,8",,,,,,,,,,,Pamplona,ES-NC
2023-06-26,9262,PAMPLONA,NAVARRA,450,"21,8","0,0","18,2",,"25,4",,,,,,,,,,,Pamplona,ES-NC
2023-06-27,9262,PAMPLONA,NAVARRA,450,"20,8","0,0","16,7",,"25,0",,,,,,,,,,,Pamplona,ES-NC
2023-06-28,9262,PAMPLONA,NAVARRA,450,"22,0","0,0","16,9",,"27,1",,,,,,,,,,,Pamplona,ES-NC
2023-06-29,9262,PAMPLONA,NAVARRA,450,"20,6","0,0","17,3",,"23,8",,,,,,,,,,,Pamplona,ES-NC
2023-06-30,9262,PAMPLONA,NAVARRA,450,"18,1","0,0","14,3",,"21,9",,,,,,,,,,,Pamplona,ES-NC
2023-07-01,9091R,VITORIA-GASTEIZ AEROPUERTO,ARABA/ALAVA,513,"19,6","0,0","14,5",02:53,"24,7",14:50,99.0,"3,9","9,7",Varias,76.0,95.0,Varias,52.0,16:49,Vitoria,ES-PV
2023-07-02,9091R,VITORIA-GASTEIZ AEROPUERTO,ARABA/ALAVA,513,"19,0","0,0","12,5",03:55,"25,6",14:22,2.0,"3,6","10,3",17:19,74.0,100.0,Varias,56.0,14:18,Vitoria,ES-PV
2023-07-03,9091R,VITORIA-GASTEIZ AEROPUERTO,ARABA/ALAVA,513,"17,6","0,0","10,0",04:49,"25,3",14:15,99.0,"3,9","9,7",Varias,71.0,100.0,Varias,57.0,14:12,Vitoria,ES-PV
2023-07-04,9091R,VITORIA-GASTEIZ AEROPUERTO,ARABA/ALAVA,513,"18,5","0,0","11,7",04:07,"25,3",13:54,2.0,"3,3","11,4",16:46,71.0,100.0,Varias,52.0,13:17,Vitoria,ES-PV
2023-07-05,9091R,VITORIA-GASTEIZ AEROPUERTO,ARABA/ALAVA,513,"20,0","0,0","14,2",00:49,"25,8",14:10,1.0,"4,2","11,4",14:57,76.0,97.0,Varias,52.0,13:10,Vitoria,ES-PV
2023-07-06,9091R,VITORIA-GASTEIZ AEROPUERTO,ARABA/ALAVA,513,"21,4","28,1","13,8",23:59,"29,0",14:20,22.0,"3,3","12,8",18:20,80.0,100.0,22:30,36.0,15:50,Vitoria,ES-PV
2023-07-07,9091R,VITORIA-GASTEIZ AEROPUERTO,ARABA/ALAVA,513,,"0,4",,,"30,3",12:30,13.0,"3,1","9,2",13:20,,,,,,Vitoria,ES-PV
2023-07-08,9091R,VITORIA-GASTEIZ AEROPUERTO,ARABA/ALAVA,513,"22,2","0,0","14,2",05:00,"30,3",13:31,99.0,"2,5","8,3",Varias,60.0,98.0,Varias,30.0,15:14,Vitoria,ES-PV
2023-07-09,9091R,VITORIA-GASTEIZ AEROPUERTO,ARABA/ALAVA,513,"22,0","0,0","16,9",00:00,"27,1",12:21,36.0,"3,9","10,8",15:35,76.0,98.0,00:00,57.0,10:49,Vitoria,ES-PV
2023-07-10,9091R,VITORIA-GASTEIZ AEROPUERTO,ARABA/ALAVA,513,"25,0","0,0","17,0",01:03,"32,9",14:30,2.0,"2,8","9,2",14:52,60.0,92.0,Varias,23.0,12:51,Vitoria,ES-PV
2023-07-11,9091R,VITORIA-GASTEIZ AEROPUERTO,ARABA/ALAVA,513,"19,6","0,0","13,3",23:53,"25,8",12:20,5.0,"4,4","12,5",12:24,78.0,95.0,23:59,66.0,12:25,Vitoria,ES-PV
2023-07-12,9091R,VITORIA-GASTEIZ AEROPUERTO,ARABA/ALAVA,513,"18,4","0,3","11,4",04:38,"25,3",14:39,9.0,"3,1","13,3",12:38,74.0,98.0,Varias,54.0,14:51,Vitoria,ES-PV
2023-07-13,9091R,VITORIA-GASTEIZ AEROPUERTO,ARABA/ALAVA,513,"19,0","0,0","14,0",23:51,"24,1",14:11,36.0,"4,2","9,2",14:28,75.0,97.0,02:06,60.0,14:12,Vitoria,ES-PV
2023-07-14,9091R,VITORIA-GASTEIZ AEROPUERTO,ARABA/ALAVA,513,"23,8","0,0","10,9",04:47,"36,6",14:52,99.0,"5,0","16,1",15:09,55.0,97.0,Varias,18.0,16:26,Vitoria,ES-PV
2023-07-15,9091R,VITORIA-GASTEIZ AEROPUERTO,ARABA/ALAVA,513,"17,9","0,0","12,0",04:35,"23,8",09:47,99.0,"5,0","12,8",Varias,75.0,96.0,Varias,59.0,09:50,Vitoria,ES-PV
2023-07-16,9091R,VITORIA-GASTEIZ AEROPUERTO,ARABA/ALAVA,513,"18,7",0,"12,8",05:07,"24,6",13:36,2.0,"4,2","11,4",Varias,68.0,91.0,05:13,52.0,13:32,Vitoria,ES-PV
2023-07-17,9091R,VITORIA-GASTEIZ AEROPUERTO,ARABA/ALAVA,513,"21,2","0,0","15,5",01:01,"26,9",13:51,4.0,"4,4","8,9",14:43,64.0,91.0,23:30,52.0,13:01,Vitoria,ES-PV
2023-07-18,9091R,VITORIA-GASTEIZ AEROPUERTO,ARABA/ALAVA,513,"24,7","0,0","14,3",04:29,"35,1",11:56,2.0,"5,3","15,0",12:09,75.0,98.0,04:48,32.0,11:57,Vitoria,ES-PV
2023-07-19,9091R,VITORIA-GASTEIZ AEROPUERTO,ARABA/ALAVA,513,"18,7","0,0","13,8",23:50,"23,6",12:51,99.0,"5,0","10,3",Varias,72.0,94.0,23:40,62.0,13:15,Vitoria,ES-PV
2023-07-20,9091R,VITORIA-GASTEIZ AEROPUERTO,ARABA/ALAVA,513,"16,9","0,0","11,6",01:41,"22,2",14:43,2.0,"4,4","9,7",Varias,74.0,98.0,01:55,63.0,09:03,Vitoria,ES-PV
2023-07-21,9091R,VITORIA-GASTEIZ AEROPUERTO,ARABA/ALAVA,513,"16,8",0,"10,9",23:51,"22,8",14:46,99.0,"4,7","10,8",Varias,69.0,96.0,Varias,54.0,14:53,Vitoria,ES-PV
2023-07-22,9091R,VITORIA-GASTEIZ AEROPUERTO,ARABA/ALAVA,513,"18,1","0,0","9,8",00:37,"26,4",15:25,99.0,"3,3","9,7",Varias,66.0,98.0,Varias,49.0,12:22,Vitoria,ES-PV
2023-07-23,9091R,VITORIA-GASTEIZ AEROPUERTO,ARABA/ALAVA,513,"21,4","0,0","9,0",04:44,"33,7",14:11,2.0,"2,5","12,5",14:32,63.0,98.0,Varias,25.0,14:03,Vitoria,ES-PV
2023-07-24,9091R,VITORIA-GASTEIZ AEROPUERTO,ARABA/ALAVA,513,"16,2","0,0","11,2",04:28,"21,1",12:33,99.0,"3,6","10,3",Varias,80.0,97.0,Varias,68.0,13:10,Vitoria,ES-PV
2023-07-25,9091R,VITORIA-GASTEIZ AEROPUERTO,ARABA/ALAVA,513,"16,1","0,0","9,8",05:25,"22,4",13:17,36.0,"3,1","11,7",14:31,67.0,97.0,05:48,45.0,11:20,Vitoria,ES-PV
2023-07-26,9091R,VITORIA-GASTEIZ AEROPUERTO,ARABA/ALAVA,513,"20,0","0,0","13,5",01:06,"26,6",13:41,99.0,"3,6","9,2",Varias,64.0,96.0,23:41,46.0,13:28,Vitoria,ES-PV
2023-07-27,9091R,VITORIA-GASTEIZ AEROPUERTO,ARABA/ALAVA,513,"21,5","11,9","10,6",04:11,"32,4",13:10,7.0,"2,2","11,7",15:54,72.0,99.0,Varias,31.0,13:14,Vitoria,ES-PV
2023-07-28,9091R,VITORIA-GASTEIZ AEROPUERTO,ARABA/ALAVA,513,"21,2","0,0","11,3",04:56,"31,1",14:52,36.0,"3,3","10,3",16:09,67.0,100.0,Varias,37.0,14:56,Vitoria,ES-PV
2023-07-29,9091R,VITORIA-GASTEIZ AEROPUERTO,ARABA/ALAVA,513,"21,0","0,0","12,6",04:50,"29,3",11:37,1.0,"4,7","11,7",Varias,72.0,97.0,03:52,44.0,11:18,Vitoria,ES-PV
2023-07-30,9091R,VITORIA-GASTEIZ AEROPUERTO,ARABA/ALAVA,513,"18,2","0,0","12,3",23:59,"24,1",14:54,99.0,"4,7","9,2",Varias,75.0,97.0,Varias,61.0,16:23,Vitoria,ES-PV
2023-07-31,9091R,VITORIA-GASTEIZ AEROPUERTO,ARABA/ALAVA,513,"19,4","0,0","10,2",02:59,"28,5",13:08,2.0,"3,3","11,7",16:12,68.0,100.0,Varias,35.0,13:57,Vitoria,ES-PV
2023-08-01,9091R,VITORIA-GASTEIZ AEROPUERTO,ARABA/ALAVA,513,"19,2","0,0","10,3",05:12,"28,2",14:35,4.0,"3,6","10,8",14:51,75.0,99.0,Varias,52.0,13:51,Vitoria,ES-PV
2023-08-02,9091R,VITORIA-GASTEIZ AEROPUERTO,ARABA/ALAVA,513,"23,0","0,0","13,4",03:26,"32,5",13:08,2.0,"3,9","12,5",Varias,73.0,99.0,06:30,33.0,12:32,Vitoria,ES-PV
2023-08-03,9091R,VITORIA-GASTEIZ AEROPUERTO,ARABA/ALAVA,513,"17,7","0,0","13,3",05:27,"22,1",13:50,99.0,"4,7","13,3",Varias,65.0,91.0,Varias,46.0,14:12,Vitoria,ES-PV
2023-08-04,9091R,VITORIA-GASTEIZ AEROPUERTO,ARABA/ALAVA,513,"15,6","0,0","10,9",22:04,"20,2",11:54,99.0,"5,3","12,8",Varias,73.0,93.0,Varias,53.0,12:35,Vitoria,ES-PV
2023-08-05,9091R,VITORIA-GASTEIZ AEROPUERTO,ARABA/ALAVA,513,"16,8","0,0","6,6",04:38,"26,9",14:21,33.0,"4,2","12,5",Varias,54.0,98.0,Varias,21.0,13:26,Vitoria,ES-PV
2023-08-06,9091R,VITORIA-GASTEIZ AEROPUERTO,ARABA/ALAVA,513,"15,8","0,0","9,4",23:46,"22,3",14:15,3.0,"3,9","11,7",14:47,62.0,94.0,Varias,47.0,15:43,Vitoria,ES-PV
2023-08-07,9091R,VITORIA-GASTEIZ AEROPUERTO,ARABA/ALAVA,513,"16,3","0,0","6,2",05:29,"26,4",14:52,99.0,"3,3","8,9",Varias,62.0,98.0,Varias,33.0,14:25,Vitoria,ES-PV
2023-08-08,9091R,VITORIA-GASTEIZ AEROPUERTO,ARABA/ALAVA,513,"20,6","0,0","7,8",05:22,"33,5",15:03,99.0,"3,1","9,2",Varias,57.0,98.0,Varias,18.0,14:00,Vitoria,ES-PV
2023-08-09,9091R,VITORIA-GASTEIZ AEROPUERTO,ARABA/ALAVA,513,"25,6","0,0","11,3",05:24,"39,8",15:12,21.0,"2,2","8,3",17:47,50.0,98.0,03:43,21.0,17:48,Vitoria,ES-PV
2023-08-10,9091R,VITORIA-GASTEIZ AEROPUERTO,ARABA/ALAVA,513,"21,6","0,0","14,6",23:52,"28,7",14:59,3.0,"4,7","11,4",16:37,69.0,96.0,23:34,49.0,15:04,Vitoria,ES-PV
2023-08-11,9091R,VITORIA-GASTEIZ AEROPUERTO,ARABA/ALAVA,513,"23,1","0,0","11,1",05:25,"35,1",13:50,99.0,"2,5","10,8",Varias,51.0,98.0,06:49,23.0,13:27,Vitoria,ES-PV
2023-08-12,9091R,VITORIA-GASTEIZ AEROPUERTO,ARABA/ALAVA,513,"19,5","0,0","10,6",05:36,"28,4",13:40,1.0,"4,2","12,5",15:44,66.0,88.0,Varias,46.0,08:56,Vitoria,ES-PV
2023-08-13,9091R,VITORIA-GASTEIZ AEROPUERTO,ARABA/ALAVA,513,"21,6","0,0","17,3",05:03,"25,8",12:18,4.0,"5,6","11,4",14:33,77.0,90.0,22:56,61.0,12:19,Vitoria,ES-PV
2023-08-14,9091R,VITORIA-GASTEIZ AEROPUERTO,ARABA/ALAVA,513,"22,8","0,0","15,5",23:02,"30,1",12:33,3.0,"4,4","12,8",Varias,71.0,94.0,23:21,52.0,12:20,Vitoria,ES-PV
2023-08-15,9091R,VITORIA-GASTEIZ AEROPUERTO,ARABA/ALAVA,513,"21,9","0,0","16,5",00:00,"27,3",13:15,3.0,"4,7","11,7",15:23,70.0,92.0,00:00,55.0,13:16,Vitoria,ES-PV
2023-08-16,9091R,VITORIA-GASTEIZ AEROPUERTO,ARABA/ALAVA,513,"21,8","0,0","17,5",03:59,"26,0",11:59,3.0,"4,7","10,8",13:56,76.0,92.0,Varias,61.0,12:00,Vitoria,ES-PV
2023-08-17,9091R,VITORIA-GASTEIZ AEROPUERTO,ARABA/ALAVA,513,"26,3","0,0","17,4",23:42,"35,2",15:21,2.0,"2,2","10,3",15:50,64.0,93.0,23:11,31.0,15:08,Vitoria,ES-PV
2023-08-18,9091R,VITORIA-GASTEIZ AEROPUERTO,ARABA/ALAVA,513,"26,2","0,0","15,4",03:58,"37,1",14:48,23.0,"3,6","12,8",14:46,44.0,96.0,Varias,17.0,16:37,Vitoria,ES-PV
2023-08-19,9091R,VITORIA-GASTEIZ AEROPUERTO,ARABA/ALAVA,513,"26,0","0,0","15,1",05:20,"37,0",14:33,99.0,"2,8","9,7",Varias,52.0,96.0,04:27,20.0,15:23,Vitoria,ES-PV
2023-08-20,9091R,VITORIA-GASTEIZ AEROPUERTO,ARABA/ALAVA,513,"24,6","0,0","16,8",03:41,"32,5",13:34,3.0,"3,6","11,4",15:05,73.0,98.0,04:01,49.0,12:46,Vitoria,ES-PV
2023-08-21,9091R,VITORIA-GASTEIZ AEROPUERTO,ARABA/ALAVA,513,"26,5","0,0","16,2",05:34,"36,8",14:41,3.0,"1,9","9,2",17:15,61.0,94.0,Varias,30.0,14:29,Vitoria,ES-PV
2023-08-22,9091R,VITORIA-GASTEIZ AEROPUERTO,ARABA/ALAVA,513,"24,8","0,0","16,0",05:42,"33,6",14:29,5.0,"3,6","8,9",14:16,69.0,98.0,Varias,47.0,13:45,Vitoria,ES-PV
2023-08-23,9091R,VITORIA-GASTEIZ AEROPUERTO,ARABA/ALAVA,513,"29,0","0,0","17,5",05:50,"40,4",14:12,12.0,"2,2","9,2",15:50,46.0,98.0,Varias,19.0,14:01,Vitoria,ES-PV
2023-08-24,9091R,VITORIA-GASTEIZ AEROPUERTO,ARABA/ALAVA,513,"29,0","0,0","16,9",05:14,"41,1",13:56,99.0,"3,6","11,7",Varias,46.0,89.0,20:43,14.0,13:30,Vitoria,ES-PV
2023-08-25,9091R,VITORIA-GASTEIZ AEROPUERTO,ARABA/ALAVA,513,"22,2","0,0","17,0",23:54,"27,5",12:11,99.0,"5,8","12,5",Varias,73.0,90.0,Varias,51.0,12:12,Vitoria,ES-PV
2023-08-26,9091R,VITORIA-GASTEIZ AEROPUERTO,ARABA/ALAVA,513,"18,0","1,0","13,4",23:51,"22,5",13:14,2.0,"4,2","12,8",16:26,74.0,90.0,23:59,58.0,13:17,Vitoria,ES-PV
2023-08-27,9091R,VITORIA-GASTEIZ AEROPUERTO,ARABA/ALAVA,513,"15,4","8,6","12,5",04:57,"18,4",Varias,36.0,"4,2","13,9",12:30,82.0,93.0,08:37,63.0,13:12,Vitoria,ES-PV
2023-08-28,9091R,VITORIA-GASTEIZ AEROPUERTO,ARABA/ALAVA,513,"16,3","0,9","13,1",03:18,"19,5",15:54,31.0,"4,7","12,8",09:40,83.0,98.0,Varias,68.0,14:55,Vitoria,ES-PV
2023-08-29,9091R,VITORIA-GASTEIZ AEROPUERTO,ARABA/ALAVA,513,"18,0","0,5","13,8",04:37,"22,3",12:36,31.0,"3,3","11,4",00:08,69.0,92.0,Varias,39.0,12:59,Vitoria,ES-PV
2023-08-30,9091R,VITORIA-GASTEIZ AEROPUERTO,ARABA/ALAVA,513,"16,0","0,1","9,8",23:59,"22,3",14:33,32.0,"4,7","12,5",12:12,72.0,97.0,Varias,47.0,14:19,Vitoria,ES-PV
2023-08-31,9091R,VITORIA-GASTEIZ AEROPUERTO,ARABA/ALAVA,513,"18,0","0,1","9,1",00:40,"26,8",14:05,4.0,"3,3","8,9",15:09,64.0,99.0,01:29,42.0,14:37,Vitoria,ES-PV
2023-09-01,9091R,VITORIA-GASTEIZ AEROPUERTO,ARABA/ALAVA,513,"22,4","6,2","13,2",01:07,"31,6",14:51,1.0,"2,2","10,8",15:46,74.0,100.0,01:30,31.0,15:02,Vitoria,ES-PV
2023-09-02,9091R,VITORIA-GASTEIZ AEROPUERTO,ARABA/ALAVA,513,"15,2","8,2","11,2",23:29,"19,3",14:40,7.0,"2,2","8,3",10:26,88.0,98.0,Varias,72.0,15:06,Vitoria,ES-PV
2023-09-03,9091R,VITORIA-GASTEIZ AEROPUERTO,ARABA/ALAVA,513,"18,2","0,0","11,1",01:50,"25,3",15:10,9.0,"3,1","12,8",10:00,76.0,99.0,02:00,46.0,15:30,Vitoria,ES-PV
2023-09-04,9091R,VITORIA-GASTEIZ AEROPUERTO,ARABA/ALAVA,513,"22,8","16,4","15,5",23:33,"30,1",14:09,20.0,"5,0","18,6",16:44,64.0,99.0,Varias,43.0,13:00,Vitoria,ES-PV
2023-09-05,9091R,VITORIA-GASTEIZ AEROPUERTO,ARABA/ALAVA,513,"21,9",0,"13,9",05:44,"29,9",13:39,99.0,"2,8","10,8",Varias,68.0,100.0,Varias,43.0,13:12,Vitoria,ES-PV
2023-09-06,9091R,VITORIA-GASTEIZ AEROPUERTO,ARABA/ALAVA,513,"22,8","0,0","15,1",05:15,"30,4",15:12,99.0,"2,2","6,7",12:02,63.0,98.0,05:27,43.0,15:06,Vitoria,ES-PV
2023-09-07,9091R,VITORIA-GASTEIZ AEROPUERTO,ARABA/ALAVA,513,"24,2",0,"16,4",00:12,"31,9",14:35,31.0,"2,2","8,9",17:23,64.0,95.0,01:10,36.0,14:10,Vitoria,ES-PV
2023-09-08,9091R,VITORIA-GASTEIZ AEROPUERTO,ARABA/ALAVA,513,"24,8","0,2","18,3",Varias,"31,3",13:57,16.0,"2,2","9,2",13:56,56.0,94.0,Varias,35.0,14:14,Vitoria,ES-PV
2023-09-09,9091R,VITORIA-GASTEIZ AEROPUERTO,ARABA/ALAVA,513,"24,4","1,5","17,7",05:39,"31,2",14:55,15.0,"2,8","10,8",20:26,55.0,79.0,09:17,42.0,12:31,Vitoria,ES-PV
2023-09-10,9091R,VITORIA-GASTEIZ AEROPUERTO,ARABA/ALAVA,513,"23,4","0,2","16,1",05:43,"30,7",14:49,11.0,"2,5","9,2",14:37,71.0,96.0,06:29,38.0,14:10,Vitoria,ES-PV
2023-09-11,9091R,VITORIA-GASTEIZ AEROPUERTO,ARABA/ALAVA,513,"22,8","0,7","16,5",Varias,"29,0",13:46,30.0,"1,9","10,8",15:20,75.0,97.0,Varias,43.0,13:54,Vitoria,ES-PV
2023-09-12,9091R,VITORIA-GASTEIZ AEROPUERTO,ARABA/ALAVA,513,"18,7","0,0","13,9",23:30,"23,5",12:24,99.0,"2,8","8,9",12:19,79.0,97.0,Varias,60.0,12:10,Vitoria,ES-PV
2023-09-13,9091R,VITORIA-GASTEIZ AEROPUERTO,ARABA/ALAVA,513,"17,8","0,0","13,3",02:36,"22,2",15:22,99.0,"3,3","8,3",16:07,84.0,99.0,03:36,62.0,09:45,Vitoria,ES-PV
2023-09-14,9091R,VITORIA-GASTEIZ AEROPUERTO,ARABA/ALAVA,513,"20,9","0,0","14,0",00:03,"27,8",14:56,3.0,"2,5","7,8",16:52,71.0,98.0,23:53,46.0,15:47,Vitoria,ES-PV
2023-09-15,9091R,VITORIA-GASTEIZ AEROPUERTO,ARABA/ALAVA,513,"18,2","3,3","13,9",01:14,"22,5",14:17,22.0,"2,8","9,2",21:32,80.0,98.0,01:47,66.0,14:11,Vitoria,ES-PV
2023-09-16,9091R,VITORIA-GASTEIZ AEROPUERTO,ARABA/ALAVA,513,"20,2","0,0","15,1",05:53,"25,4",16:07,18.0,"3,9","10,8",11:22,70.0,98.0,04:13,52.0,18:49,Vitoria,ES-PV
2023-09-17,9091R,VITORIA-GASTEIZ AEROPUERTO,ARABA/ALAVA,513,"19,2","3,8","12,9",05:42,"25,5",11:07,26.0,"3,1","16,4",13:02,77.0,96.0,06:35,52.0,12:05,Vitoria,ES-PV
2023-09-18,9091R,VITORIA-GASTEIZ AEROPUERTO,ARABA/ALAVA,513,"19,2","0,0","14,1",01:18,"24,3",14:04,22.0,"5,8","15,3",07:58,65.0,91.0,Varias,44.0,14:06,Vitoria,ES-PV
2023-09-19,9091R,VITORIA-GASTEIZ AEROPUERTO,ARABA/ALAVA,513,"19,8","0,0","13,2",Varias,"26,5",14:10,2.0,"2,2","9,2",16:34,69.0,97.0,Varias,38.0,15:39,Vitoria,ES-PV
2023-09-20,9091R,VITORIA-GASTEIZ AEROPUERTO,ARABA/ALAVA,513,"18,7",0,"9,9",04:17,"27,5",14:16,22.0,"3,6","13,9",22:01,59.0,100.0,Varias,34.0,14:18,Vitoria,ES-PV
2023-09-21,9091R,VITORIA-GASTEIZ AEROPUERTO,ARABA/ALAVA,513,"15,2","8,6","11,6",23:40,"18,7",00:02,21.0,"4,7","15,3",04:58,72.0,96.0,Varias,56.0,00:21,Vitoria,ES-PV
2023-09-22,9091R,VITORIA-GASTEIZ AEROPUERTO,ARABA/ALAVA,513,"12,6","0,0","7,1",04:33,"18,2",12:52,34.0,"3,9","10,8",14:49,71.0,99.0,Varias,53.0,12:53,Vitoria,ES-PV
2023-09-23,9091R,VITORIA-GASTEIZ AEROPUERTO,ARABA/ALAVA,513,"13,9","0,0","5,1",05:42,"22,7",15:35,99.0,"2,5","5,8",Varias,69.0,99.0,Varias,40.0,13:06,Vitoria,ES-PV
2023-09-24,9091R,VITORIA-GASTEIZ AEROPUERTO,ARABA/ALAVA,513,"16,8",0,"4,4",05:00,"29,1",15:35,22.0,"2,5","7,2",13:19,59.0,100.0,Varias,24.0,14:07,Vitoria,ES-PV
2023-09-25,9091R,VITORIA-GASTEIZ AEROPUERTO,ARABA/ALAVA,513,"17,4","0,0","5,0",06:10,"29,8",15:29,99.0,"2,5","5,0",Varias,61.0,98.0,Varias,25.0,16:14,Vitoria,ES-PV
2023-09-26,9091R,VITORIA-GASTEIZ AEROPUERTO,ARABA/ALAVA,513,"17,1","0,1","7,5",04:01,"26,7",13:35,2.0,"3,6","9,2",15:08,74.0,98.0,23:19,47.0,12:27,Vitoria,ES-PV
2023-09-27,9091R,VITORIA-GASTEIZ AEROPUERTO,ARABA/ALAVA,513,"19,8",0,"10,4",01:35,"29,2",14:57,3.0,"1,9","12,5",15:37,69.0,100.0,Varias,41.0,14:31,Vitoria,ES-PV
2023-09-28,9091R,VITORIA-GASTEIZ AEROPUERTO,ARABA/ALAVA,513,"19,8","0,0","8,3",05:55,"31,3",14:38,21.0,"3,1","10,8",13:13,62.0,99.0,Varias,25.0,14:31,Vitoria,ES-PV
2023-09-29,9091R,VITORIA-GASTEIZ AEROPUERTO,ARABA/ALAVA,513,"19,8","0,2","9,2",05:30,"30,4",14:17,99.0,"1,4","8,3",Varias,72.0,99.0,Varias,39.0,14:19,Vitoria,ES-PV
2023-09-30,9091R,VITORIA-GASTEIZ AEROPUERTO,ARABA/ALAVA,513,"22,6","0,1","12,2",02:00,"32,9",14:41,99.0,"1,9","4,7",Varias,66.0,100.0,Varias,27.0,16:08,Vitoria,ES-PV
2023-10-01,9091R,VITORIA-GASTEIZ AEROPUERTO,ARABA/ALAVA,513,"21,5","0,0","8,5",06:15,"34,5",15:20,3.0,"1,7","6,7",17:00,61.0,99.0,Varias,23.0,15:58,Vitoria,ES-PV
2023-10-02,9091R,VITORIA-GASTEIZ AEROPUERTO,ARABA/ALAVA,513,"21,8","0,0","10,0",05:39,"33,5",14:40,22.0,"2,8","7,2",Varias,59.0,97.0,Varias,28.0,14:31,Vitoria,ES-PV
2023-10-03,9091R,VITORIA-GASTEIZ AEROPUERTO,ARABA/ALAVA,513,"17,8","0,1","11,2",03:23,"24,3",13:48,36.0,"2,5","10,8",Varias,80.0,99.0,Varias,56.0,13:35,Vitoria,ES-PV
2023-10-04,9091R,VITORIA-GASTEIZ AEROPUERTO,ARABA/ALAVA,513,"19,8","0,2","12,7",23:59,"26,9",14:34,99.0,"1,4","8,3",16:14,75.0,98.0,Varias,47.0,14:50,Vitoria,ES-PV
2023-10-05,9091R,VITORIA-GASTEIZ AEROPUERTO,ARABA/ALAVA,513,"21,4",0,"12,5",00:05,"30,4",14:34,3.0,"1,9","6,1",Varias,68.0,100.0,Varias,31.0,14:39,Vitoria,ES-PV
2023-10-06,9091R,VITORIA-GASTEIZ AEROPUERTO,ARABA/ALAVA,513,"20,4",0,"8,9",06:20,"31,8",14:12,99.0,"1,4","6,7",Varias,67.0,100.0,Varias,30.0,14:37,Vitoria,ES-PV
2023-10-07,9091R,VITORIA-GASTEIZ AEROPUERTO,ARABA/ALAVA,513,"21,4","0,1","10,8",02:10,"32,1",14:53,4.0,"1,1","5,0",Varias,61.0,100.0,Varias,24.0,15:54,Vitoria,ES-PV
2023-10-08,9091R,VITORIA-GASTEIZ AEROPUERTO,ARABA/ALAVA,513,"20,0","0,0","7,7",23:58,"32,3",14:11,99.0,"1,9","7,2",Varias,59.0,98.0,05:46,19.0,16:12,Vitoria,ES-PV
2023-10-09,9091R,VITORIA-GASTEIZ AEROPUERTO,ARABA/ALAVA,513,"16,3","0,0","3,7",05:51,"28,9",14:48,32.0,"1,4","5,0",14:49,54.0,99.0,06:07,12.0,14:39,Vitoria,ES-PV
2023-10-10,9091R,VITORIA-GASTEIZ AEROPUERTO,ARABA/ALAVA,513,"15,5","0,0","1,5",06:23,"29,5",14:31,99.0,"1,4","5,8",Varias,55.0,97.0,06:43,18.0,14:49,Vitoria,ES-PV
2023-10-11,9091R,VITORIA-GASTEIZ AEROPUERTO,ARABA/ALAVA,513,"17,0","0,0","3,9",05:57,"30,2",15:01,21.0,"2,2","7,2",12:56,53.0,95.0,Varias,16.0,14:01,Vitoria,ES-PV
2023-10-12,9091R,VITORIA-GASTEIZ AEROPUERTO,ARABA/ALAVA,513,"17,4","0,0","4,6",05:59,"30,2",14:55,99.0,"2,5","7,2",Varias,54.0,94.0,Varias,23.0,14:18,Vitoria,ES-PV
2023-10-13,9091R,VITORIA-GASTEIZ AEROPUERTO,ARABA/ALAVA,513,"17,4",0,"8,4",05:36,"26,3",11:25,21.0,"3,1","13,9",15:20,61.0,90.0,Varias,35.0,11:24,Vitoria,ES-PV
2023-10-14,9091R,VITORIA-GASTEIZ AEROPUERTO,ARABA/ALAVA,513,"17,2","0,0","12,7",01:47,"21,7",11:03,4.0,"2,8","8,9",14:52,82.0,97.0,06:51,56.0,11:05,Vitoria,ES-PV
2023-10-15,9091R,VITORIA-GASTEIZ AEROPUERTO,ARABA/ALAVA,513,"15,0","8,5","9,5",06:46,"20,5",13:49,4.0,"1,9","5,8",14:30,77.0,98.0,Varias,55.0,13:07,Vitoria,ES-PV
2023-10-16,9091R,VITORIA-GASTEIZ AEROPUERTO,ARABA/ALAVA,513,"17,4","0,0","13,0",04:41,"21,8",15:00,22.0,"2,8","8,9",14:23,80.0,98.0,00:30,60.0,14:58,Vitoria,ES-PV
2023-10-17,9091R,VITORIA-GASTEIZ AEROPUERTO,ARABA/ALAVA,513,"20,1","0,4","14,5",06:20,"25,7",13:36,99.0,"5,0","16,1",Varias,65.0,88.0,05:51,47.0,13:38,Vitoria,ES-PV
2023-10-18,9091R,VITORIA-GASTEIZ AEROPUERTO,ARABA/ALAVA,513,"20,8",0,"18,2",22:25,"23,5",14:25,22.0,"7,5","18,9",02:16,60.0,78.0,Varias,47.0,14:26,Vitoria,ES-PV
2023-10-19,9091R,VITORIA-GASTEIZ AEROPUERTO,ARABA/ALAVA,513,"16,0","7,8","11,9",22:36,"20,1",09:56,99.0,"5,3","18,6",Varias,74.0,96.0,13:43,47.0,10:41,Vitoria,ES-PV
2023-10-20,9091R,VITORIA-GASTEIZ AEROPUERTO,ARABA/ALAVA,513,"11,8","3,5","7,7",23:58,"15,9",13:53,22.0,"6,1","18,6",02:37,78.0,96.0,Varias,58.0,15:53,Vitoria,ES-PV
2023-10-21,9091R,VITORIA-GASTEIZ AEROPUERTO,ARABA/ALAVA,513,"10,4","0,0","3,5",23:57,"17,2",14:27,21.0,"3,6","11,4",10:23,65.0,95.0,Varias,44.0,14:33,Vitoria,ES-PV
2023-10-22,9091R,VITORIA-GASTEIZ AEROPUERTO,ARABA/ALAVA,513,"10,2","9,3","2,4",03:06,"18,0",13:23,13.0,"3,9","11,4",20:04,68.0,98.0,Varias,42.0,13:20,Vitoria,ES-PV
2023-10-23,9091R,VITORIA-GASTEIZ AEROPUERTO,ARABA/ALAVA,513,"13,4","4,3","9,5",06:21,"17,2",11:52,99.0,"2,5","9,2",Varias,84.0,97.0,Varias,59.0,11:54,Vitoria,ES-PV
2023-10-24,9091R,VITORIA-GASTEIZ AEROPUERTO,ARABA/ALAVA,513,"12,0",0,"7,4",06:36,"16,6",13:16,25.0,"3,1","17,5",14:53,75.0,97.0,Varias,55.0,13:21,Vitoria,ES-PV
2023-10-25,9091R,VITORIA-GASTEIZ AEROPUERTO,ARABA/ALAVA,513,"15,7","15,7","13,6",05:34,"17,8",23:55,99.0,"5,0","12,8",Varias,73.0,84.0,21:19,65.0,10:26,Vitoria,ES-PV
2023-10-26,9091R,VITORIA-GASTEIZ AEROPUERTO,ARABA/ALAVA,513,"12,8","26,1","7,6",22:57,"17,9",00:19,26.0,"4,7","13,9",07:24,92.0,98.0,Varias,67.0,23:51,Vitoria,ES-PV
2023-10-27,9091R,VITORIA-GASTEIZ AEROPUERTO,ARABA/ALAVA,513,"13,4","0,1","9,1",02:38,"17,8",13:13,24.0,"6,4","16,1",Varias,63.0,86.0,02:47,44.0,13:20,Vitoria,ES-PV
2023-10-28,9091R,VITORIA-GASTEIZ AEROPUERTO,ARABA/ALAVA,513,"15,8","0,4","12,3",00:18,"19,2",14:51,99.0,"7,2","18,9",Varias,61.0,81.0,22:40,48.0,16:59,Vitoria,ES-PV
2023-10-29,9091R,VITORIA-GASTEIZ AEROPUERTO,ARABA/ALAVA,513,"15,4","5,9","12,2",23:35,"18,5",12:41,22.0,"5,3","21,7",03:04,74.0,93.0,15:59,58.0,03:29,Vitoria,ES-PV
2023-10-30,9091R,VITORIA-GASTEIZ AEROPUERTO,ARABA/ALAVA,513,"13,2","0,0","10,1",22:52,"16,4",13:55,24.0,"6,7","14,4",10:32,66.0,96.0,Varias,47.0,12:58,Vitoria,ES-PV
2023-10-31,9091R,VITORIA-GASTEIZ AEROPUERTO,ARABA/ALAVA,513,"11,8","0,0","7,5",05:55,"16,2",12:34,23.0,"4,2","12,5",11:20,69.0,86.0,Varias,53.0,14:14,Vitoria,ES-PV
2023-11-01,9091R,VITORIA-GASTEIZ AEROPUERTO,ARABA/ALAVA,513,"14,1","16,3","10,4",00:00,"17,8",12:49,99.0,"8,9","28,3",Varias,69.0,91.0,08:10,46.0,11:27,Vitoria,ES-PV
2023-11-02,9091R,VITORIA-GASTEIZ AEROPUERTO,ARABA/ALAVA,513,"11,2","1,3","5,3",21:43,"17,1",02:11,22.0,"2,8","30,0",01:03,85.0,98.0,Varias,54.0,10:26,Vitoria,ES-PV
2023-11-03,9091R,VITORIA-GASTEIZ AEROPUERTO,ARABA/ALAVA,513,"8,8","2,6","5,8",06:11,"11,8",13:49,99.0,"5,0","18,9",Varias,70.0,86.0,Varias,56.0,14:24,Vitoria,ES-PV
2023-11-04,9091R,VITORIA-GASTEIZ AEROPUERTO,ARABA/ALAVA,513,"14,8","0,7","10,1",00:05,"19,6",13:44,24.0,"11,1","23,3",10:40,71.0,89.0,12:22,44.0,14:38,Vitoria,ES-PV
2023-11-05,9091R,VITORIA-GASTEIZ AEROPUERTO,ARABA/ALAVA,513,"12,0","0,5","8,5",05:30,"15,4",11:50,25.0,"6,1","16,9",02:24,68.0,92.0,19:37,50.0,12:54,Vitoria,ES-PV
2023-11-06,9091R,VITORIA-GASTEIZ AEROPUERTO,ARABA/ALAVA,513,"9,2",0,"4,2",23:56,"14,1",14:28,23.0,"4,4","12,8",10:13,72.0,93.0,Varias,43.0,14:29,Vitoria,ES-PV
2023-11-07,9091R,VITORIA-GASTEIZ AEROPUERTO,ARABA/ALAVA,513,"7,1","0,0","1,8",02:05,"12,4",15:11,99.0,"3,3","11,4",Varias,69.0,97.0,Varias,55.0,16:05,Vitoria,ES-PV
2023-11-08,9091R,VITORIA-GASTEIZ AEROPUERTO,ARABA/ALAVA,513,"7,2","6,0","1,7",00:57,"12,8",11:54,22.0,"4,7","14,4",Varias,77.0,98.0,02:49,66.0,11:58,Vitoria,ES-PV
2023-11-09,9091R,VITORIA-GASTEIZ AEROPUERTO,ARABA/ALAVA,513,"11,0","0,0","6,7",07:23,"15,3",Varias,24.0,"4,7","10,8",11:43,69.0,98.0,02:57,51.0,12:51,Vitoria,ES-PV
2023-11-10,9091R,VITORIA-GASTEIZ AEROPUERTO,ARABA/ALAVA,513,"11,4","4,9","8,8",07:06,"14,1",13:56,23.0,"3,1","8,3",Varias,85.0,94.0,Varias,62.0,00:41,Vitoria,ES-PV
2023-11-11,9091R,VITORIA-GASTEIZ AEROPUERTO,ARABA/ALAVA,513,"15,4","1,6","11,5",05:10,"19,2",15:18,22.0,"3,6","16,1",19:22,87.0,99.0,Varias,68.0,20:31,Vitoria,ES-PV
2023-11-12,9091R,VITORIA-GASTEIZ AEROPUERTO,ARABA/ALAVA,513,"16,2","0,0","12,2",07:05,"20,3",13:05,99.0,"3,6","12,5",Varias,68.0,87.0,Varias,52.0,13:43,Vitoria,ES-PV
2023-11-13,9091R,VITORIA-GASTEIZ AEROPUERTO,ARABA/ALAVA,513,"17,8","0,0","15,5",00:31,"20,1",11:27,21.0,"7,8","18,6",11:03,68.0,80.0,Varias,60.0,11:28,Vitoria,ES-PV
2023-11-14,9091R,VITORIA-GASTEIZ AEROPUERTO,ARABA/ALAVA,513,"16,4","1,7","12,5",Varias,"20,3",14:12,21.0,"6,4","15,0",10:48,73.0,98.0,Varias,54.0,14:15,Vitoria,ES-PV
2023-11-15,9091R,VITORIA-GASTEIZ AEROPUERTO,ARABA/ALAVA,513,"14,8","0,2","12,0",Varias,"17,6",14:44,25.0,"1,4","8,3",23:52,86.0,98.0,Varias,71.0,14:48,Vitoria,ES-PV
2023-11-16,9091R,VITORIA-GASTEIZ AEROPUERTO,ARABA/ALAVA,513,"14,6","1,3","11,1",Varias,"18,0",10:12,21.0,"3,9","14,4",05:31,91.0,96.0,Varias,75.0,09:46,Vitoria,ES-PV
2023-11-17,9091R,VITORIA-GASTEIZ AEROPUERTO,ARABA/ALAVA,513,"10,8","0,0","4,4",Varias,"17,3",15:21,99.0,"1,1","3,6",Varias,81.0,99.0,Varias,53.0,15:28,Vitoria,ES-PV
2023-11-18,9091R,VITORIA-GASTEIZ AEROPUERTO,ARABA/ALAVA,513,"11,3","0,0","2,2",07:04,"20,4",14:35,99.0,"2,2","8,3",Varias,78.0,99.0,Varias,60.0,14:27,Vitoria,ES-PV
2023-11-19,9091R,VITORIA-GASTEIZ AEROPUERTO,ARABA/ALAVA,513,"10,9","0,0","2,1",06:16,"19,7",14:23,2.0,"0,8","5,0",15:47,82.0,100.0,08:26,56.0,14:30,Vitoria,ES-PV
2023-11-20,9091R,VITORIA-GASTEIZ AEROPUERTO,ARABA/ALAVA,513,"9,4","1,6","4,3",00:40,"14,6",12:22,99.0,"3,3","11,4",Varias,88.0,100.0,Varias,77.0,21:29,Vitoria,ES-PV
2023-11-21,9091R,VITORIA-GASTEIZ AEROPUERTO,ARABA/ALAVA,513,"8,5","13,2","7,4",00:34,"9,6",14:37,32.0,"3,3","11,7",11:28,90.0,94.0,Varias,78.0,14:40,Vitoria,ES-PV
2023-11-22,9091R,VITORIA-GASTEIZ AEROPUERTO,ARABA/ALAVA,513,"8,7","3,7","6,6",23:50,"10,8",11:11,99.0,"6,9","12,8",Varias,85.0,94.0,00:59,78.0,20:59,Vitoria,ES-PV
2023-11-23,9091R,VITORIA-GASTEIZ AEROPUERTO,ARABA/ALAVA,513,"6,8","0,0","2,8",06:58,"10,9",14:00,36.0,"3,1","9,7",10:35,79.0,95.0,Varias,59.0,14:05,Vitoria,ES-PV
2023-11-24,9091R,VITORIA-GASTEIZ AEROPUERTO,ARABA/ALAVA,513,"9,3","0,0","7,3",00:25,"11,3",13:43,4.0,"2,2","8,3",Varias,82.0,94.0,Varias,70.0,13:58,Vitoria,ES-PV
2023-11-25,9091R,VITORIA-GASTEIZ AEROPUERTO,ARABA/ALAVA,513,"8,6","0,0","4,8",23:57,"12,4",12:48,99.0,"2,5","5,0",Varias,86.0,97.0,Varias,69.0,14:32,Vitoria,ES-PV
2023-11-26,9091R,VITORIA-GASTEIZ AEROPUERTO,ARABA/ALAVA,513,"6,4","0,3","1,3",03:11,"11,6",14:50,3.0,"1,1","5,0",13:15,90.0,99.0,Varias,67.0,14:53,Vitoria,ES-PV
2023-11-27,9091R,VITORIA-GASTEIZ AEROPUERTO,ARABA/ALAVA,513,"5,6","3,3","1,1",01:43,"10,1",22:41,31.0,"1,1","6,7",20:44,96.0,99.0,Varias,89.0,22:42,Vitoria,ES-PV
2023-11-28,9091R,VITORIA-GASTEIZ AEROPUERTO,ARABA/ALAVA,513,"10,6","1,7","8,0",01:59,"13,1",12:31,99.0,"2,5","5,0",Varias,91.0,99.0,Varias,80.0,13:12,Vitoria,ES-PV
2023-11-29,9091R,VITORIA-GASTEIZ AEROPUERTO,ARABA/ALAVA,513,"13,2","6,5","9,7",Varias,"16,6",18:50,22.0,"5,6","18,6",19:52,83.0,99.0,Varias,67.0,18:50,Vitoria,ES-PV
2023-11-30,9091R,VITORIA-GASTEIZ AEROPUERTO,ARABA/ALAVA,513,"11,3","40,6","7,2",23:57,"15,4",00:18,25.0,"1,7","13,3",04:17,95.0,98.0,Varias,76.0,00:03,Vitoria,ES-PV
2023-12-01,9091R,VITORIA-GASTEIZ AEROPUERTO,ARABA/ALAVA,513,"7,8","9,7","5,2",08:46,"10,3",14:25,22.0,"4,2","8,9",12:46,82.0,98.0,03:59,60.0,14:40,Vitoria,ES-PV
2023-12-02,9091R,VITORIA-GASTEIZ AEROPUERTO,ARABA/ALAVA,513,"4,6","1,2","-0,3",23:48,"9,5",12:44,31.0,"3,3","11,4",18:01,84.0,99.0,22:56,68.0,12:45,Vitoria,ES-PV
2023-12-03,9091R,VITORIA-GASTEIZ AEROPUERTO,ARABA/ALAVA,513,"4,8","0,0","-1,5",01:57,"11,0",13:39,99.0,"3,3","11,7",Varias,77.0,100.0,Varias,53.0,13:42,Vitoria,ES-PV
2023-12-04,9091R,VITORIA-GASTEIZ AEROPUERTO,ARABA/ALAVA,513,"9,3","3,0","4,3",22:02,"14,3",12:34,21.0,"5,0","16,1",09:28,76.0,94.0,Varias,59.0,13:24,Vitoria,ES-PV
2023-12-05,9091R,VITORIA-GASTEIZ AEROPUERTO,ARABA/ALAVA,513,"4,6","0,0","0,2",06:31,"8,9",12:26,99.0,"1,9","5,0",Varias,86.0,98.0,Varias,67.0,12:18,Vitoria,ES-PV
2023-12-06,9091R,VITORIA-GASTEIZ AEROPUERTO,ARABA/ALAVA,513,"4,8","0,0","-0,1",06:02,"9,7",13:31,22.0,"1,9","7,2",20:08,83.0,99.0,Varias,64.0,13:49,Vitoria,ES-PV
2023-12-07,9091R,VITORIA-GASTEIZ AEROPUERTO,ARABA/ALAVA,513,"4,6","7,0","0,7",00:15,"8,5",22:19,22.0,"3,9","9,2",Varias,85.0,96.0,Varias,51.0,04:10,Vitoria,ES-PV
2023-12-08,9091R,VITORIA-GASTEIZ AEROPUERTO,ARABA/ALAVA,513,"7,4",0,"3,5",22:50,"11,4",11:41,33.0,"2,2","8,9",04:55,82.0,100.0,04:05,64.0,11:43,Vitoria,ES-PV
2023-12-09,9091R,VITORIA-GASTEIZ AEROPUERTO,ARABA/ALAVA,513,"9,4","0,1","3,8",00:00,"15,0",15:25,21.0,"5,6","15,3",13:09,82.0,99.0,22:51,71.0,11:16,Vitoria,ES-PV
2023-12-10,9091R,VITORIA-GASTEIZ AEROPUERTO,ARABA/ALAVA,513,"13,4","0,0","10,0",03:00,"16,7",14:13,26.0,"4,4","15,3",16:04,81.0,99.0,Varias,70.0,15:22,Vitoria,ES-PV
2023-12-11,9091R,VITORIA-GASTEIZ AEROPUERTO,ARABA/ALAVA,513,"14,4","0,0","11,9",07:46,"16,9",12:52,23.0,"5,8","14,4",00:58,70.0,80.0,Varias,60.0,12:54,Vitoria,ES-PV
2023-12-12,9091R,VITORIA-GASTEIZ AEROPUERTO,ARABA/ALAVA,513,"13,3","3,4","9,3",22:40,"17,3",11:10,25.0,"6,9","14,4",12:15,80.0,97.0,Varias,66.0,11:11,Vitoria,ES-PV
2023-12-13,9091R,VITORIA-GASTEIZ AEROPUERTO,ARABA/ALAVA,513,"8,0","12,9","6,4",23:40,"9,6",00:40,34.0,"4,2","7,8",20:36,85.0,97.0,00:20,70.0,Varias,Vitoria,ES-PV
2023-12-14,9091R,VITORIA-GASTEIZ AEROPUERTO,ARABA/ALAVA,513,"8,0","2,1","6,0",02:50,"9,9",Varias,33.0,"4,4","12,2",03:40,85.0,95.0,Varias,71.0,14:10,Vitoria,ES-PV
2023-12-15,9091R,VITORIA-GASTEIZ AEROPUERTO,ARABA/ALAVA,513,"9,0","0,8","6,6",00:00,"11,3",12:00,2.0,"1,7","8,3",14:30,90.0,98.0,08:00,82.0,Varias,Vitoria,ES-PV
2023-12-16,9091R,VITORIA-GASTEIZ AEROPUERTO,ARABA/ALAVA,513,"5,2","0,0","-1,2",23:50,"11,6",14:22,2.0,"2,2","7,2",10:20,79.0,98.0,Varias,61.0,14:33,Vitoria,ES-PV
2023-12-17,9091R,VITORIA-GASTEIZ AEROPUERTO,ARABA/ALAVA,513,"3,3","0,0","-0,9",00:00,"7,5",14:46,99.0,"4,2","7,8",Varias,91.0,100.0,Varias,79.0,14:53,Vitoria,ES-PV
2023-12-18,9091R,VITORIA-GASTEIZ AEROPUERTO,ARABA/ALAVA,513,"2,3","0,0","-0,5",23:55,"5,1",14:29,21.0,"1,7","6,1",05:51,98.0,100.0,Varias,86.0,14:33,Vitoria,ES-PV
2023-12-19,9091R,VITORIA-GASTEIZ AEROPUERTO,ARABA/ALAVA,513,"0,4","2,8","-2,7",08:36,"3,4",16:18,31.0,"0,8","3,6",20:23,99.0,100.0,Varias,98.0,13:00,Vitoria,ES-PV
2023-12-20,9091R,VITORIA-GASTEIZ AEROPUERTO,ARABA/ALAVA,513,"6,1","1,9","3,0",00:00,"9,2",13:18,99.0,"2,5","10,3",Varias,90.0,100.0,Varias,76.0,13:19,Vitoria,ES-PV
2023-12-21,9091R,VITORIA-GASTEIZ AEROPUERTO,ARABA/ALAVA,513,"8,4","0,4","5,6",03:06,"11,3",15:20,33.0,"3,3","12,8",05:58,88.0,98.0,01:11,77.0,21:28,Vitoria,ES-PV
2023-12-22,9091R,VITORIA-GASTEIZ AEROPUERTO,ARABA/ALAVA,513,"10,0","0,2","8,2",Varias,"11,9",14:04,32.0,"3,9","10,3",14:46,89.0,96.0,Varias,73.0,22:35,Vitoria,ES-PV
2023-12-23,9091R,VITORIA-GASTEIZ AEROPUERTO,ARABA/ALAVA,513,"8,4","0,0","6,4",06:03,"10,4",13:05,30.0,"1,4","5,8",01:05,89.0,97.0,Varias,79.0,13:07,Vitoria,ES-PV
2023-12-24,9091R,VITORIA-GASTEIZ AEROPUERTO,ARABA/ALAVA,513,"6,4","0,1","-0,9",22:37,"13,7",15:40,30.0,"1,1","4,7",00:38,87.0,99.0,Varias,62.0,15:43,Vitoria,ES-PV
2023-12-25,9091R,VITORIA-GASTEIZ AEROPUERTO,ARABA/ALAVA,513,"3,4","0,1","-2,8",23:35,"9,6",15:36,99.0,"0,8","2,5",Varias,97.0,100.0,07:00,70.0,15:38,Vitoria,ES-PV
2023-12-26,9091R,VITORIA-GASTEIZ AEROPUERTO,ARABA/ALAVA,513,"3,2",0,"-4,6",04:28,"11,1",15:03,23.0,"0,8","4,7",Varias,87.0,99.0,Varias,49.0,15:11,Vitoria,ES-PV
2023-12-27,9091R,VITORIA-GASTEIZ AEROPUERTO,ARABA/ALAVA,513,"4,1","0,0","-2,7",00:50,"10,9",15:13,99.0,"4,2","11,7",12:08,73.0,96.0,00:30,52.0,15:12,Vitoria,ES-PV
2023-12-28,9091R,VITORIA-GASTEIZ AEROPUERTO,ARABA/ALAVA,513,"6,6","1,1","3,6",02:44,"9,6",09:53,25.0,"2,8","9,7",11:16,74.0,89.0,03:00,68.0,13:25,Vitoria,ES-PV
2023-12-29,9091R,VITORIA-GASTEIZ AEROPUERTO,ARABA/ALAVA,513,"9,2","0,0","5,3",21:49,"13,2",14:45,99.0,"1,7","8,3",Varias,85.0,99.0,Varias,73.0,14:57,Vitoria,ES-PV
2023-12-30,9091R,VITORIA-GASTEIZ AEROPUERTO,ARABA/ALAVA,513,"7,6",0,"2,3",01:45,"13,0",13:26,22.0,"4,4","16,9",23:10,80.0,100.0,Varias,61.0,23:40,Vitoria,ES-PV
2023-12-31,9091R,VITORIA-GASTEIZ AEROPUERTO,ARABA/ALAVA,513,"7,2","1,7","2,5",Varias,"11,9",00:03,21.0,"3,9","12,5",00:42,79.0,98.0,23:30,58.0,14:52,Vitoria,ES-PV
2023-07-01,1024E,"DONOSTIA / SAN SEBASTIÁN, IGELDO",GIPUZKOA,250,"18,3","0,9","15,6",05:10,"21,0",12:15,32.0,"4,4","11,1",16:00,83.0,99.0,20:05,71.0,Varias,Donosti,ES-PV
2023-07-02,1024E,"DONOSTIA / SAN SEBASTIÁN, IGELDO",GIPUZKOA,250,"19,2","9,8","17,0",00:20,"21,4",15:15,31.0,"1,9","6,9",10:10,94.0,100.0,Varias,87.0,17:00,Donosti,ES-PV
2023-07-03,1024E,"DONOSTIA / SAN SEBASTIÁN, IGELDO",GIPUZKOA,250,"18,8","0,6","15,6",03:30,"22,0",14:30,3.0,"2,2","6,4",11:40,84.0,98.0,Varias,74.0,Varias,Donosti,ES-PV
2023-07-04,1024E,"DONOSTIA / SAN SEBASTIÁN, IGELDO",GIPUZKOA,250,"19,0","1,7","15,5",06:50,"22,6",12:15,30.0,"3,6","7,2",07:10,81.0,96.0,Varias,59.0,12:10,Donosti,ES-PV
2023-07-05,1024E,"DONOSTIA / SAN SEBASTIÁN, IGELDO",GIPUZKOA,250,"19,2","0,0","17,0",03:10,"21,5",11:40,35.0,"1,9","6,9",12:10,85.0,92.0,Varias,74.0,10:00,Donosti,ES-PV
2023-07-06,1024E,"DONOSTIA / SAN SEBASTIÁN, IGELDO",GIPUZKOA,250,"19,0",0,"16,6",05:30,"21,5",12:45,99.0,"2,2","5,8",Varias,84.0,96.0,20:00,79.0,13:00,Donosti,ES-PV
2023-07-07,1024E,"DONOSTIA / SAN SEBASTIÁN, IGELDO",GIPUZKOA,250,"23,8","0,0","16,6",03:55,"31,0",12:30,18.0,"5,8","13,9",14:40,59.0,97.0,04:00,41.0,Varias,Donosti,ES-PV
2023-07-08,1024E,"DONOSTIA / SAN SEBASTIÁN, IGELDO",GIPUZKOA,250,"21,0","0,2","19,0",04:45,"22,9",15:15,33.0,"2,8","7,2",07:50,93.0,97.0,Varias,90.0,14:00,Donosti,ES-PV
2023-07-09,1024E,"DONOSTIA / SAN SEBASTIÁN, IGELDO",GIPUZKOA,250,"20,0","1,0","17,5",21:55,"22,4",14:45,28.0,"2,8","7,2",19:30,86.0,98.0,Varias,80.0,14:40,Donosti,ES-PV
2023-07-10,1024E,"DONOSTIA / SAN SEBASTIÁN, IGELDO",GIPUZKOA,250,"20,6","0,0","17,5",02:40,"23,8",14:15,33.0,"1,9","5,6",15:10,80.0,94.0,Varias,72.0,15:00,Donosti,ES-PV
2023-07-11,1024E,"DONOSTIA / SAN SEBASTIÁN, IGELDO",GIPUZKOA,250,"19,2","4,9","17,8",23:59,"20,5",00:10,32.0,"3,9","7,5",Varias,98.0,100.0,Varias,89.0,Varias,Donosti,ES-PV
2023-07-12,1024E,"DONOSTIA / SAN SEBASTIÁN, IGELDO",GIPUZKOA,250,"19,5","4,1","16,0",04:45,"23,0",15:40,35.0,"2,2","7,2",14:30,85.0,95.0,Varias,74.0,10:15,Donosti,ES-PV
2023-07-13,1024E,"DONOSTIA / SAN SEBASTIÁN, IGELDO",GIPUZKOA,250,"19,4","1,3","16,5",02:50,"22,3",14:15,3.0,"1,9","7,2",02:00,81.0,98.0,Varias,70.0,14:45,Donosti,ES-PV
2023-07-14,1024E,"DONOSTIA / SAN SEBASTIÁN, IGELDO",GIPUZKOA,250,"25,8",0,"17,3",04:20,"34,3",13:50,19.0,"3,3","13,1",10:30,64.0,90.0,Varias,41.0,14:00,Donosti,ES-PV
2023-07-15,1024E,"DONOSTIA / SAN SEBASTIÁN, IGELDO",GIPUZKOA,250,"18,4","6,8","15,9",14:30,"21,0",00:00,30.0,"3,3","11,9",14:40,90.0,100.0,Varias,79.0,18:00,Donosti,ES-PV
2023-07-16,1024E,"DONOSTIA / SAN SEBASTIÁN, IGELDO",GIPUZKOA,250,"18,0","0,2","15,5",03:50,"20,5",12:30,35.0,"1,4","6,1",15:40,84.0,91.0,02:00,72.0,23:00,Donosti,ES-PV
2023-07-17,1024E,"DONOSTIA / SAN SEBASTIÁN, IGELDO",GIPUZKOA,250,"19,8","0,0","17,2",06:10,"22,5",14:50,2.0,"1,9","5,3",Varias,73.0,93.0,22:00,66.0,15:00,Donosti,ES-PV
2023-07-18,1024E,"DONOSTIA / SAN SEBASTIÁN, IGELDO",GIPUZKOA,250,"20,0",0,"18,3",03:30,"21,6",09:45,31.0,"4,2","9,7",14:30,91.0,94.0,Varias,84.0,08:00,Donosti,ES-PV
2023-07-19,1024E,"DONOSTIA / SAN SEBASTIÁN, IGELDO",GIPUZKOA,250,"19,2","0,2","17,5",22:10,"21,0",14:10,35.0,"2,5","6,4",00:30,91.0,96.0,10:00,72.0,23:40,Donosti,ES-PV
2023-07-20,1024E,"DONOSTIA / SAN SEBASTIÁN, IGELDO",GIPUZKOA,250,"19,0","4,7","17,0",05:30,"21,0",14:30,36.0,"2,2","7,5",19:20,82.0,95.0,20:00,73.0,00:00,Donosti,ES-PV
2023-07-21,1024E,"DONOSTIA / SAN SEBASTIÁN, IGELDO",GIPUZKOA,250,"19,0","1,5","16,4",06:30,"21,6",14:45,34.0,"2,5","6,9",12:30,80.0,97.0,08:00,66.0,15:00,Donosti,ES-PV
2023-07-22,1024E,"DONOSTIA / SAN SEBASTIÁN, IGELDO",GIPUZKOA,250,"19,0","0,0","15,9",04:45,"22,2",17:20,36.0,"2,2","5,3",13:00,71.0,92.0,Varias,57.0,17:00,Donosti,ES-PV
2023-07-23,1024E,"DONOSTIA / SAN SEBASTIÁN, IGELDO",GIPUZKOA,250,"20,2","0,6","18,0",23:50,"22,5",12:30,31.0,"2,5","6,1",17:50,82.0,92.0,23:59,77.0,Varias,Donosti,ES-PV
2023-07-24,1024E,"DONOSTIA / SAN SEBASTIÁN, IGELDO",GIPUZKOA,250,"17,8","6,4","16,2",20:15,"19,5",14:15,32.0,"5,0","13,1",20:30,92.0,100.0,Varias,75.0,08:00,Donosti,ES-PV
2023-07-25,1024E,"DONOSTIA / SAN SEBASTIÁN, IGELDO",GIPUZKOA,250,"17,0","11,8","14,9",06:45,"19,0",17:30,30.0,"4,4","13,6",11:00,93.0,99.0,10:00,77.0,02:00,Donosti,ES-PV
2023-07-26,1024E,"DONOSTIA / SAN SEBASTIÁN, IGELDO",GIPUZKOA,250,"18,9","0,0","15,8",02:10,"22,0",15:45,34.0,"2,5","6,9",13:10,85.0,97.0,23:59,72.0,09:00,Donosti,ES-PV
2023-07-27,1024E,"DONOSTIA / SAN SEBASTIÁN, IGELDO",GIPUZKOA,250,"19,8","0,0","16,0",04:30,"23,5",12:30,31.0,"3,3","9,4",14:20,87.0,98.0,00:30,80.0,13:00,Donosti,ES-PV
2023-07-28,1024E,"DONOSTIA / SAN SEBASTIÁN, IGELDO",GIPUZKOA,250,"22,2","0,0","17,0",05:45,"27,3",11:50,99.0,"3,1","6,1",Varias,82.0,96.0,01:00,62.0,11:00,Donosti,ES-PV
2023-07-29,1024E,"DONOSTIA / SAN SEBASTIÁN, IGELDO",GIPUZKOA,250,"21,3","5,0","18,0",05:30,"24,6",10:45,32.0,"5,0","10,6",13:10,92.0,95.0,Varias,63.0,10:00,Donosti,ES-PV
2023-07-30,1024E,"DONOSTIA / SAN SEBASTIÁN, IGELDO",GIPUZKOA,250,"19,2","0,0","16,2",23:59,"22,1",12:40,31.0,"2,5","8,1",05:30,78.0,99.0,05:00,69.0,14:00,Donosti,ES-PV
2023-07-31,1024E,"DONOSTIA / SAN SEBASTIÁN, IGELDO",GIPUZKOA,250,"18,8","0,0","14,8",05:10,"22,7",14:10,34.0,"2,5","6,1",16:50,79.0,94.0,05:50,70.0,14:00,Donosti,ES-PV
2023-08-01,1024E,"DONOSTIA / SAN SEBASTIÁN, IGELDO",GIPUZKOA,250,"20,5","0,2","18,0",01:50,"23,0",11:50,27.0,"3,6","9,4",10:20,82.0,96.0,Varias,71.0,07:00,Donosti,ES-PV
2023-08-02,1024E,"DONOSTIA / SAN SEBASTIÁN, IGELDO",GIPUZKOA,250,"22,6","9,8","17,0",23:45,"28,1",12:15,32.0,"6,7","16,1",13:10,88.0,97.0,16:20,59.0,12:10,Donosti,ES-PV
2023-08-03,1024E,"DONOSTIA / SAN SEBASTIÁN, IGELDO",GIPUZKOA,250,"17,4","26,0","14,9",09:15,"20,0",11:30,32.0,"5,8","16,4",16:30,84.0,96.0,09:00,74.0,Varias,Donosti,ES-PV
2023-08-04,1024E,"DONOSTIA / SAN SEBASTIÁN, IGELDO",GIPUZKOA,250,"16,8","1,0","13,8",04:45,"19,7",13:30,33.0,"6,1","17,8",04:00,80.0,97.0,05:00,72.0,Varias,Donosti,ES-PV
2023-08-05,1024E,"DONOSTIA / SAN SEBASTIÁN, IGELDO",GIPUZKOA,250,"17,5","5,7","14,5",04:30,"20,5",14:30,31.0,"3,6","10,8",17:20,82.0,100.0,Varias,65.0,10:30,Donosti,ES-PV
2023-08-06,1024E,"DONOSTIA / SAN SEBASTIÁN, IGELDO",GIPUZKOA,250,"17,8","0,0","15,7",Varias,"20,0",13:10,30.0,"3,6","7,8",00:20,72.0,98.0,04:50,63.0,11:50,Donosti,ES-PV
2023-08-07,1024E,"DONOSTIA / SAN SEBASTIÁN, IGELDO",GIPUZKOA,250,"17,4","0,0","14,3",05:00,"20,5",18:15,5.0,"3,3","7,5",12:20,74.0,89.0,23:59,59.0,11:30,Donosti,ES-PV
2023-08-08,1024E,"DONOSTIA / SAN SEBASTIÁN, IGELDO",GIPUZKOA,250,"19,1","0,0","15,0",06:40,"23,2",14:30,36.0,"2,2","5,0",15:50,81.0,95.0,06:00,69.0,16:00,Donosti,ES-PV
2023-08-09,1024E,"DONOSTIA / SAN SEBASTIÁN, IGELDO",GIPUZKOA,250,"24,4","0,3","16,7",06:05,"32,1",15:50,31.0,"2,8","17,2",21:20,71.0,96.0,06:00,55.0,11:00,Donosti,ES-PV
2023-08-10,1024E,"DONOSTIA / SAN SEBASTIÁN, IGELDO",GIPUZKOA,250,"20,8","0,0","18,3",23:59,"23,3",14:15,30.0,"2,8","12,8",00:20,77.0,94.0,00:00,74.0,14:30,Donosti,ES-PV
2023-08-11,1024E,"DONOSTIA / SAN SEBASTIÁN, IGELDO",GIPUZKOA,250,"20,8","0,0","16,2",04:55,"25,5",16:55,18.0,"2,2","5,0",06:30,81.0,95.0,Varias,70.0,11:20,Donosti,ES-PV
2023-08-12,1024E,"DONOSTIA / SAN SEBASTIÁN, IGELDO",GIPUZKOA,250,"20,4","8,1","17,2",22:15,"23,7",12:45,32.0,"3,3","8,1",,91.0,100.0,Varias,73.0,10:00,Donosti,ES-PV
2023-08-13,1024E,"DONOSTIA / SAN SEBASTIÁN, IGELDO",GIPUZKOA,250,"19,0","0,1","17,0",04:50,"21,0",11:10,36.0,"2,2","6,9",23:10,88.0,98.0,Varias,80.0,16:00,Donosti,ES-PV
2023-08-14,1024E,"DONOSTIA / SAN SEBASTIÁN, IGELDO",GIPUZKOA,250,"19,8",0,"17,9",22:00,"21,6",14:30,30.0,"2,8","6,9",21:40,92.0,100.0,Varias,78.0,14:00,Donosti,ES-PV
2023-08-15,1024E,"DONOSTIA / SAN SEBASTIÁN, IGELDO",GIPUZKOA,250,"19,4","1,5","16,7",04:50,"22,0",12:20,35.0,"2,2","7,5",23:00,87.0,96.0,23:59,78.0,12:20,Donosti,ES-PV
2023-08-16,1024E,"DONOSTIA / SAN SEBASTIÁN, IGELDO",GIPUZKOA,250,"20,4","0,9","18,3",03:45,"22,4",13:30,33.0,"2,2","6,9",02:00,93.0,99.0,Varias,82.0,14:00,Donosti,ES-PV
2023-08-17,1024E,"DONOSTIA / SAN SEBASTIÁN, IGELDO",GIPUZKOA,250,"20,9","0,0","18,3",05:30,"23,5",12:30,31.0,"2,2","6,7",19:10,88.0,95.0,21:30,81.0,14:00,Donosti,ES-PV
2023-08-18,1024E,"DONOSTIA / SAN SEBASTIÁN, IGELDO",GIPUZKOA,250,"25,4","0,0","19,1",06:00,"31,6",13:45,31.0,"1,7","10,3",23:10,84.0,98.0,Varias,62.0,14:00,Donosti,ES-PV
2023-08-19,1024E,"DONOSTIA / SAN SEBASTIÁN, IGELDO",GIPUZKOA,250,"23,0",0,"20,6",03:45,"25,5",15:50,2.0,"2,5","6,4",13:30,86.0,98.0,00:00,73.0,16:00,Donosti,ES-PV
2023-08-20,1024E,"DONOSTIA / SAN SEBASTIÁN, IGELDO",GIPUZKOA,250,"21,8",0,"20,4",Varias,"23,2",12:45,31.0,"2,8","6,1",Varias,92.0,96.0,Varias,88.0,Varias,Donosti,ES-PV
2023-08-21,1024E,"DONOSTIA / SAN SEBASTIÁN, IGELDO",GIPUZKOA,250,"22,3","0,0","19,8",03:30,"24,8",12:45,29.0,"2,8","5,8",22:30,86.0,97.0,23:00,79.0,13:00,Donosti,ES-PV
2023-08-22,1024E,"DONOSTIA / SAN SEBASTIÁN, IGELDO",GIPUZKOA,250,"22,6","0,0","19,8",02:10,"25,5",14:15,34.0,"2,8","5,8",12:50,84.0,96.0,00:00,77.0,14:30,Donosti,ES-PV
2023-08-23,1024E,"DONOSTIA / SAN SEBASTIÁN, IGELDO",GIPUZKOA,250,"28,0","0,0","20,2",05:10,"35,7",14:30,18.0,"2,5","10,6",23:59,70.0,97.0,05:00,41.0,23:59,Donosti,ES-PV
2023-08-24,1024E,"DONOSTIA / SAN SEBASTIÁN, IGELDO",GIPUZKOA,250,"26,8",0,"21,2",22:15,"32,5",08:15,18.0,"6,4","13,1",04:20,68.0,96.0,18:00,30.0,08:15,Donosti,ES-PV
2023-08-25,1024E,"DONOSTIA / SAN SEBASTIÁN, IGELDO",GIPUZKOA,250,"19,8","7,4","17,6",23:59,"22,1",11:30,34.0,"3,1","8,6",05:20,89.0,96.0,22:00,80.0,15:00,Donosti,ES-PV
2023-08-26,1024E,"DONOSTIA / SAN SEBASTIÁN, IGELDO",GIPUZKOA,250,"16,3","18,5","14,2",23:59,"18,4",00:10,32.0,"2,8","12,8",19:00,96.0,100.0,Varias,80.0,16:10,Donosti,ES-PV
2023-08-27,1024E,"DONOSTIA / SAN SEBASTIÁN, IGELDO",GIPUZKOA,250,"16,5","8,4","14,0",00:10,"19,0",23:30,34.0,"7,2","17,5",07:50,79.0,95.0,Varias,65.0,15:00,Donosti,ES-PV
2023-08-28,1024E,"DONOSTIA / SAN SEBASTIÁN, IGELDO",GIPUZKOA,250,"18,0","24,3","16,5",05:30,"19,5",14:45,31.0,"9,2","20,3",12:00,92.0,99.0,18:00,75.0,Varias,Donosti,ES-PV
2023-08-29,1024E,"DONOSTIA / SAN SEBASTIÁN, IGELDO",GIPUZKOA,250,"17,4","13,4","15,5",09:05,"19,2",12:10,32.0,"4,4","11,7",Varias,79.0,98.0,Varias,72.0,07:10,Donosti,ES-PV
2023-08-30,1024E,"DONOSTIA / SAN SEBASTIÁN, IGELDO",GIPUZKOA,250,"17,6","3,5","15,5",00:30,"19,8",16:30,29.0,"6,1","15,3",08:20,80.0,98.0,Varias,68.0,15:00,Donosti,ES-PV
2023-08-31,1024E,"DONOSTIA / SAN SEBASTIÁN, IGELDO",GIPUZKOA,250,"18,6","0,0","14,6",03:55,"22,6",14:10,25.0,"2,5","5,8",00:10,79.0,90.0,23:59,72.0,Varias,Donosti,ES-PV
2023-09-01,1024E,"DONOSTIA / SAN SEBASTIÁN, IGELDO",GIPUZKOA,250,"19,6","6,5","16,5",05:15,"22,6",13:15,33.0,"2,2","8,3",20:00,89.0,98.0,Varias,78.0,Varias,Donosti,ES-PV
2023-09-02,1024E,"DONOSTIA / SAN SEBASTIÁN, IGELDO",GIPUZKOA,250,"17,3","39,8","15,8",14:30,"18,8",05:45,16.0,"3,3","10,0",14:50,97.0,100.0,13:00,77.0,20:00,Donosti,ES-PV
2023-09-03,1024E,"DONOSTIA / SAN SEBASTIÁN, IGELDO",GIPUZKOA,250,"19,6",0,"15,4",06:10,"23,7",14:40,99.0,"1,4","5,6",Varias,83.0,92.0,09:00,69.0,23:59,Donosti,ES-PV
2023-09-04,1024E,"DONOSTIA / SAN SEBASTIÁN, IGELDO",GIPUZKOA,250,"25,2","0,8","20,3",19:30,"30,0",12:45,17.0,"3,9","17,2",10:20,57.0,85.0,20:00,45.0,10:00,Donosti,ES-PV
2023-09-05,1024E,"DONOSTIA / SAN SEBASTIÁN, IGELDO",GIPUZKOA,250,"27,0","0,0","23,6",23:59,"30,4",12:45,17.0,"3,9","15,6",02:50,60.0,78.0,22:00,50.0,12:00,Donosti,ES-PV
2023-09-06,1024E,"DONOSTIA / SAN SEBASTIÁN, IGELDO",GIPUZKOA,250,"26,4","0,0","21,9",23:30,"31,0",14:20,19.0,"5,3","15,0",07:40,50.0,76.0,22:00,40.0,Varias,Donosti,ES-PV
2023-09-07,1024E,"DONOSTIA / SAN SEBASTIÁN, IGELDO",GIPUZKOA,250,"26,7","1,0","22,2",00:15,"31,2",16:00,19.0,"5,0","13,3",09:00,50.0,75.0,21:00,45.0,15:00,Donosti,ES-PV
2023-09-08,1024E,"DONOSTIA / SAN SEBASTIÁN, IGELDO",GIPUZKOA,250,"24,8","0,0","20,8",05:45,"28,7",15:15,29.0,"1,7","12,8",00:10,82.0,99.0,Varias,41.0,23:59,Donosti,ES-PV
2023-09-09,1024E,"DONOSTIA / SAN SEBASTIÁN, IGELDO",GIPUZKOA,250,"26,5","3,5","20,6",05:50,"32,4",14:20,17.0,"2,2","15,6",02:00,67.0,96.0,Varias,39.0,02:00,Donosti,ES-PV
2023-09-10,1024E,"DONOSTIA / SAN SEBASTIÁN, IGELDO",GIPUZKOA,250,"22,0","0,9","19,0",03:15,"25,0",15:15,19.0,"2,5","13,1",04:50,86.0,97.0,Varias,72.0,15:00,Donosti,ES-PV
2023-09-11,1024E,"DONOSTIA / SAN SEBASTIÁN, IGELDO",GIPUZKOA,250,"21,2","11,5","17,8",18:00,"24,5",14:15,27.0,"3,1","18,1",17:20,92.0,97.0,Varias,82.0,14:00,Donosti,ES-PV
2023-09-12,1024E,"DONOSTIA / SAN SEBASTIÁN, IGELDO",GIPUZKOA,250,"19,6","3,6","17,5",Varias,"21,6",09:55,33.0,"4,4","10,0",13:30,92.0,98.0,Varias,83.0,08:00,Donosti,ES-PV
2023-09-13,1024E,"DONOSTIA / SAN SEBASTIÁN, IGELDO",GIPUZKOA,250,"18,6","4,7","16,7",03:30,"20,5",11:50,99.0,"1,7","6,1",Varias,90.0,98.0,Varias,85.0,18:00,Donosti,ES-PV
2023-09-14,1024E,"DONOSTIA / SAN SEBASTIÁN, IGELDO",GIPUZKOA,250,"19,3","0,0","16,5",04:45,"22,1",14:30,6.0,"2,8","6,7",13:20,86.0,97.0,23:30,77.0,14:00,Donosti,ES-PV
2023-09-15,1024E,"DONOSTIA / SAN SEBASTIÁN, IGELDO",GIPUZKOA,250,"21,2","0,1","18,3",01:30,"24,2",11:15,18.0,"6,4","16,1",06:10,74.0,96.0,Varias,63.0,12:00,Donosti,ES-PV
2023-09-16,1024E,"DONOSTIA / SAN SEBASTIÁN, IGELDO",GIPUZKOA,250,"23,0","0,0","20,5",04:55,"25,4",14:15,17.0,"6,1","17,2",11:20,61.0,84.0,21:00,55.0,17:40,Donosti,ES-PV
2023-09-17,1024E,"DONOSTIA / SAN SEBASTIÁN, IGELDO",GIPUZKOA,250,"23,0",0,"20,4",23:59,"25,6",09:15,21.0,"4,4","21,1",13:10,63.0,73.0,00:00,53.0,20:00,Donosti,ES-PV
2023-09-18,1024E,"DONOSTIA / SAN SEBASTIÁN, IGELDO",GIPUZKOA,250,"20,4","1,3","17,3",23:59,"23,5",10:15,21.0,"7,2","16,4",06:10,69.0,86.0,23:59,49.0,08:00,Donosti,ES-PV
2023-09-19,1024E,"DONOSTIA / SAN SEBASTIÁN, IGELDO",GIPUZKOA,250,"18,7","0,0","15,9",05:50,"21,5",14:40,26.0,"2,5","6,4",00:50,82.0,96.0,Varias,69.0,11:15,Donosti,ES-PV
2023-09-20,1024E,"DONOSTIA / SAN SEBASTIÁN, IGELDO",GIPUZKOA,250,"20,6","0,0","16,0",05:40,"25,2",11:30,18.0,"3,9","12,5",22:10,84.0,93.0,00:00,47.0,23:59,Donosti,ES-PV
2023-09-21,1024E,"DONOSTIA / SAN SEBASTIÁN, IGELDO",GIPUZKOA,250,"18,4","12,8","14,2",21:30,"22,6",00:30,21.0,"6,9","20,0",03:20,75.0,99.0,10:30,45.0,03:00,Donosti,ES-PV
2023-09-22,1024E,"DONOSTIA / SAN SEBASTIÁN, IGELDO",GIPUZKOA,250,"15,4","11,2","13,0",17:50,"17,7",09:30,30.0,"5,8","15,6",11:30,79.0,91.0,Varias,61.0,Varias,Donosti,ES-PV
2023-09-23,1024E,"DONOSTIA / SAN SEBASTIÁN, IGELDO",GIPUZKOA,250,"16,0","0,4","12,8",Varias,"19,1",16:25,27.0,"2,2","11,1",01:30,80.0,95.0,07:25,66.0,16:20,Donosti,ES-PV
2023-09-24,1024E,"DONOSTIA / SAN SEBASTIÁN, IGELDO",GIPUZKOA,250,"20,3","0,0","13,2",04:20,"27,4",14:30,30.0,"4,4","10,0",20:50,59.0,89.0,Varias,41.0,15:00,Donosti,ES-PV
2023-09-25,1024E,"DONOSTIA / SAN SEBASTIÁN, IGELDO",GIPUZKOA,250,"19,6","0,0","16,4",04:20,"22,8",16:15,19.0,"1,9","6,7",23:40,85.0,94.0,Varias,68.0,04:00,Donosti,ES-PV
2023-09-26,1024E,"DONOSTIA / SAN SEBASTIÁN, IGELDO",GIPUZKOA,250,"19,0","0,0","16,6",06:20,"21,3",14:45,18.0,"1,7","7,2",01:10,94.0,99.0,Varias,53.0,00:50,Donosti,ES-PV
2023-09-27,1024E,"DONOSTIA / SAN SEBASTIÁN, IGELDO",GIPUZKOA,250,"21,8","0,0","16,0",02:10,"27,6",12:30,19.0,"5,0","15,0",10:30,64.0,99.0,Varias,49.0,Varias,Donosti,ES-PV
2023-09-28,1024E,"DONOSTIA / SAN SEBASTIÁN, IGELDO",GIPUZKOA,250,"22,3","0,0","16,6",06:00,"28,0",11:30,18.0,"2,5","11,4",09:30,62.0,82.0,06:00,48.0,11:30,Donosti,ES-PV
2023-09-29,1024E,"DONOSTIA / SAN SEBASTIÁN, IGELDO",GIPUZKOA,250,"20,0","0,0","17,5",06:30,"22,6",13:30,99.0,"2,2","6,1",Varias,88.0,99.0,22:00,77.0,13:00,Donosti,ES-PV
2023-09-30,1024E,"DONOSTIA / SAN SEBASTIÁN, IGELDO",GIPUZKOA,250,"22,2","0,0","16,5",06:10,"28,0",16:05,17.0,"1,9","5,3",23:55,80.0,100.0,Varias,66.0,12:50,Donosti,ES-PV
2023-10-01,1024E,"DONOSTIA / SAN SEBASTIÁN, IGELDO",GIPUZKOA,250,"23,7","0,0","20,0",23:59,"27,4",10:20,18.0,"3,3","6,9",05:20,56.0,84.0,23:00,49.0,13:00,Donosti,ES-PV
2023-10-02,1024E,"DONOSTIA / SAN SEBASTIÁN, IGELDO",GIPUZKOA,250,"24,8","0,0","17,8",23:59,"31,7",Varias,18.0,"8,9","17,2",08:50,60.0,98.0,18:00,39.0,13:00,Donosti,ES-PV
2023-10-03,1024E,"DONOSTIA / SAN SEBASTIÁN, IGELDO",GIPUZKOA,250,"19,0","0,3","17,0",23:50,"21,0",12:15,34.0,"2,8","8,9",15:00,91.0,100.0,15:00,81.0,Varias,Donosti,ES-PV
2023-10-04,1024E,"DONOSTIA / SAN SEBASTIÁN, IGELDO",GIPUZKOA,250,"17,8","0,0","15,5",07:15,"20,2",14:10,10.0,"2,2","4,7",00:20,88.0,95.0,Varias,81.0,Varias,Donosti,ES-PV
2023-10-05,1024E,"DONOSTIA / SAN SEBASTIÁN, IGELDO",GIPUZKOA,250,"19,0","0,0","16,5",03:30,"21,5",15:30,1.0,"1,4","4,4",13:40,90.0,100.0,Varias,75.0,16:00,Donosti,ES-PV
2023-10-06,1024E,"DONOSTIA / SAN SEBASTIÁN, IGELDO",GIPUZKOA,250,"19,7","0,0","16,9",02:30,"22,5",15:15,35.0,"1,9","3,6",14:00,89.0,98.0,19:00,75.0,14:00,Donosti,ES-PV
2023-10-07,1024E,"DONOSTIA / SAN SEBASTIÁN, IGELDO",GIPUZKOA,250,"22,2","0,0","16,4",05:50,"28,0",13:05,11.0,"2,8","4,7",18:00,76.0,99.0,Varias,62.0,14:00,Donosti,ES-PV
2023-10-08,1024E,"DONOSTIA / SAN SEBASTIÁN, IGELDO",GIPUZKOA,250,"22,4","0,0","18,4",23:59,"26,4",11:30,17.0,"1,9","4,2",00:40,70.0,91.0,21:20,55.0,15:30,Donosti,ES-PV
2023-10-09,1024E,"DONOSTIA / SAN SEBASTIÁN, IGELDO",GIPUZKOA,250,"19,2","0,0","16,5",20:40,"21,8",13:15,33.0,"1,4","3,9",12:20,64.0,92.0,09:00,53.0,Varias,Donosti,ES-PV
2023-10-10,1024E,"DONOSTIA / SAN SEBASTIÁN, IGELDO",GIPUZKOA,250,"20,2","0,0","15,4",06:15,"25,0",13:30,19.0,"2,2","6,7",06:40,60.0,81.0,06:00,40.0,17:00,Donosti,ES-PV
2023-10-11,1024E,"DONOSTIA / SAN SEBASTIÁN, IGELDO",GIPUZKOA,250,"23,4","0,0","17,4",04:05,"29,3",14:20,18.0,"3,3","10,0",10:10,46.0,75.0,Varias,35.0,Varias,Donosti,ES-PV
2023-10-12,1024E,"DONOSTIA / SAN SEBASTIÁN, IGELDO",GIPUZKOA,250,"23,6","0,0","17,5",03:30,"29,6",15:00,19.0,"5,6","14,4",22:20,42.0,64.0,01:30,33.0,13:30,Donosti,ES-PV
2023-10-13,1024E,"DONOSTIA / SAN SEBASTIÁN, IGELDO",GIPUZKOA,250,"23,0","0,3","18,5",23:59,"27,5",12:45,18.0,"6,7","13,9",06:40,43.0,89.0,22:00,38.0,Varias,Donosti,ES-PV
2023-10-14,1024E,"DONOSTIA / SAN SEBASTIÁN, IGELDO",GIPUZKOA,250,"17,9","5,7","15,2",,"20,6",09:55,2.0,"3,6","9,4",14:10,94.0,98.0,Varias,81.0,10:00,Donosti,ES-PV
2023-10-15,1024E,"DONOSTIA / SAN SEBASTIÁN, IGELDO",GIPUZKOA,250,"15,4","0,6","13,0",21:50,"17,7",11:15,4.0,"2,5","7,2",12:20,80.0,100.0,Varias,45.0,11:20,Donosti,ES-PV
2023-10-16,1024E,"DONOSTIA / SAN SEBASTIÁN, IGELDO",GIPUZKOA,250,"18,7","0,0","14,0",00:00,"23,4",13:30,16.0,"5,3","14,7",,69.0,95.0,00:00,56.0,13:30,Donosti,ES-PV
2023-10-17,1024E,"DONOSTIA / SAN SEBASTIÁN, IGELDO",GIPUZKOA,250,"23,2",0,"20,0",07:30,"26,3",15:30,17.0,"14,7","26,4",15:40,50.0,65.0,00:00,42.0,21:00,Donosti,ES-PV
2023-10-18,1024E,"DONOSTIA / SAN SEBASTIÁN, IGELDO",GIPUZKOA,250,"22,9","0,0","20,4",10:50,"25,4",13:50,18.0,"6,4","21,4",04:40,61.0,81.0,11:00,42.0,23:59,Donosti,ES-PV
2023-10-19,1024E,"DONOSTIA / SAN SEBASTIÁN, IGELDO",GIPUZKOA,250,"18,1","0,6","14,0",22:10,"22,2",00:30,20.0,"8,1","25,3",01:30,62.0,88.0,14:15,42.0,00:00,Donosti,ES-PV
2023-10-20,1024E,"DONOSTIA / SAN SEBASTIÁN, IGELDO",GIPUZKOA,250,"14,3","6,4","12,2",23:59,"16,4",07:10,29.0,"8,1","19,2",13:20,73.0,91.0,12:00,56.0,03:00,Donosti,ES-PV
2023-10-21,1024E,"DONOSTIA / SAN SEBASTIÁN, IGELDO",GIPUZKOA,250,"14,2","0,0","9,7",06:30,"18,6",14:05,26.0,"3,6","12,5",02:10,62.0,87.0,22:50,46.0,Varias,Donosti,ES-PV
2023-10-22,1024E,"DONOSTIA / SAN SEBASTIÁN, IGELDO",GIPUZKOA,250,"15,0","15,3","10,6",01:15,"19,5",14:15,17.0,"6,1","15,3",12:40,53.0,86.0,23:59,41.0,15:00,Donosti,ES-PV
2023-10-23,1024E,"DONOSTIA / SAN SEBASTIÁN, IGELDO",GIPUZKOA,250,"14,6","20,2","10,5",06:30,"18,8",13:15,31.0,"4,4","12,5",18:00,88.0,100.0,Varias,64.0,12:00,Donosti,ES-PV
2023-10-24,1024E,"DONOSTIA / SAN SEBASTIÁN, IGELDO",GIPUZKOA,250,"13,8","1,0","10,0",06:30,"17,5",15:30,21.0,"9,4","20,8",15:30,71.0,92.0,Varias,53.0,Varias,Donosti,ES-PV
2023-10-25,1024E,"DONOSTIA / SAN SEBASTIÁN, IGELDO",GIPUZKOA,250,"17,5","15,3","14,9",05:15,"20,1",23:45,19.0,"5,0","15,3",01:00,70.0,94.0,04:00,61.0,Varias,Donosti,ES-PV
2023-10-26,1024E,"DONOSTIA / SAN SEBASTIÁN, IGELDO",GIPUZKOA,250,"16,6","23,9","13,3",Varias,"20,0",00:30,29.0,"3,3","13,6",18:10,94.0,100.0,Varias,63.0,Varias,Donosti,ES-PV
2023-10-27,1024E,"DONOSTIA / SAN SEBASTIÁN, IGELDO",GIPUZKOA,250,"14,7","0,1","12,0",06:30,"17,4",14:10,23.0,"5,0","16,1",08:50,69.0,74.0,Varias,58.0,Varias,Donosti,ES-PV
2023-10-28,1024E,"DONOSTIA / SAN SEBASTIÁN, IGELDO",GIPUZKOA,250,"17,8","0,0","15,0",00:10,"20,6",18:55,18.0,"9,7","20,0",19:40,52.0,70.0,23:59,45.0,19:00,Donosti,ES-PV
2023-10-29,1024E,"DONOSTIA / SAN SEBASTIÁN, IGELDO",GIPUZKOA,250,"16,8","5,9","14,2",18:10,"19,5",Varias,20.0,"6,7","16,7",04:50,70.0,97.0,16:00,50.0,06:00,Donosti,ES-PV
2023-10-30,1024E,"DONOSTIA / SAN SEBASTIÁN, IGELDO",GIPUZKOA,250,"14,4","2,0","11,5",21:50,"17,3",16:05,18.0,"3,9","18,3",00:10,76.0,98.0,08:05,52.0,17:40,Donosti,ES-PV
2023-10-31,1024E,"DONOSTIA / SAN SEBASTIÁN, IGELDO",GIPUZKOA,250,"15,5","0,0","11,9",07:30,"19,1",13:15,18.0,"4,2","14,7",22:50,59.0,65.0,Varias,48.0,Varias,Donosti,ES-PV
2023-11-01,1024E,"DONOSTIA / SAN SEBASTIÁN, IGELDO",GIPUZKOA,250,"16,1","40,2","12,0",08:30,"20,2",23:59,19.0,"5,8","31,9",21:40,61.0,96.0,08:00,49.0,03:00,Donosti,ES-PV
2023-11-02,1024E,"DONOSTIA / SAN SEBASTIÁN, IGELDO",GIPUZKOA,250,"14,2","15,7","7,7",19:15,"20,8",01:00,20.0,"8,9","31,4",00:20,85.0,99.0,02:45,53.0,01:00,Donosti,ES-PV
2023-11-03,1024E,"DONOSTIA / SAN SEBASTIÁN, IGELDO",GIPUZKOA,250,"10,0","12,6","7,5",10:30,"12,4",23:59,26.0,"8,6","23,6",03:20,76.0,87.0,09:00,58.0,00:00,Donosti,ES-PV
2023-11-04,1024E,"DONOSTIA / SAN SEBASTIÁN, IGELDO",GIPUZKOA,250,"15,0","27,8","11,0",13:05,"19,0",09:20,20.0,"7,8","28,3",08:40,72.0,100.0,Varias,46.0,19:05,Donosti,ES-PV
2023-11-05,1024E,"DONOSTIA / SAN SEBASTIÁN, IGELDO",GIPUZKOA,250,"14,6","0,3","11,4",23:59,"17,8",12:10,22.0,"3,9","18,1",01:00,65.0,90.0,19:00,49.0,13:00,Donosti,ES-PV
2023-11-06,1024E,"DONOSTIA / SAN SEBASTIÁN, IGELDO",GIPUZKOA,250,"12,0","4,6","9,4",23:59,"14,6",13:30,25.0,"5,3","13,1",18:10,67.0,84.0,04:00,55.0,12:00,Donosti,ES-PV
2023-11-07,1024E,"DONOSTIA / SAN SEBASTIÁN, IGELDO",GIPUZKOA,250,"11,0","2,3","7,0",Varias,"15,0",12:40,20.0,"5,0","13,1",09:40,65.0,84.0,Varias,49.0,13:00,Donosti,ES-PV
2023-11-08,1024E,"DONOSTIA / SAN SEBASTIÁN, IGELDO",GIPUZKOA,250,"12,6","25,0","8,9",02:15,"16,3",12:45,18.0,"9,4","19,4",21:40,60.0,89.0,23:59,42.0,13:00,Donosti,ES-PV
2023-11-09,1024E,"DONOSTIA / SAN SEBASTIÁN, IGELDO",GIPUZKOA,250,"12,3","3,4","9,7",04:30,"14,9",14:30,28.0,"4,4","12,5",12:00,75.0,100.0,02:00,65.0,13:00,Donosti,ES-PV
2023-11-10,1024E,"DONOSTIA / SAN SEBASTIÁN, IGELDO",GIPUZKOA,250,"11,0","18,4","9,9",05:10,"12,1",03:10,28.0,"5,0","13,3",06:30,95.0,100.0,Varias,75.0,03:00,Donosti,ES-PV
2023-11-11,1024E,"DONOSTIA / SAN SEBASTIÁN, IGELDO",GIPUZKOA,250,"15,0","14,5","11,0",00:00,"19,0",16:15,26.0,"1,9","15,3",23:59,98.0,100.0,Varias,78.0,16:00,Donosti,ES-PV
2023-11-12,1024E,"DONOSTIA / SAN SEBASTIÁN, IGELDO",GIPUZKOA,250,"17,8","0,0","14,6",07:30,"20,9",13:20,27.0,"3,6","14,7",00:10,72.0,93.0,Varias,56.0,13:00,Donosti,ES-PV
2023-11-13,1024E,"DONOSTIA / SAN SEBASTIÁN, IGELDO",GIPUZKOA,250,"20,4","0,0","17,6",00:20,"23,2",12:30,19.0,"7,8","16,9",04:20,57.0,67.0,07:00,48.0,Varias,Donosti,ES-PV
2023-11-14,1024E,"DONOSTIA / SAN SEBASTIÁN, IGELDO",GIPUZKOA,250,"17,6","7,5","13,0",Varias,"22,2",13:00,18.0,"4,4","14,7",08:30,71.0,100.0,Varias,50.0,Varias,Donosti,ES-PV
2023-11-15,1024E,"DONOSTIA / SAN SEBASTIÁN, IGELDO",GIPUZKOA,250,"15,8","0,0","12,5",06:10,"19,2",23:50,18.0,"1,9","13,6",23:20,94.0,100.0,Varias,66.0,23:59,Donosti,ES-PV
2023-11-16,1024E,"DONOSTIA / SAN SEBASTIÁN, IGELDO",GIPUZKOA,250,"16,2","5,2","12,4",23:30,"20,0",07:00,30.0,"6,1","16,4",09:00,83.0,100.0,09:00,60.0,07:00,Donosti,ES-PV
2023-11-17,1024E,"DONOSTIA / SAN SEBASTIÁN, IGELDO",GIPUZKOA,250,"13,3","0,0","11,3",06:15,"15,3",12:45,19.0,"1,9","6,7",23:10,88.0,98.0,Varias,80.0,Varias,Donosti,ES-PV
2023-11-18,1024E,"DONOSTIA / SAN SEBASTIÁN, IGELDO",GIPUZKOA,250,"14,9","0,0","11,2",00:30,"18,6",10:30,18.0,"3,3","8,6",06:00,81.0,95.0,08:00,62.0,Varias,Donosti,ES-PV
2023-11-19,1024E,"DONOSTIA / SAN SEBASTIÁN, IGELDO",GIPUZKOA,250,"15,3","0,6","12,4",07:40,"18,2",12:50,33.0,"1,7","4,4",14:50,82.0,100.0,Varias,66.0,12:00,Donosti,ES-PV
2023-11-20,1024E,"DONOSTIA / SAN SEBASTIÁN, IGELDO",GIPUZKOA,250,"12,0","44,5","9,7",18:05,"14,4",01:45,32.0,"4,2","13,9",23:59,100.0,100.0,Varias,78.0,22:00,Donosti,ES-PV
2023-11-21,1024E,"DONOSTIA / SAN SEBASTIÁN, IGELDO",GIPUZKOA,250,"11,0","17,1","9,5",15:10,"12,6",11:45,32.0,"10,3","18,9",Varias,87.0,100.0,16:00,76.0,10:20,Donosti,ES-PV
2023-11-22,1024E,"DONOSTIA / SAN SEBASTIÁN, IGELDO",GIPUZKOA,250,"10,3","0,8","8,5",23:59,"12,1",01:45,2.0,"6,1","12,5",15:40,83.0,97.0,Varias,70.0,22:00,Donosti,ES-PV
2023-11-23,1024E,"DONOSTIA / SAN SEBASTIÁN, IGELDO",GIPUZKOA,250,"9,0",0,"7,1",03:30,"11,0",13:30,35.0,"2,5","6,9",09:30,78.0,92.0,23:59,67.0,10:30,Donosti,ES-PV
2023-11-24,1024E,"DONOSTIA / SAN SEBASTIÁN, IGELDO",GIPUZKOA,250,"10,0","6,0","7,6",06:20,"12,4",15:20,34.0,"1,4","7,5",22:40,92.0,100.0,Varias,82.0,17:00,Donosti,ES-PV
2023-11-25,1024E,"DONOSTIA / SAN SEBASTIÁN, IGELDO",GIPUZKOA,250,"9,5","0,5","6,8",23:59,"12,2",00:45,5.0,"1,7","7,5",03:00,95.0,100.0,Varias,88.0,Varias,Donosti,ES-PV
2023-11-26,1024E,"DONOSTIA / SAN SEBASTIÁN, IGELDO",GIPUZKOA,250,"7,4","0,2","4,2",06:55,"10,5",13:25,30.0,"1,4","6,4",23:40,88.0,100.0,Varias,77.0,11:50,Donosti,ES-PV
2023-11-27,1024E,"DONOSTIA / SAN SEBASTIÁN, IGELDO",GIPUZKOA,250,"10,9","15,8","8,7",02:15,"13,1",20:15,29.0,"6,1","18,6",19:10,95.0,99.0,Varias,72.0,02:00,Donosti,ES-PV
2023-11-28,1024E,"DONOSTIA / SAN SEBASTIÁN, IGELDO",GIPUZKOA,250,"11,6","6,9","9,9",23:59,"13,3",00:00,29.0,"3,9","16,4",00:30,97.0,100.0,Varias,91.0,00:00,Donosti,ES-PV
2023-11-29,1024E,"DONOSTIA / SAN SEBASTIÁN, IGELDO",GIPUZKOA,250,"14,0","16,2","9,4",04:00,"18,6",20:30,21.0,"7,2","18,3",14:50,80.0,100.0,Varias,61.0,21:00,Donosti,ES-PV
2023-11-30,1024E,"DONOSTIA / SAN SEBASTIÁN, IGELDO",GIPUZKOA,250,"12,8","36,1","8,2",22:00,"17,3",00:00,30.0,"2,5","13,6",04:30,94.0,100.0,Varias,71.0,00:00,Donosti,ES-PV
2023-12-01,1024E,"DONOSTIA / SAN SEBASTIÁN, IGELDO",GIPUZKOA,250,"8,5","30,2","6,6",08:30,"10,4",13:50,34.0,"2,8","15,6",22:10,85.0,100.0,Varias,70.0,16:00,Donosti,ES-PV
2023-12-02,1024E,"DONOSTIA / SAN SEBASTIÁN, IGELDO",GIPUZKOA,250,"7,2","5,2","5,6",08:30,"8,9",17:15,35.0,"4,4","15,3",12:40,88.0,100.0,Varias,70.0,18:00,Donosti,ES-PV
2023-12-03,1024E,"DONOSTIA / SAN SEBASTIÁN, IGELDO",GIPUZKOA,250,"8,4","0,3","4,5",06:05,"12,4",12:50,20.0,"8,1","20,6",23:20,59.0,93.0,04:50,49.0,13:10,Donosti,ES-PV
2023-12-04,1024E,"DONOSTIA / SAN SEBASTIÁN, IGELDO",GIPUZKOA,250,"10,4","12,3","6,9",23:30,"13,9",11:30,20.0,"8,3","24,7",01:50,73.0,91.0,16:00,55.0,03:00,Donosti,ES-PV
2023-12-05,1024E,"DONOSTIA / SAN SEBASTIÁN, IGELDO",GIPUZKOA,250,"8,8",0,"6,4",02:30,"11,2",12:15,29.0,"3,6","13,6",01:50,76.0,87.0,00:00,70.0,09:00,Donosti,ES-PV
2023-12-06,1024E,"DONOSTIA / SAN SEBASTIÁN, IGELDO",GIPUZKOA,250,"9,4","0,0","6,7",06:30,"12,0",13:30,18.0,"3,1","11,7",23:40,77.0,89.0,06:00,50.0,23:59,Donosti,ES-PV
2023-12-07,1024E,"DONOSTIA / SAN SEBASTIÁN, IGELDO",GIPUZKOA,250,"11,2","11,9","9,4",00:15,"13,0",11:30,18.0,"11,4","24,7",11:20,68.0,90.0,20:00,40.0,05:00,Donosti,ES-PV
2023-12-08,1024E,"DONOSTIA / SAN SEBASTIÁN, IGELDO",GIPUZKOA,250,"10,8","6,2","8,5",23:05,"13,0",01:55,32.0,"6,1","16,9",03:20,81.0,95.0,04:00,64.0,20:10,Donosti,ES-PV
2023-12-09,1024E,"DONOSTIA / SAN SEBASTIÁN, IGELDO",GIPUZKOA,250,"13,2","3,3","8,5",01:40,"18,0",15:50,18.0,"6,1","21,4",09:00,76.0,100.0,Varias,59.0,13:00,Donosti,ES-PV
2023-12-10,1024E,"DONOSTIA / SAN SEBASTIÁN, IGELDO",GIPUZKOA,250,"14,9","0,0","10,8",02:00,"19,0",Varias,18.0,"5,0","13,3",12:20,72.0,92.0,02:00,62.0,21:30,Donosti,ES-PV
2023-12-11,1024E,"DONOSTIA / SAN SEBASTIÁN, IGELDO",GIPUZKOA,250,"17,1","0,0","15,5",07:45,"18,7",13:15,19.0,"4,2","12,5",23:40,61.0,66.0,03:00,58.0,Varias,Donosti,ES-PV
2023-12-12,1024E,"DONOSTIA / SAN SEBASTIÁN, IGELDO",GIPUZKOA,250,"14,2","17,2","10,8",23:59,"17,7",01:00,20.0,"5,6","14,7",01:00,92.0,100.0,13:00,58.0,Varias,Donosti,ES-PV
2023-12-13,1024E,"DONOSTIA / SAN SEBASTIÁN, IGELDO",GIPUZKOA,250,"9,9","22,4","8,5",12:15,"11,3",19:10,31.0,"10,0","21,1",19:00,83.0,97.0,18:05,62.0,04:40,Donosti,ES-PV
2023-12-14,1024E,"DONOSTIA / SAN SEBASTIÁN, IGELDO",GIPUZKOA,250,"10,3","14,4","9,2",03:00,"11,4",Varias,33.0,"7,8","20,6",01:10,79.0,99.0,23:59,64.0,12:00,Donosti,ES-PV
2023-12-15,1024E,"DONOSTIA / SAN SEBASTIÁN, IGELDO",GIPUZKOA,250,"11,0","3,4","9,5",23:59,"12,4",13:45,28.0,"3,1","11,7",Varias,93.0,100.0,Varias,84.0,15:00,Donosti,ES-PV
2023-12-16,1024E,"DONOSTIA / SAN SEBASTIÁN, IGELDO",GIPUZKOA,250,"7,7","0,0","5,0",23:59,"10,4",12:30,5.0,"2,5","7,5",14:40,74.0,90.0,Varias,62.0,12:00,Donosti,ES-PV
2023-12-17,1024E,"DONOSTIA / SAN SEBASTIÁN, IGELDO",GIPUZKOA,250,"8,0","0,0","4,2",04:30,"11,8",13:05,16.0,"0,8","6,4",09:40,75.0,90.0,00:00,58.0,23:00,Donosti,ES-PV
2023-12-18,1024E,"DONOSTIA / SAN SEBASTIÁN, IGELDO",GIPUZKOA,250,"8,4","0,0","6,0",07:50,"10,9",12:45,33.0,"1,9","4,7",13:50,77.0,92.0,Varias,57.0,03:00,Donosti,ES-PV
2023-12-19,1024E,"DONOSTIA / SAN SEBASTIÁN, IGELDO",GIPUZKOA,250,"7,8","7,4","5,5",06:20,"10,1",14:15,23.0,"1,9","5,8",17:30,81.0,97.0,23:59,74.0,18:10,Donosti,ES-PV
2023-12-20,1024E,"DONOSTIA / SAN SEBASTIÁN, IGELDO",GIPUZKOA,250,"10,6","19,4","8,4",18:30,"12,9",03:15,34.0,"7,8","17,5",07:00,81.0,100.0,03:00,72.0,Varias,Donosti,ES-PV
2023-12-21,1024E,"DONOSTIA / SAN SEBASTIÁN, IGELDO",GIPUZKOA,250,"10,4","15,1","8,9",04:00,"12,0",18:45,31.0,"7,5","18,9",19:00,96.0,100.0,18:30,83.0,22:00,Donosti,ES-PV
2023-12-22,1024E,"DONOSTIA / SAN SEBASTIÁN, IGELDO",GIPUZKOA,250,"10,5","11,3","9,4",18:00,"11,6",00:00,27.0,"8,6","18,6",02:40,99.0,100.0,Varias,80.0,20:00,Donosti,ES-PV
2023-12-23,1024E,"DONOSTIA / SAN SEBASTIÁN, IGELDO",GIPUZKOA,250,"10,0","18,3","8,9",07:30,"11,0",13:30,30.0,"3,9","10,8",01:40,100.0,100.0,Varias,93.0,02:00,Donosti,ES-PV
2023-12-24,1024E,"DONOSTIA / SAN SEBASTIÁN, IGELDO",GIPUZKOA,250,"10,0","0,4","8,0",23:59,"11,9",12:50,18.0,"1,9","5,8",21:10,92.0,100.0,Varias,83.0,22:15,Donosti,ES-PV
2023-12-25,1024E,"DONOSTIA / SAN SEBASTIÁN, IGELDO",GIPUZKOA,250,"10,5","0,0","7,0",05:50,"14,0",13:50,18.0,"1,4","4,2",06:15,70.0,86.0,00:00,59.0,15:40,Donosti,ES-PV
2023-12-26,1024E,"DONOSTIA / SAN SEBASTIÁN, IGELDO",GIPUZKOA,250,"9,6","0,0","7,4",07:00,"11,7",23:59,18.0,"1,4","13,9",22:40,79.0,92.0,06:00,33.0,23:59,Donosti,ES-PV
2023-12-27,1024E,"DONOSTIA / SAN SEBASTIÁN, IGELDO",GIPUZKOA,250,"14,2","0,0","10,9",01:10,"17,6",14:20,18.0,"10,0","20,0",07:00,28.0,40.0,23:59,24.0,Varias,Donosti,ES-PV
2023-12-28,1024E,"DONOSTIA / SAN SEBASTIÁN, IGELDO",GIPUZKOA,250,"13,8","0,0","12,0",Varias,"15,7",14:30,18.0,"7,5","18,1",00:30,56.0,79.0,23:59,40.0,00:00,Donosti,ES-PV
2023-12-29,1024E,"DONOSTIA / SAN SEBASTIÁN, IGELDO",GIPUZKOA,250,"12,2","8,7","10,5",04:10,"13,8",10:15,20.0,"1,9","6,1",08:50,87.0,97.0,Varias,69.0,08:00,Donosti,ES-PV
2023-12-30,1024E,"DONOSTIA / SAN SEBASTIÁN, IGELDO",GIPUZKOA,250,"12,7","4,8","9,4",06:40,"16,0",12:35,18.0,"3,9","19,4",22:10,65.0,97.0,00:00,48.0,12:20,Donosti,ES-PV
2023-12-31,1024E,"DONOSTIA / SAN SEBASTIÁN, IGELDO",GIPUZKOA,250,"11,6","2,8","8,0",06:20,"15,3",00:15,22.0,"6,7","18,6",02:20,77.0,97.0,05:50,47.0,00:50,Donosti,ES-PV
2023-07-01,1082,BILBAO AEROPUERTO,BIZKAIA,42,"20,8","0,0","17,2",03:36,"24,5",13:10,30.0,"4,4","10,8",13:33,71.0,83.0,Varias,65.0,17:09,Bilbao,ES-PV
2023-07-02,1082,BILBAO AEROPUERTO,BIZKAIA,42,"20,6","0,4","17,1",23:47,"24,0",12:16,99.0,"1,9","7,8",Varias,80.0,93.0,23:55,68.0,14:53,Bilbao,ES-PV
2023-07-03,1082,BILBAO AEROPUERTO,BIZKAIA,42,"20,3","0,0","15,2",04:21,"25,4",14:38,29.0,"2,8","7,2",14:55,73.0,95.0,Varias,56.0,14:54,Bilbao,ES-PV
2023-07-04,1082,BILBAO AEROPUERTO,BIZKAIA,42,"20,0","0,1","14,8",03:49,"25,3",10:35,99.0,"3,6","8,3",Varias,72.0,94.0,Varias,53.0,10:36,Bilbao,ES-PV
2023-07-05,1082,BILBAO AEROPUERTO,BIZKAIA,42,"20,4","0,0","16,6",23:56,"24,3",10:32,99.0,"2,8","7,2",Varias,74.0,93.0,Varias,60.0,13:19,Bilbao,ES-PV
2023-07-06,1082,BILBAO AEROPUERTO,BIZKAIA,42,"21,0","1,2","15,8",01:56,"26,1",12:52,2.0,"2,5","9,7",14:07,69.0,93.0,Varias,60.0,13:52,Bilbao,ES-PV
2023-07-07,1082,BILBAO AEROPUERTO,BIZKAIA,42,"24,9","3,1","16,1",04:28,"33,7",13:14,14.0,"2,8","11,7",14:22,61.0,95.0,Varias,42.0,18:09,Bilbao,ES-PV
2023-07-08,1082,BILBAO AEROPUERTO,BIZKAIA,42,"22,5","0,1","17,8",03:49,"27,2",13:36,99.0,"1,9","6,7",Varias,72.0,93.0,Varias,60.0,16:13,Bilbao,ES-PV
2023-07-09,1082,BILBAO AEROPUERTO,BIZKAIA,42,"21,5","0,0","18,6",21:37,"24,4",09:38,29.0,"2,5","8,9",Varias,85.0,95.0,Varias,71.0,09:33,Bilbao,ES-PV
2023-07-10,1082,BILBAO AEROPUERTO,BIZKAIA,42,"23,6","0,0","18,6",Varias,"28,5",13:06,29.0,"2,8","8,9",13:12,67.0,93.0,00:50,55.0,12:48,Bilbao,ES-PV
2023-07-11,1082,BILBAO AEROPUERTO,BIZKAIA,42,"20,4","0,0","17,3",23:55,"23,5",17:12,31.0,"1,9","6,7",14:32,79.0,92.0,Varias,69.0,17:13,Bilbao,ES-PV
2023-07-12,1082,BILBAO AEROPUERTO,BIZKAIA,42,"21,6","2,5","16,4",Varias,"26,9",13:21,35.0,"2,5","8,3",14:19,78.0,94.0,Varias,57.0,11:15,Bilbao,ES-PV
2023-07-13,1082,BILBAO AEROPUERTO,BIZKAIA,42,"21,4","0,0","17,5",23:31,"25,3",15:48,8.0,"2,2","10,3",17:45,72.0,95.0,00:29,59.0,17:19,Bilbao,ES-PV
2023-07-14,1082,BILBAO AEROPUERTO,BIZKAIA,42,"25,5","0,0","16,3",04:08,"34,7",11:39,29.0,"3,3","9,7",Varias,59.0,93.0,Varias,32.0,11:31,Bilbao,ES-PV
2023-07-15,1082,BILBAO AEROPUERTO,BIZKAIA,42,"19,4","1,1","17,5",23:33,"21,3",14:26,30.0,"2,8","11,7",10:18,78.0,94.0,Varias,64.0,16:47,Bilbao,ES-PV
2023-07-16,1082,BILBAO AEROPUERTO,BIZKAIA,42,"20,2","0,0","16,6",05:03,"23,7",14:41,35.0,"3,1","7,2",12:14,68.0,89.0,Varias,58.0,14:44,Bilbao,ES-PV
2023-07-17,1082,BILBAO AEROPUERTO,BIZKAIA,42,"22,0","0,0","17,9",04:30,"26,2",13:58,4.0,"2,8","12,8",16:11,64.0,88.0,Varias,49.0,13:14,Bilbao,ES-PV
2023-07-18,1082,BILBAO AEROPUERTO,BIZKAIA,42,"21,7","0,0","17,5",05:01,"25,9",10:27,29.0,"4,7","11,4",12:23,77.0,92.0,Varias,66.0,10:28,Bilbao,ES-PV
2023-07-19,1082,BILBAO AEROPUERTO,BIZKAIA,42,"20,0","0,0","15,6",23:57,"24,3",16:41,35.0,"2,2","7,2",15:58,73.0,93.0,Varias,57.0,16:54,Bilbao,ES-PV
2023-07-20,1082,BILBAO AEROPUERTO,BIZKAIA,42,"19,2","2,8","14,9",01:31,"23,5",15:23,31.0,"2,2","7,8",16:31,86.0,94.0,Varias,71.0,15:26,Bilbao,ES-PV
2023-07-21,1082,BILBAO AEROPUERTO,BIZKAIA,42,"19,8",0,"15,0",23:57,"24,6",14:12,99.0,"3,1","8,3",Varias,71.0,95.0,Varias,50.0,14:57,Bilbao,ES-PV
2023-07-22,1082,BILBAO AEROPUERTO,BIZKAIA,42,"20,2","0,0","13,5",04:38,"26,8",Varias,99.0,"3,3","7,8",Varias,65.0,93.0,Varias,42.0,16:35,Bilbao,ES-PV
2023-07-23,1082,BILBAO AEROPUERTO,BIZKAIA,42,"20,2","1,1","14,1",04:55,"26,4",12:19,31.0,"3,3","8,3",10:51,69.0,91.0,Varias,54.0,10:38,Bilbao,ES-PV
2023-07-24,1082,BILBAO AEROPUERTO,BIZKAIA,42,"19,8","1,6","17,4",20:15,"22,2",13:37,99.0,"1,7","11,4",Varias,85.0,95.0,Varias,67.0,14:49,Bilbao,ES-PV
2023-07-25,1082,BILBAO AEROPUERTO,BIZKAIA,42,"19,4","2,0","16,0",02:18,"22,7",14:44,31.0,"3,1","15,0",10:36,78.0,90.0,Varias,56.0,09:49,Bilbao,ES-PV
2023-07-26,1082,BILBAO AEROPUERTO,BIZKAIA,42,"21,2","0,0","16,2",Varias,"26,1",13:28,99.0,"3,3","8,3",Varias,70.0,92.0,Varias,58.0,11:49,Bilbao,ES-PV
2023-07-27,1082,BILBAO AEROPUERTO,BIZKAIA,42,"21,6","0,0","15,8",04:05,"27,3",09:57,30.0,"4,2","12,5",11:46,75.0,94.0,Varias,56.0,09:50,Bilbao,ES-PV
2023-07-28,1082,BILBAO AEROPUERTO,BIZKAIA,42,"24,2","0,0","16,9",05:18,"31,5",13:05,29.0,"2,5","10,3",12:58,62.0,96.0,Varias,37.0,12:22,Bilbao,ES-PV
2023-07-29,1082,BILBAO AEROPUERTO,BIZKAIA,42,"22,2","2,1","17,0",04:38,"27,5",09:54,30.0,"4,2","11,7",10:49,74.0,94.0,Varias,50.0,09:51,Bilbao,ES-PV
2023-07-30,1082,BILBAO AEROPUERTO,BIZKAIA,42,"20,8","0,0","16,4",23:52,"25,1",14:15,3.0,"2,2","7,2",15:56,75.0,94.0,Varias,61.0,14:17,Bilbao,ES-PV
2023-07-31,1082,BILBAO AEROPUERTO,BIZKAIA,42,"20,8","0,0","14,4",04:31,"27,1",12:18,99.0,"3,1","8,3",Varias,70.0,94.0,Varias,49.0,11:40,Bilbao,ES-PV
2023-08-01,1082,BILBAO AEROPUERTO,BIZKAIA,42,"21,2","0,4","15,9",03:52,"26,4",14:22,29.0,"2,2","9,2",14:27,80.0,93.0,Varias,67.0,15:06,Bilbao,ES-PV
2023-08-02,1082,BILBAO AEROPUERTO,BIZKAIA,42,"23,8","1,0","17,3",04:46,"30,4",11:15,29.0,"4,4","18,1",11:42,80.0,94.0,Varias,47.0,11:22,Bilbao,ES-PV
2023-08-03,1082,BILBAO AEROPUERTO,BIZKAIA,42,"19,5","7,5","16,5",23:59,"22,5",13:10,31.0,"5,0","15,0",11:15,72.0,91.0,Varias,54.0,13:45,Bilbao,ES-PV
2023-08-04,1082,BILBAO AEROPUERTO,BIZKAIA,42,"18,2","2,3","14,1",23:58,"22,2",14:53,99.0,"5,8","13,3",Varias,66.0,91.0,Varias,56.0,14:20,Bilbao,ES-PV
2023-08-05,1082,BILBAO AEROPUERTO,BIZKAIA,42,"18,6","4,5","12,1",04:53,"25,1",13:18,99.0,"3,9","9,2",Varias,73.0,96.0,Varias,50.0,10:45,Bilbao,ES-PV
2023-08-06,1082,BILBAO AEROPUERTO,BIZKAIA,42,"19,0","0,0","15,0",Varias,"22,9",13:39,34.0,"2,5","9,2",14:45,68.0,95.0,Varias,50.0,13:40,Bilbao,ES-PV
2023-08-07,1082,BILBAO AEROPUERTO,BIZKAIA,42,"18,6",0,"12,1",04:56,"25,1",13:55,4.0,"3,1","11,4",14:47,62.0,93.0,Varias,44.0,13:39,Bilbao,ES-PV
2023-08-08,1082,BILBAO AEROPUERTO,BIZKAIA,42,"21,2","0,0","12,7",04:22,"29,6",12:39,99.0,"3,1","8,3",Varias,66.0,93.0,Varias,38.0,12:07,Bilbao,ES-PV
2023-08-09,1082,BILBAO AEROPUERTO,BIZKAIA,42,"27,8","0,0","15,8",04:43,"39,9",13:58,31.0,"3,1","14,4",22:06,57.0,93.0,Varias,30.0,14:10,Bilbao,ES-PV
2023-08-10,1082,BILBAO AEROPUERTO,BIZKAIA,42,"23,4","0,0","18,2",23:58,"28,5",14:09,29.0,"2,5","11,7",00:00,63.0,86.0,Varias,51.0,14:13,Bilbao,ES-PV
2023-08-11,1082,BILBAO AEROPUERTO,BIZKAIA,42,"23,8","0,0","16,2",05:34,"31,5",11:42,26.0,"4,2","8,9",15:03,60.0,91.0,Varias,36.0,11:21,Bilbao,ES-PV
2023-08-12,1082,BILBAO AEROPUERTO,BIZKAIA,42,"22,2","0,5","16,0",05:15,"28,4",11:41,99.0,"3,6","10,3",Varias,82.0,93.0,Varias,58.0,11:43,Bilbao,ES-PV
2023-08-13,1082,BILBAO AEROPUERTO,BIZKAIA,42,"21,1",0,"18,4",04:34,"23,8",13:58,3.0,"1,7","7,8",17:13,77.0,94.0,Varias,62.0,16:30,Bilbao,ES-PV
2023-08-14,1082,BILBAO AEROPUERTO,BIZKAIA,42,"22,6","0,0","18,7",23:11,"26,4",14:06,32.0,"1,9","7,2",Varias,71.0,88.0,Varias,55.0,13:28,Bilbao,ES-PV
2023-08-15,1082,BILBAO AEROPUERTO,BIZKAIA,42,"22,2","0,3","18,5",05:23,"25,9",12:44,2.0,"2,2","8,3",18:49,71.0,94.0,Varias,56.0,12:34,Bilbao,ES-PV
2023-08-16,1082,BILBAO AEROPUERTO,BIZKAIA,42,"20,8","0,0","19,2",05:30,"22,4",15:42,33.0,"1,9","5,8",14:05,83.0,94.0,Varias,73.0,16:02,Bilbao,ES-PV
2023-08-17,1082,BILBAO AEROPUERTO,BIZKAIA,42,"24,6","0,0","19,4",Varias,"29,8",12:29,29.0,"3,9","10,3",14:41,72.0,91.0,Varias,55.0,12:27,Bilbao,ES-PV
2023-08-18,1082,BILBAO AEROPUERTO,BIZKAIA,42,"28,6","0,0","18,5",03:18,"38,7",14:07,29.0,"1,9","11,4",15:13,57.0,93.0,Varias,24.0,14:07,Bilbao,ES-PV
2023-08-19,1082,BILBAO AEROPUERTO,BIZKAIA,42,"26,3","0,0","19,8",04:04,"32,8",12:44,4.0,"3,9","11,7",13:32,71.0,94.0,Varias,46.0,12:45,Bilbao,ES-PV
2023-08-20,1082,BILBAO AEROPUERTO,BIZKAIA,42,"23,8","0,0","20,2",22:28,"27,5",14:46,30.0,"2,5","7,8",14:55,79.0,93.0,Varias,64.0,15:29,Bilbao,ES-PV
2023-08-21,1082,BILBAO AEROPUERTO,BIZKAIA,42,"25,2","0,0","19,4",05:53,"31,1",12:24,99.0,"3,6","8,9",Varias,72.0,92.0,Varias,52.0,12:24,Bilbao,ES-PV
2023-08-22,1082,BILBAO AEROPUERTO,BIZKAIA,42,"25,8","0,0","20,2",03:32,"31,3",13:41,99.0,"1,9","7,8",Varias,70.0,92.0,Varias,54.0,13:42,Bilbao,ES-PV
2023-08-23,1082,BILBAO AEROPUERTO,BIZKAIA,42,"32,0","0,0","20,1",Varias,"44,0",15:04,7.0,"2,5","9,7",15:30,53.0,93.0,Varias,18.0,15:27,Bilbao,ES-PV
2023-08-24,1082,BILBAO AEROPUERTO,BIZKAIA,42,"27,0","0,0","21,7",05:44,"32,3",13:01,99.0,"3,9","10,3",Varias,71.0,92.0,04:36,52.0,13:24,Bilbao,ES-PV
2023-08-25,1082,BILBAO AEROPUERTO,BIZKAIA,42,"21,0","2,4","18,0",23:52,"23,9",09:30,99.0,"2,5","7,2",Varias,83.0,94.0,Varias,64.0,14:25,Bilbao,ES-PV
2023-08-26,1082,BILBAO AEROPUERTO,BIZKAIA,42,"18,6","12,4","15,6",22:13,"21,6",14:41,30.0,"2,8","9,2",17:31,86.0,95.0,Varias,60.0,14:45,Bilbao,ES-PV
2023-08-27,1082,BILBAO AEROPUERTO,BIZKAIA,42,"18,6","14,6","15,1",Varias,"22,1",12:12,36.0,"3,9","13,6",15:05,80.0,94.0,Varias,53.0,12:51,Bilbao,ES-PV
2023-08-28,1082,BILBAO AEROPUERTO,BIZKAIA,42,"20,3","22,2","16,7",03:30,"23,9",13:36,29.0,"6,4","16,9",11:45,84.0,96.0,07:13,61.0,15:29,Bilbao,ES-PV
2023-08-29,1082,BILBAO AEROPUERTO,BIZKAIA,42,"19,2","21,1","14,4",04:04,"24,0",12:52,99.0,"2,2","9,7",Varias,69.0,95.0,Varias,46.0,12:48,Bilbao,ES-PV
2023-08-30,1082,BILBAO AEROPUERTO,BIZKAIA,42,"18,8","0,8","14,7",23:12,"22,8",15:02,99.0,"3,9","11,4",Varias,73.0,96.0,Varias,51.0,14:46,Bilbao,ES-PV
2023-08-31,1082,BILBAO AEROPUERTO,BIZKAIA,42,"21,4","0,0","14,9",Varias,"27,9",14:05,99.0,"3,1","6,7",Varias,68.0,92.0,Varias,45.0,14:38,Bilbao,ES-PV
2023-09-01,1082,BILBAO AEROPUERTO,BIZKAIA,42,"21,9","2,8","16,3",02:30,"27,5",11:45,99.0,"2,8","7,2",Varias,78.0,94.0,Varias,55.0,11:15,Bilbao,ES-PV
2023-09-02,1082,BILBAO AEROPUERTO,BIZKAIA,42,"18,8","1,5","15,2",23:35,"22,3",14:41,6.0,"4,2","9,7",14:28,84.0,95.0,Varias,70.0,14:48,Bilbao,ES-PV
2023-09-03,1082,BILBAO AEROPUERTO,BIZKAIA,42,"21,7",0,"14,4",03:34,"29,0",15:21,99.0,"2,8","9,7",Varias,74.0,93.0,Varias,52.0,15:24,Bilbao,ES-PV
2023-09-04,1082,BILBAO AEROPUERTO,BIZKAIA,42,"27,1","3,3","20,4",21:54,"33,8",14:20,17.0,"4,7","15,0",12:30,50.0,87.0,Varias,34.0,14:06,Bilbao,ES-PV
2023-09-05,1082,BILBAO AEROPUERTO,BIZKAIA,42,"26,2","0,0","18,8",05:32,"33,7",13:33,11.0,"3,3","9,2",Varias,54.0,93.0,05:44,33.0,13:37,Bilbao,ES-PV
2023-09-06,1082,BILBAO AEROPUERTO,BIZKAIA,42,"26,9","0,0","20,2",05:01,"33,6",13:26,14.0,"2,8","8,3",01:11,59.0,91.0,Varias,35.0,13:15,Bilbao,ES-PV
2023-09-07,1082,BILBAO AEROPUERTO,BIZKAIA,42,"27,8","5,8","20,3",Varias,"35,4",13:36,7.0,"3,9","10,3",06:00,61.0,92.0,Varias,34.0,Varias,Bilbao,ES-PV
2023-09-08,1082,BILBAO AEROPUERTO,BIZKAIA,42,"27,4","0,0","20,7",04:30,"34,2",15:17,6.0,"2,2","10,8",15:41,63.0,94.0,Varias,33.0,13:44,Bilbao,ES-PV
2023-09-09,1082,BILBAO AEROPUERTO,BIZKAIA,42,"27,2","0,0","20,7",00:51,"33,8",13:25,28.0,"1,7","10,8",16:10,71.0,92.0,Varias,38.0,12:55,Bilbao,ES-PV
2023-09-10,1082,BILBAO AEROPUERTO,BIZKAIA,42,"24,1","7,8","19,5",23:05,"28,7",10:33,21.0,"2,8","10,8",19:24,81.0,94.0,23:30,55.0,10:36,Bilbao,ES-PV
2023-09-11,1082,BILBAO AEROPUERTO,BIZKAIA,42,"22,9","13,8","17,9",15:03,"27,9",12:28,32.0,"1,4","13,9",14:58,83.0,96.0,Varias,57.0,12:47,Bilbao,ES-PV
2023-09-12,1082,BILBAO AEROPUERTO,BIZKAIA,42,"21,0","3,4","17,5",22:38,"24,4",11:54,99.0,"2,5","10,3",Varias,87.0,96.0,Varias,66.0,11:57,Bilbao,ES-PV
2023-09-13,1082,BILBAO AEROPUERTO,BIZKAIA,42,"19,4","0,3","17,1",02:40,"21,6",Varias,35.0,"1,9","6,7",13:45,86.0,96.0,Varias,75.0,15:57,Bilbao,ES-PV
2023-09-14,1082,BILBAO AEROPUERTO,BIZKAIA,42,"21,6","0,0","17,2",00:00,"26,1",13:16,3.0,"2,5","9,7",13:40,75.0,94.0,00:30,58.0,13:20,Bilbao,ES-PV
2023-09-15,1082,BILBAO AEROPUERTO,BIZKAIA,42,"21,8","0,4","17,0",04:29,"26,5",10:58,17.0,"2,2","13,9",09:29,78.0,95.0,Varias,56.0,11:12,Bilbao,ES-PV
2023-09-16,1082,BILBAO AEROPUERTO,BIZKAIA,42,"22,8","31,7","17,9",19:05,"27,8",12:07,22.0,"5,3","13,9",17:51,70.0,95.0,Varias,50.0,13:34,Bilbao,ES-PV
2023-09-17,1082,BILBAO AEROPUERTO,BIZKAIA,42,"21,8","1,9","16,6",06:05,"27,1",11:50,12.0,"2,8","15,3",13:22,73.0,93.0,Varias,43.0,15:27,Bilbao,ES-PV
2023-09-18,1082,BILBAO AEROPUERTO,BIZKAIA,42,"21,4","0,0","17,4",23:49,"25,3",12:17,18.0,"5,6","13,3",06:03,58.0,89.0,Varias,44.0,00:38,Bilbao,ES-PV
2023-09-19,1082,BILBAO AEROPUERTO,BIZKAIA,42,"21,6","0,0","16,7",23:49,"26,4",12:29,3.0,"2,2","8,9",14:34,70.0,92.0,23:59,50.0,12:30,Bilbao,ES-PV
2023-09-20,1082,BILBAO AEROPUERTO,BIZKAIA,42,"20,9","0,5","15,1",04:31,"26,7",10:52,22.0,"2,8","15,3",22:43,81.0,96.0,Varias,36.0,23:59,Bilbao,ES-PV
2023-09-21,1082,BILBAO AEROPUERTO,BIZKAIA,42,"19,8","9,0","14,8",23:50,"24,9",00:00,99.0,"2,5","14,4",Varias,74.0,93.0,Varias,36.0,00:02,Bilbao,ES-PV
2023-09-22,1082,BILBAO AEROPUERTO,BIZKAIA,42,"15,0","13,1","12,0",02:52,"18,1",14:47,29.0,"1,4","11,4",14:45,81.0,92.0,Varias,59.0,09:23,Bilbao,ES-PV
2023-09-23,1082,BILBAO AEROPUERTO,BIZKAIA,42,"17,8",0,"13,3",23:30,"22,3",13:31,1.0,"2,5","6,7",15:25,74.0,95.0,Varias,55.0,12:00,Bilbao,ES-PV
2023-09-24,1082,BILBAO AEROPUERTO,BIZKAIA,42,"22,0","0,0","12,1",04:32,"31,9",14:38,99.0,"3,9","9,2",Varias,63.0,93.0,Varias,24.0,14:33,Bilbao,ES-PV
2023-09-25,1082,BILBAO AEROPUERTO,BIZKAIA,42,"20,1","0,0","12,0",05:52,"28,2",14:41,4.0,"2,8","9,7",13:53,66.0,93.0,Varias,39.0,14:56,Bilbao,ES-PV
2023-09-26,1082,BILBAO AEROPUERTO,BIZKAIA,42,"19,4","0,0","13,5",04:54,"25,3",13:38,36.0,"2,8","7,8",13:40,79.0,95.0,Varias,62.0,14:52,Bilbao,ES-PV
2023-09-27,1082,BILBAO AEROPUERTO,BIZKAIA,42,"22,9","0,0","16,0",00:06,"29,8",12:06,30.0,"4,4","13,3",12:37,69.0,95.0,00:45,40.0,11:03,Bilbao,ES-PV
2023-09-28,1082,BILBAO AEROPUERTO,BIZKAIA,42,"22,7","0,0","14,6",03:41,"30,8",11:51,2.0,"1,9","9,7",09:00,65.0,91.0,03:45,36.0,11:42,Bilbao,ES-PV
2023-09-29,1082,BILBAO AEROPUERTO,BIZKAIA,42,"21,8","0,0","14,6",Varias,"29,0",13:09,2.0,"2,5","9,7",Varias,72.0,93.0,Varias,50.0,13:05,Bilbao,ES-PV
2023-09-30,1082,BILBAO AEROPUERTO,BIZKAIA,42,"24,9","0,0","16,4",05:46,"33,4",13:14,12.0,"1,4","6,1",05:00,70.0,96.0,06:30,42.0,13:11,Bilbao,ES-PV
2023-10-01,1082,BILBAO AEROPUERTO,BIZKAIA,42,"24,7","0,0","17,1",05:34,"32,3",11:50,99.0,"2,8","6,7",Varias,71.0,95.0,Varias,39.0,11:41,Bilbao,ES-PV
2023-10-02,1082,BILBAO AEROPUERTO,BIZKAIA,42,"27,2","0,0","17,7",23:30,"36,7",14:30,28.0,"2,8","11,7",14:41,61.0,93.0,00:22,23.0,14:33,Bilbao,ES-PV
2023-10-03,1082,BILBAO AEROPUERTO,BIZKAIA,42,"20,0","2,7","16,8",02:47,"23,1",11:10,30.0,"2,8","8,3",11:59,89.0,95.0,Varias,74.0,11:10,Bilbao,ES-PV
2023-10-04,1082,BILBAO AEROPUERTO,BIZKAIA,42,"20,4","0,0","16,3",23:30,"24,6",13:36,4.0,"2,5","10,8",14:15,76.0,93.0,Varias,61.0,13:37,Bilbao,ES-PV
2023-10-05,1082,BILBAO AEROPUERTO,BIZKAIA,42,"22,0","0,0","15,5",02:19,"28,5",12:26,99.0,"2,8","6,7",Varias,80.0,95.0,Varias,52.0,12:24,Bilbao,ES-PV
2023-10-06,1082,BILBAO AEROPUERTO,BIZKAIA,42,"21,1","0,0","15,6",02:53,"26,6",13:12,26.0,"2,5","6,1",14:10,84.0,97.0,Varias,66.0,11:59,Bilbao,ES-PV
2023-10-07,1082,BILBAO AEROPUERTO,BIZKAIA,42,"24,8",0,"16,4",Varias,"33,3",14:36,5.0,"1,9","7,2",12:28,70.0,97.0,Varias,39.0,13:34,Bilbao,ES-PV
2023-10-08,1082,BILBAO AEROPUERTO,BIZKAIA,42,"23,6","0,0","15,1",23:56,"32,0",12:41,99.0,"1,7","5,8",Varias,68.0,92.0,Varias,35.0,12:00,Bilbao,ES-PV
2023-10-09,1082,BILBAO AEROPUERTO,BIZKAIA,42,"19,8","0,0","11,9",06:03,"27,6",12:32,29.0,"1,7","5,0",14:05,66.0,93.0,Varias,38.0,13:50,Bilbao,ES-PV
2023-10-10,1082,BILBAO AEROPUERTO,BIZKAIA,42,"20,6","0,0","11,1",04:55,"30,2",13:54,9.0,"1,4","8,3",09:46,56.0,87.0,Varias,20.0,13:42,Bilbao,ES-PV
2023-10-11,1082,BILBAO AEROPUERTO,BIZKAIA,42,"22,4","0,0","12,4",04:21,"32,5",14:33,2.0,"1,1","5,8",16:02,54.0,87.0,00:00,21.0,15:31,Bilbao,ES-PV
2023-10-12,1082,BILBAO AEROPUERTO,BIZKAIA,42,"23,1","0,0","12,8",05:47,"33,4",14:18,12.0,"1,4","9,2",22:25,55.0,85.0,Varias,22.0,14:12,Bilbao,ES-PV
2023-10-13,1082,BILBAO AEROPUERTO,BIZKAIA,42,"23,8","0,2","18,3",23:32,"29,2",11:25,21.0,"3,3","10,3",12:54,50.0,91.0,Varias,28.0,12:55,Bilbao,ES-PV
2023-10-14,1082,BILBAO AEROPUERTO,BIZKAIA,42,"17,8","6,1","15,2",23:55,"20,3",10:44,34.0,"1,7","9,2",11:51,92.0,94.0,Varias,83.0,15:39,Bilbao,ES-PV
2023-10-15,1082,BILBAO AEROPUERTO,BIZKAIA,42,"17,0","0,3","14,2",05:14,"19,8",11:12,7.0,"2,5","9,7",12:33,79.0,96.0,Varias,63.0,14:01,Bilbao,ES-PV
2023-10-16,1082,BILBAO AEROPUERTO,BIZKAIA,42,"20,6","0,0","15,4",00:00,"25,9",11:57,99.0,"3,1","9,7",Varias,63.0,90.0,00:30,48.0,13:46,Bilbao,ES-PV
2023-10-17,1082,BILBAO AEROPUERTO,BIZKAIA,42,"25,0","1,0","21,0",06:13,"29,1",13:09,12.0,"7,2","17,5",13:35,52.0,63.0,Varias,40.0,23:27,Bilbao,ES-PV
2023-10-18,1082,BILBAO AEROPUERTO,BIZKAIA,42,"24,5","0,1","21,3",04:56,"27,7",12:44,99.0,"5,6","17,5",Varias,43.0,76.0,Varias,36.0,13:08,Bilbao,ES-PV
2023-10-19,1082,BILBAO AEROPUERTO,BIZKAIA,42,"18,8","3,2","13,8",22:56,"23,7",00:08,21.0,"3,6","21,1",00:35,64.0,92.0,22:10,42.0,01:16,Bilbao,ES-PV
2023-10-20,1082,BILBAO AEROPUERTO,BIZKAIA,42,"16,0","3,4","13,3",23:59,"18,6",04:56,99.0,"8,1","18,9",Varias,69.0,86.0,Varias,49.0,02:08,Bilbao,ES-PV
2023-10-21,1082,BILBAO AEROPUERTO,BIZKAIA,42,"15,4","0,0","10,4",23:19,"20,4",13:05,22.0,"3,3","9,7",09:00,57.0,91.0,Varias,36.0,13:07,Bilbao,ES-PV
2023-10-22,1082,BILBAO AEROPUERTO,BIZKAIA,42,"15,8","3,9","9,6",Varias,"21,9",13:02,12.0,"4,7","12,8",14:17,56.0,92.0,Varias,33.0,14:10,Bilbao,ES-PV
2023-10-23,1082,BILBAO AEROPUERTO,BIZKAIA,42,"15,9","4,5","11,6",06:27,"20,2",11:44,99.0,"2,8","8,3",Varias,85.0,95.0,Varias,51.0,11:25,Bilbao,ES-PV
2023-10-24,1082,BILBAO AEROPUERTO,BIZKAIA,42,"15,2",0,"9,8",04:46,"20,6",14:30,99.0,"5,0","20,6",14:03,64.0,95.0,Varias,44.0,14:30,Bilbao,ES-PV
2023-10-25,1082,BILBAO AEROPUERTO,BIZKAIA,42,"19,2","14,1","15,1",06:56,"23,4",22:38,22.0,"4,4","16,1",01:01,65.0,89.0,Varias,48.0,Varias,Bilbao,ES-PV
2023-10-26,1082,BILBAO AEROPUERTO,BIZKAIA,42,"16,2","22,3","9,6",23:45,"22,9",00:01,26.0,"2,2","11,7",17:36,86.0,96.0,Varias,59.0,00:00,Bilbao,ES-PV
2023-10-27,1082,BILBAO AEROPUERTO,BIZKAIA,42,"14,9","0,0","9,6",Varias,"20,2",11:52,20.0,"4,4","13,9",07:45,61.0,95.0,00:36,43.0,13:00,Bilbao,ES-PV
2023-10-28,1082,BILBAO AEROPUERTO,BIZKAIA,42,"19,4","1,8","16,1",23:59,"22,8",18:49,99.0,"5,8","18,1",Varias,44.0,89.0,Varias,41.0,13:22,Bilbao,ES-PV
2023-10-29,1082,BILBAO AEROPUERTO,BIZKAIA,42,"18,0","0,3","14,9",21:14,"21,2",05:24,16.0,"3,6","18,6",03:45,63.0,90.0,Varias,47.0,05:23,Bilbao,ES-PV
2023-10-30,1082,BILBAO AEROPUERTO,BIZKAIA,42,"16,0","0,8","11,2",21:30,"20,9",13:39,32.0,"3,9","16,9",18:20,56.0,94.0,Varias,33.0,13:43,Bilbao,ES-PV
2023-10-31,1082,BILBAO AEROPUERTO,BIZKAIA,42,"15,6","2,6","10,5",05:31,"20,7",13:19,22.0,"3,6","15,0",23:47,54.0,77.0,05:31,41.0,Varias,Bilbao,ES-PV
2023-11-01,1082,BILBAO AEROPUERTO,BIZKAIA,42,"18,0","21,4","13,0",07:08,"22,9",23:34,20.0,"3,6","27,2",21:43,67.0,90.0,07:01,41.0,00:28,Bilbao,ES-PV
2023-11-02,1082,BILBAO AEROPUERTO,BIZKAIA,42,"15,3","5,2","7,6",20:41,"23,0",00:11,21.0,"5,6","29,2",00:19,78.0,96.0,Varias,44.0,00:24,Bilbao,ES-PV
2023-11-03,1082,BILBAO AEROPUERTO,BIZKAIA,42,"12,4","3,8","9,8",09:38,"15,0",23:39,23.0,"6,1","16,4",00:12,66.0,86.0,Varias,47.0,00:22,Bilbao,ES-PV
2023-11-04,1082,BILBAO AEROPUERTO,BIZKAIA,42,"17,8","5,7","14,1",12:06,"21,4",08:22,21.0,"7,5","24,7",06:13,57.0,95.0,Varias,33.0,18:05,Bilbao,ES-PV
2023-11-05,1082,BILBAO AEROPUERTO,BIZKAIA,42,"13,6","3,5","8,0",23:49,"19,3",12:30,99.0,"4,7","14,4",Varias,62.0,95.0,Varias,39.0,12:27,Bilbao,ES-PV
2023-11-06,1082,BILBAO AEROPUERTO,BIZKAIA,42,"11,7","1,2","6,5",23:58,"16,9",12:17,99.0,"1,9","9,2",Varias,64.0,96.0,00:49,41.0,12:18,Bilbao,ES-PV
2023-11-07,1082,BILBAO AEROPUERTO,BIZKAIA,42,"10,0","1,6","4,8",03:01,"15,3",12:45,21.0,"4,4","11,7",10:11,62.0,94.0,Varias,47.0,12:50,Bilbao,ES-PV
2023-11-08,1082,BILBAO AEROPUERTO,BIZKAIA,42,"12,4","8,5","6,4",02:36,"18,4",13:55,21.0,"3,9","13,3",16:14,61.0,94.0,Varias,47.0,11:48,Bilbao,ES-PV
2023-11-09,1082,BILBAO AEROPUERTO,BIZKAIA,42,"13,8","1,9","9,8",06:23,"17,9",13:02,99.0,"2,5","11,4",00:12,74.0,94.0,Varias,49.0,12:56,Bilbao,ES-PV
2023-11-10,1082,BILBAO AEROPUERTO,BIZKAIA,42,"12,4","11,7","11,0",Varias,"13,7",13:12,7.0,"1,4","8,3",21:31,90.0,95.0,Varias,81.0,05:37,Bilbao,ES-PV
2023-11-11,1082,BILBAO AEROPUERTO,BIZKAIA,42,"15,7","9,5","12,4",00:00,"19,0",14:55,4.0,"1,4","6,7",15:28,94.0,97.0,Varias,88.0,14:47,Bilbao,ES-PV
2023-11-12,1082,BILBAO AEROPUERTO,BIZKAIA,42,"18,3","0,1","13,2",05:35,"23,4",13:55,22.0,"2,2","8,9",20:34,76.0,97.0,Varias,48.0,13:33,Bilbao,ES-PV
2023-11-13,1082,BILBAO AEROPUERTO,BIZKAIA,42,"21,1","0,0","17,0",00:47,"25,2",13:37,22.0,"6,1","18,9",09:04,51.0,69.0,00:47,46.0,13:33,Bilbao,ES-PV
2023-11-14,1082,BILBAO AEROPUERTO,BIZKAIA,42,"19,3","2,7","14,6",Varias,"24,0",12:40,31.0,"4,4","13,3",12:47,71.0,96.0,Varias,44.0,12:41,Bilbao,ES-PV
2023-11-15,1082,BILBAO AEROPUERTO,BIZKAIA,42,"17,4","0,0","13,9",Varias,"20,9",23:51,99.0,"1,9","7,2",19:29,81.0,97.0,07:00,61.0,23:45,Bilbao,ES-PV
2023-11-16,1082,BILBAO AEROPUERTO,BIZKAIA,42,"18,2","1,1","13,8",23:58,"22,5",05:41,99.0,"5,0","13,3",07:13,75.0,94.0,Varias,54.0,05:41,Bilbao,ES-PV
2023-11-17,1082,BILBAO AEROPUERTO,BIZKAIA,42,"14,6","0,0","10,2",23:50,"19,1",14:38,99.0,"1,4","4,7",Varias,80.0,96.0,Varias,56.0,13:43,Bilbao,ES-PV
2023-11-18,1082,BILBAO AEROPUERTO,BIZKAIA,42,"15,4","0,0","9,6",01:03,"21,2",10:53,26.0,"2,2","5,8",Varias,76.0,94.0,Varias,52.0,14:22,Bilbao,ES-PV
2023-11-19,1082,BILBAO AEROPUERTO,BIZKAIA,42,"14,8","0,1","8,6",04:28,"21,1",13:28,99.0,"1,7","5,0",Varias,80.0,95.0,Varias,57.0,12:43,Bilbao,ES-PV
2023-11-20,1082,BILBAO AEROPUERTO,BIZKAIA,42,"12,6","21,3","10,7",23:39,"14,6",11:15,99.0,"4,2","10,3",Varias,92.0,95.0,Varias,79.0,21:15,Bilbao,ES-PV
2023-11-21,1082,BILBAO AEROPUERTO,BIZKAIA,42,"12,3","18,6","10,3",16:40,"14,3",13:31,99.0,"5,3","14,4",Varias,83.0,92.0,Varias,69.0,13:41,Bilbao,ES-PV
2023-11-22,1082,BILBAO AEROPUERTO,BIZKAIA,42,"12,0","0,6","9,3",Varias,"14,8",11:54,99.0,"4,4","11,7",Varias,72.0,93.0,Varias,63.0,16:55,Bilbao,ES-PV
2023-11-23,1082,BILBAO AEROPUERTO,BIZKAIA,42,"9,5","0,0","4,6",05:55,"14,4",12:52,99.0,"1,4","6,1",Varias,79.0,95.0,Varias,54.0,12:41,Bilbao,ES-PV
2023-11-24,1082,BILBAO AEROPUERTO,BIZKAIA,42,"11,9","0,5","9,0",02:18,"14,8",14:46,99.0,"1,1","4,2",Varias,86.0,95.0,Varias,69.0,14:20,Bilbao,ES-PV
2023-11-25,1082,BILBAO AEROPUERTO,BIZKAIA,42,"10,2","1,6","7,4",23:56,"13,0",12:42,2.0,"1,9","7,8",12:49,88.0,96.0,Varias,77.0,14:29,Bilbao,ES-PV
2023-11-26,1082,BILBAO AEROPUERTO,BIZKAIA,42,"10,4","0,3","5,1",Varias,"15,6",14:14,99.0,"1,4","5,0",Varias,81.0,97.0,Varias,53.0,13:52,Bilbao,ES-PV
2023-11-27,1082,BILBAO AEROPUERTO,BIZKAIA,42,"10,6","26,4","6,8",01:27,"14,3",16:37,28.0,"2,8","12,5",16:42,91.0,96.0,Varias,77.0,16:10,Bilbao,ES-PV
2023-11-28,1082,BILBAO AEROPUERTO,BIZKAIA,42,"12,5","10,7","11,7",23:05,"13,3",14:06,27.0,"2,5","9,7",02:26,95.0,96.0,Varias,92.0,Varias,Bilbao,ES-PV
2023-11-29,1082,BILBAO AEROPUERTO,BIZKAIA,42,"15,4","10,5","9,6",06:18,"21,1",19:39,21.0,"4,7","13,9",16:42,71.0,96.0,Varias,53.0,19:39,Bilbao,ES-PV
2023-11-30,1082,BILBAO AEROPUERTO,BIZKAIA,42,"12,6","27,2","9,5",22:48,"15,8",00:35,29.0,"2,2","10,8",03:19,94.0,95.0,03:01,80.0,04:18,Bilbao,ES-PV
2023-12-01,1082,BILBAO AEROPUERTO,BIZKAIA,42,"10,6","35,6","8,0",08:33,"13,3",15:22,36.0,"2,5","10,3",22:50,77.0,95.0,Varias,58.0,15:09,Bilbao,ES-PV
2023-12-02,1082,BILBAO AEROPUERTO,BIZKAIA,42,"8,4","10,7","5,0",Varias,"11,9",10:52,29.0,"1,7","8,3",01:27,92.0,97.0,Varias,71.0,10:55,Bilbao,ES-PV
2023-12-03,1082,BILBAO AEROPUERTO,BIZKAIA,42,"8,6","0,8","2,6",06:01,"14,6",22:18,22.0,"4,7","16,4",22:16,63.0,97.0,Varias,43.0,22:16,Bilbao,ES-PV
2023-12-04,1082,BILBAO AEROPUERTO,BIZKAIA,42,"12,0","8,1","8,0",22:06,"16,1",12:19,22.0,"6,7","20,6",04:39,66.0,89.0,15:50,49.0,02:34,Bilbao,ES-PV
2023-12-05,1082,BILBAO AEROPUERTO,BIZKAIA,42,"9,0",0,"5,9",07:46,"12,0",13:08,27.0,"0,6","6,7",00:03,83.0,94.0,Varias,63.0,10:43,Bilbao,ES-PV
2023-12-06,1082,BILBAO AEROPUERTO,BIZKAIA,42,"8,6","0,0","3,5",05:23,"13,6",12:36,9.0,"2,2","8,9",13:35,80.0,97.0,07:00,57.0,14:19,Bilbao,ES-PV
2023-12-07,1082,BILBAO AEROPUERTO,BIZKAIA,42,"11,8","8,4","8,3",00:00,"15,4",11:30,17.0,"3,3","15,0",06:12,67.0,94.0,Varias,32.0,04:09,Bilbao,ES-PV
2023-12-08,1082,BILBAO AEROPUERTO,BIZKAIA,42,"11,4","1,1","7,5",22:16,"15,4",13:51,99.0,"4,4","12,8",Varias,72.0,95.0,Varias,56.0,15:24,Bilbao,ES-PV
2023-12-09,1082,BILBAO AEROPUERTO,BIZKAIA,42,"14,9","3,7","9,8",00:00,"20,0",13:08,22.0,"3,1","14,4",11:47,68.0,97.0,23:59,50.0,13:11,Bilbao,ES-PV
2023-12-10,1082,BILBAO AEROPUERTO,BIZKAIA,42,"15,1","0,0","8,9",03:41,"21,3",Varias,99.0,"2,8","9,7",Varias,66.0,97.0,Varias,53.0,20:27,Bilbao,ES-PV
2023-12-11,1082,BILBAO AEROPUERTO,BIZKAIA,42,"18,8","0,0","17,3",07:37,"20,4",00:03,20.0,"3,9","13,3",23:00,54.0,59.0,Varias,48.0,11:27,Bilbao,ES-PV
2023-12-12,1082,BILBAO AEROPUERTO,BIZKAIA,42,"16,0","19,3","11,8",23:32,"20,2",00:02,17.0,"1,4","13,9",01:09,91.0,95.0,Varias,50.0,00:00,Bilbao,ES-PV
2023-12-13,1082,BILBAO AEROPUERTO,BIZKAIA,42,"11,0","23,3","9,1",23:30,"12,8",02:20,29.0,"7,5","16,9",23:10,74.0,95.0,00:00,59.0,Varias,Bilbao,ES-PV
2023-12-14,1082,BILBAO AEROPUERTO,BIZKAIA,42,"12,4","3,9","9,9",00:08,"14,8",13:07,30.0,"3,9","13,3",02:10,73.0,95.0,Varias,57.0,13:09,Bilbao,ES-PV
2023-12-15,1082,BILBAO AEROPUERTO,BIZKAIA,42,"11,6","2,9","8,9",19:31,"14,4",13:11,34.0,"1,9","8,3",12:16,93.0,97.0,Varias,79.0,15:00,Bilbao,ES-PV
2023-12-16,1082,BILBAO AEROPUERTO,BIZKAIA,42,"8,0","0,0","2,7",23:54,"13,3",13:32,99.0,"2,5","7,8",Varias,80.0,97.0,Varias,57.0,13:24,Bilbao,ES-PV
2023-12-17,1082,BILBAO AEROPUERTO,BIZKAIA,42,"8,7","0,0","0,9",07:48,"16,5",14:22,99.0,"1,1","4,7",Varias,79.0,97.0,Varias,50.0,14:09,Bilbao,ES-PV
2023-12-18,1082,BILBAO AEROPUERTO,BIZKAIA,42,"7,5","0,0","1,3",07:44,"13,7",15:23,28.0,"1,7","5,0",13:44,81.0,93.0,Varias,61.0,15:19,Bilbao,ES-PV
2023-12-19,1082,BILBAO AEROPUERTO,BIZKAIA,42,"9,1","12,0","6,4",08:28,"11,8",15:43,99.0,"1,9","5,0",Varias,80.0,94.0,Varias,67.0,14:58,Bilbao,ES-PV
2023-12-20,1082,BILBAO AEROPUERTO,BIZKAIA,42,"10,4","18,8","8,2",00:00,"12,5",05:04,32.0,"5,3","14,4",05:16,84.0,98.0,02:59,66.0,08:21,Bilbao,ES-PV
2023-12-21,1082,BILBAO AEROPUERTO,BIZKAIA,42,"12,2","1,4","10,2",00:26,"14,1",16:36,30.0,"5,0","17,5",18:31,80.0,94.0,Varias,73.0,10:31,Bilbao,ES-PV
2023-12-22,1082,BILBAO AEROPUERTO,BIZKAIA,42,"11,6","1,6","10,3",23:51,"13,0",13:53,30.0,"4,2","12,8",Varias,86.0,94.0,Varias,79.0,01:11,Bilbao,ES-PV
2023-12-23,1082,BILBAO AEROPUERTO,BIZKAIA,42,"12,0","1,1","9,8",06:30,"14,2",14:33,29.0,"0,6","7,2",00:58,92.0,95.0,Varias,75.0,14:43,Bilbao,ES-PV
2023-12-24,1082,BILBAO AEROPUERTO,BIZKAIA,42,"10,4","0,0","4,3",23:52,"16,6",14:38,9.0,"1,4","4,7",20:13,85.0,97.0,Varias,59.0,14:43,Bilbao,ES-PV
2023-12-25,1082,BILBAO AEROPUERTO,BIZKAIA,42,"9,3",0,"2,1",07:52,"16,5",14:05,99.0,"1,4","4,7",Varias,80.0,96.0,Varias,47.0,14:08,Bilbao,ES-PV
2023-12-26,1082,BILBAO AEROPUERTO,BIZKAIA,42,"8,0","0,0","1,0",Varias,"15,1",13:39,5.0,"2,5","7,2",08:03,76.0,95.0,Varias,46.0,14:03,Bilbao,ES-PV
2023-12-27,1082,BILBAO AEROPUERTO,BIZKAIA,42,"12,0","0,0","4,4",00:17,"19,5",12:48,16.0,"1,9","13,9",10:10,27.0,77.0,00:18,22.0,13:42,Bilbao,ES-PV
2023-12-28,1082,BILBAO AEROPUERTO,BIZKAIA,42,"13,4","0,0","9,8",23:12,"17,1",15:05,21.0,"2,8","15,3",11:51,57.0,84.0,Varias,49.0,10:20,Bilbao,ES-PV
2023-12-29,1082,BILBAO AEROPUERTO,BIZKAIA,42,"11,8","0,0","7,9",05:20,"15,8",13:46,4.0,"0,6","5,8",06:20,87.0,96.0,Varias,75.0,14:26,Bilbao,ES-PV
2023-12-30,1082,BILBAO AEROPUERTO,BIZKAIA,42,"11,6","4,9","5,7",07:30,"17,4",14:07,22.0,"3,6","23,6",23:58,64.0,97.0,Varias,40.0,23:59,Bilbao,ES-PV
2023-12-31,1082,BILBAO AEROPUERTO,BIZKAIA,42,"11,8","0,2","6,5",22:37,"17,0",00:00,23.0,"3,3","22,2",00:00,67.0,91.0,Varias,40.0,00:00,Bilbao,ES-PV
2023-07-01,8414A,VALENCIA AEROPUERTO,VALENCIA,56,"25,0","0,0","19,7",04:35,"30,2",11:18,9.0,"3,9","9,7",15:12,52.0,80.0,Varias,39.0,09:27,Valencia,ES-VC
2023-07-02,8414A,VALENCIA AEROPUERTO,VALENCIA,56,"27,0",0,"21,5",04:30,"32,5",10:15,7.0,"3,6","10,3",14:54,51.0,82.0,01:07,38.0,13:56,Valencia,ES-VC
2023-07-03,8414A,VALENCIA AEROPUERTO,VALENCIA,56,"25,5","27,6","19,1",16:26,"31,9",12:05,35.0,"3,3","17,5",16:13,72.0,98.0,16:28,50.0,14:07,Valencia,ES-VC
2023-07-04,8414A,VALENCIA AEROPUERTO,VALENCIA,56,"25,5","0,0","21,1",02:49,"29,9",12:55,99.0,"4,2","9,2",Varias,69.0,93.0,04:55,55.0,14:36,Valencia,ES-VC
2023-07-05,8414A,VALENCIA AEROPUERTO,VALENCIA,56,"26,3","0,0","22,6",04:02,"30,0",11:31,8.0,"3,9","9,2",13:58,71.0,94.0,Varias,56.0,09:45,Valencia,ES-VC
2023-07-06,8414A,VALENCIA AEROPUERTO,VALENCIA,56,"27,0","0,0","23,1",04:32,"30,8",13:59,99.0,"4,2","8,9",Varias,68.0,89.0,Varias,55.0,14:05,Valencia,ES-VC
2023-07-07,8414A,VALENCIA AEROPUERTO,VALENCIA,56,"26,8","0,0","23,6",04:39,"30,1",14:30,99.0,"3,9","8,3",Varias,68.0,88.0,23:30,43.0,14:55,Valencia,ES-VC
2023-07-08,8414A,VALENCIA AEROPUERTO,VALENCIA,56,"27,3","0,0","21,5",03:50,"33,1",13:00,13.0,"2,5","8,3",Varias,60.0,90.0,01:03,46.0,13:27,Valencia,ES-VC
2023-07-09,8414A,VALENCIA AEROPUERTO,VALENCIA,56,"28,0","0,0","23,6",04:26,"32,5",13:36,7.0,"2,8","9,7",18:13,64.0,88.0,Varias,46.0,14:52,Valencia,ES-VC
2023-07-10,8414A,VALENCIA AEROPUERTO,VALENCIA,56,"28,4","0,0","23,7",05:10,"33,0",14:40,36.0,"3,9","7,5",15:18,63.0,90.0,02:00,40.0,13:29,Valencia,ES-VC
2023-07-11,8414A,VALENCIA AEROPUERTO,VALENCIA,56,"28,7","0,8","24,4",04:48,"33,0",13:00,2.0,"1,9","16,4",16:44,68.0,92.0,Varias,54.0,14:05,Valencia,ES-VC
2023-07-12,8414A,VALENCIA AEROPUERTO,VALENCIA,56,"27,8","0,0","23,7",04:05,"32,0",Varias,7.0,"5,0","10,8",Varias,74.0,95.0,02:10,60.0,13:55,Valencia,ES-VC
2023-07-13,8414A,VALENCIA AEROPUERTO,VALENCIA,56,"28,2","0,0","25,0",02:53,"31,3",12:25,7.0,"4,7","10,3",13:37,64.0,89.0,Varias,56.0,12:25,Valencia,ES-VC
2023-07-14,8414A,VALENCIA AEROPUERTO,VALENCIA,56,"28,4","0,0","25,1",04:49,"31,8",11:21,9.0,"3,6","8,9",14:22,67.0,83.0,02:30,58.0,13:21,Valencia,ES-VC
2023-07-15,8414A,VALENCIA AEROPUERTO,VALENCIA,56,"29,0","0,0","24,6",04:43,"33,3",12:46,99.0,"3,6","8,9",Varias,61.0,88.0,04:50,45.0,17:04,Valencia,ES-VC
2023-07-16,8414A,VALENCIA AEROPUERTO,VALENCIA,56,"28,2","0,0","25,0",05:31,"31,3",15:17,7.0,"5,0","11,4",10:09,71.0,87.0,00:00,53.0,09:35,Valencia,ES-VC
2023-07-17,8414A,VALENCIA AEROPUERTO,VALENCIA,56,"28,6","0,0","25,1",05:10,"32,0",13:20,99.0,"3,6","8,3",Varias,66.0,91.0,Varias,55.0,13:23,Valencia,ES-VC
2023-07-18,8414A,VALENCIA AEROPUERTO,VALENCIA,56,"28,6","0,0","23,2",04:49,"33,9",13:13,12.0,"3,3","8,3",11:13,67.0,91.0,Varias,52.0,13:14,Valencia,ES-VC
2023-07-19,8414A,VALENCIA AEROPUERTO,VALENCIA,56,"29,7","0,0","25,0",05:01,"34,4",11:22,99.0,"3,9","8,9",Varias,65.0,91.0,Varias,42.0,15:33,Valencia,ES-VC
2023-07-20,8414A,VALENCIA AEROPUERTO,VALENCIA,56,"29,0","1,7","25,1",23:59,"33,0",15:29,15.0,"3,3","8,9",13:17,74.0,90.0,Varias,56.0,15:14,Valencia,ES-VC
2023-07-21,8414A,VALENCIA AEROPUERTO,VALENCIA,56,"28,1","0,0","23,9",05:08,"32,3",12:17,7.0,"4,2","10,3",12:44,62.0,94.0,Varias,44.0,13:22,Valencia,ES-VC
2023-07-22,8414A,VALENCIA AEROPUERTO,VALENCIA,56,"29,4","0,3","26,2",04:31,"32,5",14:26,99.0,"5,8","11,4",Varias,66.0,88.0,Varias,49.0,14:26,Valencia,ES-VC
2023-07-23,8414A,VALENCIA AEROPUERTO,VALENCIA,56,"29,8","0,0","26,4",05:30,"33,2",11:31,99.0,"3,3","8,9",Varias,67.0,88.0,Varias,55.0,12:38,Valencia,ES-VC
2023-07-24,8414A,VALENCIA AEROPUERTO,VALENCIA,56,"32,4","0,0","25,2",04:47,"39,5",12:47,99.0,"4,2","10,3",Varias,56.0,89.0,Varias,15.0,12:48,Valencia,ES-VC
2023-07-25,8414A,VALENCIA AEROPUERTO,VALENCIA,56,"28,4","0,0","25,8",Varias,"30,9",13:12,99.0,"5,0","10,3",Varias,58.0,85.0,00:37,45.0,10:50,Valencia,ES-VC
2023-07-26,8414A,VALENCIA AEROPUERTO,VALENCIA,56,"27,6","0,0","24,7",Varias,"30,4",10:39,10.0,"4,4","11,4",13:32,54.0,72.0,Varias,47.0,09:20,Valencia,ES-VC
2023-07-27,8414A,VALENCIA AEROPUERTO,VALENCIA,56,"29,0",0,"25,6",04:43,"32,5",11:07,11.0,"4,4","10,3",14:11,63.0,79.0,Varias,51.0,15:36,Valencia,ES-VC
2023-07-28,8414A,VALENCIA AEROPUERTO,VALENCIA,56,"28,4","0,0","24,4",05:23,"32,5",12:44,99.0,"5,0","9,2",Varias,66.0,83.0,04:38,53.0,09:45,Valencia,ES-VC
2023-07-29,8414A,VALENCIA AEROPUERTO,VALENCIA,56,"29,0","0,0","24,0",05:06,"34,0",10:28,13.0,"4,4","10,8",12:46,66.0,88.0,Varias,47.0,10:28,Valencia,ES-VC
2023-07-30,8414A,VALENCIA AEROPUERTO,VALENCIA,56,"28,4","0,0","23,9",05:06,"32,8",14:16,6.0,"3,9","10,8",14:03,68.0,89.0,Varias,53.0,14:16,Valencia,ES-VC
2023-07-31,8414A,VALENCIA AEROPUERTO,VALENCIA,56,"29,7","0,0","26,0",05:21,"33,4",13:39,99.0,"4,2","9,7",Varias,68.0,85.0,Varias,54.0,13:11,Valencia,ES-VC
2023-08-01,8414A,VALENCIA AEROPUERTO,VALENCIA,56,"29,2","0,0","24,0",05:11,"34,4",12:31,9.0,"4,2","9,7",Varias,58.0,86.0,Varias,32.0,11:34,Valencia,ES-VC
2023-08-02,8414A,VALENCIA AEROPUERTO,VALENCIA,56,"30,9","0,0","23,5",05:14,"38,3",16:30,99.0,"3,6","9,2",Varias,47.0,85.0,Varias,26.0,16:37,Valencia,ES-VC
2023-08-03,8414A,VALENCIA AEROPUERTO,VALENCIA,56,"29,5","1,2","26,3",23:29,"32,7",09:21,9.0,"5,6","12,8",13:39,61.0,87.0,Varias,39.0,12:09,Valencia,ES-VC
2023-08-04,8414A,VALENCIA AEROPUERTO,VALENCIA,56,"26,8","0,0","21,6",04:03,"32,0",12:58,99.0,"4,2","10,3",Varias,37.0,77.0,04:25,18.0,11:47,Valencia,ES-VC
2023-08-05,8414A,VALENCIA AEROPUERTO,VALENCIA,56,"25,6","0,0","18,0",04:44,"33,2",11:50,99.0,"4,7","10,8",Varias,48.0,73.0,23:50,18.0,12:00,Valencia,ES-VC
2023-08-06,8414A,VALENCIA AEROPUERTO,VALENCIA,56,"25,6","0,0","19,7",05:15,"31,5",09:52,8.0,"3,9","10,3",14:31,49.0,77.0,Varias,30.0,08:53,Valencia,ES-VC
2023-08-07,8414A,VALENCIA AEROPUERTO,VALENCIA,56,"25,8","0,0","20,7",04:30,"30,8",12:50,99.0,"4,4","10,3",Varias,59.0,75.0,Varias,41.0,09:25,Valencia,ES-VC
2023-08-08,8414A,VALENCIA AEROPUERTO,VALENCIA,56,"28,1","0,0","25,4",02:07,"30,8",12:48,11.0,"3,9","9,7",14:05,65.0,77.0,Varias,54.0,12:55,Valencia,ES-VC
2023-08-09,8414A,VALENCIA AEROPUERTO,VALENCIA,56,"27,3","0,0","22,6",04:44,"32,0",12:37,12.0,"3,3","8,3",Varias,67.0,85.0,Varias,52.0,09:56,Valencia,ES-VC
2023-08-10,8414A,VALENCIA AEROPUERTO,VALENCIA,56,"35,8","0,0","24,9",05:03,"46,8",13:48,99.0,"5,6","12,8",Varias,47.0,84.0,Varias,11.0,13:52,Valencia,ES-VC
2023-08-11,8414A,VALENCIA AEROPUERTO,VALENCIA,56,"29,0","0,0","25,5",23:47,"32,5",11:54,99.0,"3,1","8,3",Varias,68.0,87.0,Varias,54.0,12:52,Valencia,ES-VC
2023-08-12,8414A,VALENCIA AEROPUERTO,VALENCIA,56,"27,6","0,0","23,6",05:00,"31,7",12:51,99.0,"3,9","9,2",Varias,68.0,87.0,Varias,51.0,12:17,Valencia,ES-VC
2023-08-13,8414A,VALENCIA AEROPUERTO,VALENCIA,56,"28,6","0,0","25,2",05:39,"31,9",13:20,11.0,"3,9","9,2",13:32,65.0,80.0,23:38,52.0,12:39,Valencia,ES-VC
2023-08-14,8414A,VALENCIA AEROPUERTO,VALENCIA,56,"28,0","0,0","24,2",05:15,"31,8",11:39,7.0,"4,4","9,7",15:00,69.0,81.0,Varias,52.0,12:09,Valencia,ES-VC
2023-08-15,8414A,VALENCIA AEROPUERTO,VALENCIA,56,"28,5","0,0","24,7",03:58,"32,3",13:03,9.0,"4,2","10,3",15:06,64.0,81.0,Varias,53.0,14:05,Valencia,ES-VC
2023-08-16,8414A,VALENCIA AEROPUERTO,VALENCIA,56,"28,4","0,0","24,2",04:30,"32,5",12:14,99.0,"3,9","8,9",Varias,66.0,87.0,04:07,49.0,14:07,Valencia,ES-VC
2023-08-17,8414A,VALENCIA AEROPUERTO,VALENCIA,56,"28,0","0,0","23,1",05:21,"32,9",14:28,9.0,"3,3","8,9",15:17,65.0,86.0,05:28,48.0,10:34,Valencia,ES-VC
2023-08-18,8414A,VALENCIA AEROPUERTO,VALENCIA,56,"28,0","0,0","23,1",05:03,"32,8",14:18,7.0,"3,3","8,9",11:47,67.0,85.0,23:55,52.0,09:50,Valencia,ES-VC
2023-08-19,8414A,VALENCIA AEROPUERTO,VALENCIA,56,"28,1","0,0","22,7",05:13,"33,5",12:25,99.0,"3,1","8,9",Varias,69.0,92.0,Varias,52.0,12:05,Valencia,ES-VC
2023-08-20,8414A,VALENCIA AEROPUERTO,VALENCIA,56,"29,0","0,0","23,9",05:31,"34,0",12:52,9.0,"3,3","7,8",Varias,65.0,90.0,04:02,50.0,12:56,Valencia,ES-VC
2023-08-21,8414A,VALENCIA AEROPUERTO,VALENCIA,56,"29,8","0,0","23,6",05:18,"36,0",12:22,99.0,"3,1","7,2",Varias,53.0,90.0,03:07,29.0,13:25,Valencia,ES-VC
2023-08-22,8414A,VALENCIA AEROPUERTO,VALENCIA,56,"29,8","0,0","22,5",04:51,"37,0",13:09,14.0,"3,1","7,8",13:52,43.0,83.0,22:38,24.0,12:55,Valencia,ES-VC
2023-08-23,8414A,VALENCIA AEROPUERTO,VALENCIA,56,"30,3","0,0","22,1",05:27,"38,5",14:05,99.0,"3,1","7,2",Varias,40.0,81.0,00:08,20.0,11:20,Valencia,ES-VC
2023-08-24,8414A,VALENCIA AEROPUERTO,VALENCIA,56,"30,3","0,0","23,1",05:24,"37,5",12:29,99.0,"3,6","9,2",Varias,42.0,64.0,02:22,25.0,12:00,Valencia,ES-VC
2023-08-25,8414A,VALENCIA AEROPUERTO,VALENCIA,56,"29,2","0,0","22,9",04:51,"35,5",11:49,4.0,"4,7","10,8",17:56,52.0,80.0,22:30,34.0,09:37,Valencia,ES-VC
2023-08-26,8414A,VALENCIA AEROPUERTO,VALENCIA,56,"27,7","14,4","22,7",17:24,"32,7",12:21,31.0,"4,2","31,9",16:51,74.0,97.0,16:57,54.0,13:08,Valencia,ES-VC
2023-08-27,8414A,VALENCIA AEROPUERTO,VALENCIA,56,"25,2","0,0","20,9",23:14,"29,5",13:18,99.0,"8,1","18,1",Varias,48.0,94.0,Varias,21.0,16:38,Valencia,ES-VC
2023-08-28,8414A,VALENCIA AEROPUERTO,VALENCIA,56,"25,8","0,0","18,0",04:41,"33,7",14:12,32.0,"2,8","12,5",09:38,35.0,60.0,01:42,20.0,15:58,Valencia,ES-VC
2023-08-29,8414A,VALENCIA AEROPUERTO,VALENCIA,56,"25,4","0,0","19,7",05:29,"31,2",12:07,11.0,"4,4","11,4",14:10,45.0,67.0,Varias,25.0,11:59,Valencia,ES-VC
2023-08-30,8414A,VALENCIA AEROPUERTO,VALENCIA,56,"24,2","0,0","19,2",04:21,"29,1",10:55,10.0,"4,2","10,8",15:22,48.0,71.0,Varias,31.0,09:36,Valencia,ES-VC
2023-08-31,8414A,VALENCIA AEROPUERTO,VALENCIA,56,"24,8","0,0","19,5",05:33,"30,0",13:11,10.0,"3,3","9,7",14:12,57.0,75.0,Varias,48.0,08:50,Valencia,ES-VC
2023-09-01,8414A,VALENCIA AEROPUERTO,VALENCIA,56,"25,6","0,4","20,7",05:23,"30,4",11:31,99.0,"4,2","9,2",Varias,66.0,82.0,05:43,48.0,11:02,Valencia,ES-VC
2023-09-02,8414A,VALENCIA AEROPUERTO,VALENCIA,56,"23,1","86,0","19,7",10:44,"26,5",14:39,11.0,"4,2","13,3",10:31,72.0,95.0,10:45,56.0,16:29,Valencia,ES-VC
2023-09-03,8414A,VALENCIA AEROPUERTO,VALENCIA,56,"22,6","0,6","19,0",01:30,"26,1",11:36,6.0,"8,9","18,1",13:24,84.0,99.0,Varias,76.0,23:30,Valencia,ES-VC
2023-09-04,8414A,VALENCIA AEROPUERTO,VALENCIA,56,"26,6","0,0","24,7",23:52,"28,6",13:06,5.0,"7,2","15,0",10:53,75.0,87.0,Varias,67.0,09:12,Valencia,ES-VC
2023-09-05,8414A,VALENCIA AEROPUERTO,VALENCIA,56,"26,8","0,0","23,4",23:56,"30,1",13:43,99.0,"4,2","9,7",Varias,75.0,92.0,Varias,60.0,13:19,Valencia,ES-VC
2023-09-06,8414A,VALENCIA AEROPUERTO,VALENCIA,56,"25,1","0,0","21,0",04:52,"29,2",13:27,5.0,"3,9","9,2",17:11,70.0,91.0,00:21,51.0,12:50,Valencia,ES-VC
2023-09-07,8414A,VALENCIA AEROPUERTO,VALENCIA,56,"25,2","0,0","20,9",05:44,"29,4",11:46,6.0,"3,3","8,3",14:47,72.0,94.0,03:52,53.0,11:14,Valencia,ES-VC
2023-09-08,8414A,VALENCIA AEROPUERTO,VALENCIA,56,"24,6","0,0","20,9",05:31,"28,3",13:42,99.0,"3,1","7,2",Varias,72.0,94.0,Varias,59.0,12:12,Valencia,ES-VC
2023-09-09,8414A,VALENCIA AEROPUERTO,VALENCIA,56,"24,5","0,0","19,9",03:57,"29,1",13:33,12.0,"2,8","7,8",14:38,71.0,93.0,Varias,52.0,13:28,Valencia,ES-VC
2023-09-10,8414A,VALENCIA AEROPUERTO,VALENCIA,56,"24,6","0,0","20,0",05:43,"29,1",12:42,99.0,"4,2","7,8",Varias,71.0,93.0,Varias,56.0,11:02,Valencia,ES-VC
2023-09-11,8414A,VALENCIA AEROPUERTO,VALENCIA,56,"24,8","0,0","19,9",05:34,"29,7",11:37,99.0,"3,9","8,9",Varias,72.0,92.0,Varias,52.0,11:29,Valencia,ES-VC
2023-09-12,8414A,VALENCIA AEROPUERTO,VALENCIA,56,"24,8","15,8","20,2",Varias,"29,5",12:24,6.0,"3,9","10,3",16:26,73.0,95.0,Varias,50.0,16:46,Valencia,ES-VC
2023-09-13,8414A,VALENCIA AEROPUERTO,VALENCIA,56,"23,8",0,"20,0",05:31,"27,6",14:59,10.0,"3,6","7,8",Varias,74.0,93.0,04:11,53.0,14:32,Valencia,ES-VC
2023-09-14,8414A,VALENCIA AEROPUERTO,VALENCIA,56,"24,6","3,5","20,7",05:34,"28,4",11:46,9.0,"3,6","10,3",11:00,76.0,90.0,Varias,56.0,15:26,Valencia,ES-VC
2023-09-15,8414A,VALENCIA AEROPUERTO,VALENCIA,56,"22,7","35,9","19,2",08:19,"26,2",13:30,2.0,"3,1","9,7",08:16,82.0,98.0,08:10,70.0,13:23,Valencia,ES-VC
2023-09-16,8414A,VALENCIA AEROPUERTO,VALENCIA,56,"23,4","0,6","19,7",06:14,"27,0",15:59,12.0,"2,8","7,8",18:44,79.0,96.0,Varias,66.0,11:10,Valencia,ES-VC
2023-09-17,8414A,VALENCIA AEROPUERTO,VALENCIA,56,"25,2","5,3","21,0",18:26,"29,3",12:42,29.0,"3,3","13,9",16:11,80.0,95.0,Varias,58.0,14:06,Valencia,ES-VC
2023-09-18,8414A,VALENCIA AEROPUERTO,VALENCIA,56,"24,2","0,0","19,9",23:42,"28,6",15:01,26.0,"4,2","11,7",Varias,51.0,80.0,23:55,28.0,14:23,Valencia,ES-VC
2023-09-19,8414A,VALENCIA AEROPUERTO,VALENCIA,56,"21,6","14,9","16,5",21:12,"26,7",11:45,28.0,"3,6","12,8",20:54,77.0,94.0,Varias,57.0,10:40,Valencia,ES-VC
2023-09-20,8414A,VALENCIA AEROPUERTO,VALENCIA,56,"22,9","0,0","15,4",05:09,"30,4",15:29,99.0,"3,9","10,8",Varias,56.0,94.0,05:08,32.0,16:07,Valencia,ES-VC
2023-09-21,8414A,VALENCIA AEROPUERTO,VALENCIA,56,"23,8","0,0","18,2",01:15,"29,4",14:46,26.0,"5,8","15,3",13:15,47.0,77.0,01:13,31.0,13:56,Valencia,ES-VC
2023-09-22,8414A,VALENCIA AEROPUERTO,VALENCIA,56,"23,2","0,0","17,4",06:34,"28,9",15:07,99.0,"3,9","9,7",Varias,51.0,73.0,06:57,24.0,15:10,Valencia,ES-VC
2023-09-23,8414A,VALENCIA AEROPUERTO,VALENCIA,56,"20,4","0,0","13,8",05:30,"26,9",13:36,10.0,"2,5","8,9",14:28,55.0,84.0,23:59,32.0,11:40,Valencia,ES-VC
2023-09-24,8414A,VALENCIA AEROPUERTO,VALENCIA,56,"22,0","0,0","16,1",05:02,"28,0",12:26,99.0,"2,5","6,7",Varias,69.0,90.0,Varias,43.0,12:18,Valencia,ES-VC
2023-09-25,8414A,VALENCIA AEROPUERTO,VALENCIA,56,"21,6","0,0","16,1",05:44,"27,1",12:50,99.0,"2,8","6,7",Varias,70.0,94.0,Varias,46.0,12:35,Valencia,ES-VC
2023-09-26,8414A,VALENCIA AEROPUERTO,VALENCIA,56,"22,0","0,0","16,2",05:28,"27,9",12:05,99.0,"3,6","7,8",Varias,71.0,93.0,Varias,50.0,11:52,Valencia,ES-VC
2023-09-27,8414A,VALENCIA AEROPUERTO,VALENCIA,56,"23,2","0,0","18,2",04:30,"28,2",12:27,99.0,"3,3","7,8",Varias,69.0,93.0,Varias,53.0,16:23,Valencia,ES-VC
2023-09-28,8414A,VALENCIA AEROPUERTO,VALENCIA,56,"22,9","0,0","17,2",05:36,"28,6",11:57,3.0,"2,8","6,7",19:28,71.0,93.0,06:00,44.0,14:53,Valencia,ES-VC
2023-09-29,8414A,VALENCIA AEROPUERTO,VALENCIA,56,"22,8","0,0","16,7",04:53,"28,9",13:22,5.0,"2,8","7,8",14:43,69.0,92.0,22:43,40.0,14:14,Valencia,ES-VC
2023-09-30,8414A,VALENCIA AEROPUERTO,VALENCIA,56,"24,2","0,0","16,4",05:41,"32,0",12:43,99.0,"2,2","6,7",Varias,54.0,92.0,01:30,24.0,12:46,Valencia,ES-VC
2023-10-01,8414A,VALENCIA AEROPUERTO,VALENCIA,56,"24,4","0,0","16,4",05:25,"32,3",12:03,99.0,"3,1","8,9",Varias,61.0,87.0,23:30,29.0,11:59,Valencia,ES-VC
2023-10-02,8414A,VALENCIA AEROPUERTO,VALENCIA,56,"23,4","0,0","16,7",05:43,"30,0",12:20,4.0,"3,1","8,9",17:22,69.0,93.0,Varias,49.0,12:14,Valencia,ES-VC
2023-10-03,8414A,VALENCIA AEROPUERTO,VALENCIA,56,"22,8","0,0","17,1",06:05,"28,5",12:23,13.0,"2,8","8,3",14:41,76.0,95.0,01:18,56.0,13:16,Valencia,ES-VC
2023-10-04,8414A,VALENCIA AEROPUERTO,VALENCIA,56,"24,2","0,0","19,1",05:45,"29,3",13:00,15.0,"2,5","7,8",14:12,75.0,96.0,Varias,49.0,12:04,Valencia,ES-VC
2023-10-05,8414A,VALENCIA AEROPUERTO,VALENCIA,56,"23,8","0,0","18,5",06:09,"29,0",12:46,4.0,"2,8","7,2",18:06,75.0,94.0,Varias,57.0,13:09,Valencia,ES-VC
2023-10-06,8414A,VALENCIA AEROPUERTO,VALENCIA,56,"23,0","0,0","16,2",05:55,"29,8",12:18,4.0,"2,8","9,2",17:05,74.0,94.0,Varias,42.0,11:51,Valencia,ES-VC
2023-10-07,8414A,VALENCIA AEROPUERTO,VALENCIA,56,"22,4","0,0","16,7",06:06,"28,0",12:07,99.0,"2,2","6,7",Varias,75.0,95.0,00:49,57.0,12:08,Valencia,ES-VC
2023-10-08,8414A,VALENCIA AEROPUERTO,VALENCIA,56,"23,0","0,0","17,7",03:40,"28,3",12:47,99.0,"1,7","6,7",Varias,75.0,96.0,Varias,53.0,11:59,Valencia,ES-VC
2023-10-09,8414A,VALENCIA AEROPUERTO,VALENCIA,56,"21,4","0,0","15,3",05:59,"27,5",13:14,99.0,"2,2","6,1",Varias,74.0,94.0,Varias,48.0,13:10,Valencia,ES-VC
2023-10-10,8414A,VALENCIA AEROPUERTO,VALENCIA,56,"21,4","0,0","15,1",05:42,"27,7",13:33,12.0,"2,2","7,2",14:12,71.0,93.0,Varias,48.0,13:21,Valencia,ES-VC
2023-10-11,8414A,VALENCIA AEROPUERTO,VALENCIA,56,"21,1","0,0","14,9",05:47,"27,3",13:22,99.0,"1,9","6,7",Varias,73.0,94.0,23:30,52.0,13:04,Valencia,ES-VC
2023-10-12,8414A,VALENCIA AEROPUERTO,VALENCIA,56,"20,9","0,0","14,8",06:06,"27,0",12:33,12.0,"2,2","6,7",15:06,76.0,95.0,Varias,55.0,13:27,Valencia,ES-VC
2023-10-13,8414A,VALENCIA AEROPUERTO,VALENCIA,56,"21,3","0,0","14,7",06:10,"27,9",14:55,12.0,"3,1","7,2",13:01,73.0,95.0,03:31,48.0,16:26,Valencia,ES-VC
2023-10-14,8414A,VALENCIA AEROPUERTO,VALENCIA,56,"23,4","0,0","17,4",04:57,"29,3",12:59,25.0,"3,3","11,7",13:18,55.0,91.0,03:39,33.0,12:29,Valencia,ES-VC
2023-10-15,8414A,VALENCIA AEROPUERTO,VALENCIA,56,"21,2",0,"15,7",05:55,"26,7",13:02,6.0,"2,8","8,9",18:10,69.0,82.0,Varias,50.0,09:38,Valencia,ES-VC
2023-10-16,8414A,VALENCIA AEROPUERTO,VALENCIA,56,"24,6","0,0","19,7",23:55,"29,5",15:06,99.0,"2,8","7,8",Varias,64.0,89.0,Varias,39.0,16:31,Valencia,ES-VC
2023-10-17,8414A,VALENCIA AEROPUERTO,VALENCIA,56,"22,6","0,0","18,6",05:30,"26,5",12:42,2.0,"3,1","6,7",17:30,74.0,93.0,23:44,59.0,11:19,Valencia,ES-VC
2023-10-18,8414A,VALENCIA AEROPUERTO,VALENCIA,56,"23,1","0,0","17,5",02:28,"28,7",14:52,99.0,"5,6","16,1",Varias,52.0,94.0,Varias,39.0,13:15,Valencia,ES-VC
2023-10-19,8414A,VALENCIA AEROPUERTO,VALENCIA,56,"24,0","0,1","18,2",23:31,"29,7",13:46,30.0,"3,9","18,1",19:45,49.0,67.0,Varias,35.0,13:07,Valencia,ES-VC
2023-10-20,8414A,VALENCIA AEROPUERTO,VALENCIA,56,"19,4","0,0","15,6",23:58,"23,2",13:00,25.0,"9,7","19,7",Varias,53.0,67.0,Varias,44.0,13:03,Valencia,ES-VC
2023-10-21,8414A,VALENCIA AEROPUERTO,VALENCIA,56,"17,2","0,0","11,3",23:30,"23,2",13:42,25.0,"5,0","11,4",Varias,45.0,67.0,23:28,28.0,13:54,Valencia,ES-VC
2023-10-22,8414A,VALENCIA AEROPUERTO,VALENCIA,56,"15,4","0,5","9,5",02:16,"21,2",Varias,6.0,"3,6","10,3",19:30,67.0,84.0,18:31,48.0,09:53,Valencia,ES-VC
2023-10-23,8414A,VALENCIA AEROPUERTO,VALENCIA,56,"20,9","1,0","15,9",03:40,"25,9",13:50,26.0,"4,2","10,8",09:30,59.0,89.0,03:50,37.0,13:30,Valencia,ES-VC
2023-10-24,8414A,VALENCIA AEROPUERTO,VALENCIA,56,"19,2","0,0","14,7",06:30,"23,6",14:10,29.0,"7,5","15,6",14:30,48.0,76.0,01:20,28.0,14:10,Valencia,ES-VC
2023-10-25,8414A,VALENCIA AEROPUERTO,VALENCIA,56,"21,7","0,0","17,2",01:40,"26,2",12:49,26.0,"7,5","16,1",14:29,52.0,70.0,Varias,39.0,11:17,Valencia,ES-VC
2023-10-26,8414A,VALENCIA AEROPUERTO,VALENCIA,56,"23,2","0,0","19,4",23:26,"26,9",12:13,99.0,"7,5","17,5",Varias,55.0,67.0,Varias,44.0,12:15,Valencia,ES-VC
2023-10-27,8414A,VALENCIA AEROPUERTO,VALENCIA,56,"20,6","0,0","16,6",07:08,"24,5",14:40,30.0,"6,1","15,3",Varias,49.0,64.0,03:03,34.0,13:24,Valencia,ES-VC
2023-10-28,8414A,VALENCIA AEROPUERTO,VALENCIA,56,"20,8","0,0","16,1",21:34,"25,5",14:20,26.0,"5,6","13,9",11:20,52.0,69.0,Varias,34.0,15:14,Valencia,ES-VC
2023-10-29,8414A,VALENCIA AEROPUERTO,VALENCIA,56,"20,0","0,0","14,8",22:11,"25,2",Varias,26.0,"3,1","12,5",05:59,54.0,74.0,Varias,37.0,13:26,Valencia,ES-VC
2023-10-30,8414A,VALENCIA AEROPUERTO,VALENCIA,56,"19,4",0,"14,7",00:14,"24,1",13:43,28.0,"5,6","16,9",14:21,48.0,75.0,00:30,33.0,17:53,Valencia,ES-VC
2023-10-31,8414A,VALENCIA AEROPUERTO,VALENCIA,56,"16,5","0,0","12,8",06:33,"20,2",Varias,26.0,"2,5","10,3",Varias,51.0,66.0,23:39,34.0,14:50,Valencia,ES-VC
2023-11-01,8414A,VALENCIA AEROPUERTO,VALENCIA,56,"17,4","0,0","10,6",04:42,"24,3",13:39,26.0,"6,7","18,6",22:23,51.0,74.0,04:48,41.0,13:39,Valencia,ES-VC
2023-11-02,8414A,VALENCIA AEROPUERTO,VALENCIA,56,"21,5","0,0","14,4",23:32,"28,6",12:15,99.0,"14,2","27,8",Varias,46.0,59.0,00:22,36.0,12:19,Valencia,ES-VC
2023-11-03,8414A,VALENCIA AEROPUERTO,VALENCIA,56,"16,8","0,0","12,8",03:57,"20,7",12:54,99.0,"8,1","22,8",12:00,45.0,61.0,Varias,36.0,12:54,Valencia,ES-VC
2023-11-04,8414A,VALENCIA AEROPUERTO,VALENCIA,56,"20,0","0,0","15,6",Varias,"24,4",13:44,99.0,"9,2","20,6",Varias,52.0,63.0,Varias,38.0,13:45,Valencia,ES-VC
2023-11-05,8414A,VALENCIA AEROPUERTO,VALENCIA,56,"17,6","0,0","13,2",23:46,"22,0",14:25,26.0,"6,1","16,1",00:05,45.0,62.0,Varias,32.0,14:26,Valencia,ES-VC
2023-11-06,8414A,VALENCIA AEROPUERTO,VALENCIA,56,"16,5","0,0","11,1",23:35,"21,9",13:47,99.0,"4,7","11,4",Varias,45.0,67.0,Varias,27.0,14:30,Valencia,ES-VC
2023-11-07,8414A,VALENCIA AEROPUERTO,VALENCIA,56,"14,2","0,0","7,5",03:16,"21,0",14:25,24.0,"4,2","11,4",15:29,40.0,69.0,Varias,26.0,12:49,Valencia,ES-VC
2023-11-08,8414A,VALENCIA AEROPUERTO,VALENCIA,56,"13,8","0,7","7,9",05:49,"19,7",15:09,23.0,"2,8","6,1",15:30,53.0,75.0,Varias,36.0,13:17,Valencia,ES-VC
2023-11-09,8414A,VALENCIA AEROPUERTO,VALENCIA,56,"17,6","0,0","11,6",02:06,"23,7",14:01,25.0,"5,3","14,4",11:28,50.0,76.0,05:26,30.0,14:22,Valencia,ES-VC
2023-11-10,8414A,VALENCIA AEROPUERTO,VALENCIA,56,"19,3","0,0","15,7",00:26,"22,9",13:51,26.0,"6,1","15,0",14:50,43.0,65.0,00:25,32.0,11:48,Valencia,ES-VC
2023-11-11,8414A,VALENCIA AEROPUERTO,VALENCIA,56,"20,6","0,0","16,4",03:34,"24,7",12:43,99.0,"7,5","18,1",Varias,58.0,69.0,05:52,48.0,12:48,Valencia,ES-VC
2023-11-12,8414A,VALENCIA AEROPUERTO,VALENCIA,56,"21,3","0,0","15,9",23:50,"26,7",14:05,26.0,"6,1","15,3",08:01,53.0,70.0,23:18,35.0,14:10,Valencia,ES-VC
2023-11-13,8414A,VALENCIA AEROPUERTO,VALENCIA,56,"20,3","0,0","11,8",06:00,"28,8",14:03,22.0,"4,2","10,3",13:17,57.0,83.0,06:34,38.0,14:01,Valencia,ES-VC
2023-11-14,8414A,VALENCIA AEROPUERTO,VALENCIA,56,"21,0","0,0","12,7",05:40,"29,4",12:50,99.0,"4,2","10,8",Varias,47.0,79.0,01:06,27.0,12:13,Valencia,ES-VC
2023-11-15,8414A,VALENCIA AEROPUERTO,VALENCIA,56,"19,4","0,0","12,9",Varias,"26,0",11:36,4.0,"2,5","9,7",12:01,59.0,85.0,Varias,38.0,11:35,Valencia,ES-VC
2023-11-16,8414A,VALENCIA AEROPUERTO,VALENCIA,56,"18,8","0,0","9,8",05:30,"27,8",13:14,6.0,"1,9","6,7",13:50,63.0,90.0,Varias,38.0,13:09,Valencia,ES-VC
2023-11-17,8414A,VALENCIA AEROPUERTO,VALENCIA,56,"19,4","0,0","12,3",23:56,"26,6",13:02,4.0,"2,5","7,2",17:54,67.0,91.0,Varias,39.0,12:48,Valencia,ES-VC
2023-11-18,8414A,VALENCIA AEROPUERTO,VALENCIA,56,"16,6","0,0","10,1",06:52,"23,2",13:04,14.0,"2,2","6,7",12:56,76.0,94.0,23:30,51.0,12:04,Valencia,ES-VC
2023-11-19,8414A,VALENCIA AEROPUERTO,VALENCIA,56,"15,2","0,1","8,3",06:30,"22,0",12:55,4.0,"1,7","5,8",12:35,75.0,99.0,Varias,44.0,10:37,Valencia,ES-VC
2023-11-20,8414A,VALENCIA AEROPUERTO,VALENCIA,56,"14,4","0,0","9,7",23:38,"19,1",12:39,99.0,"1,9","5,8",Varias,83.0,99.0,Varias,54.0,11:05,Valencia,ES-VC
2023-11-21,8414A,VALENCIA AEROPUERTO,VALENCIA,56,"15,0","0,0","9,0",Varias,"21,0",13:13,32.0,"5,0","16,1",15:32,51.0,93.0,Varias,30.0,12:17,Valencia,ES-VC
2023-11-22,8414A,VALENCIA AEROPUERTO,VALENCIA,56,"15,2","0,0","8,2",07:02,"22,2",13:38,31.0,"3,6","12,5",02:15,47.0,63.0,07:10,21.0,13:43,Valencia,ES-VC
2023-11-23,8414A,VALENCIA AEROPUERTO,VALENCIA,56,"13,3","0,0","5,4",06:19,"21,2",14:08,32.0,"1,7","6,1",21:09,42.0,70.0,Varias,18.0,14:30,Valencia,ES-VC
2023-11-24,8414A,VALENCIA AEROPUERTO,VALENCIA,56,"13,8","0,0","4,0",04:37,"23,7",14:26,23.0,"2,8","6,7",15:40,35.0,58.0,00:31,20.0,14:38,Valencia,ES-VC
2023-11-25,8414A,VALENCIA AEROPUERTO,VALENCIA,56,"13,4","0,0","7,4",23:45,"19,5",10:20,99.0,"3,3","8,3",Varias,61.0,92.0,23:53,30.0,10:17,Valencia,ES-VC
2023-11-26,8414A,VALENCIA AEROPUERTO,VALENCIA,56,"12,8","0,0","6,1",06:30,"19,4",12:34,3.0,"2,2","6,7",17:28,77.0,94.0,Varias,47.0,12:38,Valencia,ES-VC
2023-11-27,8414A,VALENCIA AEROPUERTO,VALENCIA,56,"15,6","0,0","6,9",06:46,"24,2",12:59,25.0,"4,4","13,3",14:11,51.0,95.0,01:29,22.0,12:49,Valencia,ES-VC
2023-11-28,8414A,VALENCIA AEROPUERTO,VALENCIA,56,"17,2","0,0","13,8",Varias,"20,5",14:23,99.0,"7,2","12,8",Varias,58.0,64.0,Varias,46.0,14:28,Valencia,ES-VC
2023-11-29,8414A,VALENCIA AEROPUERTO,VALENCIA,56,"18,4","0,0","14,3",03:59,"22,5",12:33,27.0,"5,8","13,9",08:47,58.0,76.0,04:03,44.0,12:34,Valencia,ES-VC
2023-11-30,8414A,VALENCIA AEROPUERTO,VALENCIA,56,"20,6","0,0","17,6",03:29,"23,6",12:30,25.0,"6,4","19,7",15:56,53.0,66.0,03:02,41.0,12:45,Valencia,ES-VC
2023-12-01,8414A,VALENCIA AEROPUERTO,VALENCIA,56,"16,2","0,0","11,2",22:34,"21,2",00:35,25.0,"6,9","20,0",13:34,53.0,70.0,Varias,39.0,14:14,Valencia,ES-VC
2023-12-02,8414A,VALENCIA AEROPUERTO,VALENCIA,56,"12,4","0,0","6,1",23:57,"18,7",12:39,99.0,"3,3","12,5",Varias,48.0,69.0,23:59,28.0,12:49,Valencia,ES-VC
2023-12-03,8414A,VALENCIA AEROPUERTO,VALENCIA,56,"10,8","0,6","3,8",06:37,"17,7",14:13,99.0,"1,9","5,8",Varias,57.0,81.0,Varias,26.0,14:39,Valencia,ES-VC
2023-12-04,8414A,VALENCIA AEROPUERTO,VALENCIA,56,"12,0","0,0","7,1",01:30,"16,9",14:58,26.0,"6,1","13,3",12:11,61.0,79.0,23:13,46.0,15:08,Valencia,ES-VC
2023-12-05,8414A,VALENCIA AEROPUERTO,VALENCIA,56,"11,0","1,7","5,5",06:59,"16,6",12:56,26.0,"2,5","8,9",00:45,63.0,82.0,07:20,35.0,12:37,Valencia,ES-VC
2023-12-06,8414A,VALENCIA AEROPUERTO,VALENCIA,56,"12,1","0,0","7,0",23:17,"17,2",13:24,21.0,"1,4","7,8",13:43,77.0,96.0,Varias,51.0,13:33,Valencia,ES-VC
2023-12-07,8414A,VALENCIA AEROPUERTO,VALENCIA,56,"12,4","0,9","4,1",04:31,"20,7",14:11,28.0,"4,4","14,4",19:05,65.0,97.0,04:50,44.0,13:32,Valencia,ES-VC
2023-12-08,8414A,VALENCIA AEROPUERTO,VALENCIA,56,"16,0","0,1","11,7",22:37,"20,2",13:30,29.0,"6,7","16,4",17:37,46.0,78.0,08:29,24.0,14:14,Valencia,ES-VC
2023-12-09,8414A,VALENCIA AEROPUERTO,VALENCIA,56,"14,5","0,0","8,8",03:34,"20,2",13:48,99.0,"4,7","15,3",Varias,55.0,74.0,Varias,41.0,11:10,Valencia,ES-VC
2023-12-10,8414A,VALENCIA AEROPUERTO,VALENCIA,56,"18,2","0,0","11,8",06:54,"24,5",13:26,25.0,"5,3","12,5",19:41,64.0,85.0,07:16,44.0,13:24,Valencia,ES-VC
2023-12-11,8414A,VALENCIA AEROPUERTO,VALENCIA,56,"19,8","0,0","11,8",05:32,"27,7",14:12,27.0,"2,5","8,9",15:14,43.0,75.0,05:32,21.0,13:50,Valencia,ES-VC
2023-12-12,8414A,VALENCIA AEROPUERTO,VALENCIA,56,"20,0","0,0","14,5",02:41,"25,5",14:32,30.0,"6,9","14,4",12:41,38.0,59.0,Varias,28.0,15:24,Valencia,ES-VC
2023-12-13,8414A,VALENCIA AEROPUERTO,VALENCIA,56,"14,3","0,0","9,5",21:15,"19,1",00:00,24.0,"4,2","12,8",04:02,43.0,63.0,03:12,29.0,14:57,Valencia,ES-VC
2023-12-14,8414A,VALENCIA AEROPUERTO,VALENCIA,56,"13,2","0,0","7,8",23:53,"18,7",12:52,33.0,"5,8","18,1",10:45,35.0,62.0,00:57,27.0,13:23,Valencia,ES-VC
2023-12-15,8414A,VALENCIA AEROPUERTO,VALENCIA,56,"12,6","0,0","4,1",06:40,"21,2",13:56,30.0,"2,2","6,1",14:52,48.0,76.0,07:10,24.0,15:00,Valencia,ES-VC
2023-12-16,8414A,VALENCIA AEROPUERTO,VALENCIA,56,"9,6","0,0","2,8",07:02,"16,5",13:28,16.0,"1,9","5,0",13:12,68.0,94.0,23:59,41.0,10:59,Valencia,ES-VC
2023-12-17,8414A,VALENCIA AEROPUERTO,VALENCIA,56,"10,0","0,0","3,3",05:14,"16,7",13:17,99.0,"1,1","6,7",Varias,71.0,95.0,00:14,43.0,14:09,Valencia,ES-VC
2023-12-18,8414A,VALENCIA AEROPUERTO,VALENCIA,56,"9,2","0,0","1,7",07:11,"16,7",12:31,32.0,"1,1","9,7",04:03,62.0,94.0,02:07,31.0,12:31,Valencia,ES-VC
2023-12-19,8414A,VALENCIA AEROPUERTO,VALENCIA,56,"10,8","0,0","0,0",07:02,"21,5",13:46,25.0,"1,7","6,1",22:30,42.0,82.0,00:14,17.0,12:58,Valencia,ES-VC
2023-12-20,8414A,VALENCIA AEROPUERTO,VALENCIA,56,"12,7","0,0","6,8",04:27,"18,6",11:06,34.0,"8,6","15,0",11:22,42.0,60.0,Varias,32.0,16:45,Valencia,ES-VC
2023-12-21,8414A,VALENCIA AEROPUERTO,VALENCIA,56,"12,8","0,0","5,0",01:56,"20,6",14:09,99.0,"3,9","7,8",18:19,49.0,73.0,23:46,29.0,13:30,Valencia,ES-VC
2023-12-22,8414A,VALENCIA AEROPUERTO,VALENCIA,56,"13,4","0,0","4,6",06:03,"22,2",13:31,31.0,"3,1","9,7",18:30,51.0,77.0,06:08,29.0,13:16,Valencia,ES-VC
2023-12-23,8414A,VALENCIA AEROPUERTO,VALENCIA,56,"10,6","0,0","3,5",07:28,"17,7",12:30,99.0,"1,9","5,8",Varias,61.0,92.0,Varias,29.0,12:05,Valencia,ES-VC
2023-12-24,8414A,VALENCIA AEROPUERTO,VALENCIA,56,"9,0","0,0","1,5",05:49,"16,4",12:59,99.0,"1,4","5,8",14:11,69.0,91.0,Varias,42.0,13:00,Valencia,ES-VC
2023-12-25,8414A,VALENCIA AEROPUERTO,VALENCIA,56,"9,6","0,0","0,6",06:30,"18,6",14:05,7.0,"0,8","5,0",14:59,63.0,92.0,03:13,29.0,14:03,Valencia,ES-VC
2023-12-26,8414A,VALENCIA AEROPUERTO,VALENCIA,56,"9,4","0,0","0,7",05:13,"18,2",13:09,6.0,"1,4","4,7",15:22,57.0,88.0,05:32,30.0,13:07,Valencia,ES-VC
2023-12-27,8414A,VALENCIA AEROPUERTO,VALENCIA,56,"9,2","0,0","-0,4",07:12,"18,7",14:53,99.0,"1,7","4,7",Varias,65.0,95.0,20:46,26.0,14:52,Valencia,ES-VC
2023-12-28,8414A,VALENCIA AEROPUERTO,VALENCIA,56,"7,4","0,0","0,1",03:26,"14,8",13:11,99.0,"1,4","5,0",Varias,67.0,90.0,Varias,40.0,10:10,Valencia,ES-VC
2023-12-29,8414A,VALENCIA AEROPUERTO,VALENCIA,56,"8,8","0,0","4,6",01:35,"13,0",12:51,4.0,"1,1","7,2",16:06,67.0,90.0,01:30,49.0,11:02,Valencia,ES-VC
2023-12-30,8414A,VALENCIA AEROPUERTO,VALENCIA,56,"11,4","0,0","4,5",23:30,"18,2",13:30,7.0,"1,7","6,1",17:25,57.0,82.0,Varias,26.0,13:17,Valencia,ES-VC
2023-12-31,8414A,VALENCIA AEROPUERTO,VALENCIA,56,"9,8","0,0","3,0",01:10,"16,7",13:47,99.0,"8,1","13,9",Varias,54.0,84.0,00:46,48.0,14:12,Valencia,ES-VC
2023-07-01,3195,"MADRID, RETIRO",MADRID,667,"24,8","0,0","17,9",05:40,"31,7",14:00,4.0,"1,4","8,6",23:10,38.0,62.0,07:20,25.0,14:50,Madrid,ES-MD
2023-07-02,3195,"MADRID, RETIRO",MADRID,667,"27,4","0,0","20,2",05:50,"34,7",14:40,4.0,"3,1","9,2",04:00,40.0,65.0,07:10,22.0,15:20,Madrid,ES-MD
2023-07-03,3195,"MADRID, RETIRO",MADRID,667,"28,7","0,0","22,3",04:50,"35,1",14:40,23.0,"3,1","13,1",12:50,33.0,62.0,06:30,15.0,15:30,Madrid,ES-MD
2023-07-04,3195,"MADRID, RETIRO",MADRID,667,"27,0","0,0","20,5",05:00,"33,5",12:50,33.0,"2,8","8,9",18:00,36.0,77.0,04:40,12.0,14:00,Madrid,ES-MD
2023-07-05,3195,"MADRID, RETIRO",MADRID,667,"27,2","0,0","21,3",05:10,"33,0",14:20,24.0,"2,2","9,7",15:30,26.0,44.0,06:30,13.0,14:30,Madrid,ES-MD
2023-07-06,3195,"MADRID, RETIRO",MADRID,667,"27,6","0,0","21,6",07:10,"33,7",14:40,25.0,"1,9","9,7",15:50,39.0,80.0,07:00,16.0,14:20,Madrid,ES-MD
2023-07-07,3195,"MADRID, RETIRO",MADRID,667,"27,8","0,0","21,4",05:40,"34,2",13:50,26.0,"2,5","10,6",15:50,36.0,75.0,04:30,13.0,17:30,Madrid,ES-MD
2023-07-08,3195,"MADRID, RETIRO",MADRID,667,"26,2","0,0","19,7",04:40,"32,7",14:50,26.0,"1,9","8,9",15:00,29.0,55.0,06:30,16.0,13:00,Madrid,ES-MD
2023-07-09,3195,"MADRID, RETIRO",MADRID,667,"26,8","0,0","19,3",06:00,"34,2",14:40,25.0,"1,7","8,9",16:00,29.0,60.0,06:00,15.0,16:40,Madrid,ES-MD
2023-07-10,3195,"MADRID, RETIRO",MADRID,667,"29,6","0,0","21,5",04:40,"37,8",14:20,27.0,"1,7","6,9",16:00,25.0,43.0,04:20,15.0,16:10,Madrid,ES-MD
2023-07-11,3195,"MADRID, RETIRO",MADRID,667,"30,8","0,0","23,6",06:00,"38,0",13:30,24.0,"3,9","11,4",13:10,25.0,49.0,06:50,13.0,13:40,Madrid,ES-MD
2023-07-12,3195,"MADRID, RETIRO",MADRID,667,"27,2","0,0","21,3",06:10,"33,2",14:50,25.0,"2,5","10,0",14:30,29.0,49.0,06:40,16.0,14:50,Madrid,ES-MD
2023-07-13,3195,"MADRID, RETIRO",MADRID,667,"28,2","0,0","21,4",05:20,"35,1",14:40,25.0,"1,7","7,5",15:30,30.0,55.0,06:00,17.0,16:10,Madrid,ES-MD
2023-07-14,3195,"MADRID, RETIRO",MADRID,667,"29,8","0,0","22,8",05:30,"36,8",14:00,16.0,"2,8","10,8",11:40,36.0,73.0,06:50,15.0,14:30,Madrid,ES-MD
2023-07-15,3195,"MADRID, RETIRO",MADRID,667,"26,7","0,0","21,1",06:10,"32,3",14:30,23.0,"3,6","11,1",14:30,36.0,63.0,06:10,18.0,14:40,Madrid,ES-MD
2023-07-16,3195,"MADRID, RETIRO",MADRID,667,"27,2","0,0","20,4",05:50,"34,0",14:30,23.0,"2,2","7,8",13:00,27.0,47.0,01:40,17.0,13:30,Madrid,ES-MD
2023-07-17,3195,"MADRID, RETIRO",MADRID,667,"30,4","0,0","22,2",03:20,"38,7",15:00,24.0,"1,7","6,1",16:40,31.0,57.0,08:30,16.0,16:00,Madrid,ES-MD
2023-07-18,3195,"MADRID, RETIRO",MADRID,667,"31,8","0,0","25,0",05:40,"38,5",14:00,26.0,"2,2","9,7",14:10,28.0,60.0,06:10,14.0,Varias,Madrid,ES-MD
2023-07-19,3195,"MADRID, RETIRO",MADRID,667,"31,4","0,0","25,3",06:00,"37,5",14:30,26.0,"3,6","12,5",15:20,24.0,41.0,06:00,16.0,12:00,Madrid,ES-MD
2023-07-20,3195,"MADRID, RETIRO",MADRID,667,"28,6","0,0","20,9",05:40,"36,4",14:10,23.0,"3,3","10,8",12:00,23.0,47.0,06:50,10.0,13:30,Madrid,ES-MD
2023-07-21,3195,"MADRID, RETIRO",MADRID,667,"26,3","0,0","20,7",04:50,"31,9",14:30,28.0,"2,2","9,7",16:40,28.0,52.0,04:50,13.0,16:20,Madrid,ES-MD
2023-07-22,3195,"MADRID, RETIRO",MADRID,667,"25,5","0,0","19,3",05:40,"31,7",14:40,5.0,"1,7","8,3",00:20,36.0,61.0,07:00,21.0,Varias,Madrid,ES-MD
2023-07-23,3195,"MADRID, RETIRO",MADRID,667,"28,0","0,0","19,8",05:40,"36,3",14:30,23.0,"2,5","10,6",14:50,24.0,56.0,08:10,12.0,Varias,Madrid,ES-MD
2023-07-24,3195,"MADRID, RETIRO",MADRID,667,"25,8","0,0","19,2",06:10,"32,5",13:40,23.0,"2,8","10,6",13:20,30.0,49.0,06:20,21.0,12:00,Madrid,ES-MD
2023-07-25,3195,"MADRID, RETIRO",MADRID,667,"24,6","0,0","17,4",05:10,"31,9",Varias,28.0,"2,2","8,6",17:40,29.0,62.0,04:50,14.0,16:20,Madrid,ES-MD
2023-07-26,3195,"MADRID, RETIRO",MADRID,667,"25,5","0,0","18,1",06:10,"32,9",14:20,5.0,"1,7","6,7",00:10,30.0,52.0,05:40,16.0,14:00,Madrid,ES-MD
2023-07-27,3195,"MADRID, RETIRO",MADRID,667,"27,7","0,0","21,2",06:40,"34,2",13:40,27.0,"3,1","11,1",14:30,32.0,61.0,07:30,11.0,15:40,Madrid,ES-MD
2023-07-28,3195,"MADRID, RETIRO",MADRID,667,"26,9","0,0","19,8",05:30,"34,0",14:40,27.0,"1,9","8,9",15:10,27.0,56.0,06:20,12.0,17:10,Madrid,ES-MD
2023-07-29,3195,"MADRID, RETIRO",MADRID,667,"28,8","0,0","21,0",05:20,"36,6",14:10,26.0,"2,5","10,8",13:30,25.0,51.0,03:50,18.0,14:30,Madrid,ES-MD
2023-07-30,3195,"MADRID, RETIRO",MADRID,667,"29,6","0,0","22,4",05:50,"36,8",14:00,22.0,"2,5","8,6",15:30,28.0,51.0,03:20,15.0,15:30,Madrid,ES-MD
2023-07-31,3195,"MADRID, RETIRO",MADRID,667,"30,0","0,0","23,4",06:00,"36,6",13:10,32.0,"2,2","7,8",19:40,30.0,53.0,05:40,15.0,17:10,Madrid,ES-MD
2023-08-01,3195,"MADRID, RETIRO",MADRID,667,"28,9","0,0","21,2",06:10,"36,6",14:10,30.0,"1,4","6,1",01:50,26.0,53.0,05:10,12.0,13:40,Madrid,ES-MD
2023-08-02,3195,"MADRID, RETIRO",MADRID,667,"28,9","0,0","22,1",05:50,"35,7",14:00,35.0,"3,3","10,3",18:40,27.0,57.0,06:20,15.0,12:50,Madrid,ES-MD
2023-08-03,3195,"MADRID, RETIRO",MADRID,667,"26,8","0,0","20,9",23:59,"32,8",14:10,5.0,"2,2","10,8",23:59,30.0,64.0,05:20,13.0,15:40,Madrid,ES-MD
2023-08-04,3195,"MADRID, RETIRO",MADRID,667,"22,4","0,0","15,8",05:50,"29,0",14:20,4.0,"3,3","11,4",00:40,31.0,53.0,02:40,17.0,15:20,Madrid,ES-MD
2023-08-05,3195,"MADRID, RETIRO",MADRID,667,"24,3","0,0","15,6",05:50,"33,0",14:50,9.0,"1,4","7,5",00:20,32.0,61.0,Varias,15.0,14:30,Madrid,ES-MD
2023-08-06,3195,"MADRID, RETIRO",MADRID,667,"28,2","0,0","20,1",06:30,"36,3",14:30,99.0,"3,3","10,0",Varias,28.0,53.0,07:10,10.0,Varias,Madrid,ES-MD
2023-08-07,3195,"MADRID, RETIRO",MADRID,667,"27,8","0,0","19,0",06:00,"36,5",14:40,5.0,"1,7","9,2",00:20,22.0,39.0,22:50,17.0,15:30,Madrid,ES-MD
2023-08-08,3195,"MADRID, RETIRO",MADRID,667,"30,2","0,0","22,6",06:20,"37,8",14:40,99.0,"1,9","6,7",Varias,28.0,56.0,08:20,17.0,Varias,Madrid,ES-MD
2023-08-09,3195,"MADRID, RETIRO",MADRID,667,"31,8","0,0","24,2",05:20,"39,5",14:30,26.0,"1,1","9,2",17:00,27.0,45.0,05:00,16.0,16:20,Madrid,ES-MD
2023-08-10,3195,"MADRID, RETIRO",MADRID,667,"30,4","0,0","22,8",06:50,"38,0",14:40,26.0,"1,9","8,3",13:40,24.0,54.0,06:40,10.0,15:30,Madrid,ES-MD
2023-08-11,3195,"MADRID, RETIRO",MADRID,667,"31,2","0,0","23,5",04:10,"38,8",14:30,24.0,"1,7","6,1",17:30,19.0,41.0,04:10,12.0,14:30,Madrid,ES-MD
2023-08-12,3195,"MADRID, RETIRO",MADRID,667,"30,6","0,0","23,4",03:40,"37,9",14:20,24.0,"1,4","6,7",13:50,27.0,45.0,07:40,16.0,Varias,Madrid,ES-MD
2023-08-13,3195,"MADRID, RETIRO",MADRID,667,"30,6","0,0","23,4",06:00,"37,8",14:10,14.0,"2,8","9,7",15:30,33.0,67.0,07:10,11.0,18:10,Madrid,ES-MD
2023-08-14,3195,"MADRID, RETIRO",MADRID,667,"29,2","0,0","22,3",05:20,"36,2",14:20,21.0,"2,2","8,1",11:00,26.0,51.0,06:40,10.0,17:40,Madrid,ES-MD
2023-08-15,3195,"MADRID, RETIRO",MADRID,667,"28,4","0,0","20,3",05:20,"36,6",13:40,20.0,"1,7","7,5",14:30,21.0,43.0,06:40,12.0,14:30,Madrid,ES-MD
2023-08-16,3195,"MADRID, RETIRO",MADRID,667,"28,1","0,0","19,9",05:50,"36,3",14:10,22.0,"1,9","8,1",14:30,24.0,52.0,07:40,14.0,14:30,Madrid,ES-MD
2023-08-17,3195,"MADRID, RETIRO",MADRID,667,"28,6","0,0","20,9",05:20,"36,2",14:20,26.0,"1,9","7,8",15:10,25.0,48.0,05:10,15.0,11:50,Madrid,ES-MD
2023-08-18,3195,"MADRID, RETIRO",MADRID,667,"27,5","0,0","20,6",06:20,"34,4",14:10,24.0,"2,5","9,7",16:40,26.0,46.0,07:00,13.0,16:20,Madrid,ES-MD
2023-08-19,3195,"MADRID, RETIRO",MADRID,667,"29,0","0,0","21,3",06:40,"36,7",14:20,23.0,"1,4","6,4",13:40,27.0,52.0,04:10,16.0,14:20,Madrid,ES-MD
2023-08-20,3195,"MADRID, RETIRO",MADRID,667,"29,9","0,0","21,8",06:20,"38,0",14:00,22.0,"1,4","5,3",13:30,27.0,52.0,06:40,11.0,Varias,Madrid,ES-MD
2023-08-21,3195,"MADRID, RETIRO",MADRID,667,"32,5","0,0","25,0",05:00,"40,0",14:00,15.0,"1,4","6,9",23:20,26.0,50.0,03:30,16.0,Varias,Madrid,ES-MD
2023-08-22,3195,"MADRID, RETIRO",MADRID,667,"32,2","0,0","24,7",06:30,"39,7",14:20,15.0,"1,7","8,1",22:40,23.0,45.0,04:00,13.0,13:40,Madrid,ES-MD
2023-08-23,3195,"MADRID, RETIRO",MADRID,667,"32,3","0,0","25,7",06:10,"38,9",14:20,18.0,"3,1","8,3",16:00,21.0,35.0,02:50,13.0,15:30,Madrid,ES-MD
2023-08-24,3195,"MADRID, RETIRO",MADRID,667,"31,6","0,0","24,1",06:00,"39,0",14:20,23.0,"2,2","7,5",14:50,23.0,42.0,05:40,11.0,14:40,Madrid,ES-MD
2023-08-25,3195,"MADRID, RETIRO",MADRID,667,"30,4","0,0","22,9",05:50,"37,8",14:00,24.0,"2,8","11,4",14:20,21.0,43.0,07:10,12.0,13:30,Madrid,ES-MD
2023-08-26,3195,"MADRID, RETIRO",MADRID,667,"25,7","0,0","19,9",23:59,"31,5",14:50,25.0,"4,2","15,6",16:10,25.0,41.0,23:59,13.0,16:10,Madrid,ES-MD
2023-08-27,3195,"MADRID, RETIRO",MADRID,667,"20,0","0,0","16,1",06:10,"23,8",13:40,3.0,"3,9","13,1",07:30,32.0,53.0,05:20,22.0,17:50,Madrid,ES-MD
2023-08-28,3195,"MADRID, RETIRO",MADRID,667,"21,2","0,0","15,1",05:50,"27,2",15:30,5.0,"1,9","6,9",17:50,35.0,55.0,Varias,24.0,Varias,Madrid,ES-MD
2023-08-29,3195,"MADRID, RETIRO",MADRID,667,"23,0","0,0","17,1",06:30,"28,9",14:30,5.0,"3,3","9,2",17:20,38.0,58.0,06:30,25.0,14:20,Madrid,ES-MD
2023-08-30,3195,"MADRID, RETIRO",MADRID,667,"22,0","0,0","16,2",07:00,"27,8",13:30,6.0,"1,1","6,7",00:30,36.0,55.0,07:20,23.0,16:50,Madrid,ES-MD
2023-08-31,3195,"MADRID, RETIRO",MADRID,667,"24,4",,"17,4",Varias,"31,4",14:10,99.0,"0,8","6,4",Varias,33.0,56.0,03:50,18.0,16:10,Madrid,ES-MD
2023-09-01,3195,"MADRID, RETIRO",MADRID,667,"25,0",,"18,4",06:00,"31,6",14:30,27.0,"2,2","9,4",13:50,32.0,50.0,06:10,22.0,13:10,Madrid,ES-MD
2023-09-02,3195,"MADRID, RETIRO",MADRID,667,"19,3",,"15,4",23:59,"23,2",00:00,5.0,"3,6","11,9",13:40,70.0,97.0,23:50,42.0,00:40,Madrid,ES-MD
2023-09-03,3195,"MADRID, RETIRO",MADRID,667,"18,2",,"15,4",00:00,"20,9",21:20,12.0,"2,2","9,7",20:50,94.0,98.0,Varias,79.0,21:10,Madrid,ES-MD
2023-09-04,3195,"MADRID, RETIRO",MADRID,667,"19,7",,"16,1",07:10,"23,3",16:40,25.0,"1,7","10,3",03:50,86.0,99.0,Varias,57.0,17:40,Madrid,ES-MD
2023-09-05,3195,"MADRID, RETIRO",MADRID,667,"22,0",,"16,7",05:40,"27,3",14:10,99.0,"0,6","5,0",Varias,69.0,98.0,05:40,43.0,15:10,Madrid,ES-MD
2023-09-06,3195,"MADRID, RETIRO",MADRID,667,"22,8",,"18,1",06:00,"27,6",14:10,16.0,"1,4","5,6",12:40,70.0,97.0,06:20,39.0,16:00,Madrid,ES-MD
2023-09-07,3195,"MADRID, RETIRO",MADRID,667,"24,4",,"19,9",06:00,"29,0",14:20,99.0,"1,4","5,0",Varias,63.0,80.0,Varias,40.0,14:20,Madrid,ES-MD
2023-09-08,3195,"MADRID, RETIRO",MADRID,667,"24,8",,"20,3",06:20,"29,4",14:10,13.0,"1,4","6,7",22:40,60.0,93.0,22:00,36.0,14:50,Madrid,ES-MD
2023-09-09,3195,"MADRID, RETIRO",MADRID,667,"23,4",,"19,3",22:50,"27,4",14:00,12.0,"1,1","7,2",16:00,69.0,94.0,23:30,44.0,14:30,Madrid,ES-MD
2023-09-10,3195,"MADRID, RETIRO",MADRID,667,"23,7",,"18,5",04:50,"28,9",13:50,99.0,"1,7","5,3",Varias,62.0,94.0,19:20,41.0,16:50,Madrid,ES-MD
2023-09-11,3195,"MADRID, RETIRO",MADRID,667,"21,6",,"17,1",06:30,"26,0",13:30,26.0,"1,9","7,5",12:00,62.0,98.0,06:50,38.0,13:10,Madrid,ES-MD
2023-09-12,3195,"MADRID, RETIRO",MADRID,667,"22,2",,"17,5",04:30,"27,0",14:00,5.0,"1,7","8,1",23:40,59.0,87.0,04:50,35.0,14:00,Madrid,ES-MD
2023-09-13,3195,"MADRID, RETIRO",MADRID,667,"21,9",,"16,5",06:10,"27,3",14:20,5.0,"2,2","8,6",07:00,52.0,79.0,06:10,29.0,17:20,Madrid,ES-MD
2023-09-14,3195,"MADRID, RETIRO",MADRID,667,"22,6",,"18,4",05:40,"26,7",14:00,14.0,"1,7","7,5",23:59,62.0,74.0,07:40,51.0,16:00,Madrid,ES-MD
2023-09-15,3195,"MADRID, RETIRO",MADRID,667,"19,9",,"15,5",06:40,"24,3",15:40,26.0,"1,4","10,8",20:10,72.0,96.0,Varias,50.0,15:20,Madrid,ES-MD
2023-09-16,3195,"MADRID, RETIRO",MADRID,667,"19,1",,"16,0",05:40,"22,2",14:00,18.0,"1,7","6,4",15:40,75.0,97.0,04:10,58.0,17:20,Madrid,ES-MD
2023-09-17,3195,"MADRID, RETIRO",MADRID,667,"17,0",,"14,9",23:20,"19,2",00:00,26.0,"1,7","8,6",12:10,88.0,97.0,10:30,72.0,00:00,Madrid,ES-MD
2023-09-18,3195,"MADRID, RETIRO",MADRID,667,"17,2",,"14,5",02:10,"20,0",12:10,24.0,"1,4","5,8",15:40,78.0,94.0,Varias,64.0,12:10,Madrid,ES-MD
2023-09-19,3195,"MADRID, RETIRO",MADRID,667,"18,4",,"13,6",Varias,"23,2",16:00,2.0,"1,1","5,6",22:30,65.0,97.0,Varias,38.0,15:40,Madrid,ES-MD
2023-09-20,3195,"MADRID, RETIRO",MADRID,667,"18,7",,"13,5",Varias,"23,9",13:10,28.0,"2,5","10,6",13:20,58.0,89.0,06:50,37.0,14:30,Madrid,ES-MD
2023-09-21,3195,"MADRID, RETIRO",MADRID,667,"16,5",,"14,4",06:00,"18,6",14:10,24.0,"3,6","11,1",09:40,76.0,92.0,12:00,51.0,00:10,Madrid,ES-MD
2023-09-22,3195,"MADRID, RETIRO",MADRID,667,"16,1",,"11,7",06:00,"20,5",13:40,29.0,"2,2","8,9",14:40,47.0,68.0,03:50,34.0,13:50,Madrid,ES-MD
2023-09-23,3195,"MADRID, RETIRO",MADRID,667,"16,4",,"10,7",06:00,"22,2",13:30,99.0,"0,8","4,7",Varias,52.0,80.0,06:50,34.0,13:20,Madrid,ES-MD
2023-09-24,3195,"MADRID, RETIRO",MADRID,667,"19,0",,"12,7",06:10,"25,3",13:40,4.0,"1,7","5,8",23:30,48.0,78.0,05:30,24.0,15:40,Madrid,ES-MD
2023-09-25,3195,"MADRID, RETIRO",MADRID,667,"20,6",,"13,5",05:20,"27,8",13:30,4.0,"1,4","5,0",07:30,43.0,73.0,Varias,23.0,13:20,Madrid,ES-MD
2023-09-26,3195,"MADRID, RETIRO",MADRID,667,"21,3",,"15,6",06:20,"27,0",Varias,6.0,"1,4","5,8",06:10,46.0,69.0,Varias,30.0,15:40,Madrid,ES-MD
2023-09-27,3195,"MADRID, RETIRO",MADRID,667,"21,6",,"16,1",05:40,"27,1",15:20,99.0,"1,7","5,6",Varias,51.0,74.0,23:59,33.0,16:30,Madrid,ES-MD
2023-09-28,3195,"MADRID, RETIRO",MADRID,667,"21,8",,"15,4",06:20,"28,2",13:40,6.0,"1,4","6,7",23:59,56.0,83.0,06:00,29.0,16:20,Madrid,ES-MD
2023-09-29,3195,"MADRID, RETIRO",MADRID,667,"22,8",,"15,7",06:20,"29,9",13:30,99.0,"1,1","6,7",Varias,47.0,76.0,04:10,26.0,13:10,Madrid,ES-MD
2023-09-30,3195,"MADRID, RETIRO",MADRID,667,"23,8",,"18,4",06:40,"29,2",13:30,99.0,"1,1","4,2",Varias,48.0,74.0,23:50,33.0,14:30,Madrid,ES-MD
2023-10-01,3195,"MADRID, RETIRO",MADRID,667,"24,0",,"18,1",06:40,"30,0",13:40,99.0,"1,9","5,6",Varias,40.0,73.0,00:00,21.0,15:00,Madrid,ES-MD
2023-10-02,3195,"MADRID, RETIRO",MADRID,667,"23,2",,"17,4",06:00,"29,0",Varias,3.0,"1,4","5,6",04:50,39.0,56.0,00:00,24.0,15:30,Madrid,ES-MD
2023-10-03,3195,"MADRID, RETIRO",MADRID,667,"23,0",,"17,1",06:50,"29,0",13:40,4.0,"1,4","7,5",Varias,43.0,61.0,02:00,28.0,14:30,Madrid,ES-MD
2023-10-04,3195,"MADRID, RETIRO",MADRID,667,"22,0",,"17,3",06:50,"26,8",16:00,4.0,"1,4","7,8",01:00,55.0,73.0,23:30,42.0,16:10,Madrid,ES-MD
2023-10-05,3195,"MADRID, RETIRO",MADRID,667,"23,3",,"17,4",Varias,"29,2",Varias,4.0,"1,1","6,7",22:00,45.0,80.0,03:00,24.0,15:50,Madrid,ES-MD
2023-10-06,3195,"MADRID, RETIRO",MADRID,667,"24,0",,"18,0",06:10,"30,1",13:40,4.0,"1,7","6,7",07:40,37.0,61.0,01:20,20.0,12:10,Madrid,ES-MD
2023-10-07,3195,"MADRID, RETIRO",MADRID,667,"23,6",,"18,2",06:20,"29,0",14:30,6.0,"1,4","6,1",04:10,36.0,50.0,01:20,22.0,14:40,Madrid,ES-MD
2023-10-08,3195,"MADRID, RETIRO",MADRID,667,"23,0",,"17,0",07:10,"29,0",14:30,6.0,"1,4","5,0",05:40,37.0,58.0,03:10,22.0,15:40,Madrid,ES-MD
2023-10-09,3195,"MADRID, RETIRO",MADRID,667,"22,1",,"16,7",07:00,"27,5",13:20,6.0,"1,1","4,7",04:30,40.0,57.0,23:20,25.0,15:00,Madrid,ES-MD
2023-10-10,3195,"MADRID, RETIRO",MADRID,667,"21,2",,"16,0",06:30,"26,4",13:10,4.0,"1,1","6,7",22:50,39.0,67.0,01:10,29.0,Varias,Madrid,ES-MD
2023-10-11,3195,"MADRID, RETIRO",MADRID,667,"20,8",,"15,2",07:10,"26,3",13:20,5.0,"1,1","5,0",04:20,43.0,64.0,03:30,30.0,14:40,Madrid,ES-MD
2023-10-12,3195,"MADRID, RETIRO",MADRID,667,"20,2",,"13,7",06:40,"26,7",13:20,4.0,"1,1","5,3",02:10,40.0,66.0,01:20,24.0,14:10,Madrid,ES-MD
2023-10-13,3195,"MADRID, RETIRO",MADRID,667,"20,6",,"15,9",06:50,"25,3",14:50,32.0,"1,7","7,5",19:00,42.0,65.0,23:59,30.0,15:50,Madrid,ES-MD
2023-10-14,3195,"MADRID, RETIRO",MADRID,667,"18,0",,"14,9",07:20,"21,2",14:10,26.0,"0,8","4,7",13:50,74.0,95.0,05:20,57.0,15:50,Madrid,ES-MD
2023-10-15,3195,"MADRID, RETIRO",MADRID,667,"17,3",,"13,5",05:30,"21,1",12:50,99.0,"1,1","4,2",Varias,73.0,96.0,23:59,57.0,Varias,Madrid,ES-MD
2023-10-16,3195,"MADRID, RETIRO",MADRID,667,"17,4",,"14,9",07:00,"20,0",14:20,22.0,"1,7","7,5",12:00,76.0,97.0,00:20,59.0,15:20,Madrid,ES-MD
2023-10-17,3195,"MADRID, RETIRO",MADRID,667,"19,4",,"15,7",03:30,"23,2",14:40,22.0,"2,8","15,0",17:00,65.0,94.0,01:40,46.0,14:30,Madrid,ES-MD
2023-10-18,3195,"MADRID, RETIRO",MADRID,667,"18,1",,"15,6",23:59,"20,6",14:20,23.0,"4,4","13,3",15:40,81.0,96.0,01:10,60.0,Varias,Madrid,ES-MD
2023-10-19,3195,"MADRID, RETIRO",MADRID,667,"13,8",,"10,9",23:59,"16,7",14:30,23.0,"2,5","16,4",13:50,99.0,99.0,Varias,83.0,00:00,Madrid,ES-MD
2023-10-20,3195,"MADRID, RETIRO",MADRID,667,"13,2",,"10,5",05:30,"15,8",13:50,28.0,"3,3","15,8",15:20,75.0,99.0,Varias,43.0,14:50,Madrid,ES-MD
2023-10-21,3195,"MADRID, RETIRO",MADRID,667,"12,0",,"7,8",06:30,"16,2",13:20,23.0,"1,7","6,7",14:00,67.0,84.0,07:10,49.0,Varias,Madrid,ES-MD
2023-10-22,3195,"MADRID, RETIRO",MADRID,667,"12,8",,"10,2",Varias,"15,5",13:50,1.0,"2,8","10,0",21:40,73.0,99.0,Varias,53.0,11:30,Madrid,ES-MD
2023-10-23,3195,"MADRID, RETIRO",MADRID,667,"12,5",,"10,2",07:30,"14,8",13:50,26.0,"1,7","8,9",00:40,90.0,99.0,Varias,74.0,13:20,Madrid,ES-MD
2023-10-24,3195,"MADRID, RETIRO",MADRID,667,"11,2",,"9,1",06:30,"13,2",14:40,25.0,"3,3","11,4",13:00,84.0,98.0,Varias,70.0,13:30,Madrid,ES-MD
2023-10-25,3195,"MADRID, RETIRO",MADRID,667,"14,5",,"11,8",00:30,"17,2",14:50,24.0,"3,9","10,0",16:50,88.0,99.0,Varias,77.0,13:30,Madrid,ES-MD
2023-10-26,3195,"MADRID, RETIRO",MADRID,667,"14,9",,"11,6",23:59,"18,2",14:00,24.0,"3,6","15,8",13:30,93.0,98.0,03:30,67.0,23:20,Madrid,ES-MD
2023-10-27,3195,"MADRID, RETIRO",MADRID,667,"12,2",,"9,3",06:50,"15,0",16:00,26.0,"3,1","11,7",10:40,86.0,97.0,03:00,72.0,10:40,Madrid,ES-MD
2023-10-28,3195,"MADRID, RETIRO",MADRID,667,"14,2",,"11,7",04:30,"16,6",13:50,99.0,"3,6","11,1",Varias,80.0,97.0,Varias,65.0,13:50,Madrid,ES-MD
2023-10-29,3195,"MADRID, RETIRO",MADRID,667,"14,4",,"12,5",06:50,"16,3",15:00,22.0,"3,1","9,7",12:20,79.0,97.0,00:00,69.0,12:50,Madrid,ES-MD
2023-10-30,3195,"MADRID, RETIRO",MADRID,667,"12,3",,"8,7",23:20,"15,9",13:20,27.0,"3,1","9,4",14:10,78.0,99.0,Varias,49.0,14:20,Madrid,ES-MD
2023-10-31,3195,"MADRID, RETIRO",MADRID,667,"10,0",,"7,5",06:50,"12,6",15:10,24.0,"0,6","4,7",03:20,89.0,99.0,07:00,71.0,14:10,Madrid,ES-MD
2023-11-01,3195,"MADRID, RETIRO",MADRID,667,"11,3",,"8,3",00:20,"14,3",21:20,24.0,"3,1","16,7",23:10,95.0,99.0,Varias,89.0,22:30,Madrid,ES-MD
2023-11-02,3195,"MADRID, RETIRO",MADRID,667,"11,5",,"7,1",23:40,"15,9",13:30,24.0,"6,4","18,6",07:00,67.0,99.0,Varias,53.0,17:40,Madrid,ES-MD
2023-11-03,3195,"MADRID, RETIRO",MADRID,667,"10,1",,"7,1",00:00,"13,1",15:30,28.0,"4,4","11,9",12:40,83.0,94.0,08:20,58.0,15:30,Madrid,ES-MD
2023-11-04,3195,"MADRID, RETIRO",MADRID,667,"11,8",,"9,7",23:50,"13,9",16:50,28.0,"5,6","15,0",16:50,92.0,99.0,Varias,76.0,Varias,Madrid,ES-MD
2023-11-05,3195,"MADRID, RETIRO",MADRID,667,"11,0",,"8,5",05:50,"13,4",12:40,25.0,"2,8","11,7",00:10,77.0,93.0,07:30,62.0,13:20,Madrid,ES-MD
2023-11-06,3195,"MADRID, RETIRO",MADRID,667,"9,0",,"5,2",07:10,"12,9",15:20,25.0,"1,7","7,8",10:20,72.0,98.0,04:20,41.0,15:00,Madrid,ES-MD
2023-11-07,3195,"MADRID, RETIRO",MADRID,667,"6,8",,"3,4",07:00,"10,1",13:50,32.0,"1,4","6,7",01:20,83.0,96.0,22:30,68.0,01:50,Madrid,ES-MD
2023-11-08,3195,"MADRID, RETIRO",MADRID,667,"8,2",,"4,9",02:50,"11,5",14:20,24.0,"1,7","6,4",23:10,84.0,99.0,Varias,71.0,14:10,Madrid,ES-MD
2023-11-09,3195,"MADRID, RETIRO",MADRID,667,"12,6",,"9,6",Varias,"15,5",14:40,28.0,"2,2","8,3",09:30,74.0,98.0,Varias,47.0,13:40,Madrid,ES-MD
2023-11-10,3195,"MADRID, RETIRO",MADRID,667,"11,2",,"7,9",06:30,"14,6",14:50,22.0,"2,8","9,4",23:59,72.0,98.0,23:30,62.0,11:50,Madrid,ES-MD
2023-11-11,3195,"MADRID, RETIRO",MADRID,667,"14,6",,"11,5",00:00,"17,6",13:30,26.0,"3,6","11,7",03:00,89.0,98.0,Varias,81.0,13:10,Madrid,ES-MD
2023-11-12,3195,"MADRID, RETIRO",MADRID,667,"15,2",,"11,9",07:30,"18,6",14:30,28.0,"1,7","8,3",11:50,84.0,99.0,Varias,67.0,13:00,Madrid,ES-MD
2023-11-13,3195,"MADRID, RETIRO",MADRID,667,"14,8",,"11,6",23:50,"18,0",14:00,24.0,"1,7","6,4",10:20,85.0,99.0,00:30,71.0,15:00,Madrid,ES-MD
2023-11-14,3195,"MADRID, RETIRO",MADRID,667,"13,0",,"10,3",03:30,"15,8",15:10,16.0,"0,8","3,6",13:00,93.0,99.0,Varias,82.0,15:30,Madrid,ES-MD
2023-11-15,3195,"MADRID, RETIRO",MADRID,667,"13,1",,"10,5",23:00,"15,7",Varias,8.0,"1,4","4,7",02:10,90.0,99.0,Varias,78.0,14:20,Madrid,ES-MD
2023-11-16,3195,"MADRID, RETIRO",MADRID,667,"12,2",,"10,8",00:00,"13,7",Varias,16.0,"0,8","2,8",17:10,97.0,99.0,Varias,90.0,15:10,Madrid,ES-MD
2023-11-17,3195,"MADRID, RETIRO",MADRID,667,"13,5",,"10,9",07:00,"16,1",15:00,14.0,"0,8","3,9",14:30,91.0,99.0,Varias,77.0,13:30,Madrid,ES-MD
2023-11-18,3195,"MADRID, RETIRO",MADRID,667,"12,7",,"8,3",06:40,"17,1",15:40,6.0,"1,1","4,7",22:10,82.0,99.0,01:30,60.0,15:50,Madrid,ES-MD
2023-11-19,3195,"MADRID, RETIRO",MADRID,667,"12,9",,"8,3",06:20,"17,5",14:10,5.0,"1,1","3,6",02:00,79.0,99.0,07:00,56.0,14:50,Madrid,ES-MD
2023-11-20,3195,"MADRID, RETIRO",MADRID,667,"12,4",,"7,6",07:40,"17,3",15:40,30.0,"0,8","6,9",18:50,84.0,96.0,07:30,62.0,18:40,Madrid,ES-MD
2023-11-21,3195,"MADRID, RETIRO",MADRID,667,"10,4",,"7,5",07:20,"13,2",13:10,35.0,"2,5","11,1",22:20,59.0,89.0,03:40,46.0,13:30,Madrid,ES-MD
2023-11-22,3195,"MADRID, RETIRO",MADRID,667,"10,3",,"7,1",06:00,"13,5",12:20,2.0,"3,9","13,9",15:30,52.0,77.0,05:50,43.0,14:50,Madrid,ES-MD
2023-11-23,3195,"MADRID, RETIRO",MADRID,667,"8,4","0,0","3,0",07:20,"13,7",14:40,5.0,"1,7","8,9",13:10,52.0,84.0,06:30,20.0,13:10,Madrid,ES-MD
2023-11-24,3195,"MADRID, RETIRO",MADRID,667,"9,0","0,0","3,1",06:40,"14,8",15:00,4.0,"0,8","3,9",05:30,59.0,86.0,08:40,40.0,13:10,Madrid,ES-MD
2023-11-25,3195,"MADRID, RETIRO",MADRID,667,"9,4","0,0","3,3",07:10,"15,5",15:10,5.0,"1,1","5,0",22:50,69.0,94.0,Varias,45.0,15:00,Madrid,ES-MD
2023-11-26,3195,"MADRID, RETIRO",MADRID,667,"9,0","0,0","4,9",07:20,"13,2",15:30,5.0,"1,1","6,4",03:10,67.0,86.0,Varias,53.0,14:20,Madrid,ES-MD
2023-11-27,3195,"MADRID, RETIRO",MADRID,667,"8,0","0,0","5,2",Varias,"10,8",16:00,25.0,"1,7","5,0",20:00,90.0,99.0,Varias,83.0,13:30,Madrid,ES-MD
2023-11-28,3195,"MADRID, RETIRO",MADRID,667,"9,6","0,0","7,1",01:20,"12,0",14:20,24.0,"1,4","8,6",23:10,92.0,99.0,Varias,84.0,14:50,Madrid,ES-MD
2023-11-29,3195,"MADRID, RETIRO",MADRID,667,"12,4",,"11,0",08:00,"13,7",15:30,24.0,"2,8","8,6",15:40,95.0,99.0,07:40,84.0,16:00,Madrid,ES-MD
2023-11-30,3195,"MADRID, RETIRO",MADRID,667,"13,4",,"12,1",06:40,"14,6",15:20,25.0,"3,1","14,7",15:40,96.0,99.0,Varias,81.0,12:10,Madrid,ES-MD
2023-12-01,3195,"MADRID, RETIRO",MADRID,667,"9,2","0,0","5,8",Varias,"12,5",02:00,26.0,"3,1","10,8",09:50,70.0,99.0,Varias,50.0,12:20,Madrid,ES-MD
2023-12-02,3195,"MADRID, RETIRO",MADRID,667,"7,0","0,0","4,1",07:30,"10,0",Varias,30.0,"1,9","7,2",02:20,66.0,83.0,07:20,53.0,13:50,Madrid,ES-MD
2023-12-03,3195,"MADRID, RETIRO",MADRID,667,"4,6","0,0","1,8",05:50,"7,5",15:50,23.0,"1,4","4,2",17:30,80.0,92.0,Varias,73.0,18:00,Madrid,ES-MD
2023-12-04,3195,"MADRID, RETIRO",MADRID,667,"7,5","0,0","4,9",04:00,"10,1",15:40,24.0,"1,4","8,1",15:00,91.0,97.0,Varias,78.0,15:50,Madrid,ES-MD
2023-12-05,3195,"MADRID, RETIRO",MADRID,667,"6,5","0,0","4,9",07:40,"8,1",Varias,4.0,"1,9","7,8",23:59,65.0,81.0,00:10,58.0,13:10,Madrid,ES-MD
2023-12-06,3195,"MADRID, RETIRO",MADRID,667,"6,0","0,0","2,9",07:30,"9,1",14:30,4.0,"0,8","6,9",00:20,77.0,96.0,Varias,62.0,14:10,Madrid,ES-MD
2023-12-07,3195,"MADRID, RETIRO",MADRID,667,"6,1","14,2","3,6",06:30,"8,6",23:30,18.0,"1,1","7,2",20:30,94.0,99.0,Varias,87.0,04:00,Madrid,ES-MD
2023-12-08,3195,"MADRID, RETIRO",MADRID,667,"8,8","0,0","5,9",07:10,"11,6",13:20,29.0,"3,6","13,3",13:20,68.0,99.0,Varias,49.0,13:40,Madrid,ES-MD
2023-12-09,3195,"MADRID, RETIRO",MADRID,667,"9,2","0,0","5,8",01:50,"12,7",14:10,27.0,"1,4","7,5",11:30,93.0,99.0,22:30,76.0,00:00,Madrid,ES-MD
2023-12-10,3195,"MADRID, RETIRO",MADRID,667,"11,2","0,1","10,4",07:50,"12,1",14:10,22.0,"1,1","5,0",13:50,96.0,99.0,Varias,93.0,Varias,Madrid,ES-MD
2023-12-11,3195,"MADRID, RETIRO",MADRID,667,"10,9","0,0","9,0",23:00,"12,8",14:10,23.0,"1,1","4,7",01:20,85.0,98.0,00:00,77.0,13:40,Madrid,ES-MD
2023-12-12,3195,"MADRID, RETIRO",MADRID,667,"9,9","3,4","7,7",03:20,"12,1",18:40,25.0,"1,1","8,1",17:20,96.0,99.0,Varias,92.0,14:10,Madrid,ES-MD
2023-12-13,3195,"MADRID, RETIRO",MADRID,667,"9,0","0,0","6,6",23:59,"11,3",14:10,34.0,"3,6","12,8",13:10,60.0,99.0,Varias,50.0,15:40,Madrid,ES-MD
2023-12-14,3195,"MADRID, RETIRO",MADRID,667,"6,8","0,0","2,6",07:40,"11,1",15:00,99.0,"1,4","9,2",Varias,69.0,95.0,08:10,49.0,14:30,Madrid,ES-MD
2023-12-15,3195,"MADRID, RETIRO",MADRID,667,"9,0","0,0","4,8",03:50,"13,1",14:50,3.0,"1,9","6,7",05:00,67.0,86.0,22:40,52.0,Varias,Madrid,ES-MD
2023-12-16,3195,"MADRID, RETIRO",MADRID,667,"6,6","0,0","2,0",06:40,"11,1",14:40,4.0,"0,8","4,7",00:40,69.0,90.0,04:10,44.0,15:20,Madrid,ES-MD
2023-12-17,3195,"MADRID, RETIRO",MADRID,667,"6,6","0,0","1,9",06:20,"11,4",14:50,6.0,"0,8","5,0",23:20,68.0,89.0,04:40,44.0,15:30,Madrid,ES-MD
2023-12-18,3195,"MADRID, RETIRO",MADRID,667,"6,2","0,0","1,3",07:20,"11,0",15:50,5.0,"0,6","3,6",05:50,73.0,89.0,Varias,50.0,15:10,Madrid,ES-MD
2023-12-19,3195,"MADRID, RETIRO",MADRID,667,"6,0","0,2","1,1",07:50,"10,9",15:10,3.0,"1,4","3,3",00:10,75.0,96.0,05:50,49.0,13:30,Madrid,ES-MD
2023-12-20,3195,"MADRID, RETIRO",MADRID,667,"6,8","0,0","1,8",02:40,"11,9",13:40,6.0,"3,1","13,9",15:00,61.0,99.0,08:20,35.0,13:40,Madrid,ES-MD
2023-12-21,3195,"MADRID, RETIRO",MADRID,667,"6,9","0,0","2,2",07:30,"11,6",15:50,4.0,"1,1","6,7",00:30,73.0,92.0,07:50,47.0,15:20,Madrid,ES-MD
2023-12-22,3195,"MADRID, RETIRO",MADRID,667,"7,6","0,0","2,2",07:50,"13,1",15:00,8.0,"1,1","6,1",06:20,69.0,94.0,Varias,47.0,14:50,Madrid,ES-MD
2023-12-23,3195,"MADRID, RETIRO",MADRID,667,"7,6","0,0","2,5",08:10,"12,6",14:20,6.0,"1,1","5,8",10:50,64.0,93.0,08:10,36.0,13:30,Madrid,ES-MD
2023-12-24,3195,"MADRID, RETIRO",MADRID,667,"6,4","0,0","1,9",08:10,"10,8",14:30,99.0,"1,1","4,2",Varias,71.0,89.0,04:10,53.0,15:20,Madrid,ES-MD
2023-12-25,3195,"MADRID, RETIRO",MADRID,667,"5,2","0,0","0,7",06:40,"9,7",14:20,4.0,"1,1","3,9",03:30,82.0,97.0,Varias,62.0,14:20,Madrid,ES-MD
2023-12-26,3195,"MADRID, RETIRO",MADRID,667,"4,4","0,0","0,4",07:30,"8,3",15:00,17.0,"1,1","3,6",12:40,87.0,98.0,23:30,69.0,14:40,Madrid,ES-MD
2023-12-27,3195,"MADRID, RETIRO",MADRID,667,"4,6","0,0","-0,2",07:50,"9,3",14:40,20.0,"0,8","3,9",14:00,76.0,99.0,Varias,55.0,14:30,Madrid,ES-MD
2023-12-28,3195,"MADRID, RETIRO",MADRID,667,"4,0","0,0","0,9",04:00,"7,1",14:50,9.0,"0,6","3,9",06:50,78.0,95.0,00:40,67.0,15:40,Madrid,ES-MD
2023-12-29,3195,"MADRID, RETIRO",MADRID,667,"6,1","0,0","3,7",03:40,"8,5",15:10,4.0,"1,1","5,0",13:30,79.0,89.0,Varias,54.0,15:00,Madrid,ES-MD
2023-12-30,3195,"MADRID, RETIRO",MADRID,667,"6,2","0,0","1,8",05:50,"10,7",15:20,23.0,"0,8","5,3",20:20,79.0,97.0,08:30,61.0,12:40,Madrid,ES-MD
2023-12-31,3195,"MADRID, RETIRO",MADRID,667,"7,2","0,0","5,0",00:10,"9,4",15:10,24.0,"2,8","7,8",10:20,91.0,97.0,08:30,79.0,21:50,Madrid,ES-MD
2023-07-01,6172X,MÁLAGA,MALAGA,25,"25,4","0,0","23,2",03:20,"27,7",07:54,23.0,"1,7","5,0",09:50,76.0,88.0,Varias,72.0,08:00,Málaga,ES-AN
2023-07-02,6172X,MÁLAGA,MALAGA,25,"26,4","0,0","24,0",23:08,"28,8",16:55,20.0,"1,1","4,4",14:10,66.0,85.0,00:10,59.0,19:00,Málaga,ES-AN
2023-07-03,6172X,MÁLAGA,MALAGA,25,"27,6","0,0","24,3",04:59,"30,9",08:08,20.0,"1,4","4,7",14:10,65.0,82.0,Varias,38.0,08:20,Málaga,ES-AN
2023-07-04,6172X,MÁLAGA,MALAGA,25,"28,7","0,0","23,7",05:06,"33,7",21:29,15.0,"2,5","7,5",15:00,67.0,80.0,11:10,25.0,22:30,Málaga,ES-AN
2023-07-05,6172X,MÁLAGA,MALAGA,25,"28,1","0,0","23,7",04:09,"32,5",00:29,20.0,"3,3","7,8",13:00,75.0,90.0,Varias,23.0,01:30,Málaga,ES-AN
2023-07-06,6172X,MÁLAGA,MALAGA,25,"26,4","0,0","24,6",02:29,"28,3",15:51,19.0,"1,7","6,1",23:50,76.0,88.0,00:00,74.0,Varias,Málaga,ES-AN
2023-07-07,6172X,MÁLAGA,MALAGA,25,"26,4","0,0","24,1",23:54,"28,7",09:02,19.0,"2,2","7,2",23:40,73.0,87.0,00:00,67.0,09:00,Málaga,ES-AN
2023-07-08,6172X,MÁLAGA,MALAGA,25,"27,4","0,0","23,3",23:00,"31,5",09:36,32.0,"2,8","8,6",04:50,55.0,86.0,23:59,28.0,09:30,Málaga,ES-AN
2023-07-09,6172X,MÁLAGA,MALAGA,25,"25,4","0,0","22,3",05:20,"28,6",16:25,15.0,"1,7","5,3",03:10,64.0,86.0,Varias,54.0,07:00,Málaga,ES-AN
2023-07-10,6172X,MÁLAGA,MALAGA,25,"27,7","0,0","25,2",02:33,"30,2",15:10,21.0,"1,4","5,3",11:30,66.0,89.0,23:30,48.0,07:10,Málaga,ES-AN
2023-07-11,6172X,MÁLAGA,MALAGA,25,"27,6","0,0","25,4",Varias,"29,7",08:49,14.0,"1,9","7,2",23:20,76.0,87.0,00:00,70.0,08:50,Málaga,ES-AN
2023-07-12,6172X,MÁLAGA,MALAGA,25,"30,8","0,0","24,9",02:55,"36,7",22:00,17.0,"3,1","9,2",09:40,51.0,88.0,02:00,18.0,21:50,Málaga,ES-AN
2023-07-13,6172X,MÁLAGA,MALAGA,25,"30,6","0,0","25,9",04:25,"35,3",00:01,35.0,"1,9","7,8",01:20,74.0,87.0,Varias,19.0,00:00,Málaga,ES-AN
2023-07-14,6172X,MÁLAGA,MALAGA,25,"28,2","0,0","25,7",02:16,"30,6",11:59,16.0,"1,7","5,0",20:20,75.0,89.0,Varias,68.0,Varias,Málaga,ES-AN
2023-07-15,6172X,MÁLAGA,MALAGA,25,"28,5","0,0","24,4",04:10,"32,6",21:37,15.0,"2,5","7,2",18:40,66.0,87.0,03:10,37.0,21:40,Málaga,ES-AN
2023-07-16,6172X,MÁLAGA,MALAGA,25,"29,8","0,0","26,2",23:28,"33,5",09:40,33.0,"2,2","7,5",07:20,49.0,83.0,23:40,32.0,09:40,Málaga,ES-AN
2023-07-17,6172X,MÁLAGA,MALAGA,25,"27,4","0,0","24,9",04:29,"30,0",16:32,24.0,"1,9","5,3",12:50,77.0,88.0,Varias,64.0,01:40,Málaga,ES-AN
2023-07-18,6172X,MÁLAGA,MALAGA,25,"28,5","0,0","25,9",23:54,"31,1",12:18,4.0,"2,5","7,8",02:20,69.0,87.0,23:50,63.0,04:00,Málaga,ES-AN
2023-07-19,6172X,MÁLAGA,MALAGA,25,"30,9","0,0","25,4",04:16,"36,4",16:35,16.0,"2,5","8,3",15:00,52.0,88.0,00:30,35.0,Varias,Málaga,ES-AN
2023-07-20,6172X,MÁLAGA,MALAGA,25,"31,4","0,0","26,8",20:21,"36,1",08:03,2.0,"2,5","8,6",23:30,44.0,73.0,00:20,17.0,21:20,Málaga,ES-AN
2023-07-21,6172X,MÁLAGA,MALAGA,25,"30,1","0,0","24,2",12:37,"36,0",11:00,27.0,"4,7","14,7",12:20,50.0,69.0,12:40,16.0,10:50,Málaga,ES-AN
2023-07-22,6172X,MÁLAGA,MALAGA,25,"27,2","0,0","23,6",09:52,"30,9",00:12,21.0,"2,2","8,3",14:00,63.0,83.0,19:20,25.0,00:10,Málaga,ES-AN
2023-07-23,6172X,MÁLAGA,MALAGA,25,"27,2","0,0","24,6",23:59,"29,7",15:00,14.0,"1,4","5,0",07:30,70.0,85.0,23:50,56.0,06:30,Málaga,ES-AN
2023-07-24,6172X,MÁLAGA,MALAGA,25,"31,4","0,0","23,9",02:02,"38,9",16:15,1.0,"4,4","12,2",11:20,24.0,89.0,04:30,15.0,18:00,Málaga,ES-AN
2023-07-25,6172X,MÁLAGA,MALAGA,25,"28,8","0,0","23,5",20:41,"34,2",11:15,26.0,"4,4","13,1",12:00,46.0,65.0,20:40,22.0,22:10,Málaga,ES-AN
2023-07-26,6172X,MÁLAGA,MALAGA,25,"25,8","0,0","21,5",04:42,"30,1",00:01,20.0,"2,5","8,3",09:50,61.0,79.0,Varias,25.0,00:00,Málaga,ES-AN
2023-07-27,6172X,MÁLAGA,MALAGA,25,"24,9","0,0","21,0",23:52,"28,8",08:11,18.0,"1,7","4,2",23:10,67.0,83.0,03:20,62.0,16:20,Málaga,ES-AN
2023-07-28,6172X,MÁLAGA,MALAGA,25,"23,2","0,0","20,5",Varias,"25,9",17:28,14.0,"1,4","8,3",06:00,67.0,85.0,Varias,54.0,04:30,Málaga,ES-AN
2023-07-29,6172X,MÁLAGA,MALAGA,25,"26,4","0,0","21,9",00:55,"30,8",08:19,2.0,"1,4","4,2",04:40,61.0,79.0,00:50,41.0,08:00,Málaga,ES-AN
2023-07-30,6172X,MÁLAGA,MALAGA,25,"25,0","0,0","22,2",04:21,"27,9",08:29,16.0,"1,7","5,8",Varias,66.0,87.0,23:30,54.0,Varias,Málaga,ES-AN
2023-07-31,6172X,MÁLAGA,MALAGA,25,"28,2","0,0","23,6",00:44,"32,7",23:57,3.0,"1,4","6,9",23:59,68.0,87.0,Varias,23.0,Varias,Málaga,ES-AN
2023-08-01,6172X,MÁLAGA,MALAGA,25,"35,0","0,0","28,8",05:22,"41,1",15:35,34.0,"4,2","11,1",14:40,20.0,32.0,Varias,13.0,15:40,Málaga,ES-AN
2023-08-02,6172X,MÁLAGA,MALAGA,25,"31,2","0,0","25,2",09:56,"37,2",18:55,28.0,"3,1","9,7",13:20,51.0,71.0,09:20,23.0,19:40,Málaga,ES-AN
2023-08-03,6172X,MÁLAGA,MALAGA,25,"31,8","0,0","25,7",11:36,"38,0",16:59,26.0,"4,7","11,1",12:50,43.0,67.0,11:30,18.0,17:00,Málaga,ES-AN
2023-08-04,6172X,MÁLAGA,MALAGA,25,"27,7","0,0","24,2",05:15,"31,2",Varias,18.0,"2,5","12,2",16:20,69.0,76.0,20:00,26.0,01:30,Málaga,ES-AN
2023-08-05,6172X,MÁLAGA,MALAGA,25,"25,4","0,0","23,5",23:54,"27,4",08:09,19.0,"2,8","7,5",14:20,65.0,76.0,03:30,57.0,12:00,Málaga,ES-AN
2023-08-06,6172X,MÁLAGA,MALAGA,25,"26,2","0,0","22,4",05:27,"30,1",07:53,4.0,"1,7","4,4",23:59,50.0,72.0,22:30,39.0,09:10,Málaga,ES-AN
2023-08-07,6172X,MÁLAGA,MALAGA,25,"26,6","0,0","24,4",05:06,"28,7",08:16,99.0,"1,9","6,7",Varias,54.0,82.0,23:30,38.0,02:40,Málaga,ES-AN
2023-08-08,6172X,MÁLAGA,MALAGA,25,"26,8","0,0","24,5",06:06,"29,1",09:47,27.0,"2,2","7,2",10:40,75.0,87.0,Varias,64.0,09:50,Málaga,ES-AN
2023-08-09,6172X,MÁLAGA,MALAGA,25,"26,2","0,0","23,8",04:20,"28,5",08:20,21.0,"1,7","4,7",10:40,75.0,84.0,Varias,68.0,08:30,Málaga,ES-AN
2023-08-10,6172X,MÁLAGA,MALAGA,25,"27,2","0,0","24,0",05:07,"30,4",08:47,29.0,"1,7","6,7",09:00,81.0,90.0,Varias,54.0,08:30,Málaga,ES-AN
2023-08-11,6172X,MÁLAGA,MALAGA,25,"29,3","0,0","26,0",22:17,"32,6",03:31,16.0,"2,8","10,3",06:50,77.0,85.0,19:00,25.0,Varias,Málaga,ES-AN
2023-08-12,6172X,MÁLAGA,MALAGA,25,"27,5","0,0","25,3",Varias,"29,7",08:37,21.0,"1,9","5,3",11:40,77.0,90.0,Varias,62.0,08:30,Málaga,ES-AN
2023-08-13,6172X,MÁLAGA,MALAGA,25,"26,6","0,0","23,9",01:51,"29,3",08:06,99.0,"2,2","5,8",13:40,76.0,91.0,01:00,66.0,08:20,Málaga,ES-AN
2023-08-14,6172X,MÁLAGA,MALAGA,25,"26,4","0,0","23,5",01:03,"29,4",08:12,22.0,"1,7","5,0",11:30,72.0,89.0,00:00,64.0,07:10,Málaga,ES-AN
2023-08-15,6172X,MÁLAGA,MALAGA,25,"26,8","0,0","24,8",04:55,"28,7",15:56,28.0,"2,2","7,5",02:50,78.0,89.0,Varias,67.0,09:40,Málaga,ES-AN
2023-08-16,6172X,MÁLAGA,MALAGA,25,"26,7","0,0","23,9",24:00,"29,5",08:09,16.0,"1,9","6,1",22:20,68.0,88.0,00:00,41.0,17:40,Málaga,ES-AN
2023-08-17,6172X,MÁLAGA,MALAGA,25,"26,4","0,0","22,2",00:32,"30,6",17:39,14.0,"2,2","6,9",16:50,55.0,82.0,00:00,45.0,06:50,Málaga,ES-AN
2023-08-18,6172X,MÁLAGA,MALAGA,25,"29,3","0,0","23,9",03:53,"34,7",20:35,16.0,"1,4","7,2",17:10,39.0,75.0,01:30,22.0,20:40,Málaga,ES-AN
2023-08-19,6172X,MÁLAGA,MALAGA,25,"29,7","0,0","24,9",23:42,"34,5",09:17,34.0,"2,5","7,5",02:40,50.0,80.0,22:30,26.0,00:00,Málaga,ES-AN
2023-08-20,6172X,MÁLAGA,MALAGA,25,"28,2","0,0","25,1",04:35,"31,4",07:53,99.0,"2,2","4,7",Varias,67.0,89.0,20:10,37.0,06:40,Málaga,ES-AN
2023-08-21,6172X,MÁLAGA,MALAGA,25,"27,8","0,0","25,4",03:41,"30,2",08:51,20.0,"1,9","5,0",13:00,72.0,85.0,Varias,55.0,Varias,Málaga,ES-AN
2023-08-22,6172X,MÁLAGA,MALAGA,25,"28,1","0,0","25,4",03:53,"30,8",08:56,19.0,"2,5","6,1",16:20,61.0,77.0,00:00,49.0,07:50,Málaga,ES-AN
2023-08-23,6172X,MÁLAGA,MALAGA,25,"29,4","0,0","25,7",04:45,"33,1",09:23,24.0,"2,5","6,4",12:50,60.0,66.0,Varias,41.0,09:20,Málaga,ES-AN
2023-08-24,6172X,MÁLAGA,MALAGA,25,"29,0","0,0","25,6",04:20,"32,3",08:24,4.0,"1,7","5,0",23:10,59.0,71.0,11:50,43.0,08:20,Málaga,ES-AN
2023-08-25,6172X,MÁLAGA,MALAGA,25,"27,8","0,0","25,5",22:32,"30,2",08:11,2.0,"1,7","4,7",02:10,62.0,77.0,21:50,41.0,02:40,Málaga,ES-AN
2023-08-26,6172X,MÁLAGA,MALAGA,25,"31,8","0,0","26,4",05:22,"37,1",18:24,3.0,"1,7","17,8",20:20,68.0,78.0,13:10,20.0,18:30,Málaga,ES-AN
2023-08-27,6172X,MÁLAGA,MALAGA,25,"27,8","0,0","22,7",06:01,"32,9",17:16,36.0,"5,6","15,8",09:50,28.0,62.0,00:20,18.0,17:30,Málaga,ES-AN
2023-08-28,6172X,MÁLAGA,MALAGA,25,"27,2","0,0","23,4",21:17,"30,9",09:35,19.0,"1,7","6,7",13:30,46.0,73.0,21:10,22.0,Varias,Málaga,ES-AN
2023-08-29,6172X,MÁLAGA,MALAGA,25,"24,2","0,0","21,4",03:59,"27,1",08:58,25.0,"2,2","5,3",13:50,66.0,80.0,Varias,44.0,00:10,Málaga,ES-AN
2023-08-30,6172X,MÁLAGA,MALAGA,25,"25,2","0,0","23,1",05:17,"27,2",08:21,21.0,"2,8","6,7",10:00,73.0,80.0,Varias,33.0,03:10,Málaga,ES-AN
2023-08-31,6172X,MÁLAGA,MALAGA,25,"25,8","0,0","23,9",Varias,"27,8",08:08,21.0,"2,2","6,4",10:10,71.0,79.0,20:10,63.0,07:20,Málaga,ES-AN
2023-09-01,6172X,MÁLAGA,MALAGA,25,"25,7","0,4","22,9",04:28,"28,5",09:30,24.0,"2,5","5,0",14:00,67.0,83.0,Varias,56.0,09:00,Málaga,ES-AN
2023-09-02,6172X,MÁLAGA,MALAGA,25,"24,0","0,4","21,8",23:56,"26,1",15:51,16.0,"3,3","11,9",22:20,70.0,85.0,02:00,50.0,16:30,Málaga,ES-AN
2023-09-03,6172X,MÁLAGA,MALAGA,25,"22,3","0,4","20,7",04:25,"23,9",16:17,18.0,"1,7","17,5",04:20,72.0,83.0,04:30,62.0,12:40,Málaga,ES-AN
2023-09-04,6172X,MÁLAGA,MALAGA,25,"24,8","0,0","20,8",05:52,"28,7",10:33,29.0,"2,8","9,7",14:40,62.0,76.0,04:00,41.0,10:20,Málaga,ES-AN
2023-09-05,6172X,MÁLAGA,MALAGA,25,"26,0","0,0","22,2",23:59,"29,9",10:07,34.0,"2,5","6,7",07:20,59.0,84.0,23:50,37.0,10:10,Málaga,ES-AN
2023-09-06,6172X,MÁLAGA,MALAGA,25,"25,8","0,0","22,1",00:10,"29,6",09:11,17.0,"1,4","4,7",23:10,63.0,84.0,23:10,48.0,09:00,Málaga,ES-AN
2023-09-07,6172X,MÁLAGA,MALAGA,25,"25,8","0,0","24,2",Varias,"27,4",14:59,22.0,"2,5","5,3",11:50,79.0,90.0,Varias,68.0,15:00,Málaga,ES-AN
2023-09-08,6172X,MÁLAGA,MALAGA,25,"25,7","0,0","24,1",04:57,"27,3",11:44,25.0,"2,2","5,8",13:30,74.0,81.0,23:30,71.0,07:10,Málaga,ES-AN
2023-09-09,6172X,MÁLAGA,MALAGA,25,"25,6","0,0","24,0",05:41,"27,2",11:16,25.0,"2,5","6,1",02:20,77.0,84.0,Varias,70.0,11:20,Málaga,ES-AN
2023-09-10,6172X,MÁLAGA,MALAGA,25,"25,4","0,0","22,7",Varias,"28,2",14:47,27.0,"1,9","6,1",12:40,74.0,80.0,Varias,65.0,09:30,Málaga,ES-AN
2023-09-11,6172X,MÁLAGA,MALAGA,25,"26,0","0,0","22,6",02:16,"29,4",10:20,28.0,"3,1","9,7",10:50,71.0,77.0,20:20,48.0,10:20,Málaga,ES-AN
2023-09-12,6172X,MÁLAGA,MALAGA,25,"26,6","0,0","23,5",06:03,"29,6",10:11,27.0,"3,1","13,3",12:30,59.0,67.0,16:10,42.0,10:10,Málaga,ES-AN
2023-09-13,6172X,MÁLAGA,MALAGA,25,"25,3","0,0","23,0",06:23,"27,6",14:40,15.0,"1,7","8,9",08:10,68.0,81.0,19:40,54.0,02:10,Málaga,ES-AN
2023-09-14,6172X,MÁLAGA,MALAGA,25,"26,8","1,2","24,4",05:50,"29,2",09:19,19.0,"2,2","9,2",20:00,74.0,87.0,Varias,62.0,09:30,Málaga,ES-AN
2023-09-15,6172X,MÁLAGA,MALAGA,25,"25,8","0,0","23,2",23:58,"28,3",10:45,28.0,"2,5","10,3",20:50,76.0,85.0,00:00,61.0,20:10,Málaga,ES-AN
2023-09-16,6172X,MÁLAGA,MALAGA,25,"24,4","0,0","21,3",06:09,"27,6",14:11,15.0,"2,2","10,0",00:30,62.0,76.0,Varias,53.0,18:50,Málaga,ES-AN
2023-09-17,6172X,MÁLAGA,MALAGA,25,"24,8","0,0","21,7",05:54,"27,9",14:54,28.0,"3,3","11,7",13:50,60.0,75.0,09:40,46.0,20:50,Málaga,ES-AN
2023-09-18,6172X,MÁLAGA,MALAGA,25,"23,2","0,0","19,7",06:02,"26,6",14:14,28.0,"3,3","10,0",15:30,59.0,71.0,16:10,37.0,10:50,Málaga,ES-AN
2023-09-19,6172X,MÁLAGA,MALAGA,25,"24,0","0,0","20,8",06:21,"27,3",10:22,34.0,"2,5","6,1",04:10,61.0,72.0,19:30,41.0,10:10,Málaga,ES-AN
2023-09-20,6172X,MÁLAGA,MALAGA,25,"23,6","0,0","20,7",05:07,"26,4",15:58,28.0,"2,8","8,9",11:40,61.0,71.0,10:40,44.0,23:59,Málaga,ES-AN
2023-09-21,6172X,MÁLAGA,MALAGA,25,"26,0","0,0","21,5",05:58,"30,4",14:28,34.0,"3,9","11,4",13:50,42.0,75.0,23:40,27.0,11:10,Málaga,ES-AN
2023-09-22,6172X,MÁLAGA,MALAGA,25,"24,1","0,0","21,3",Varias,"26,9",15:11,1.0,"5,0","12,2",18:40,44.0,75.0,00:00,31.0,12:30,Málaga,ES-AN
2023-09-23,6172X,MÁLAGA,MALAGA,25,"23,6","0,0","19,9",06:01,"27,2",14:13,32.0,"1,9","6,7",00:50,56.0,76.0,Varias,43.0,00:00,Málaga,ES-AN
2023-09-24,6172X,MÁLAGA,MALAGA,25,"23,8","0,0","19,2",06:01,"28,3",14:49,6.0,"1,9","5,0",06:10,56.0,75.0,03:50,41.0,13:10,Málaga,ES-AN
2023-09-25,6172X,MÁLAGA,MALAGA,25,"23,0","0,0","20,4",Varias,"25,7",10:55,4.0,"1,9","5,3",05:50,70.0,82.0,20:20,62.0,Varias,Málaga,ES-AN
2023-09-26,6172X,MÁLAGA,MALAGA,25,"23,5","0,0","21,2",24:00,"25,8",08:16,18.0,"1,9","4,2",01:10,70.0,83.0,Varias,65.0,12:50,Málaga,ES-AN
2023-09-27,6172X,MÁLAGA,MALAGA,25,"23,0","0,0","20,5",02:58,"25,4",14:06,22.0,"1,7","5,8",10:30,75.0,82.0,18:20,65.0,09:00,Málaga,ES-AN
2023-09-28,6172X,MÁLAGA,MALAGA,25,"22,4","0,0","19,3",04:44,"25,6",08:47,4.0,"2,2","5,3",03:10,74.0,86.0,20:50,57.0,08:50,Málaga,ES-AN
2023-09-29,6172X,MÁLAGA,MALAGA,25,"22,6","0,0","19,9",05:47,"25,4",14:50,99.0,"1,9","3,9",Varias,75.0,85.0,Varias,62.0,08:10,Málaga,ES-AN
2023-09-30,6172X,MÁLAGA,MALAGA,25,"23,4","0,0","21,1",24:00,"25,7",15:21,99.0,"2,5","4,7",Varias,76.0,83.0,19:50,68.0,08:50,Málaga,ES-AN
2023-10-01,6172X,MÁLAGA,MALAGA,25,"23,5","0,0","20,2",05:46,"26,8",09:21,5.0,"2,2","5,8",05:50,70.0,81.0,18:30,49.0,08:50,Málaga,ES-AN
2023-10-02,6172X,MÁLAGA,MALAGA,25,"24,1","0,0","20,4",03:44,"27,8",09:32,99.0,"1,9","5,3",Varias,60.0,76.0,Varias,49.0,09:30,Málaga,ES-AN
2023-10-03,6172X,MÁLAGA,MALAGA,25,"23,8","0,0","21,1",06:06,"26,6",09:37,5.0,"2,2","4,7",00:10,69.0,79.0,Varias,48.0,Varias,Málaga,ES-AN
2023-10-04,6172X,MÁLAGA,MALAGA,25,"23,8","0,0","20,7",03:44,"26,9",12:35,27.0,"2,2","4,2",13:30,68.0,77.0,20:10,62.0,14:10,Málaga,ES-AN
2023-10-05,6172X,MÁLAGA,MALAGA,25,"23,6","0,0","20,9",03:20,"26,2",08:43,22.0,"2,2","5,6",11:10,75.0,82.0,19:10,64.0,08:50,Málaga,ES-AN
2023-10-06,6172X,MÁLAGA,MALAGA,25,"23,5","0,0","20,4",04:49,"26,6",08:52,24.0,"1,4","4,7",13:10,74.0,80.0,Varias,66.0,08:50,Málaga,ES-AN
2023-10-07,6172X,MÁLAGA,MALAGA,25,"23,5","0,0","19,9",06:30,"27,1",11:02,26.0,"1,1","5,6",13:00,71.0,75.0,17:30,60.0,Varias,Málaga,ES-AN
2023-10-08,6172X,MÁLAGA,MALAGA,25,"23,4","0,0","20,6",Varias,"26,2",10:32,19.0,"2,8","5,8",16:40,73.0,84.0,18:30,55.0,09:40,Málaga,ES-AN
2023-10-09,6172X,MÁLAGA,MALAGA,25,"23,0","0,0","20,0",04:07,"25,9",12:23,5.0,"2,5","5,6",00:50,70.0,81.0,19:40,60.0,09:20,Málaga,ES-AN
2023-10-10,6172X,MÁLAGA,MALAGA,25,"23,4","0,0","21,4",01:50,"25,3",09:07,22.0,"2,2","5,6",11:30,73.0,80.0,Varias,64.0,13:50,Málaga,ES-AN
2023-10-11,6172X,MÁLAGA,MALAGA,25,"23,0","0,0","20,6",23:50,"25,4",09:38,18.0,"1,9","4,2",13:30,71.0,78.0,19:10,63.0,08:20,Málaga,ES-AN
2023-10-12,6172X,MÁLAGA,MALAGA,25,"22,6","0,0","19,9",05:13,"25,3",15:25,99.0,"2,2","5,0",Varias,76.0,85.0,18:50,60.0,09:20,Málaga,ES-AN
2023-10-13,6172X,MÁLAGA,MALAGA,25,"22,6","0,0","19,2",06:18,"25,9",14:10,4.0,"1,9","5,0",04:00,73.0,85.0,Varias,58.0,08:40,Málaga,ES-AN
2023-10-14,6172X,MÁLAGA,MALAGA,25,"24,0","0,0","21,3",00:01,"26,8",11:32,2.0,"2,2","11,4",03:50,66.0,72.0,01:50,51.0,11:20,Málaga,ES-AN
2023-10-15,6172X,MÁLAGA,MALAGA,25,"22,2","0,0","19,6",06:40,"24,9",09:54,4.0,"2,2","4,7",02:40,70.0,83.0,15:50,54.0,09:10,Málaga,ES-AN
2023-10-16,6172X,MÁLAGA,MALAGA,25,"23,2","0,0","21,1",18:34,"25,4",13:09,36.0,"1,4","5,8",08:10,70.0,83.0,17:50,54.0,03:10,Málaga,ES-AN
2023-10-17,6172X,MÁLAGA,MALAGA,25,"23,2","0,0","21,0",03:25,"25,5",10:24,24.0,"1,1","6,4",23:00,64.0,79.0,13:50,54.0,05:50,Málaga,ES-AN
2023-10-18,6172X,MÁLAGA,MALAGA,25,"23,6","0,0","20,5",06:07,"26,6",16:20,28.0,"2,5","14,2",14:50,67.0,85.0,05:00,48.0,16:20,Málaga,ES-AN
2023-10-19,6172X,MÁLAGA,MALAGA,25,"21,0","20,8","17,5",22:31,"24,4",14:53,29.0,"6,1","17,5",18:30,75.0,91.0,Varias,60.0,14:50,Málaga,ES-AN
2023-10-20,6172X,MÁLAGA,MALAGA,25,"20,0","0,0","17,1",00:44,"22,8",12:26,34.0,"3,6","13,9",12:10,52.0,90.0,00:00,40.0,14:30,Málaga,ES-AN
2023-10-21,6172X,MÁLAGA,MALAGA,25,"19,2","0,0","16,3",Varias,"22,1",11:35,28.0,"3,9","11,1",12:30,62.0,72.0,20:10,38.0,11:10,Málaga,ES-AN
2023-10-22,6172X,MÁLAGA,MALAGA,25,"18,6","2,2","15,9",01:04,"21,3",20:36,17.0,"4,4","15,0",17:00,64.0,86.0,18:30,48.0,11:10,Málaga,ES-AN
2023-10-23,6172X,MÁLAGA,MALAGA,25,"18,3","0,2","16,6",23:58,"20,0",12:11,15.0,"1,7","6,7",14:20,82.0,89.0,20:50,75.0,00:00,Málaga,ES-AN
2023-10-24,6172X,MÁLAGA,MALAGA,25,"19,7","0,0","15,6",00:15,"23,8",14:45,3.0,"1,9","10,0",15:00,52.0,88.0,00:00,32.0,13:30,Málaga,ES-AN
2023-10-25,6172X,MÁLAGA,MALAGA,25,"21,6","0,0","16,7",04:30,"26,5",15:40,3.0,"1,7","10,3",14:20,67.0,75.0,05:30,47.0,15:40,Málaga,ES-AN
2023-10-26,6172X,MÁLAGA,MALAGA,25,"23,2","0,0","18,4",23:48,"28,0",15:37,2.0,"3,6","10,8",08:30,68.0,87.0,23:59,43.0,14:50,Málaga,ES-AN
2023-10-27,6172X,MÁLAGA,MALAGA,25,"21,2","0,0","18,3",00:57,"24,1",15:15,1.0,"5,0","13,1",12:40,48.0,87.0,00:00,39.0,11:40,Málaga,ES-AN
2023-10-28,6172X,MÁLAGA,MALAGA,25,"20,2","0,0","17,5",05:27,"22,9",11:20,28.0,"3,9","9,7",Varias,64.0,69.0,16:00,48.0,11:10,Málaga,ES-AN
2023-10-29,6172X,MÁLAGA,MALAGA,25,"19,0","0,0","16,4",06:24,"21,6",14:37,16.0,"1,7","5,8",20:50,67.0,84.0,20:30,53.0,11:00,Málaga,ES-AN
2023-10-30,6172X,MÁLAGA,MALAGA,25,"20,4","0,0","17,2",01:13,"23,5",14:16,36.0,"2,8","9,7",14:30,66.0,82.0,04:00,39.0,15:00,Málaga,ES-AN
2023-10-31,6172X,MÁLAGA,MALAGA,25,"17,4","1,8","15,6",21:22,"19,3",14:18,34.0,"1,7","6,9",03:50,61.0,85.0,23:10,51.0,00:00,Málaga,ES-AN
2023-11-01,6172X,MÁLAGA,MALAGA,25,"19,3","0,0","14,8",06:26,"23,8",16:38,3.0,"2,5","9,4",18:40,63.0,85.0,Varias,48.0,16:40,Málaga,ES-AN
2023-11-02,6172X,MÁLAGA,MALAGA,25,"20,0","0,0","15,9",06:43,"24,1",18:18,1.0,"3,9","19,7",20:30,75.0,81.0,13:00,45.0,21:10,Málaga,ES-AN
2023-11-03,6172X,MÁLAGA,MALAGA,25,"18,3","0,0","16,0",Varias,"20,6",16:00,36.0,"4,2","14,2",09:40,54.0,62.0,23:59,45.0,10:40,Málaga,ES-AN
2023-11-04,6172X,MÁLAGA,MALAGA,25,"20,4","0,0","15,7",06:42,"25,2",15:36,3.0,"3,3","13,6",23:10,68.0,78.0,11:10,40.0,15:40,Málaga,ES-AN
2023-11-05,6172X,MÁLAGA,MALAGA,25,"19,5","0,0","17,0",07:22,"22,0",14:46,36.0,"4,7","15,8",01:30,48.0,62.0,07:10,34.0,15:20,Málaga,ES-AN
2023-11-06,6172X,MÁLAGA,MALAGA,25,"17,8","0,0","14,6",07:32,"20,9",13:48,34.0,"2,8","10,6",11:30,48.0,66.0,06:30,34.0,Varias,Málaga,ES-AN
2023-11-07,6172X,MÁLAGA,MALAGA,25,"16,9","0,0","13,1",06:31,"20,7",11:53,35.0,"2,2","8,1",01:10,53.0,59.0,07:20,33.0,19:20,Málaga,ES-AN
2023-11-08,6172X,MÁLAGA,MALAGA,25,"16,6","0,0","12,8",05:24,"20,4",10:39,35.0,"1,7","5,8",01:10,62.0,74.0,Varias,35.0,10:40,Málaga,ES-AN
2023-11-09,6172X,MÁLAGA,MALAGA,25,"19,2","0,0","13,9",00:01,"24,4",15:12,2.0,"4,2","12,2",18:20,54.0,66.0,23:50,43.0,Varias,Málaga,ES-AN
2023-11-10,6172X,MÁLAGA,MALAGA,25,"19,6","0,0","16,8",06:39,"22,4",14:59,4.0,"4,2","12,5",13:20,49.0,66.0,00:00,40.0,Varias,Málaga,ES-AN
2023-11-11,6172X,MÁLAGA,MALAGA,25,"21,3","0,0","18,5",06:41,"24,1",14:18,4.0,"5,0","15,8",19:10,55.0,66.0,03:10,45.0,Varias,Málaga,ES-AN
2023-11-12,6172X,MÁLAGA,MALAGA,25,"23,5","0,0","18,1",20:31,"28,9",14:44,35.0,"3,6","11,1",01:10,51.0,66.0,20:30,39.0,Varias,Málaga,ES-AN
2023-11-13,6172X,MÁLAGA,MALAGA,25,"20,5","0,0","16,5",05:54,"24,5",10:38,33.0,"1,4","6,9",00:20,61.0,73.0,21:40,47.0,11:40,Málaga,ES-AN
2023-11-14,6172X,MÁLAGA,MALAGA,25,"19,0","0,0","14,6",23:17,"23,4",10:38,16.0,"1,1","6,4",15:50,74.0,92.0,23:50,43.0,10:30,Málaga,ES-AN
2023-11-15,6172X,MÁLAGA,MALAGA,25,"15,8","0,0","12,7",06:01,"18,9",12:58,6.0,"0,3","4,2",22:10,84.0,96.0,07:40,52.0,Varias,Málaga,ES-AN
2023-11-16,6172X,MÁLAGA,MALAGA,25,"18,8","0,0","15,0",22:22,"22,5",10:04,5.0,"0,8","5,0",02:30,66.0,81.0,17:50,43.0,10:10,Málaga,ES-AN
2023-11-17,6172X,MÁLAGA,MALAGA,25,"17,6","0,0","13,5",23:22,"21,7",09:20,5.0,"0,3","3,6",04:10,78.0,94.0,Varias,43.0,09:20,Málaga,ES-AN
2023-11-18,6172X,MÁLAGA,MALAGA,25,"15,8","0,0","12,1",03:14,"19,6",10:10,21.0,"1,4","5,6",13:30,78.0,94.0,Varias,58.0,10:20,Málaga,ES-AN
2023-11-19,6172X,MÁLAGA,MALAGA,25,"18,4","0,0","14,5",06:07,"22,2",15:42,4.0,"1,7","5,0",03:50,72.0,84.0,03:10,54.0,15:50,Málaga,ES-AN
2023-11-20,6172X,MÁLAGA,MALAGA,25,"17,9","0,0","13,2",07:11,"22,6",18:20,34.0,"1,7","8,6",23:59,62.0,78.0,17:20,48.0,18:20,Málaga,ES-AN
2023-11-21,6172X,MÁLAGA,MALAGA,25,"18,7","0,0","16,0",22:47,"21,4",11:16,1.0,"3,9","13,1",12:50,58.0,69.0,07:20,41.0,23:59,Málaga,ES-AN
2023-11-22,6172X,MÁLAGA,MALAGA,25,"17,8","0,0","13,5",04:46,"22,0",14:31,7.0,"2,8","10,8",11:50,38.0,68.0,21:50,28.0,15:40,Málaga,ES-AN
2023-11-23,6172X,MÁLAGA,MALAGA,25,"15,5","0,0","12,0",Varias,"19,0",12:21,18.0,"1,9","6,1",10:50,64.0,76.0,18:20,48.0,09:10,Málaga,ES-AN
2023-11-24,6172X,MÁLAGA,MALAGA,25,"15,2","0,0","11,1",05:18,"19,3",12:58,28.0,"1,7","11,1",14:50,48.0,80.0,20:10,33.0,18:00,Málaga,ES-AN
2023-11-25,6172X,MÁLAGA,MALAGA,25,"18,5","0,0","13,0",07:03,"24,0",14:26,15.0,"2,2","9,4",16:40,56.0,70.0,17:30,25.0,14:30,Málaga,ES-AN
2023-11-26,6172X,MÁLAGA,MALAGA,25,"15,8","0,0","12,1",07:27,"19,5",15:13,36.0,"1,4","6,4",21:30,59.0,71.0,17:50,38.0,10:30,Málaga,ES-AN
2023-11-27,6172X,MÁLAGA,MALAGA,25,"17,6","0,0","13,8",Varias,"21,4",14:15,1.0,"3,6","13,6",23:40,53.0,68.0,06:00,40.0,13:40,Málaga,ES-AN
2023-11-28,6172X,MÁLAGA,MALAGA,25,"18,2","0,0","15,1",06:00,"21,4",14:17,34.0,"5,0","13,6",08:50,52.0,65.0,Varias,38.0,13:40,Málaga,ES-AN
2023-11-29,6172X,MÁLAGA,MALAGA,25,"19,0","0,0","16,3",04:24,"21,7",13:33,1.0,"1,7","8,6",02:50,69.0,78.0,Varias,58.0,Varias,Málaga,ES-AN
2023-11-30,6172X,MÁLAGA,MALAGA,25,"19,6","0,0","16,2",07:29,"23,1",13:11,28.0,"1,7","7,5",17:50,72.0,82.0,07:30,58.0,15:40,Málaga,ES-AN
2023-12-01,6172X,MÁLAGA,MALAGA,25,"16,6","1,4","13,6",23:37,"19,5",00:38,35.0,"3,1","13,1",14:40,61.0,81.0,11:40,50.0,16:10,Málaga,ES-AN
2023-12-02,6172X,MÁLAGA,MALAGA,25,"14,4","0,0","11,0",07:40,"17,9",14:00,36.0,"3,1","11,9",11:00,53.0,72.0,07:50,33.0,14:00,Málaga,ES-AN
2023-12-03,6172X,MÁLAGA,MALAGA,25,"13,4","0,0","9,4",07:04,"17,5",14:22,34.0,"2,2","7,8",03:00,58.0,71.0,16:50,44.0,08:40,Málaga,ES-AN
2023-12-04,6172X,MÁLAGA,MALAGA,25,"13,3","0,2","10,9",00:48,"15,7",15:53,32.0,"2,2","8,6",23:20,68.0,77.0,07:50,55.0,02:10,Málaga,ES-AN
2023-12-05,6172X,MÁLAGA,MALAGA,25,"14,2","0,2","11,6",06:33,"16,7",13:30,12.0,"2,2","9,7",13:10,63.0,75.0,23:59,56.0,08:20,Málaga,ES-AN
2023-12-06,6172X,MÁLAGA,MALAGA,25,"13,3","2,2","12,2",07:22,"14,4",12:54,6.0,"0,8","4,2",01:20,88.0,92.0,Varias,70.0,02:20,Málaga,ES-AN
2023-12-07,6172X,MÁLAGA,MALAGA,25,"16,3","0,0","13,4",00:01,"19,2",18:39,2.0,"2,5","10,8",18:00,77.0,91.0,Varias,58.0,18:40,Málaga,ES-AN
2023-12-08,6172X,MÁLAGA,MALAGA,25,"18,0","0,2","15,7",01:17,"20,4",13:23,2.0,"4,7","16,7",13:00,59.0,80.0,07:20,42.0,Varias,Málaga,ES-AN
2023-12-09,6172X,MÁLAGA,MALAGA,25,"19,6","0,0","15,5",06:13,"23,7",13:35,36.0,"4,4","11,9",02:30,50.0,71.0,23:50,36.0,13:40,Málaga,ES-AN
2023-12-10,6172X,MÁLAGA,MALAGA,25,"17,0","0,0","13,9",06:28,"20,2",14:59,99.0,"1,7","8,6",01:50,72.0,86.0,Varias,54.0,Varias,Málaga,ES-AN
2023-12-11,6172X,MÁLAGA,MALAGA,25,"14,6","0,0","11,9",21:56,"17,4",11:41,16.0,"0,6","3,6",12:40,80.0,95.0,22:00,59.0,04:40,Málaga,ES-AN
2023-12-12,6172X,MÁLAGA,MALAGA,25,"19,9","0,0","11,2",07:01,"28,6",14:57,2.0,"2,5","11,1",23:50,65.0,95.0,Varias,24.0,15:00,Málaga,ES-AN
2023-12-13,6172X,MÁLAGA,MALAGA,25,"16,8","0,0","14,3",23:56,"19,4",00:01,3.0,"2,8","12,5",16:30,55.0,69.0,07:50,48.0,17:20,Málaga,ES-AN
2023-12-14,6172X,MÁLAGA,MALAGA,25,"15,4","0,0","10,9",07:41,"20,0",14:24,31.0,"3,1","10,0",13:20,52.0,64.0,07:50,32.0,14:00,Málaga,ES-AN
2023-12-15,6172X,MÁLAGA,MALAGA,25,"13,8","0,0","10,2",06:47,"17,3",12:45,18.0,"1,9","8,1",15:00,58.0,69.0,16:40,39.0,01:20,Málaga,ES-AN
2023-12-16,6172X,MÁLAGA,MALAGA,25,"14,2","0,0","10,1",05:52,"18,2",14:04,99.0,"1,9","5,6",Varias,64.0,76.0,17:00,46.0,10:20,Málaga,ES-AN
2023-12-17,6172X,MÁLAGA,MALAGA,25,"13,6","0,0","9,6",06:20,"17,7",15:15,21.0,"2,5","5,8",12:10,63.0,71.0,23:30,54.0,Varias,Málaga,ES-AN
2023-12-18,6172X,MÁLAGA,MALAGA,25,"14,0","0,0","9,8",06:45,"18,3",12:57,6.0,"1,7","5,8",05:30,56.0,76.0,06:10,32.0,12:50,Málaga,ES-AN
2023-12-19,6172X,MÁLAGA,MALAGA,25,"13,2","0,0","9,3",03:41,"17,0",11:57,28.0,"2,2","8,3",13:40,63.0,70.0,16:20,33.0,23:40,Málaga,ES-AN
2023-12-20,6172X,MÁLAGA,MALAGA,25,"14,7","0,0","12,5",05:46,"16,9",10:23,1.0,"3,9","13,6",11:50,42.0,52.0,23:59,30.0,07:40,Málaga,ES-AN
2023-12-21,6172X,MÁLAGA,MALAGA,25,"14,8","0,0","10,7",06:23,"18,9",13:25,34.0,"1,7","8,6",01:50,48.0,60.0,19:50,37.0,11:50,Málaga,ES-AN
2023-12-22,6172X,MÁLAGA,MALAGA,25,"13,8","0,0","9,7",06:57,"17,8",15:34,28.0,"1,4","6,7",12:20,71.0,85.0,17:50,38.0,11:30,Málaga,ES-AN
2023-12-23,6172X,MÁLAGA,MALAGA,25,"13,4","0,0","9,4",08:10,"17,5",15:27,4.0,"1,9","5,8",03:40,72.0,82.0,17:50,54.0,11:00,Málaga,ES-AN
2023-12-24,6172X,MÁLAGA,MALAGA,25,"13,8","0,0","9,5",07:35,"18,2",14:43,99.0,"1,9","5,3",Varias,75.0,80.0,17:50,50.0,11:50,Málaga,ES-AN
2023-12-25,6172X,MÁLAGA,MALAGA,25,"13,7","0,0","10,0",07:20,"17,4",15:05,4.0,"1,7","5,3",23:20,73.0,82.0,17:50,55.0,12:10,Málaga,ES-AN
2023-12-26,6172X,MÁLAGA,MALAGA,25,"13,1","0,0","8,9",Varias,"17,3",12:03,6.0,"1,7","5,6",07:10,65.0,79.0,18:00,48.0,12:00,Málaga,ES-AN
2023-12-27,6172X,MÁLAGA,MALAGA,25,"13,9","0,0","9,3",Varias,"18,5",15:04,99.0,"1,7","5,3",Varias,66.0,79.0,Varias,53.0,15:20,Málaga,ES-AN
2023-12-28,6172X,MÁLAGA,MALAGA,25,"13,6","0,0","9,4",04:57,"17,9",12:15,6.0,"1,4","5,6",04:10,71.0,80.0,18:00,59.0,12:20,Málaga,ES-AN
2023-12-29,6172X,MÁLAGA,MALAGA,25,"14,3","0,0","11,6",06:30,"17,0",13:18,99.0,"0,8","4,4",Varias,78.0,83.0,17:50,53.0,23:50,Málaga,ES-AN
2023-12-30,6172X,MÁLAGA,MALAGA,25,"16,6","0,0","13,1",07:11,"20,0",14:43,34.0,"1,9","7,5",23:30,66.0,71.0,12:50,46.0,03:20,Málaga,ES-AN
2023-12-31,6172X,MÁLAGA,MALAGA,25,"16,8","0,0","12,5",06:40,"21,2",12:38,2.0,"3,9","11,9",13:20,55.0,70.0,Varias,43.0,12:00,Málaga,ES-AN
2023-07-01,5515X,GRANADA-CARTUJA,GRANADA,775,"26,5","0,0","18,8",05:37,"34,2",15:19,26.0,"0,8","5,3",15:30,46.0,82.0,06:10,28.0,14:50,Granada,ES-AN
2023-07-02,5515X,GRANADA-CARTUJA,GRANADA,775,"27,7","0,0","20,4",05:04,"35,0",13:36,25.0,"1,1","6,7",15:20,44.0,76.0,06:00,27.0,15:40,Granada,ES-AN
2023-07-03,5515X,GRANADA-CARTUJA,GRANADA,775,"28,5","0,0","21,0",Varias,"36,0",14:46,25.0,"1,1","5,8",13:50,34.0,62.0,05:50,22.0,18:00,Granada,ES-AN
2023-07-04,5515X,GRANADA-CARTUJA,GRANADA,775,"28,4","0,0","21,5",05:40,"35,2",14:13,27.0,"1,4","8,1",15:50,34.0,63.0,06:10,20.0,18:00,Granada,ES-AN
2023-07-05,5515X,GRANADA-CARTUJA,GRANADA,775,"27,6","0,0","19,9",05:57,"35,3",12:39,28.0,"0,8","4,4",Varias,29.0,44.0,06:10,21.0,11:50,Granada,ES-AN
2023-07-06,5515X,GRANADA-CARTUJA,GRANADA,775,"28,0","0,0","20,1",06:02,"36,0",14:46,21.0,"0,8","6,7",14:50,26.0,48.0,06:30,15.0,19:30,Granada,ES-AN
2023-07-07,5515X,GRANADA-CARTUJA,GRANADA,775,"27,3","0,0","20,4",04:39,"34,2",14:22,28.0,"1,1","7,2",13:30,40.0,73.0,05:00,28.0,00:00,Granada,ES-AN
2023-07-08,5515X,GRANADA-CARTUJA,GRANADA,775,"27,0","0,0","18,9",05:12,"35,1",14:52,28.0,"0,8","5,6",14:20,36.0,66.0,06:20,20.0,16:00,Granada,ES-AN
2023-07-09,5515X,GRANADA-CARTUJA,GRANADA,775,"30,3","0,0","21,1",05:02,"39,5",15:00,27.0,"0,8","7,8",13:30,27.0,47.0,06:30,17.0,15:50,Granada,ES-AN
2023-07-10,5515X,GRANADA-CARTUJA,GRANADA,775,"33,0","0,0","23,6",04:58,"42,5",12:27,18.0,"1,4","7,8",12:10,26.0,51.0,Varias,13.0,14:20,Granada,ES-AN
2023-07-11,5515X,GRANADA-CARTUJA,GRANADA,775,"33,6","0,0","26,0",06:32,"41,2",14:00,28.0,"0,8","8,6",14:30,24.0,36.0,07:30,18.0,11:40,Granada,ES-AN
2023-07-12,5515X,GRANADA-CARTUJA,GRANADA,775,"31,6","0,0","24,1",Varias,"39,2",13:59,29.0,"0,8","6,9",16:10,21.0,46.0,05:50,10.0,14:40,Granada,ES-AN
2023-07-13,5515X,GRANADA-CARTUJA,GRANADA,775,"29,8","0,0","21,5",06:10,"38,0",Varias,28.0,"1,1","6,1",17:00,18.0,34.0,07:00,10.0,18:00,Granada,ES-AN
2023-07-14,5515X,GRANADA-CARTUJA,GRANADA,775,"29,2","0,0","21,5",05:38,"36,9",14:14,27.0,"1,4","5,8",18:20,32.0,52.0,06:20,23.0,14:20,Granada,ES-AN
2023-07-15,5515X,GRANADA-CARTUJA,GRANADA,775,"28,9","0,0","22,0",Varias,"35,8",13:46,26.0,"1,1","6,9",14:30,31.0,58.0,06:00,17.0,11:10,Granada,ES-AN
2023-07-16,5515X,GRANADA-CARTUJA,GRANADA,775,"30,1","0,0","20,6",05:04,"39,6",14:29,24.0,"1,4","9,2",15:00,31.0,56.0,05:10,18.0,14:30,Granada,ES-AN
2023-07-17,5515X,GRANADA-CARTUJA,GRANADA,775,"32,4","0,0","22,8",05:32,"42,0",11:53,18.0,"1,9","11,4",14:10,21.0,46.0,01:40,8.0,13:00,Granada,ES-AN
2023-07-18,5515X,GRANADA-CARTUJA,GRANADA,775,"33,1","0,0","23,9",05:29,"42,3",14:18,19.0,"0,8","5,8",16:40,22.0,49.0,23:59,12.0,15:30,Granada,ES-AN
2023-07-19,5515X,GRANADA-CARTUJA,GRANADA,775,"32,3","0,0","24,7",05:08,"39,9",14:06,27.0,"1,1","6,7",15:40,31.0,52.0,Varias,19.0,13:10,Granada,ES-AN
2023-07-20,5515X,GRANADA-CARTUJA,GRANADA,775,"31,0","0,0","24,3",23:58,"37,7",14:11,99.0,"1,7","8,6",15:50,26.0,45.0,06:00,14.0,18:00,Granada,ES-AN
2023-07-21,5515X,GRANADA-CARTUJA,GRANADA,775,"26,6","0,0","19,3",05:24,"33,8",15:29,24.0,"0,8","4,7",16:50,22.0,44.0,06:30,13.0,12:50,Granada,ES-AN
2023-07-22,5515X,GRANADA-CARTUJA,GRANADA,775,"28,5","0,0","19,6",04:37,"37,4",15:12,19.0,"0,8","6,4",16:50,25.0,42.0,23:30,18.0,13:50,Granada,ES-AN
2023-07-23,5515X,GRANADA-CARTUJA,GRANADA,775,"30,4","0,0","21,9",05:13,"38,9",14:29,27.0,"0,8","6,4",14:40,34.0,61.0,04:40,22.0,12:50,Granada,ES-AN
2023-07-24,5515X,GRANADA-CARTUJA,GRANADA,775,"29,2","0,0","22,5",23:59,"35,9",13:42,29.0,"1,7","8,6",14:40,26.0,43.0,06:40,17.0,13:50,Granada,ES-AN
2023-07-25,5515X,GRANADA-CARTUJA,GRANADA,775,"26,1","0,0","18,5",05:19,"33,7",14:58,99.0,"1,1","6,1",Varias,33.0,64.0,06:10,18.0,13:40,Granada,ES-AN
2023-07-26,5515X,GRANADA-CARTUJA,GRANADA,775,"27,3","0,0","18,1",05:47,"36,5",13:15,22.0,"1,1","5,8",15:20,30.0,49.0,23:40,18.0,11:30,Granada,ES-AN
2023-07-27,5515X,GRANADA-CARTUJA,GRANADA,775,"27,6","0,0","20,7",05:24,"34,5",13:48,26.0,"1,4","6,4",17:50,42.0,72.0,03:40,28.0,Varias,Granada,ES-AN
2023-07-28,5515X,GRANADA-CARTUJA,GRANADA,775,"27,6","0,0","19,1",05:17,"36,1",14:16,28.0,"1,1","6,7",18:30,35.0,61.0,06:00,19.0,19:40,Granada,ES-AN
2023-07-29,5515X,GRANADA-CARTUJA,GRANADA,775,"29,2","0,0","20,6",05:50,"37,8",14:02,27.0,"1,1","6,4",15:00,23.0,44.0,07:00,11.0,13:20,Granada,ES-AN
2023-07-30,5515X,GRANADA-CARTUJA,GRANADA,775,"30,5","0,0","22,1",05:19,"38,9",14:06,29.0,"1,1","6,1",15:50,20.0,36.0,Varias,12.0,13:00,Granada,ES-AN
2023-07-31,5515X,GRANADA-CARTUJA,GRANADA,775,"29,8","0,0","21,5",05:57,"38,1",13:58,27.0,"1,4","7,5",17:30,27.0,44.0,06:10,17.0,15:50,Granada,ES-AN
2023-08-01,5515X,GRANADA-CARTUJA,GRANADA,775,"28,8","0,0","19,5",06:25,"38,0",15:00,24.0,"1,1","6,7",15:50,20.0,35.0,06:30,13.0,17:00,Granada,ES-AN
2023-08-02,5515X,GRANADA-CARTUJA,GRANADA,775,"28,9","0,0","19,9",06:36,"37,9",14:06,26.0,"1,7","7,5",15:10,26.0,42.0,06:30,18.0,13:30,Granada,ES-AN
2023-08-03,5515X,GRANADA-CARTUJA,GRANADA,775,"27,9","0,0","20,4",05:18,"35,4",14:14,29.0,"1,4","7,5",16:40,34.0,64.0,06:40,20.0,13:00,Granada,ES-AN
2023-08-04,5515X,GRANADA-CARTUJA,GRANADA,775,"27,0","0,0","18,8",05:51,"35,3",13:27,29.0,"1,1","6,4",16:20,35.0,64.0,23:50,16.0,13:00,Granada,ES-AN
2023-08-05,5515X,GRANADA-CARTUJA,GRANADA,775,"27,8","0,0","19,0",06:07,"36,5",15:53,29.0,"0,8","6,7",15:40,39.0,81.0,04:10,13.0,15:30,Granada,ES-AN
2023-08-06,5515X,GRANADA-CARTUJA,GRANADA,775,"29,6","0,0","20,5",06:33,"38,6",14:07,26.0,"0,8","5,0",14:30,26.0,46.0,07:10,16.0,Varias,Granada,ES-AN
2023-08-07,5515X,GRANADA-CARTUJA,GRANADA,775,"30,2","0,0","21,9",06:02,"38,6",13:57,99.0,"0,8","5,3",Varias,28.0,51.0,23:40,16.0,14:00,Granada,ES-AN
2023-08-08,5515X,GRANADA-CARTUJA,GRANADA,775,"31,5","0,0","21,9",05:38,"41,1",14:21,26.0,"0,8","6,4",10:00,31.0,61.0,02:50,20.0,13:00,Granada,ES-AN
2023-08-09,5515X,GRANADA-CARTUJA,GRANADA,775,"33,8","0,0","24,8",05:10,"42,7",13:51,32.0,"1,1","6,1",14:50,28.0,47.0,07:10,13.0,14:30,Granada,ES-AN
2023-08-10,5515X,GRANADA-CARTUJA,GRANADA,775,"34,0","0,0","26,0",05:19,"42,1",14:25,27.0,"0,8","8,1",17:20,28.0,48.0,Varias,16.0,14:30,Granada,ES-AN
2023-08-11,5515X,GRANADA-CARTUJA,GRANADA,775,"32,4","0,0","23,5",05:37,"41,2",14:32,1.0,"0,8","7,5",16:10,19.0,40.0,Varias,7.0,18:00,Granada,ES-AN
2023-08-12,5515X,GRANADA-CARTUJA,GRANADA,775,"31,6","0,0","22,8",06:25,"40,4",13:13,28.0,"1,1","7,5",16:00,18.0,42.0,08:10,12.0,Varias,Granada,ES-AN
2023-08-13,5515X,GRANADA-CARTUJA,GRANADA,775,"30,6","0,0","22,4",06:34,"38,7",12:42,36.0,"0,8","10,0",15:10,28.0,46.0,23:59,16.0,15:20,Granada,ES-AN
2023-08-14,5515X,GRANADA-CARTUJA,GRANADA,775,"30,2","0,0","21,0",06:13,"39,4",13:58,27.0,"1,1","9,2",14:10,31.0,62.0,06:30,10.0,13:30,Granada,ES-AN
2023-08-15,5515X,GRANADA-CARTUJA,GRANADA,775,"30,4","0,0","21,8",05:47,"39,0",14:08,24.0,"1,1","6,1",15:50,26.0,49.0,06:10,15.0,13:00,Granada,ES-AN
2023-08-16,5515X,GRANADA-CARTUJA,GRANADA,775,"29,0","0,0","21,8",05:59,"36,3",15:00,30.0,"1,4","8,6",14:30,27.0,53.0,04:00,14.0,Varias,Granada,ES-AN
2023-08-17,5515X,GRANADA-CARTUJA,GRANADA,775,"28,2","0,0","19,7",05:49,"36,6",14:30,30.0,"1,1","6,4",16:20,30.0,55.0,06:50,17.0,16:50,Granada,ES-AN
2023-08-18,5515X,GRANADA-CARTUJA,GRANADA,775,"28,4","0,0","19,6",06:38,"37,1",13:29,29.0,"1,4","5,6",14:10,24.0,46.0,06:40,14.0,Varias,Granada,ES-AN
2023-08-19,5515X,GRANADA-CARTUJA,GRANADA,775,"29,5","0,0","20,1",05:17,"38,9",13:49,27.0,"0,8","6,1",17:10,21.0,39.0,07:20,11.0,13:20,Granada,ES-AN
2023-08-20,5515X,GRANADA-CARTUJA,GRANADA,775,"31,8","0,0","22,4",05:21,"41,1",14:19,31.0,"1,1","5,8",16:20,22.0,39.0,07:20,13.0,14:20,Granada,ES-AN
2023-08-21,5515X,GRANADA-CARTUJA,GRANADA,775,"31,4","0,0","23,2",05:54,"39,5",14:00,22.0,"1,4","6,4",16:50,33.0,46.0,23:40,22.0,13:00,Granada,ES-AN
2023-08-22,5515X,GRANADA-CARTUJA,GRANADA,775,"30,6","0,0","21,6",06:11,"39,7",13:39,23.0,"0,8","7,2",15:50,28.0,47.0,00:30,17.0,13:00,Granada,ES-AN
2023-08-23,5515X,GRANADA-CARTUJA,GRANADA,775,"30,4","0,0","21,8",05:41,"39,1",13:57,25.0,"1,1","5,0",14:00,28.0,45.0,07:20,15.0,13:00,Granada,ES-AN
2023-08-24,5515X,GRANADA-CARTUJA,GRANADA,775,"31,2","0,0","22,5",05:10,"39,8",14:46,27.0,"0,8","5,8",15:10,25.0,45.0,02:20,15.0,13:50,Granada,ES-AN
2023-08-25,5515X,GRANADA-CARTUJA,GRANADA,775,"31,9","0,0","22,8",05:51,"41,0",13:59,30.0,"0,8","7,2",15:20,24.0,42.0,07:10,12.0,13:00,Granada,ES-AN
2023-08-26,5515X,GRANADA-CARTUJA,GRANADA,775,"31,5","0,0","23,6",05:46,"39,4",14:06,28.0,"0,8","9,2",15:50,25.0,40.0,06:40,17.0,13:50,Granada,ES-AN
2023-08-27,5515X,GRANADA-CARTUJA,GRANADA,775,"22,4","0,0","16,9",07:05,"28,0",14:32,36.0,"1,7","8,6",14:20,31.0,49.0,07:00,22.0,15:50,Granada,ES-AN
2023-08-28,5515X,GRANADA-CARTUJA,GRANADA,775,"23,1","0,0","15,3",06:13,"30,9",14:10,35.0,"1,4","6,7",17:50,25.0,42.0,06:40,18.0,13:00,Granada,ES-AN
2023-08-29,5515X,GRANADA-CARTUJA,GRANADA,775,"25,0","0,0","16,6",05:35,"33,5",14:34,32.0,"1,1","6,9",17:10,25.0,45.0,06:40,16.0,Varias,Granada,ES-AN
2023-08-30,5515X,GRANADA-CARTUJA,GRANADA,775,"25,4","0,0","17,9",06:50,"33,0",14:14,28.0,"1,1","7,5",17:20,31.0,60.0,23:59,19.0,12:40,Granada,ES-AN
2023-08-31,5515X,GRANADA-CARTUJA,GRANADA,775,"25,7","0,0","17,9",06:04,"33,5",14:05,23.0,"0,8","5,8",Varias,45.0,68.0,Varias,25.0,13:00,Granada,ES-AN
2023-09-01,5515X,GRANADA-CARTUJA,GRANADA,775,"26,7","0,0","19,0",05:46,"34,4",13:41,18.0,"1,4","6,9",15:40,36.0,67.0,05:40,21.0,Varias,Granada,ES-AN
2023-09-02,5515X,GRANADA-CARTUJA,GRANADA,775,"23,0","0,0","17,4",22:35,"28,7",11:12,23.0,"1,1","8,1",13:40,50.0,80.0,22:20,35.0,11:00,Granada,ES-AN
2023-09-03,5515X,GRANADA-CARTUJA,GRANADA,775,"18,7","6,6","15,5",22:31,"21,9",12:42,26.0,"0,3","6,4",13:40,75.0,93.0,Varias,59.0,12:40,Granada,ES-AN
2023-09-04,5515X,GRANADA-CARTUJA,GRANADA,775,"22,2","0,0","15,7",02:13,"28,8",14:50,28.0,"1,1","6,1",15:10,53.0,93.0,Varias,36.0,14:50,Granada,ES-AN
2023-09-05,5515X,GRANADA-CARTUJA,GRANADA,775,"23,3","0,0","15,4",06:13,"31,2",13:20,26.0,"0,8","5,3",18:30,47.0,78.0,05:50,31.0,13:30,Granada,ES-AN
2023-09-06,5515X,GRANADA-CARTUJA,GRANADA,775,"24,6","0,0","17,5",05:32,"31,7",13:43,25.0,"0,6","4,7",13:30,51.0,81.0,23:59,35.0,13:40,Granada,ES-AN
2023-09-07,5515X,GRANADA-CARTUJA,GRANADA,775,"26,6","0,0","19,5",05:32,"33,6",14:27,29.0,"0,8","5,6",13:00,50.0,82.0,05:30,26.0,14:40,Granada,ES-AN
2023-09-08,5515X,GRANADA-CARTUJA,GRANADA,775,"26,2","0,0","17,8",04:45,"34,5",13:21,25.0,"0,8","6,7",13:50,54.0,85.0,06:30,29.0,13:20,Granada,ES-AN
2023-09-09,5515X,GRANADA-CARTUJA,GRANADA,775,"25,6","0,0","18,4",06:02,"32,8",14:16,23.0,"1,1","5,8",15:20,59.0,83.0,05:30,38.0,13:50,Granada,ES-AN
2023-09-10,5515X,GRANADA-CARTUJA,GRANADA,775,"25,2","0,0","17,2",06:00,"33,2",14:44,99.0,"0,8","4,7",Varias,56.0,85.0,06:10,30.0,13:00,Granada,ES-AN
2023-09-11,5515X,GRANADA-CARTUJA,GRANADA,775,"23,2","0,0","16,7",06:36,"29,8",14:28,99.0,"0,8","5,6",14:50,53.0,84.0,05:40,35.0,13:00,Granada,ES-AN
2023-09-12,5515X,GRANADA-CARTUJA,GRANADA,775,"23,6","0,0","16,7",05:45,"30,6",14:30,30.0,"1,1","5,3",12:20,45.0,71.0,06:30,27.0,Varias,Granada,ES-AN
2023-09-13,5515X,GRANADA-CARTUJA,GRANADA,775,"24,2","0,0","16,8",05:58,"31,6",14:26,28.0,"0,6","5,6",15:50,49.0,78.0,23:50,30.0,13:00,Granada,ES-AN
2023-09-14,5515X,GRANADA-CARTUJA,GRANADA,775,"24,8","0,0","17,9",05:28,"31,8",14:06,24.0,"0,8","5,6",15:50,55.0,85.0,05:50,36.0,14:40,Granada,ES-AN
2023-09-15,5515X,GRANADA-CARTUJA,GRANADA,775,"25,0","0,0","17,7",06:36,"32,3",13:40,18.0,"1,1","7,5",14:40,55.0,86.0,05:30,32.0,13:40,Granada,ES-AN
2023-09-16,5515X,GRANADA-CARTUJA,GRANADA,775,"23,8","0,0","17,7",06:32,"29,9",11:16,24.0,"1,1","5,8",09:40,44.0,76.0,03:40,29.0,11:20,Granada,ES-AN
2023-09-17,5515X,GRANADA-CARTUJA,GRANADA,775,"23,4","0,0","16,3",23:56,"30,4",12:51,19.0,"1,1","7,8",11:00,53.0,75.0,22:10,34.0,13:00,Granada,ES-AN
2023-09-18,5515X,GRANADA-CARTUJA,GRANADA,775,"19,5","0,0","12,6",05:54,"26,4",13:41,28.0,"1,1","5,3",12:40,53.0,87.0,06:50,33.0,14:30,Granada,ES-AN
2023-09-19,5515X,GRANADA-CARTUJA,GRANADA,775,"22,1","0,0","14,2",06:20,"30,0",13:56,23.0,"1,1","7,2",15:10,50.0,70.0,07:20,31.0,13:00,Granada,ES-AN
2023-09-20,5515X,GRANADA-CARTUJA,GRANADA,775,"21,6","0,0","14,2",05:45,"28,9",14:09,29.0,"0,8","6,1",17:50,47.0,80.0,06:30,22.0,Varias,Granada,ES-AN
2023-09-21,5515X,GRANADA-CARTUJA,GRANADA,775,"20,2","1,0","13,8",05:31,"26,7",13:02,27.0,"0,8","6,7",11:50,51.0,83.0,23:59,25.0,13:30,Granada,ES-AN
2023-09-22,5515X,GRANADA-CARTUJA,GRANADA,775,"19,6","0,0","14,2",23:16,"24,9",13:46,29.0,"0,8","6,4",12:50,56.0,93.0,Varias,29.0,13:50,Granada,ES-AN
2023-09-23,5515X,GRANADA-CARTUJA,GRANADA,775,"20,2","0,0","11,3",06:13,"29,2",14:10,25.0,"0,6","4,2",15:40,45.0,75.0,23:59,27.0,Varias,Granada,ES-AN
2023-09-24,5515X,GRANADA-CARTUJA,GRANADA,775,"22,8","0,0","13,5",06:36,"32,2",14:21,27.0,"0,3","4,4",16:00,45.0,78.0,05:20,22.0,13:50,Granada,ES-AN
2023-09-25,5515X,GRANADA-CARTUJA,GRANADA,775,"24,8","0,0","15,0",05:52,"34,6",14:43,26.0,"0,6","4,4",15:50,42.0,66.0,Varias,22.0,14:50,Granada,ES-AN
2023-09-26,5515X,GRANADA-CARTUJA,GRANADA,775,"24,0","0,0","15,3",06:00,"32,7",14:28,30.0,"0,6","4,7",14:50,46.0,73.0,05:50,23.0,14:00,Granada,ES-AN
2023-09-27,5515X,GRANADA-CARTUJA,GRANADA,775,"24,4","0,0","15,4",06:26,"33,5",13:52,26.0,"0,8","4,7",15:10,38.0,70.0,Varias,19.0,13:00,Granada,ES-AN
2023-09-28,5515X,GRANADA-CARTUJA,GRANADA,775,"25,2","0,0","15,8",05:53,"34,5",14:50,27.0,"0,6","4,2",14:10,37.0,56.0,07:00,22.0,14:20,Granada,ES-AN
2023-09-29,5515X,GRANADA-CARTUJA,GRANADA,775,"26,3","0,0","17,0",06:29,"35,6",14:46,99.0,"0,3","4,7",14:30,40.0,64.0,07:10,22.0,13:00,Granada,ES-AN
2023-09-30,5515X,GRANADA-CARTUJA,GRANADA,775,"25,7","0,0","17,2",06:59,"34,2",14:45,29.0,"0,6","5,0",14:10,40.0,59.0,Varias,25.0,12:00,Granada,ES-AN
2023-10-01,5515X,GRANADA-CARTUJA,GRANADA,775,"26,2","0,0","16,4",05:43,"35,9",14:49,29.0,"0,3","4,2",14:10,33.0,64.0,02:40,14.0,14:10,Granada,ES-AN
2023-10-02,5515X,GRANADA-CARTUJA,GRANADA,775,"26,2","0,0","16,9",05:22,"35,4",14:19,29.0,"0,3","4,4",14:50,30.0,48.0,Varias,15.0,13:00,Granada,ES-AN
2023-10-03,5515X,GRANADA-CARTUJA,GRANADA,775,"25,6","0,0","16,5",05:38,"34,6",14:49,29.0,"0,6","4,7",15:50,36.0,54.0,07:10,21.0,Varias,Granada,ES-AN
2023-10-04,5515X,GRANADA-CARTUJA,GRANADA,775,"24,1","0,0","16,4",05:55,"31,8",13:52,26.0,"0,3","4,7",15:00,45.0,68.0,23:00,29.0,13:40,Granada,ES-AN
2023-10-05,5515X,GRANADA-CARTUJA,GRANADA,775,,"0,0",,,,,,,,,,,,,,Granada,ES-AN
2023-10-06,5515X,GRANADA-CARTUJA,GRANADA,775,,"0,0",,,,,,,,,,,,,,Granada,ES-AN
2023-10-07,5515X,GRANADA-CARTUJA,GRANADA,775,,"0,0",,,,,,,,,,,,,,Granada,ES-AN
2023-10-08,5515X,GRANADA-CARTUJA,GRANADA,775,,"0,0",,,,,,,,,,,,,,Granada,ES-AN
2023-10-09,5515X,GRANADA-CARTUJA,GRANADA,775,,"0,0",,,,,,,,,,,,,,Granada,ES-AN
2023-10-10,5515X,GRANADA-CARTUJA,GRANADA,775,,"0,0",,,,,,,,,,,,,,Granada,ES-AN
2023-10-11,5515X,GRANADA-CARTUJA,GRANADA,775,,"0,0",,,,,,,,,,,,,,Granada,ES-AN
2023-10-12,5515X,GRANADA-CARTUJA,GRANADA,775,"23,2","0,0","14,4",04:59,"31,9",14:49,99.0,"0,3","4,2",Varias,38.0,69.0,02:40,20.0,13:10,Granada,ES-AN
2023-10-13,5515X,GRANADA-CARTUJA,GRANADA,775,"23,7","1,2","14,9",06:42,"32,5",13:54,27.0,"0,6","5,3",14:40,40.0,60.0,07:00,25.0,13:50,Granada,ES-AN
2023-10-14,5515X,GRANADA-CARTUJA,GRANADA,775,"19,0","0,2","15,2",23:44,"22,9",12:49,11.0,"0,8","3,9",15:40,69.0,92.0,07:50,49.0,16:00,Granada,ES-AN
2023-10-15,5515X,GRANADA-CARTUJA,GRANADA,775,"19,6","0,2","12,4",06:40,"26,8",12:41,26.0,"0,6","5,8",13:50,54.0,86.0,07:30,29.0,15:10,Granada,ES-AN
2023-10-16,5515X,GRANADA-CARTUJA,GRANADA,775,"20,5","0,0","14,3",05:58,"26,7",14:44,28.0,"0,3","4,4",15:40,62.0,87.0,07:00,40.0,14:50,Granada,ES-AN
2023-10-17,5515X,GRANADA-CARTUJA,GRANADA,775,"23,5","0,0","17,8",00:43,"29,2",11:59,22.0,"1,7","9,2",16:20,44.0,64.0,00:10,31.0,13:00,Granada,ES-AN
2023-10-18,5515X,GRANADA-CARTUJA,GRANADA,775,"20,4","0,0","15,4",07:42,"25,5",14:50,27.0,"1,1","5,3",14:50,64.0,90.0,08:00,42.0,14:50,Granada,ES-AN
2023-10-19,5515X,GRANADA-CARTUJA,GRANADA,775,"16,1","29,4","11,8",22:51,"20,4",10:06,21.0,"2,5","16,1",16:40,74.0,95.0,Varias,56.0,09:10,Granada,ES-AN
2023-10-20,5515X,GRANADA-CARTUJA,GRANADA,775,"12,7","9,4","10,3",06:24,"15,1",13:14,36.0,"1,1","7,2",12:30,85.0,95.0,Varias,71.0,13:10,Granada,ES-AN
2023-10-21,5515X,GRANADA-CARTUJA,GRANADA,775,"15,2","0,0","9,9",23:51,"20,5",14:25,28.0,"0,6","3,9",13:10,63.0,92.0,05:00,33.0,15:10,Granada,ES-AN
2023-10-22,5515X,GRANADA-CARTUJA,GRANADA,775,"16,8","0,0","9,7",02:26,"23,8",13:15,18.0,"1,9","14,2",14:40,56.0,78.0,02:30,35.0,13:20,Granada,ES-AN
2023-10-23,5515X,GRANADA-CARTUJA,GRANADA,775,"16,0","0,4","12,0",23:46,"20,1",13:08,36.0,"0,6","7,8",15:00,71.0,86.0,Varias,54.0,13:20,Granada,ES-AN
2023-10-24,5515X,GRANADA-CARTUJA,GRANADA,775,"15,4","0,0","10,6",05:51,"20,3",14:31,99.0,"0,6","5,3",Varias,62.0,86.0,06:10,39.0,14:20,Granada,ES-AN
2023-10-25,5515X,GRANADA-CARTUJA,GRANADA,775,"18,0","0,0","13,0",00:01,"23,0",15:12,26.0,"0,8","4,4",16:20,71.0,85.0,06:50,54.0,15:10,Granada,ES-AN
2023-10-26,5515X,GRANADA-CARTUJA,GRANADA,775,"17,4","0,4","12,3",07:10,"22,4",14:40,28.0,"0,6","5,0",15:50,76.0,92.0,Varias,55.0,14:40,Granada,ES-AN
2023-10-27,5515X,GRANADA-CARTUJA,GRANADA,775,"15,4","0,0","10,5",Varias,"20,3",13:55,36.0,"0,6","5,8",16:10,64.0,93.0,Varias,39.0,14:40,Granada,ES-AN
2023-10-28,5515X,GRANADA-CARTUJA,GRANADA,775,"15,1","0,0","8,4",06:31,"21,8",15:00,28.0,"0,3","4,7",16:30,63.0,90.0,08:00,38.0,15:10,Granada,ES-AN
2023-10-29,5515X,GRANADA-CARTUJA,GRANADA,775,"14,1","0,0","8,0",06:50,"20,2",Varias,28.0,"0,6","3,1",12:20,65.0,91.0,07:50,37.0,14:10,Granada,ES-AN
2023-10-30,5515X,GRANADA-CARTUJA,GRANADA,775,"14,2","0,0","10,1",23:49,"18,3",15:27,28.0,"1,1","6,7",13:10,68.0,84.0,11:50,42.0,00:00,Granada,ES-AN
2023-10-31,5515X,GRANADA-CARTUJA,GRANADA,775,"11,8","0,4","8,6",03:13,"15,1",12:24,36.0,"0,3","3,3",22:20,76.0,86.0,18:40,51.0,12:20,Granada,ES-AN
2023-11-01,5515X,GRANADA-CARTUJA,GRANADA,775,"15,9","0,0","9,2",06:48,"22,6",14:03,31.0,"0,8","5,6",14:40,67.0,92.0,Varias,42.0,14:10,Granada,ES-AN
2023-11-02,5515X,GRANADA-CARTUJA,GRANADA,775,"14,6","0,6","9,3",23:20,"19,8",11:33,26.0,"1,4","13,1",14:20,77.0,89.0,06:30,64.0,11:30,Granada,ES-AN
2023-11-03,5515X,GRANADA-CARTUJA,GRANADA,775,"11,2","0,0","8,6",03:23,"13,7",11:12,99.0,"0,3","6,4",13:40,70.0,85.0,23:50,61.0,13:10,Granada,ES-AN
2023-11-04,5515X,GRANADA-CARTUJA,GRANADA,775,"13,0","0,6","8,5",04:25,"17,6",15:46,21.0,"0,8","7,8",23:10,74.0,92.0,23:40,62.0,15:50,Granada,ES-AN
2023-11-05,5515X,GRANADA-CARTUJA,GRANADA,775,"13,0","0,0","7,7",07:11,"18,3",14:58,35.0,"1,1","5,6",14:40,64.0,94.0,Varias,38.0,15:00,Granada,ES-AN
2023-11-06,5515X,GRANADA-CARTUJA,GRANADA,775,"11,4","0,0","5,9",23:55,"16,8",14:17,99.0,"0,8","5,3",Varias,60.0,89.0,07:30,36.0,Varias,Granada,ES-AN
2023-11-07,5515X,GRANADA-CARTUJA,GRANADA,775,"10,6","0,0","3,3",06:46,"17,9",15:15,36.0,"0,6","4,2",16:40,53.0,87.0,Varias,30.0,13:40,Granada,ES-AN
2023-11-08,5515X,GRANADA-CARTUJA,GRANADA,775,"10,7","0,0","3,8",06:23,"17,6",14:32,99.0,"0,3","3,3",13:50,59.0,81.0,06:20,38.0,15:40,Granada,ES-AN
2023-11-09,5515X,GRANADA-CARTUJA,GRANADA,775,"14,2","0,0","7,6",03:44,"20,7",14:59,28.0,"0,3","4,2",15:10,71.0,88.0,Varias,47.0,15:00,Granada,ES-AN
2023-11-10,5515X,GRANADA-CARTUJA,GRANADA,775,"14,4","0,0","8,1",06:10,"20,6",15:20,32.0,"1,1","4,7",11:10,63.0,90.0,06:20,42.0,13:40,Granada,ES-AN
2023-11-11,5515X,GRANADA-CARTUJA,GRANADA,775,"14,9","0,0","7,9",05:51,"21,9",14:21,31.0,"0,6","3,9",15:10,72.0,91.0,07:50,49.0,15:00,Granada,ES-AN
2023-11-12,5515X,GRANADA-CARTUJA,GRANADA,775,"16,3","0,0","8,1",05:40,"24,5",14:40,36.0,"0,3","6,1",15:00,70.0,94.0,Varias,36.0,14:50,Granada,ES-AN
2023-11-13,5515X,GRANADA-CARTUJA,GRANADA,775,"17,4","0,0","9,4",Varias,"25,5",14:16,30.0,"0,6","3,3",14:20,65.0,90.0,05:00,41.0,14:20,Granada,ES-AN
2023-11-14,5515X,GRANADA-CARTUJA,GRANADA,775,"18,2","0,0","9,3",06:26,"27,2",14:27,24.0,"0,8","3,6",13:10,51.0,81.0,02:30,27.0,14:40,Granada,ES-AN
2023-11-15,5515X,GRANADA-CARTUJA,GRANADA,775,"19,4","0,0","9,7",07:24,"29,2",14:49,2.0,"0,8","3,6",13:20,44.0,68.0,07:20,23.0,15:20,Granada,ES-AN
2023-11-16,5515X,GRANADA-CARTUJA,GRANADA,775,"17,6","0,0","10,2",06:23,"25,0",14:41,99.0,"0,8","2,8",Varias,51.0,67.0,06:30,32.0,14:30,Granada,ES-AN
2023-11-17,5515X,GRANADA-CARTUJA,GRANADA,775,"18,0","0,0","9,0",07:11,"26,9",14:27,34.0,"0,6","2,5",11:20,47.0,71.0,07:20,23.0,14:00,Granada,ES-AN
2023-11-18,5515X,GRANADA-CARTUJA,GRANADA,775,"18,2","0,0","10,1",07:09,"26,3",15:04,26.0,"0,8","3,3",12:20,55.0,74.0,07:20,31.0,14:30,Granada,ES-AN
2023-11-19,5515X,GRANADA-CARTUJA,GRANADA,775,"18,4","0,0","10,2",06:54,"26,7",14:29,99.0,"0,3","3,1",Varias,51.0,81.0,07:10,26.0,14:50,Granada,ES-AN
2023-11-20,5515X,GRANADA-CARTUJA,GRANADA,775,"16,2","0,0","8,7",07:05,"23,6",14:17,24.0,"0,3","3,9",14:30,54.0,78.0,23:40,32.0,14:20,Granada,ES-AN
2023-11-21,5515X,GRANADA-CARTUJA,GRANADA,775,"13,2","0,0","7,9",07:31,"18,5",14:12,1.0,"0,8","6,1",16:30,68.0,91.0,09:50,46.0,15:20,Granada,ES-AN
2023-11-22,5515X,GRANADA-CARTUJA,GRANADA,775,"10,9","0,0","4,7",07:24,"17,1",14:24,7.0,"1,9","8,1",19:30,51.0,72.0,08:20,33.0,14:20,Granada,ES-AN
2023-11-23,5515X,GRANADA-CARTUJA,GRANADA,775,"10,8","0,0","3,4",07:15,"18,2",14:27,24.0,"0,6","3,6",15:00,55.0,80.0,07:40,25.0,15:20,Granada,ES-AN
2023-11-24,5515X,GRANADA-CARTUJA,GRANADA,775,"10,1","0,0","2,2",06:59,"18,0",14:33,24.0,"0,6","3,1",13:50,55.0,82.0,Varias,31.0,14:40,Granada,ES-AN
2023-11-25,5515X,GRANADA-CARTUJA,GRANADA,775,"11,6","0,0","2,7",06:20,"20,5",15:04,28.0,"0,8","2,8",13:40,45.0,69.0,Varias,22.0,15:40,Granada,ES-AN
2023-11-26,5515X,GRANADA-CARTUJA,GRANADA,775,"12,0","0,0","3,7",07:14,"20,2",14:41,27.0,"0,6","3,3",12:30,49.0,69.0,07:40,28.0,14:30,Granada,ES-AN
2023-11-27,5515X,GRANADA-CARTUJA,GRANADA,775,"10,2","0,0","3,8",07:14,"16,5",14:37,27.0,"0,3","3,6",11:20,69.0,89.0,23:40,47.0,14:40,Granada,ES-AN
2023-11-28,5515X,GRANADA-CARTUJA,GRANADA,775,"10,7","0,0","4,6",06:52,"16,8",14:41,9.0,"0,3","3,1",02:50,73.0,92.0,07:30,50.0,14:40,Granada,ES-AN
2023-11-29,5515X,GRANADA-CARTUJA,GRANADA,775,"13,0","0,2","6,8",00:39,"19,3",14:42,2.0,"0,8","3,6",16:10,75.0,92.0,01:00,60.0,12:20,Granada,ES-AN
2023-11-30,5515X,GRANADA-CARTUJA,GRANADA,775,"16,0","0,0","11,5",23:24,"20,4",12:05,24.0,"0,3","3,6",20:20,74.0,91.0,02:40,59.0,13:30,Granada,ES-AN
2023-12-01,5515X,GRANADA-CARTUJA,GRANADA,775,"10,0","2,0","5,3",18:50,"14,8",06:01,20.0,"1,4","9,4",07:40,76.0,93.0,Varias,46.0,07:00,Granada,ES-AN
2023-12-02,5515X,GRANADA-CARTUJA,GRANADA,775,"7,5","0,0","1,9",07:53,"13,1",14:24,35.0,"0,8","4,4",16:40,73.0,94.0,08:10,49.0,14:40,Granada,ES-AN
2023-12-03,5515X,GRANADA-CARTUJA,GRANADA,775,"6,8","0,0","-0,1",07:24,"13,6",14:39,27.0,"0,3","3,3",11:30,66.0,91.0,Varias,44.0,14:40,Granada,ES-AN
2023-12-04,5515X,GRANADA-CARTUJA,GRANADA,775,"6,5","0,2","4,5",02:22,"8,5",12:45,99.0,"0,3","4,4",Varias,87.0,95.0,Varias,59.0,05:10,Granada,ES-AN
2023-12-05,5515X,GRANADA-CARTUJA,GRANADA,775,"7,8","0,8","4,2",06:45,"11,3",14:17,27.0,"0,0","4,7",20:20,84.0,97.0,Varias,70.0,14:10,Granada,ES-AN
2023-12-06,5515X,GRANADA-CARTUJA,GRANADA,775,"10,4","0,4","7,8",01:01,"12,9",14:01,10.0,"0,0","2,2",21:30,95.0,96.0,Varias,92.0,13:20,Granada,ES-AN
2023-12-07,5515X,GRANADA-CARTUJA,GRANADA,775,"13,2","1,2","9,9",06:25,"16,5",14:39,99.0,"0,6","3,9",Varias,83.0,97.0,Varias,66.0,14:10,Granada,ES-AN
2023-12-08,5515X,GRANADA-CARTUJA,GRANADA,775,"11,3","0,0","7,1",23:43,"15,5",14:43,33.0,"1,4","6,4",12:40,73.0,95.0,Varias,50.0,14:00,Granada,ES-AN
2023-12-09,5515X,GRANADA-CARTUJA,GRANADA,775,"10,4","0,0","4,7",06:51,"16,2",15:14,28.0,"0,6","3,1",09:20,79.0,94.0,07:10,59.0,15:20,Granada,ES-AN
2023-12-10,5515X,GRANADA-CARTUJA,GRANADA,775,"12,6","0,0","5,3",07:34,"20,0",14:40,28.0,"0,8","1,9",14:00,77.0,95.0,Varias,51.0,14:50,Granada,ES-AN
2023-12-11,5515X,GRANADA-CARTUJA,GRANADA,775,"14,0","0,0","6,7",07:28,"21,3",14:19,10.0,"0,3","1,9",00:10,57.0,82.0,03:50,39.0,15:00,Granada,ES-AN
2023-12-12,5515X,GRANADA-CARTUJA,GRANADA,775,"15,7","0,0","7,6",06:26,"23,8",14:51,33.0,"0,8","4,7",13:10,49.0,70.0,07:10,29.0,14:40,Granada,ES-AN
2023-12-13,5515X,GRANADA-CARTUJA,GRANADA,775,"8,4","1,2","4,3",Varias,"12,5",12:42,34.0,"0,6","6,9",14:20,81.0,92.0,09:50,62.0,14:20,Granada,ES-AN
2023-12-14,5515X,GRANADA-CARTUJA,GRANADA,775,"8,7","0,0","1,7",07:38,"15,7",14:46,8.0,"0,6","6,1",19:20,63.0,90.0,06:40,27.0,15:20,Granada,ES-AN
2023-12-15,5515X,GRANADA-CARTUJA,GRANADA,775,"9,2","0,0","2,3",05:21,"16,0",15:59,30.0,"1,1","3,3",12:00,58.0,79.0,04:40,34.0,14:50,Granada,ES-AN
2023-12-16,5515X,GRANADA-CARTUJA,GRANADA,775,"9,5","0,0","2,3",07:15,"16,7",14:54,31.0,"0,3","3,3",15:20,48.0,75.0,00:00,24.0,14:40,Granada,ES-AN
2023-12-17,5515X,GRANADA-CARTUJA,GRANADA,775,"9,0","0,0","2,2",05:40,"15,8",14:51,29.0,"0,6","3,3",14:00,52.0,87.0,23:59,32.0,14:10,Granada,ES-AN
2023-12-18,5515X,GRANADA-CARTUJA,GRANADA,775,"7,8","0,0","0,9",07:15,"14,7",14:55,26.0,"0,8","3,3",14:30,61.0,90.0,07:50,33.0,15:00,Granada,ES-AN
2023-12-19,5515X,GRANADA-CARTUJA,GRANADA,775,"7,0","0,0","0,2",08:06,"13,9",14:51,28.0,"0,6","2,8",11:50,59.0,87.0,06:10,33.0,Varias,Granada,ES-AN
2023-12-20,5515X,GRANADA-CARTUJA,GRANADA,775,"5,5","0,0","-0,1",06:07,"11,1",15:10,4.0,"1,1","8,6",19:20,53.0,74.0,07:00,43.0,13:00,Granada,ES-AN
2023-12-21,5515X,GRANADA-CARTUJA,GRANADA,775,"8,4","0,0","1,1",06:41,"15,6",14:47,31.0,"0,8","3,1",12:40,60.0,82.0,06:50,35.0,14:50,Granada,ES-AN
2023-12-22,5515X,GRANADA-CARTUJA,GRANADA,775,"10,8","0,0","2,6",04:59,"19,0",14:58,20.0,"0,8","3,3",10:30,57.0,82.0,08:20,32.0,15:00,Granada,ES-AN
2023-12-23,5515X,GRANADA-CARTUJA,GRANADA,775,"10,2","0,0","2,8",07:26,"17,6",15:01,36.0,"0,6","2,8",13:10,53.0,74.0,07:50,32.0,14:50,Granada,ES-AN
2023-12-24,5515X,GRANADA-CARTUJA,GRANADA,775,"9,6","0,0","2,0",07:51,"17,2",15:00,99.0,"0,6","2,5",Varias,62.0,85.0,08:00,39.0,15:00,Granada,ES-AN
2023-12-25,5515X,GRANADA-CARTUJA,GRANADA,775,"8,8","0,0","1,1",08:06,"16,6",15:01,32.0,"0,8","2,8",13:40,65.0,90.0,07:40,37.0,14:50,Granada,ES-AN
2023-12-26,5515X,GRANADA-CARTUJA,GRANADA,775,"8,7","0,0","0,4",07:37,"17,0",14:58,28.0,"0,8","2,5",14:30,56.0,88.0,05:20,30.0,14:40,Granada,ES-AN
2023-12-27,5515X,GRANADA-CARTUJA,GRANADA,775,"9,8","0,0","1,7",Varias,"17,8",14:58,30.0,"0,3","3,1",15:10,46.0,74.0,03:50,25.0,15:00,Granada,ES-AN
2023-12-28,5515X,GRANADA-CARTUJA,GRANADA,775,"8,8","0,0","2,5",05:29,"15,0",14:52,32.0,"0,3","3,3",14:20,51.0,72.0,02:40,38.0,14:50,Granada,ES-AN
2023-12-29,5515X,GRANADA-CARTUJA,GRANADA,775,"10,6","1,6","6,4",06:42,"14,7",13:06,1.0,"0,6","3,6",00:50,47.0,59.0,09:20,39.0,13:20,Granada,ES-AN
2023-12-30,5515X,GRANADA-CARTUJA,GRANADA,775,"11,8","0,0","5,1",07:48,"18,4",15:01,10.0,"0,6","5,6",04:00,61.0,89.0,Varias,32.0,16:10,Granada,ES-AN
2023-12-31,5515X,GRANADA-CARTUJA,GRANADA,775,"7,2","0,0","2,3",07:17,"12,2",13:40,7.0,"0,3","2,8",09:50,72.0,87.0,08:30,53.0,15:30,Granada,ES-AN
2023-07-01,5402,CÓRDOBA AEROPUERTO,CORDOBA,90,"29,1","0,0","19,9",05:08,"38,3",17:14,23.0,"1,4","9,2",21:55,35.0,74.0,Varias,17.0,14:36,Córdoba,ES-AN
2023-07-02,5402,CÓRDOBA AEROPUERTO,CORDOBA,90,"30,9","0,0","21,9",05:20,"39,9",15:22,23.0,"2,5","8,9",17:04,32.0,73.0,Varias,14.0,18:00,Córdoba,ES-AN
2023-07-03,5402,CÓRDOBA AEROPUERTO,CORDOBA,90,"31,3","0,0","22,9",05:10,"39,7",15:15,25.0,"4,2","10,8",12:55,34.0,68.0,Varias,15.0,14:52,Córdoba,ES-AN
2023-07-04,5402,CÓRDOBA AEROPUERTO,CORDOBA,90,"30,2","0,0","21,5",04:50,"38,8",16:44,23.0,"3,9","10,3",19:40,36.0,76.0,Varias,13.0,Varias,Córdoba,ES-AN
2023-07-05,5402,CÓRDOBA AEROPUERTO,CORDOBA,90,"27,8","0,0","16,9",04:43,"38,8",14:37,25.0,"3,3","10,8",14:17,26.0,68.0,Varias,13.0,Varias,Córdoba,ES-AN
2023-07-06,5402,CÓRDOBA AEROPUERTO,CORDOBA,90,"28,1","0,0","18,7",05:06,"37,5",15:14,29.0,"3,3","9,7",17:22,27.0,62.0,Varias,15.0,13:49,Córdoba,ES-AN
2023-07-07,5402,CÓRDOBA AEROPUERTO,CORDOBA,90,"28,3","0,0","19,8",05:28,"36,8",14:45,23.0,"4,7","12,8",13:01,32.0,65.0,Varias,21.0,Varias,Córdoba,ES-AN
2023-07-08,5402,CÓRDOBA AEROPUERTO,CORDOBA,90,"27,7","0,0","17,8",04:35,"37,6",16:13,99.0,"2,8","7,8",Varias,32.0,81.0,Varias,11.0,15:16,Córdoba,ES-AN
2023-07-09,5402,CÓRDOBA AEROPUERTO,CORDOBA,90,"29,7","0,0","18,8",05:05,"40,6",15:26,5.0,"1,4","6,7",10:14,25.0,65.0,Varias,15.0,Varias,Córdoba,ES-AN
2023-07-10,5402,CÓRDOBA AEROPUERTO,CORDOBA,90,"32,8","0,0","21,5",05:20,"44,0",15:59,24.0,"2,8","10,8",16:02,22.0,58.0,Varias,15.0,Varias,Córdoba,ES-AN
2023-07-11,5402,CÓRDOBA AEROPUERTO,CORDOBA,90,"33,0","0,0","24,6",04:39,"41,4",16:09,24.0,"4,2","9,7",16:27,31.0,56.0,Varias,13.0,16:13,Córdoba,ES-AN
2023-07-12,5402,CÓRDOBA AEROPUERTO,CORDOBA,90,"30,9","0,0","19,7",05:11,"42,1",16:01,99.0,"3,6","9,7",Varias,22.0,61.0,Varias,7.0,14:42,Córdoba,ES-AN
2023-07-13,5402,CÓRDOBA AEROPUERTO,CORDOBA,90,"29,4","0,0","17,5",05:15,"41,4",16:07,99.0,"2,5","8,9",Varias,19.0,51.0,Varias,12.0,13:38,Córdoba,ES-AN
2023-07-14,5402,CÓRDOBA AEROPUERTO,CORDOBA,90,"29,8","0,0","20,1",05:07,"39,5",15:24,99.0,"3,3","10,3",Varias,25.0,56.0,Varias,15.0,16:22,Córdoba,ES-AN
2023-07-15,5402,CÓRDOBA AEROPUERTO,CORDOBA,90,"28,2","0,0","19,6",05:09,"36,8",15:38,99.0,"4,4","10,8",Varias,32.0,62.0,Varias,17.0,15:27,Córdoba,ES-AN
2023-07-16,5402,CÓRDOBA AEROPUERTO,CORDOBA,90,"28,2","0,0","17,6",05:13,"38,9",17:09,25.0,"1,7","8,3",15:27,30.0,79.0,05:02,12.0,17:39,Córdoba,ES-AN
2023-07-17,5402,CÓRDOBA AEROPUERTO,CORDOBA,90,"33,4","0,0","22,3",04:42,"44,5",14:49,20.0,"3,1","11,4",16:08,21.0,50.0,05:56,12.0,Varias,Córdoba,ES-AN
2023-07-18,5402,CÓRDOBA AEROPUERTO,CORDOBA,90,"32,6","0,0","24,3",05:20,"41,0",14:40,25.0,"3,9","10,8",19:46,35.0,68.0,Varias,16.0,14:01,Córdoba,ES-AN
2023-07-19,5402,CÓRDOBA AEROPUERTO,CORDOBA,90,"33,5","0,0","24,9",05:25,"42,1",14:46,99.0,"3,3","10,3",Varias,32.0,59.0,Varias,17.0,14:25,Córdoba,ES-AN
2023-07-20,5402,CÓRDOBA AEROPUERTO,CORDOBA,90,"31,1","0,0","23,2",04:43,"39,0",15:00,99.0,"5,6","12,8",Varias,22.0,47.0,Varias,12.0,17:30,Córdoba,ES-AN
2023-07-21,5402,CÓRDOBA AEROPUERTO,CORDOBA,90,"27,6","0,0","18,2",04:47,"37,0",15:02,99.0,"3,6","10,3",Varias,26.0,66.0,Varias,12.0,Varias,Córdoba,ES-AN
2023-07-22,5402,CÓRDOBA AEROPUERTO,CORDOBA,90,"28,2","0,0","18,3",05:30,"38,0",15:30,27.0,"2,2","8,3",16:16,29.0,74.0,Varias,14.0,Varias,Córdoba,ES-AN
2023-07-23,5402,CÓRDOBA AEROPUERTO,CORDOBA,90,"29,6","0,0","20,3",04:28,"38,9",15:17,26.0,"2,5","9,7",Varias,22.0,54.0,Varias,13.0,12:36,Córdoba,ES-AN
2023-07-24,5402,CÓRDOBA AEROPUERTO,CORDOBA,90,"30,0","0,0","22,4",05:42,"37,5",15:11,99.0,"3,9","12,8",Varias,23.0,58.0,Varias,15.0,Varias,Córdoba,ES-AN
2023-07-25,5402,CÓRDOBA AEROPUERTO,CORDOBA,90,"27,8","0,0","18,4",05:04,"37,3",16:03,26.0,"3,3","10,8",19:19,29.0,77.0,04:58,14.0,15:31,Córdoba,ES-AN
2023-07-26,5402,CÓRDOBA AEROPUERTO,CORDOBA,90,"27,9","0,0","17,3",05:13,"38,5",15:14,23.0,"2,8","11,7",20:05,30.0,70.0,Varias,12.0,17:42,Córdoba,ES-AN
2023-07-27,5402,CÓRDOBA AEROPUERTO,CORDOBA,90,"25,7","0,0","17,5",05:37,"33,9",15:13,99.0,"3,3","9,7",Varias,38.0,69.0,Varias,16.0,17:36,Córdoba,ES-AN
2023-07-28,5402,CÓRDOBA AEROPUERTO,CORDOBA,90,"27,8","0,0","17,3",05:18,"38,3",16:16,29.0,"2,5","8,3",14:17,35.0,84.0,Varias,10.0,Varias,Córdoba,ES-AN
2023-07-29,5402,CÓRDOBA AEROPUERTO,CORDOBA,90,"29,2","0,0","17,4",05:42,"41,0",15:36,22.0,"2,2","8,3",14:34,25.0,67.0,Varias,11.0,14:35,Córdoba,ES-AN
2023-07-30,5402,CÓRDOBA AEROPUERTO,CORDOBA,90,"30,8","0,0","20,6",05:35,"41,0",16:23,25.0,"3,3","11,7",19:03,29.0,69.0,Varias,14.0,14:56,Córdoba,ES-AN
2023-07-31,5402,CÓRDOBA AEROPUERTO,CORDOBA,90,"29,8","0,0","20,0",05:42,"39,7",15:31,99.0,"3,9","11,7",Varias,25.0,64.0,Varias,11.0,15:30,Córdoba,ES-AN
2023-08-01,5402,CÓRDOBA AEROPUERTO,CORDOBA,90,"28,8","0,0","18,0",05:32,"39,6",15:52,26.0,"3,1","11,7",19:15,27.0,63.0,Varias,14.0,16:22,Córdoba,ES-AN
2023-08-02,5402,CÓRDOBA AEROPUERTO,CORDOBA,90,"29,4","0,0","19,9",05:33,"39,0",16:19,25.0,"4,2","10,3",Varias,32.0,66.0,Varias,12.0,18:00,Córdoba,ES-AN
2023-08-03,5402,CÓRDOBA AEROPUERTO,CORDOBA,90,"30,2","0,0","22,4",05:33,"38,1",15:14,24.0,"4,2","13,9",16:49,33.0,71.0,Varias,11.0,17:30,Córdoba,ES-AN
2023-08-04,5402,CÓRDOBA AEROPUERTO,CORDOBA,90,"26,6","0,0","15,7",05:44,"37,6",Varias,10.0,"3,1","10,3",13:49,28.0,73.0,Varias,12.0,Varias,Córdoba,ES-AN
2023-08-05,5402,CÓRDOBA AEROPUERTO,CORDOBA,90,"28,4","0,0","17,2",05:23,"39,5",16:55,99.0,"2,5","9,2",Varias,18.0,42.0,Varias,10.0,17:30,Córdoba,ES-AN
2023-08-06,5402,CÓRDOBA AEROPUERTO,CORDOBA,90,"30,2","0,0","17,7",05:15,"42,8",15:32,17.0,"1,7","6,1",15:56,18.0,46.0,Varias,9.0,16:30,Córdoba,ES-AN
2023-08-07,5402,CÓRDOBA AEROPUERTO,CORDOBA,90,"31,0","0,0","20,4",05:47,"41,7",14:13,20.0,"2,8","9,2",13:53,21.0,52.0,Varias,12.0,Varias,Córdoba,ES-AN
2023-08-08,5402,CÓRDOBA AEROPUERTO,CORDOBA,90,"33,8","0,0","24,3",05:53,"43,3",15:44,23.0,"1,7","8,9",22:22,30.0,62.0,Varias,14.0,Varias,Córdoba,ES-AN
2023-08-09,5402,CÓRDOBA AEROPUERTO,CORDOBA,90,"33,0","0,0","24,7",05:52,"41,4",13:54,23.0,"2,5","10,8",01:30,36.0,67.0,Varias,18.0,14:18,Córdoba,ES-AN
2023-08-10,5402,CÓRDOBA AEROPUERTO,CORDOBA,90,"33,9","0,0","24,3",05:52,"43,5",16:17,99.0,"4,2","8,3",Varias,31.0,69.0,Varias,14.0,Varias,Córdoba,ES-AN
2023-08-11,5402,CÓRDOBA AEROPUERTO,CORDOBA,90,"31,4","0,0","17,9",05:43,"45,0",16:05,99.0,"1,9","8,3",Varias,19.0,52.0,Varias,8.0,Varias,Córdoba,ES-AN
2023-08-12,5402,CÓRDOBA AEROPUERTO,CORDOBA,90,"31,6","0,0","20,1",05:42,"43,0",15:43,99.0,"3,6","10,3",Varias,21.0,52.0,Varias,10.0,13:02,Córdoba,ES-AN
2023-08-13,5402,CÓRDOBA AEROPUERTO,CORDOBA,90,"30,4","0,0","20,3",05:44,"40,5",15:09,26.0,"4,2","11,7",13:55,25.0,54.0,Varias,15.0,Varias,Córdoba,ES-AN
2023-08-14,5402,CÓRDOBA AEROPUERTO,CORDOBA,90,"28,6","0,0","18,8",05:38,"38,3",15:36,24.0,"3,6","9,7",13:46,26.0,52.0,Varias,14.0,16:01,Córdoba,ES-AN
2023-08-15,5402,CÓRDOBA AEROPUERTO,CORDOBA,90,"28,0","0,0","17,0",05:42,"39,0",15:31,99.0,"3,1","9,7",Varias,27.0,57.0,Varias,12.0,Varias,Córdoba,ES-AN
2023-08-16,5402,CÓRDOBA AEROPUERTO,CORDOBA,90,"28,6","0,0","19,8",05:28,"37,4",15:33,99.0,"3,1","10,3",Varias,28.0,56.0,Varias,15.0,14:50,Córdoba,ES-AN
2023-08-17,5402,CÓRDOBA AEROPUERTO,CORDOBA,90,"27,9","0,0","18,5",05:42,"37,3",15:05,23.0,"2,8","9,7",14:29,31.0,66.0,Varias,14.0,Varias,Córdoba,ES-AN
2023-08-18,5402,CÓRDOBA AEROPUERTO,CORDOBA,90,"27,4","0,0","16,6",05:43,"38,3",14:21,99.0,"2,5","8,3",Varias,26.0,64.0,Varias,13.0,13:55,Córdoba,ES-AN
2023-08-19,5402,CÓRDOBA AEROPUERTO,CORDOBA,90,"30,6","0,0","19,6",05:34,"41,5",16:35,99.0,"1,9","6,1",Varias,28.0,63.0,Varias,14.0,16:30,Córdoba,ES-AN
2023-08-20,5402,CÓRDOBA AEROPUERTO,CORDOBA,90,"32,2","0,0","21,0",05:39,"43,5",16:02,99.0,"1,1","6,7",Varias,23.0,56.0,Varias,10.0,14:55,Córdoba,ES-AN
2023-08-21,5402,CÓRDOBA AEROPUERTO,CORDOBA,90,"33,1","0,0","21,7",05:42,"44,5",15:37,99.0,"1,1","9,7",19:20,23.0,55.0,Varias,11.0,Varias,Córdoba,ES-AN
2023-08-22,5402,CÓRDOBA AEROPUERTO,CORDOBA,90,"33,4","0,0","23,3",04:49,"43,4",15:30,21.0,"4,2","11,4",17:46,20.0,43.0,Varias,11.0,Varias,Córdoba,ES-AN
2023-08-23,5402,CÓRDOBA AEROPUERTO,CORDOBA,90,"32,2","0,0","21,6",05:48,"42,7",15:31,18.0,"1,7","9,2",19:49,22.0,55.0,Varias,12.0,Varias,Córdoba,ES-AN
2023-08-24,5402,CÓRDOBA AEROPUERTO,CORDOBA,90,"33,0","0,0","23,2",05:49,"42,8",Varias,26.0,"2,2","7,8",00:21,22.0,51.0,Varias,12.0,Varias,Córdoba,ES-AN
2023-08-25,5402,CÓRDOBA AEROPUERTO,CORDOBA,90,"33,2","0,0","22,8",06:01,"43,6",15:30,99.0,"2,5","8,3",Varias,24.0,52.0,Varias,12.0,Varias,Córdoba,ES-AN
2023-08-26,5402,CÓRDOBA AEROPUERTO,CORDOBA,90,"31,0","0,0","21,9",05:54,"40,1",13:10,22.0,"3,1","16,4",19:43,22.0,41.0,06:37,13.0,13:17,Córdoba,ES-AN
2023-08-27,5402,CÓRDOBA AEROPUERTO,CORDOBA,90,"24,6","0,0","16,9",05:45,"32,3",15:41,1.0,"4,4","12,8",12:54,25.0,58.0,Varias,14.0,Varias,Córdoba,ES-AN
2023-08-28,5402,CÓRDOBA AEROPUERTO,CORDOBA,90,"24,3","0,0","14,3",05:38,"34,3",16:21,7.0,"1,9","10,3",08:27,23.0,51.0,Varias,15.0,Varias,Córdoba,ES-AN
2023-08-29,5402,CÓRDOBA AEROPUERTO,CORDOBA,90,"25,7","0,0","14,4",05:56,"37,0",15:52,26.0,"2,8","10,3",17:01,22.0,49.0,Varias,12.0,16:13,Córdoba,ES-AN
2023-08-30,5402,CÓRDOBA AEROPUERTO,CORDOBA,90,"26,4","0,0","16,6",06:03,"36,3",15:43,99.0,"2,5","10,3",Varias,22.0,54.0,Varias,14.0,15:49,Córdoba,ES-AN
2023-08-31,5402,CÓRDOBA AEROPUERTO,CORDOBA,90,"26,6","0,0","17,1",05:47,"36,2",16:13,25.0,"2,8","8,9",14:24,35.0,72.0,Varias,16.0,Varias,Córdoba,ES-AN
2023-09-01,5402,CÓRDOBA AEROPUERTO,CORDOBA,90,"28,0","0,0","20,2",05:50,"35,8",14:20,23.0,"3,1","12,5",20:07,35.0,69.0,Varias,18.0,14:21,Córdoba,ES-AN
2023-09-02,5402,CÓRDOBA AEROPUERTO,CORDOBA,90,"25,2","0,0","21,3",Varias,"29,1",12:12,99.0,"4,7","11,4",Varias,57.0,79.0,Varias,38.0,12:00,Córdoba,ES-AN
2023-09-03,5402,CÓRDOBA AEROPUERTO,CORDOBA,90,"19,8","7,0","17,7",08:16,"21,8",Varias,20.0,"2,2","12,5",07:53,82.0,95.0,Varias,60.0,00:30,Córdoba,ES-AN
2023-09-04,5402,CÓRDOBA AEROPUERTO,CORDOBA,90,"23,6","0,0","18,1",23:53,"29,0",14:06,27.0,"3,9","10,8",14:58,59.0,97.0,Varias,34.0,14:42,Córdoba,ES-AN
2023-09-05,5402,CÓRDOBA AEROPUERTO,CORDOBA,90,"23,4","0,0","15,5",04:28,"31,4",15:40,23.0,"1,9","8,9",16:14,49.0,95.0,Varias,23.0,13:53,Córdoba,ES-AN
2023-09-06,5402,CÓRDOBA AEROPUERTO,CORDOBA,90,"25,2","0,0","16,2",05:52,"34,2",15:00,99.0,"0,8","8,3",Varias,46.0,85.0,Varias,26.0,14:52,Córdoba,ES-AN
2023-09-07,5402,CÓRDOBA AEROPUERTO,CORDOBA,90,"28,0","0,0","21,5",06:09,"34,5",13:38,26.0,"2,5","8,3",Varias,51.0,82.0,Varias,26.0,13:51,Córdoba,ES-AN
2023-09-08,5402,CÓRDOBA AEROPUERTO,CORDOBA,90,"27,1","0,0","18,8",05:42,"35,4",15:34,28.0,"2,5","14,4",16:12,51.0,92.0,Varias,23.0,15:12,Córdoba,ES-AN
2023-09-09,5402,CÓRDOBA AEROPUERTO,CORDOBA,90,"26,0","0,0","19,5",06:27,"32,5",15:43,24.0,"2,5","9,2",14:38,55.0,89.0,Varias,33.0,15:30,Córdoba,ES-AN
2023-09-10,5402,CÓRDOBA AEROPUERTO,CORDOBA,90,"25,7","0,0","17,8",06:21,"33,6",15:09,26.0,"3,1","10,3",14:40,49.0,85.0,Varias,27.0,15:03,Córdoba,ES-AN
2023-09-11,5402,CÓRDOBA AEROPUERTO,CORDOBA,90,"25,6","0,0","19,9",06:30,"31,4",15:47,99.0,"3,1","8,3",Varias,51.0,86.0,Varias,27.0,Varias,Córdoba,ES-AN
2023-09-12,5402,CÓRDOBA AEROPUERTO,CORDOBA,90,"25,4","0,0","17,6",06:03,"33,1",14:31,99.0,"2,5","7,8",Varias,48.0,87.0,Varias,27.0,Varias,Córdoba,ES-AN
2023-09-13,5402,CÓRDOBA AEROPUERTO,CORDOBA,90,"25,8","0,0","16,8",05:52,"34,9",16:09,20.0,"1,7","9,2",23:27,42.0,84.0,Varias,23.0,15:30,Córdoba,ES-AN
2023-09-14,5402,CÓRDOBA AEROPUERTO,CORDOBA,90,"27,6","4,5","20,4",06:14,"34,8",15:15,16.0,"2,2","13,9",21:53,41.0,73.0,Varias,30.0,14:30,Córdoba,ES-AN
2023-09-15,5402,CÓRDOBA AEROPUERTO,CORDOBA,90,"25,5","0,7","20,5",05:30,"30,5",Varias,17.0,"2,8","17,5",14:29,70.0,95.0,Varias,48.0,12:09,Córdoba,ES-AN
2023-09-16,5402,CÓRDOBA AEROPUERTO,CORDOBA,90,"23,4","3,7","18,4",03:25,"28,5",14:45,99.0,"1,7","7,8",Varias,58.0,92.0,Varias,39.0,14:45,Córdoba,ES-AN
2023-09-17,5402,CÓRDOBA AEROPUERTO,CORDOBA,90,"18,7","12,8","15,9",23:58,"21,5",15:50,25.0,"1,9","7,2",11:15,86.0,96.0,Varias,70.0,16:02,Córdoba,ES-AN
2023-09-18,5402,CÓRDOBA AEROPUERTO,CORDOBA,90,"20,6","0,0","14,6",03:51,"26,7",14:28,21.0,"2,2","5,8",13:53,64.0,99.0,Varias,38.0,16:25,Córdoba,ES-AN
2023-09-19,5402,CÓRDOBA AEROPUERTO,CORDOBA,90,"22,0","0,0","13,7",06:13,"30,3",15:23,21.0,"1,7","6,1",14:40,52.0,98.0,Varias,22.0,16:50,Córdoba,ES-AN
2023-09-20,5402,CÓRDOBA AEROPUERTO,CORDOBA,90,"22,4","0,0","14,8",05:46,"30,0",14:57,99.0,"2,5","8,3",Varias,56.0,96.0,Varias,28.0,15:31,Córdoba,ES-AN
2023-09-21,5402,CÓRDOBA AEROPUERTO,CORDOBA,90,"20,6","4,8","14,6",04:29,"26,5",14:08,26.0,"4,7","12,5",16:43,74.0,97.0,Varias,44.0,12:11,Córdoba,ES-AN
2023-09-22,5402,CÓRDOBA AEROPUERTO,CORDOBA,90,"20,0","0,0","13,4",06:25,"26,5",15:22,27.0,"2,5","8,9",11:06,53.0,96.0,Varias,28.0,13:05,Córdoba,ES-AN
2023-09-23,5402,CÓRDOBA AEROPUERTO,CORDOBA,90,"20,7","0,0","11,0",06:19,"30,4",15:29,9.0,"1,7","9,2",10:24,47.0,96.0,Varias,14.0,16:06,Córdoba,ES-AN
2023-09-24,5402,CÓRDOBA AEROPUERTO,CORDOBA,90,"22,5","0,0","12,3",05:45,"32,7",15:30,13.0,"1,7","8,3",13:34,45.0,92.0,Varias,21.0,14:55,Córdoba,ES-AN
2023-09-25,5402,CÓRDOBA AEROPUERTO,CORDOBA,90,"24,2","0,0","14,1",04:34,"34,4",15:58,25.0,"1,7","6,1",15:11,43.0,86.0,Varias,17.0,16:05,Córdoba,ES-AN
2023-09-26,5402,CÓRDOBA AEROPUERTO,CORDOBA,90,"24,2","0,0","14,5",06:22,"33,8",15:01,19.0,"1,4","7,8",15:09,42.0,79.0,Varias,19.0,15:25,Córdoba,ES-AN
2023-09-27,5402,CÓRDOBA AEROPUERTO,CORDOBA,90,"24,4","0,0","14,7",06:06,"34,1",15:10,99.0,"1,7","6,1",Varias,44.0,88.0,Varias,19.0,15:05,Córdoba,ES-AN
2023-09-28,5402,CÓRDOBA AEROPUERTO,CORDOBA,90,"25,2","0,0","13,9",06:08,"36,4",15:52,10.0,"1,4","5,8",08:23,41.0,85.0,Varias,16.0,15:30,Córdoba,ES-AN
2023-09-29,5402,CÓRDOBA AEROPUERTO,CORDOBA,90,"26,8","0,0","15,8",05:06,"37,7",17:11,99.0,"2,2","7,8",Varias,38.0,81.0,Varias,14.0,16:53,Córdoba,ES-AN
2023-09-30,5402,CÓRDOBA AEROPUERTO,CORDOBA,90,"26,4","0,0","16,5",05:52,"36,4",15:06,23.0,"1,9","7,2",18:05,41.0,82.0,Varias,18.0,15:30,Córdoba,ES-AN
2023-10-01,5402,CÓRDOBA AEROPUERTO,CORDOBA,90,"26,2","0,0","15,6",05:46,"36,8",16:05,5.0,"1,1","6,1",11:10,42.0,80.0,Varias,14.0,Varias,Córdoba,ES-AN
2023-10-02,5402,CÓRDOBA AEROPUERTO,CORDOBA,90,"26,2","0,0","15,4",04:50,"37,0",15:40,99.0,"1,4","7,2",Varias,34.0,74.0,Varias,14.0,15:30,Córdoba,ES-AN
2023-10-03,5402,CÓRDOBA AEROPUERTO,CORDOBA,90,"26,1","0,0","15,6",04:29,"36,6",16:15,99.0,"2,2","5,0",Varias,35.0,75.0,Varias,15.0,Varias,Córdoba,ES-AN
2023-10-04,5402,CÓRDOBA AEROPUERTO,CORDOBA,90,"24,7","0,0","15,3",06:26,"34,1",15:00,23.0,"1,4","7,2",13:50,47.0,78.0,Varias,26.0,16:13,Córdoba,ES-AN
2023-10-05,5402,CÓRDOBA AEROPUERTO,CORDOBA,90,"25,7","0,0","15,6",05:44,"35,8",15:50,16.0,"0,8","5,8",14:39,45.0,84.0,Varias,16.0,Varias,Córdoba,ES-AN
2023-10-06,5402,CÓRDOBA AEROPUERTO,CORDOBA,90,"25,9","0,0","14,2",05:55,"37,6",14:56,21.0,"2,5","8,9",19:13,39.0,81.0,Varias,13.0,15:14,Córdoba,ES-AN
2023-10-07,5402,CÓRDOBA AEROPUERTO,CORDOBA,90,"24,8","0,0","13,3",06:24,"36,4",14:52,22.0,"1,9","7,2",15:45,38.0,77.0,Varias,13.0,Varias,Córdoba,ES-AN
2023-10-08,5402,CÓRDOBA AEROPUERTO,CORDOBA,90,"25,1","0,0","14,6",04:10,"35,6",15:34,22.0,"2,5","8,9",17:36,35.0,73.0,Varias,14.0,16:30,Córdoba,ES-AN
2023-10-09,5402,CÓRDOBA AEROPUERTO,CORDOBA,90,"23,6","0,0","13,9",05:22,"33,4",16:12,27.0,"1,7","6,7",18:53,43.0,73.0,Varias,17.0,16:06,Córdoba,ES-AN
2023-10-10,5402,CÓRDOBA AEROPUERTO,CORDOBA,90,"23,2","0,0","14,5",05:30,"32,0",16:40,4.0,"1,4","5,0",12:07,49.0,86.0,Varias,19.0,15:31,Córdoba,ES-AN
2023-10-11,5402,CÓRDOBA AEROPUERTO,CORDOBA,90,"23,0","0,0","13,4",06:21,"32,7",16:25,99.0,"0,8","5,0",Varias,47.0,86.0,Varias,16.0,16:18,Córdoba,ES-AN
2023-10-12,5402,CÓRDOBA AEROPUERTO,CORDOBA,90,"23,7","0,0","13,7",06:25,"33,7",16:10,7.0,"1,9","6,1",09:58,42.0,77.0,Varias,18.0,15:05,Córdoba,ES-AN
2023-10-13,5402,CÓRDOBA AEROPUERTO,CORDOBA,90,"22,7","3,2","14,5",06:00,"30,9",14:31,26.0,"2,2","7,2",23:36,44.0,72.0,Varias,25.0,14:16,Córdoba,ES-AN
2023-10-14,5402,CÓRDOBA AEROPUERTO,CORDOBA,90,"22,2","0,0","16,9",23:46,"27,5",Varias,26.0,"1,7","8,3",03:28,69.0,96.0,Varias,42.0,14:53,Córdoba,ES-AN
2023-10-15,5402,CÓRDOBA AEROPUERTO,CORDOBA,90,"21,6","0,0","15,7",02:07,"27,6",15:29,25.0,"2,2","8,3",Varias,67.0,95.0,Varias,44.0,15:01,Córdoba,ES-AN
2023-10-16,5402,CÓRDOBA AEROPUERTO,CORDOBA,90,"22,4","0,0","16,9",02:02,"27,8",15:25,21.0,"1,1","5,8",12:25,64.0,89.0,Varias,43.0,15:34,Córdoba,ES-AN
2023-10-17,5402,CÓRDOBA AEROPUERTO,CORDOBA,90,"25,2","8,6","18,6",06:52,"31,7",12:40,24.0,"5,8","18,9",13:27,62.0,97.0,Varias,30.0,12:40,Córdoba,ES-AN
2023-10-18,5402,CÓRDOBA AEROPUERTO,CORDOBA,90,"21,8","0,7","18,4",23:41,"25,1",Varias,26.0,"6,1","13,9",15:43,72.0,94.0,Varias,47.0,15:40,Córdoba,ES-AN
2023-10-19,5402,CÓRDOBA AEROPUERTO,CORDOBA,90,"17,8","20,7","11,8",23:59,"23,9",12:06,22.0,"8,1","25,3",12:09,86.0,100.0,19:31,64.0,11:42,Córdoba,ES-AN
2023-10-20,5402,CÓRDOBA AEROPUERTO,CORDOBA,90,"16,8","0,0","11,8",23:39,"21,7",15:31,,,,,,94.0,07:56,38.0,16:48,Córdoba,ES-AN
2023-10-21,5402,CÓRDOBA AEROPUERTO,CORDOBA,90,"15,2","0,0","8,7",06:33,"21,7",15:44,99.0,"1,7","4,7",Varias,69.0,98.0,Varias,38.0,15:57,Córdoba,ES-AN
2023-10-22,5402,CÓRDOBA AEROPUERTO,CORDOBA,90,"17,8","0,2","13,2",01:15,"22,3",18:30,21.0,"6,7","35,6",19:25,62.0,85.0,Varias,46.0,13:29,Córdoba,ES-AN
2023-10-23,5402,CÓRDOBA AEROPUERTO,CORDOBA,90,"16,0","9,4","12,7",23:42,"19,3",11:57,99.0,"1,7","6,1",Varias,88.0,96.0,Varias,72.0,11:58,Córdoba,ES-AN
2023-10-24,5402,CÓRDOBA AEROPUERTO,CORDOBA,90,"15,4","13,1","9,8",06:05,"21,1",14:31,20.0,"1,9","8,9",20:22,76.0,99.0,Varias,48.0,14:28,Córdoba,ES-AN
2023-10-25,5402,CÓRDOBA AEROPUERTO,CORDOBA,90,"20,0","0,6","15,9",00:46,"24,2",14:32,99.0,"2,5","7,2",Varias,81.0,99.0,Varias,54.0,14:42,Córdoba,ES-AN
2023-10-26,5402,CÓRDOBA AEROPUERTO,CORDOBA,90,"19,2","17,9","16,9",23:58,"21,5",15:56,22.0,"4,4","15,0",Varias,93.0,98.0,Varias,79.0,15:35,Córdoba,ES-AN
2023-10-27,5402,CÓRDOBA AEROPUERTO,CORDOBA,90,"17,2","0,0","12,5",06:52,"21,9",12:57,22.0,"2,8","6,7",Varias,77.0,98.0,07:00,53.0,14:45,Córdoba,ES-AN
2023-10-28,5402,CÓRDOBA AEROPUERTO,CORDOBA,90,"18,6","0,0","14,7",23:56,"22,5",14:11,22.0,"2,8","7,2",15:55,75.0,94.0,Varias,53.0,14:13,Córdoba,ES-AN
2023-10-29,5402,CÓRDOBA AEROPUERTO,CORDOBA,90,"17,8","11,3","14,3",00:27,"21,4",15:37,22.0,"1,7","7,2",16:35,78.0,96.0,Varias,66.0,15:39,Córdoba,ES-AN
2023-10-30,5402,CÓRDOBA AEROPUERTO,CORDOBA,90,"16,4","0,4","11,4",23:39,"21,5",12:52,26.0,"1,9","8,3",Varias,74.0,97.0,Varias,47.0,12:39,Córdoba,ES-AN
2023-10-31,5402,CÓRDOBA AEROPUERTO,CORDOBA,90,"13,6","0,0","10,0",01:58,"17,1",12:55,5.0,"3,3","7,2",13:04,76.0,99.0,02:09,61.0,12:59,Córdoba,ES-AN
2023-11-01,5402,CÓRDOBA AEROPUERTO,CORDOBA,90,,"1,0",,,"20,3",15:28,24.0,,"9,2",22:04,,,,68.0,15:13,Córdoba,ES-AN
2023-11-02,5402,CÓRDOBA AEROPUERTO,CORDOBA,90,"17,2","1,5","12,4",23:56,"21,9",11:46,24.0,"8,6","20,0",10:41,80.0,96.0,Varias,52.0,17:05,Córdoba,ES-AN
2023-11-03,5402,CÓRDOBA AEROPUERTO,CORDOBA,90,"15,0","0,5","10,2",06:10,"19,7",15:22,24.0,"4,2","12,5",11:31,74.0,96.0,Varias,50.0,15:27,Córdoba,ES-AN
2023-11-04,5402,CÓRDOBA AEROPUERTO,CORDOBA,90,"16,6","4,2","11,3",01:05,"21,9",13:31,23.0,"6,1","18,1",17:26,82.0,98.0,Varias,56.0,13:31,Córdoba,ES-AN
2023-11-05,5402,CÓRDOBA AEROPUERTO,CORDOBA,90,"14,6","0,0","9,0",05:14,"20,2",13:15,99.0,"2,5","7,8",Varias,76.0,99.0,Varias,48.0,13:53,Córdoba,ES-AN
2023-11-06,5402,CÓRDOBA AEROPUERTO,CORDOBA,90,"13,2","0,0","6,8",06:25,"19,5",15:04,29.0,"2,2","8,3",15:15,68.0,98.0,Varias,36.0,14:39,Córdoba,ES-AN
2023-11-07,5402,CÓRDOBA AEROPUERTO,CORDOBA,90,"11,4","0,0","3,9",06:55,"18,9",16:31,99.0,"0,8","4,7",Varias,69.0,98.0,Varias,36.0,14:54,Córdoba,ES-AN
2023-11-08,5402,CÓRDOBA AEROPUERTO,CORDOBA,90,"12,6","0,1","5,7",05:17,"19,6",15:01,99.0,"0,8","5,0",Varias,73.0,96.0,Varias,45.0,14:43,Córdoba,ES-AN
2023-11-09,5402,CÓRDOBA AEROPUERTO,CORDOBA,90,"13,0","0,0","10,3",01:20,"15,6",15:30,4.0,"0,8","3,1",16:45,87.0,96.0,Varias,79.0,12:00,Córdoba,ES-AN
2023-11-10,5402,CÓRDOBA AEROPUERTO,CORDOBA,90,"14,9",0,"10,1",07:13,"19,7",14:30,25.0,"2,2","6,7",Varias,77.0,100.0,Varias,53.0,14:29,Córdoba,ES-AN
2023-11-11,5402,CÓRDOBA AEROPUERTO,CORDOBA,90,"16,5","0,0","11,3",00:45,"21,7",16:03,99.0,"2,2","6,7",Varias,83.0,97.0,Varias,62.0,Varias,Córdoba,ES-AN
2023-11-12,5402,CÓRDOBA AEROPUERTO,CORDOBA,90,"16,6","0,0","9,6",07:06,"23,6",14:55,5.0,"0,8","4,2",12:20,82.0,99.0,Varias,57.0,14:44,Córdoba,ES-AN
2023-11-13,5402,CÓRDOBA AEROPUERTO,CORDOBA,90,"17,8","0,0","10,5",06:27,"25,0",14:39,99.0,"1,7","7,8",10:07,77.0,99.0,Varias,52.0,14:39,Córdoba,ES-AN
2023-11-14,5402,CÓRDOBA AEROPUERTO,CORDOBA,90,"18,4","0,0","10,0",04:12,"26,8",16:15,99.0,"2,2","6,7",Varias,77.0,99.0,Varias,36.0,16:15,Córdoba,ES-AN
2023-11-15,5402,CÓRDOBA AEROPUERTO,CORDOBA,90,"17,0","0,0","8,0",06:56,"26,0",15:07,99.0,"1,9","6,1",Varias,69.0,97.0,Varias,32.0,15:04,Córdoba,ES-AN
2023-11-16,5402,CÓRDOBA AEROPUERTO,CORDOBA,90,"16,4","0,0","8,1",05:48,"24,8",16:00,7.0,"1,7","6,1",11:03,72.0,96.0,Varias,36.0,16:00,Córdoba,ES-AN
2023-11-17,5402,CÓRDOBA AEROPUERTO,CORDOBA,90,"17,0",0,"8,5",05:22,"25,5",16:17,8.0,"1,9","6,7",12:20,75.0,99.0,07:00,43.0,15:30,Córdoba,ES-AN
2023-11-18,5402,CÓRDOBA AEROPUERTO,CORDOBA,90,"17,6","0,0","10,4",07:06,"24,9",14:56,99.0,"2,2","6,1",Varias,71.0,98.0,Varias,37.0,13:44,Córdoba,ES-AN
2023-11-19,5402,CÓRDOBA AEROPUERTO,CORDOBA,90,"16,2","0,0","7,8",05:23,"24,7",14:48,7.0,"2,2","7,2",11:39,72.0,97.0,Varias,39.0,14:26,Córdoba,ES-AN
2023-11-20,5402,CÓRDOBA AEROPUERTO,CORDOBA,90,"14,8","0,0","6,9",06:50,"22,7",15:01,25.0,"1,7","4,7",Varias,,95.0,Varias,49.0,15:02,Córdoba,ES-AN
2023-11-21,5402,CÓRDOBA AEROPUERTO,CORDOBA,90,"13,6","0,0","7,4",23:30,"19,9",15:31,10.0,"1,1","4,7",20:29,80.0,99.0,Varias,52.0,14:55,Córdoba,ES-AN
2023-11-22,5402,CÓRDOBA AEROPUERTO,CORDOBA,90,"11,6","0,0","3,4",07:18,"19,7",15:07,8.0,"2,5","7,2",15:23,64.0,96.0,Varias,34.0,15:20,Córdoba,ES-AN
2023-11-23,5402,CÓRDOBA AEROPUERTO,CORDOBA,90,"11,4","0,0","3,8",02:53,"19,1",16:04,99.0,"2,2","9,2",Varias,62.0,93.0,Varias,33.0,14:46,Córdoba,ES-AN
2023-11-24,5402,CÓRDOBA AEROPUERTO,CORDOBA,90,"10,0","0,0","1,2",Varias,"18,9",14:40,7.0,"0,6","5,8",Varias,67.0,97.0,Varias,31.0,14:12,Córdoba,ES-AN
2023-11-25,5402,CÓRDOBA AEROPUERTO,CORDOBA,90,"9,6","0,0","0,1",05:51,"19,2",14:55,29.0,"1,1","4,7",15:03,67.0,98.0,07:00,31.0,15:21,Córdoba,ES-AN
2023-11-26,5402,CÓRDOBA AEROPUERTO,CORDOBA,90,"9,6","0,0","1,0",06:37,"18,2",14:27,99.0,"0,6","5,8",10:21,74.0,96.0,Varias,46.0,14:34,Córdoba,ES-AN
2023-11-27,5402,CÓRDOBA AEROPUERTO,CORDOBA,90,"9,6","0,0","2,8",04:30,"16,5",13:53,26.0,"1,7","6,1",14:58,81.0,98.0,Varias,58.0,14:34,Córdoba,ES-AN
2023-11-28,5402,CÓRDOBA AEROPUERTO,CORDOBA,90,"11,7","0,4","7,1",00:00,"16,3",14:47,99.0,"1,1","4,7",16:19,77.0,96.0,00:30,65.0,12:46,Córdoba,ES-AN
2023-11-29,5402,CÓRDOBA AEROPUERTO,CORDOBA,90,"13,6","9,4","10,7",00:37,"16,6",19:31,25.0,"2,2","5,8",18:37,98.0,99.0,Varias,91.0,00:00,Córdoba,ES-AN
2023-11-30,5402,CÓRDOBA AEROPUERTO,CORDOBA,90,"18,2","31,5","15,3",05:37,"21,1",12:05,22.0,"5,8","16,4",14:00,92.0,98.0,Varias,78.0,12:06,Córdoba,ES-AN
2023-12-01,5402,CÓRDOBA AEROPUERTO,CORDOBA,90,"12,4","3,4","7,3",23:59,"17,5",00:00,25.0,"2,5","19,7",04:29,86.0,99.0,Varias,56.0,15:02,Córdoba,ES-AN
2023-12-02,5402,CÓRDOBA AEROPUERTO,CORDOBA,90,"8,6",0,"2,9",05:58,"14,4",16:18,99.0,"1,1","3,6",Varias,90.0,99.0,Varias,63.0,16:19,Córdoba,ES-AN
2023-12-03,5402,CÓRDOBA AEROPUERTO,CORDOBA,90,"8,2","3,9","3,4",02:52,"12,9",12:47,99.0,"3,3","6,7",Varias,81.0,99.0,Varias,63.0,15:40,Córdoba,ES-AN
2023-12-04,5402,CÓRDOBA AEROPUERTO,CORDOBA,90,"7,7","2,4","4,6",00:10,"10,8",15:12,7.0,"2,2","5,8",19:14,97.0,99.0,07:00,89.0,23:17,Córdoba,ES-AN
2023-12-05,5402,CÓRDOBA AEROPUERTO,CORDOBA,90,"11,0","4,9","9,3",06:08,"12,6",14:52,4.0,"3,3","10,3",14:08,85.0,97.0,Varias,75.0,14:29,Córdoba,ES-AN
2023-12-06,5402,CÓRDOBA AEROPUERTO,CORDOBA,90,"12,6","0,6","10,5",Varias,"14,7",14:09,9.0,"2,2","9,7",10:18,92.0,99.0,Varias,83.0,14:13,Córdoba,ES-AN
2023-12-07,5402,CÓRDOBA AEROPUERTO,CORDOBA,90,"13,8","2,3","11,2",02:43,"16,5",15:05,99.0,"1,7","6,1",Varias,92.0,99.0,Varias,81.0,14:57,Córdoba,ES-AN
2023-12-08,5402,CÓRDOBA AEROPUERTO,CORDOBA,90,"12,2","0,0","8,0",23:26,"16,3",14:23,25.0,"2,5","8,9",05:32,87.0,99.0,Varias,72.0,13:37,Córdoba,ES-AN
2023-12-09,5402,CÓRDOBA AEROPUERTO,CORDOBA,90,"11,7","0,0","6,3",03:19,"17,1",14:54,99.0,"1,7","4,7",Varias,84.0,99.0,07:00,68.0,12:53,Córdoba,ES-AN
2023-12-10,5402,CÓRDOBA AEROPUERTO,CORDOBA,90,"14,4",0,"7,5",07:11,"21,2",15:16,8.0,"1,7","5,8",11:39,86.0,99.0,Varias,56.0,15:20,Córdoba,ES-AN
2023-12-11,5402,CÓRDOBA AEROPUERTO,CORDOBA,90,"12,2","0,0","7,5",03:47,"16,8",14:33,8.0,"3,1","8,9",09:46,92.0,100.0,Varias,77.0,14:30,Córdoba,ES-AN
2023-12-12,5402,CÓRDOBA AEROPUERTO,CORDOBA,90,"12,5","1,3","7,4",06:32,"17,6",13:17,99.0,"1,7","6,1",13:16,88.0,99.0,Varias,70.0,11:38,Córdoba,ES-AN
2023-12-13,5402,CÓRDOBA AEROPUERTO,CORDOBA,90,"12,0","0,2","7,4",23:57,"16,7",15:19,99.0,"3,1","8,3",Varias,71.0,97.0,Varias,46.0,15:38,Córdoba,ES-AN
2023-12-14,5402,CÓRDOBA AEROPUERTO,CORDOBA,90,"9,0","0,0","2,2",07:12,"15,7",14:52,99.0,"2,2","6,7",Varias,75.0,99.0,Varias,50.0,15:00,Córdoba,ES-AN
2023-12-15,5402,CÓRDOBA AEROPUERTO,CORDOBA,90,"10,2","0,0","3,5",23:59,"16,8",15:19,99.0,"4,2","10,8",Varias,72.0,97.0,Varias,41.0,15:18,Córdoba,ES-AN
2023-12-16,5402,CÓRDOBA AEROPUERTO,CORDOBA,90,"9,0","0,0","2,1",23:47,"16,0",15:02,99.0,"3,1","8,3",Varias,75.0,98.0,Varias,42.0,14:53,Córdoba,ES-AN
2023-12-17,5402,CÓRDOBA AEROPUERTO,CORDOBA,90,"8,4","0,0","0,4",03:25,"16,4",16:23,99.0,"2,5","5,8",Varias,77.0,99.0,Varias,41.0,15:58,Córdoba,ES-AN
2023-12-18,5402,CÓRDOBA AEROPUERTO,CORDOBA,90,"7,6","0,0","0,0",06:57,"15,3",15:39,99.0,"1,9","6,1",Varias,72.0,100.0,07:00,37.0,13:47,Córdoba,ES-AN
2023-12-19,5402,CÓRDOBA AEROPUERTO,CORDOBA,90,"7,6","0,0","-1,1",07:02,"16,2",16:08,99.0,"1,1","4,2",Varias,72.0,98.0,Varias,33.0,16:09,Córdoba,ES-AN
2023-12-20,5402,CÓRDOBA AEROPUERTO,CORDOBA,90,"3,8","0,0","-2,0",Varias,"9,6",14:59,99.0,"1,1","5,8",Varias,83.0,96.0,Varias,61.0,11:58,Córdoba,ES-AN
2023-12-21,5402,CÓRDOBA AEROPUERTO,CORDOBA,90,"6,5","0,0","-1,8",06:40,"14,8",14:30,99.0,"2,2","6,7",Varias,75.0,96.0,Varias,48.0,14:08,Córdoba,ES-AN
2023-12-22,5402,CÓRDOBA AEROPUERTO,CORDOBA,90,"8,9","0,0","0,1",06:59,"17,7",14:42,99.0,"2,2","8,3",Varias,73.0,97.0,Varias,45.0,14:32,Córdoba,ES-AN
2023-12-23,5402,CÓRDOBA AEROPUERTO,CORDOBA,90,"8,8","0,0","0,0",07:22,"17,7",15:36,7.0,"0,8","4,7",10:12,77.0,97.0,Varias,47.0,15:42,Córdoba,ES-AN
2023-12-24,5402,CÓRDOBA AEROPUERTO,CORDOBA,90,"8,4","0,0","0,1",07:34,"16,7",14:43,99.0,"0,8","5,8",Varias,80.0,98.0,Varias,57.0,14:14,Córdoba,ES-AN
2023-12-25,5402,CÓRDOBA AEROPUERTO,CORDOBA,90,"8,0","0,0","-0,1",06:40,"16,1",15:07,9.0,"0,8","5,8",09:38,84.0,99.0,Varias,57.0,15:11,Córdoba,ES-AN
2023-12-26,5402,CÓRDOBA AEROPUERTO,CORDOBA,90,"7,1","0,0","-1,5",07:40,"15,7",16:04,5.0,"0,6","4,7",13:32,84.0,98.0,Varias,51.0,16:05,Córdoba,ES-AN
2023-12-27,5402,CÓRDOBA AEROPUERTO,CORDOBA,90,"7,1","0,0","-1,8",05:12,"16,0",16:07,11.0,"1,7","6,7",11:53,79.0,98.0,Varias,50.0,16:06,Córdoba,ES-AN
2023-12-28,5402,CÓRDOBA AEROPUERTO,CORDOBA,90,"7,4","0,0","-0,3",01:40,"15,2",15:04,99.0,"2,2","5,0",Varias,76.0,98.0,Varias,48.0,14:39,Córdoba,ES-AN
2023-12-29,5402,CÓRDOBA AEROPUERTO,CORDOBA,90,"9,0","0,0","5,2",07:17,"12,9",14:30,3.0,"1,7","5,8",09:50,79.0,95.0,Varias,63.0,13:30,Córdoba,ES-AN
2023-12-30,5402,CÓRDOBA AEROPUERTO,CORDOBA,90,"9,6","0,0","1,3",07:42,"17,8",15:44,99.0,"1,1","5,8",Varias,77.0,98.0,Varias,43.0,15:45,Córdoba,ES-AN
2023-12-31,5402,CÓRDOBA AEROPUERTO,CORDOBA,90,"7,4","0,0","1,0",03:39,"13,7",15:57,99.0,"1,1","3,6",Varias,88.0,97.0,Varias,75.0,13:55,Córdoba,ES-AN
2023-07-01,9262,PAMPLONA,NAVARRA,450,"19,8","0,0","15,3",,"24,3",,,,,,,,,,,Pamplona,ES-NC
2023-07-02,9262,PAMPLONA,NAVARRA,450,"21,4","0,0","17,2",,"25,7",,,,,,,,,,,Pamplona,ES-NC
2023-07-03,9262,PAMPLONA,NAVARRA,450,"20,6","0,0","14,0",,"27,3",,,,,,,,,,,Pamplona,ES-NC
2023-07-04,9262,PAMPLONA,NAVARRA,450,"20,8","0,0","16,6",,"24,9",,,,,,,,,,,Pamplona,ES-NC
2023-07-05,9262,PAMPLONA,NAVARRA,450,"20,8","0,0","15,4",,"26,3",,,,,,,,,,,Pamplona,ES-NC
2023-07-06,9262,PAMPLONA,NAVARRA,450,"21,8","32,9","16,3",,"27,4",,,,,,,,,,,Pamplona,ES-NC
2023-07-07,9262,PAMPLONA,NAVARRA,450,"23,0","7,8","15,0",,"30,9",,,,,,,,,,,Pamplona,ES-NC
2023-07-08,9262,PAMPLONA,NAVARRA,450,"24,4","0,0","15,3",,"33,4",,,,,,,,,,,Pamplona,ES-NC
2023-07-09,9262,PAMPLONA,NAVARRA,450,"26,8","0,0","20,1",,"33,5",,,,,,,,,,,Pamplona,ES-NC
2023-07-10,9262,PAMPLONA,NAVARRA,450,"26,5","0,0","17,0",,"36,0",,,,,,,,,,,Pamplona,ES-NC
2023-07-11,9262,PAMPLONA,NAVARRA,450,"26,2","0,0","20,3",,"32,0",,,,,,,,,,,Pamplona,ES-NC
2023-07-12,9262,PAMPLONA,NAVARRA,450,"21,6","0,0","17,3",,"25,9",,,,,,,,,,,Pamplona,ES-NC
2023-07-13,9262,PAMPLONA,NAVARRA,450,"21,7","0,0","17,8",,"25,6",,,,,,,,,,,Pamplona,ES-NC
2023-07-14,9262,PAMPLONA,NAVARRA,450,"25,8","0,0","15,4",,"36,1",,,,,,,,,,,Pamplona,ES-NC
2023-07-15,9262,PAMPLONA,NAVARRA,450,"22,8","0,0","18,3",,"27,4",,,,,,,,,,,Pamplona,ES-NC
2023-07-16,9262,PAMPLONA,NAVARRA,450,"20,2","0,0","14,5",,"25,8",,,,,,,,,,,Pamplona,ES-NC
2023-07-17,9262,PAMPLONA,NAVARRA,450,"24,6","0,0","17,0",,"32,2",,,,,,,,,,,Pamplona,ES-NC
2023-07-18,9262,PAMPLONA,NAVARRA,450,"27,0","0,0","17,8",,"36,3",,,,,,,,,,,Pamplona,ES-NC
2023-07-19,9262,PAMPLONA,NAVARRA,450,"22,2","0,0","18,4",,"26,0",,,,,,,,,,,Pamplona,ES-NC
2023-07-20,9262,PAMPLONA,NAVARRA,450,"20,6","0,0","15,4",,"25,9",,,,,,,,,,,Pamplona,ES-NC
2023-07-21,9262,PAMPLONA,NAVARRA,450,"19,7","0,0","15,6",,"23,8",,,,,,,,,,,Pamplona,ES-NC
2023-07-22,9262,PAMPLONA,NAVARRA,450,"22,2","0,0","14,7",,"29,8",,,,,,,,,,,Pamplona,ES-NC
2023-07-23,9262,PAMPLONA,NAVARRA,450,"25,4","0,0","15,8",,"35,0",,,,,,,,,,,Pamplona,ES-NC
2023-07-24,9262,PAMPLONA,NAVARRA,450,"20,8","0,0","16,6",,"25,0",,,,,,,,,,,Pamplona,ES-NC
2023-07-25,9262,PAMPLONA,NAVARRA,450,"17,6","0,0","14,9",,"20,2",,,,,,,,,,,Pamplona,ES-NC
2023-07-26,9262,PAMPLONA,NAVARRA,450,"19,4","0,0","14,0",,"24,7",,,,,,,,,,,Pamplona,ES-NC
2023-07-27,9262,PAMPLONA,NAVARRA,450,"23,1","1,2","13,5",,"32,7",,,,,,,,,,,Pamplona,ES-NC
2023-07-28,9262,PAMPLONA,NAVARRA,450,"24,1","0,0","16,3",,"31,9",,,,,,,,,,,Pamplona,ES-NC
2023-07-29,9262,PAMPLONA,NAVARRA,450,"24,6","0,0","17,4",,"31,8",,,,,,,,,,,Pamplona,ES-NC
2023-07-30,9262,PAMPLONA,NAVARRA,450,"21,5","0,0","17,7",,"25,3",,,,,,,,,,,Pamplona,ES-NC
2023-07-31,9262,PAMPLONA,NAVARRA,450,"22,1","0,0","14,0",,"30,2",,,,,,,,,,,Pamplona,ES-NC
2023-08-01,9262,PAMPLONA,NAVARRA,450,"21,2","0,0","14,4",,"28,0",,,,,,,,,,,Pamplona,ES-NC
2023-08-02,9262,PAMPLONA,NAVARRA,450,"24,5","0,0","15,9",,"33,1",,,,,,,,,,,Pamplona,ES-NC
2023-08-03,9262,PAMPLONA,NAVARRA,450,"19,1","1,3","16,3",,"21,9",,,,,,,,,,,Pamplona,ES-NC
2023-08-04,9262,PAMPLONA,NAVARRA,450,,,"13,5",,,,,,,,,,,,,Pamplona,ES-NC
2023-08-05,9262,PAMPLONA,NAVARRA,450,,"0,0",,,"25,8",,,,,,,,,,,Pamplona,ES-NC
2023-08-06,9262,PAMPLONA,NAVARRA,450,"19,0","0,0","15,3",,"22,8",,,,,,,,,,,Pamplona,ES-NC
2023-08-07,9262,PAMPLONA,NAVARRA,450,"19,8","0,0","12,5",,"27,1",,,,,,,,,,,Pamplona,ES-NC
2023-08-08,9262,PAMPLONA,NAVARRA,450,,,"12,2",,,,,,,,,,,,,Pamplona,ES-NC
2023-08-09,9262,PAMPLONA,NAVARRA,450,,"0,0",,,"38,5",,,,,,,,,,,Pamplona,ES-NC
2023-08-10,9262,PAMPLONA,NAVARRA,450,"25,2","0,0","22,2",,"28,3",,,,,,,,,,,Pamplona,ES-NC
2023-08-11,9262,PAMPLONA,NAVARRA,450,"26,5","0,0","16,3",,"36,7",,,,,,,,,,,Pamplona,ES-NC
2023-08-12,9262,PAMPLONA,NAVARRA,450,"24,2","0,0","18,3",,"30,0",,,,,,,,,,,Pamplona,ES-NC
2023-08-13,9262,PAMPLONA,NAVARRA,450,"26,8","0,0","18,3",,"35,3",,,,,,,,,,,Pamplona,ES-NC
2023-08-14,9262,PAMPLONA,NAVARRA,450,,,"17,9",,,,,,,,,,,,,Pamplona,ES-NC
2023-08-15,9262,PAMPLONA,NAVARRA,450,,"3,3",,,"35,7",,,,,,,,,,,Pamplona,ES-NC
2023-08-16,9262,PAMPLONA,NAVARRA,450,"26,0","0,0","19,6",,"32,4",,,,,,,,,,,Pamplona,ES-NC
2023-08-17,9262,PAMPLONA,NAVARRA,450,"27,4","0,0","18,3",,"36,4",,,,,,,,,,,Pamplona,ES-NC
2023-08-18,9262,PAMPLONA,NAVARRA,450,"28,3","0,0","19,8",,"36,8",,,,,,,,,,,Pamplona,ES-NC
2023-08-19,9262,PAMPLONA,NAVARRA,450,"27,8","0,0","19,4",,"36,3",,,,,,,,,,,Pamplona,ES-NC
2023-08-20,9262,PAMPLONA,NAVARRA,450,"28,6","0,0","20,3",,"37,0",,,,,,,,,,,Pamplona,ES-NC
2023-08-21,9262,PAMPLONA,NAVARRA,450,"29,7","0,0","20,2",,"39,2",,,,,,,,,,,Pamplona,ES-NC
2023-08-22,9262,PAMPLONA,NAVARRA,450,,"0,0","20,8",,,,,,,,,,,,,Pamplona,ES-NC
2023-08-23,9262,PAMPLONA,NAVARRA,450,"32,0","0,0","23,4",,"40,6",,,,,,,,,,,Pamplona,ES-NC
2023-08-24,9262,PAMPLONA,NAVARRA,450,"32,4","0,0","25,2",,"39,6",,,,,,,,,,,Pamplona,ES-NC
2023-08-25,9262,PAMPLONA,NAVARRA,450,"24,4","0,0","20,7",,"28,1",,,,,,,,,,,Pamplona,ES-NC
2023-08-26,9262,PAMPLONA,NAVARRA,450,"21,6","0,0","16,8",,"26,4",,,,,,,,,,,Pamplona,ES-NC
2023-08-27,9262,PAMPLONA,NAVARRA,450,"17,0","7,8","13,8",,"20,2",,,,,,,,,,,Pamplona,ES-NC
2023-08-28,9262,PAMPLONA,NAVARRA,450,"17,6","1,7","14,3",,"20,9",,,,,,,,,,,Pamplona,ES-NC
2023-08-29,9262,PAMPLONA,NAVARRA,450,"18,4","0,4","14,5",,"22,2",,,,,,,,,,,Pamplona,ES-NC
2023-08-30,9262,PAMPLONA,NAVARRA,450,"18,1","0,0","14,2",,"22,0",,,,,,,,,,,Pamplona,ES-NC
2023-08-31,9262,PAMPLONA,NAVARRA,450,"18,6","0,0","10,8",,"26,4",,,,,,,,,,,Pamplona,ES-NC
2023-09-01,9262,PAMPLONA,NAVARRA,450,"22,6","76,6","11,8",,"33,3",,,,,,,,,,,Pamplona,ES-NC
2023-09-02,9262,PAMPLONA,NAVARRA,450,"14,9","72,8","13,4",,"16,4",,,,,,,,,,,Pamplona,ES-NC
2023-09-03,9262,PAMPLONA,NAVARRA,450,"19,3","0,0","13,3",,"25,3",,,,,,,,,,,Pamplona,ES-NC
2023-09-04,9262,PAMPLONA,NAVARRA,450,"23,8","0,0","15,2",,"32,5",,,,,,,,,,,Pamplona,ES-NC
2023-09-05,9262,PAMPLONA,NAVARRA,450,"26,0","0,0","21,2",,"30,9",,,,,,,,,,,Pamplona,ES-NC
2023-09-06,9262,PAMPLONA,NAVARRA,450,"24,4","0,0","18,4",,"30,4",,,,,,,,,,,Pamplona,ES-NC
2023-09-07,9262,PAMPLONA,NAVARRA,450,"23,6","0,0","16,4",,"30,7",,,,,,,,,,,Pamplona,ES-NC
2023-09-08,9262,PAMPLONA,NAVARRA,450,"25,1","0,0","19,2",,"31,0",,,,,,,,,,,Pamplona,ES-NC
2023-09-09,9262,PAMPLONA,NAVARRA,450,"24,1","0,0","16,2",,"32,0",,,,,,,,,,,Pamplona,ES-NC
2023-09-10,9262,PAMPLONA,NAVARRA,450,"23,6","16,2","17,2",,"30,0",,,,,,,,,,,Pamplona,ES-NC
2023-09-11,9262,PAMPLONA,NAVARRA,450,"22,1","23,9","17,3",,"26,9",,,,,,,,,,,Pamplona,ES-NC
2023-09-12,9262,PAMPLONA,NAVARRA,450,"19,8","0,0","15,0",,"24,7",,,,,,,,,,,Pamplona,ES-NC
2023-09-13,9262,PAMPLONA,NAVARRA,450,"19,9","0,0","15,8",,"24,0",,,,,,,,,,,Pamplona,ES-NC
2023-09-14,9262,PAMPLONA,NAVARRA,450,"20,7","0,0","13,8",,"27,6",,,,,,,,,,,Pamplona,ES-NC
2023-09-15,9262,PAMPLONA,NAVARRA,450,"19,8","8,8","17,2",,"22,4",,,,,,,,,,,Pamplona,ES-NC
2023-09-16,9262,PAMPLONA,NAVARRA,450,"21,0","7,7","16,3",,"25,8",,,,,,,,,,,Pamplona,ES-NC
2023-09-17,9262,PAMPLONA,NAVARRA,450,"22,4","0,7","19,3",,"25,6",,,,,,,,,,,Pamplona,ES-NC
2023-09-18,9262,PAMPLONA,NAVARRA,450,"19,6","0,0","15,0",,"24,2",,,,,,,,,,,Pamplona,ES-NC
2023-09-19,9262,PAMPLONA,NAVARRA,450,"19,7","0,0","13,7",,"25,7",,,,,,,,,,,Pamplona,ES-NC
2023-09-20,9262,PAMPLONA,NAVARRA,450,"20,4","0,0","15,0",,"25,9",,,,,,,,,,,Pamplona,ES-NC
2023-09-21,9262,PAMPLONA,NAVARRA,450,"18,0","12,3","17,4",,"18,7",,,,,,,,,,,Pamplona,ES-NC
2023-09-22,9262,PAMPLONA,NAVARRA,450,"13,9","6,7","10,4",,"17,4",,,,,,,,,,,Pamplona,ES-NC
2023-09-23,9262,PAMPLONA,NAVARRA,450,"15,7","0,0","10,6",,"20,8",,,,,,,,,,,Pamplona,ES-NC
2023-09-24,9262,PAMPLONA,NAVARRA,450,"17,4","0,0","8,3",,"26,4",,,,,,,,,,,Pamplona,ES-NC
2023-09-25,9262,PAMPLONA,NAVARRA,450,"19,2","0,0","10,3",,"28,0",,,,,,,,,,,Pamplona,ES-NC
2023-09-26,9262,PAMPLONA,NAVARRA,450,"19,6","0,0","12,3",,"26,9",,,,,,,,,,,Pamplona,ES-NC
2023-09-27,9262,PAMPLONA,NAVARRA,450,"20,4","0,0","14,2",,"26,7",,,,,,,,,,,Pamplona,ES-NC
2023-09-28,9262,PAMPLONA,NAVARRA,450,"21,4","0,0","13,3",,"29,5",,,,,,,,,,,Pamplona,ES-NC
2023-09-29,9262,PAMPLONA,NAVARRA,450,"22,0","0,0","13,9",,"30,0",,,,,,,,,,,Pamplona,ES-NC
2023-09-30,9262,PAMPLONA,NAVARRA,450,"22,8","0,0","14,2",,"31,4",,,,,,,,,,,Pamplona,ES-NC
2023-10-01,9262,PAMPLONA,NAVARRA,450,"22,6","0,0","13,9",,"31,4",,,,,,,,,,,Pamplona,ES-NC
2023-10-02,9262,PAMPLONA,NAVARRA,450,"22,8","0,0","14,9",,"30,7",,,,,,,,,,,Pamplona,ES-NC
2023-10-03,9262,PAMPLONA,NAVARRA,450,"19,9","0,0","16,2",,"23,6",,,,,,,,,,,Pamplona,ES-NC
2023-10-04,9262,PAMPLONA,NAVARRA,450,"21,4","0,0","15,8",,"27,0",,,,,,,,,,,Pamplona,ES-NC
2023-10-05,9262,PAMPLONA,NAVARRA,450,"21,4","0,0","14,0",,"28,7",,,,,,,,,,,Pamplona,ES-NC
2023-10-06,9262,PAMPLONA,NAVARRA,450,"21,8","0,0","13,4",,"30,2",,,,,,,,,,,Pamplona,ES-NC
2023-10-07,9262,PAMPLONA,NAVARRA,450,"21,4","0,0","13,3",,"29,4",,,,,,,,,,,Pamplona,ES-NC
2023-10-08,9262,PAMPLONA,NAVARRA,450,"21,4","0,0","13,4",,"29,3",,,,,,,,,,,Pamplona,ES-NC
2023-10-09,9262,PAMPLONA,NAVARRA,450,"20,8","0,0","13,0",,"28,7",,,,,,,,,,,Pamplona,ES-NC
2023-10-10,9262,PAMPLONA,NAVARRA,450,"20,0","0,0","12,3",,"27,8",,,,,,,,,,,Pamplona,ES-NC
2023-10-11,9262,PAMPLONA,NAVARRA,450,"19,9","0,0","11,9",,"27,9",,,,,,,,,,,Pamplona,ES-NC
2023-10-12,9262,PAMPLONA,NAVARRA,450,"19,0","0,0","10,9",,"27,0",,,,,,,,,,,Pamplona,ES-NC
2023-10-13,9262,PAMPLONA,NAVARRA,450,"19,8","1,7","12,7",,"27,0",,,,,,,,,,,Pamplona,ES-NC
2023-10-14,9262,PAMPLONA,NAVARRA,450,"18,6","0,2","14,9",,"22,3",,,,,,,,,,,Pamplona,ES-NC
2023-10-15,9262,PAMPLONA,NAVARRA,450,"17,0","1,1","13,3",,"20,7",,,,,,,,,,,Pamplona,ES-NC
2023-10-16,9262,PAMPLONA,NAVARRA,450,"17,3","0,0","13,8",,"20,8",,,,,,,,,,,Pamplona,ES-NC
2023-10-17,9262,PAMPLONA,NAVARRA,450,"20,8","0,0","16,4",,"25,1",,,,,,,,,,,Pamplona,ES-NC
2023-10-18,9262,PAMPLONA,NAVARRA,450,"21,2","0,0","18,5",,"23,8",,,,,,,,,,,Pamplona,ES-NC
2023-10-19,9262,PAMPLONA,NAVARRA,450,"16,9","14,9","16,0",,"17,8",,,,,,,,,,,Pamplona,ES-NC
2023-10-20,9262,PAMPLONA,NAVARRA,450,"14,1","3,3","11,8",,"16,4",,,,,,,,,,,Pamplona,ES-NC
2023-10-21,9262,PAMPLONA,NAVARRA,450,"11,8","0,0","6,8",,"16,9",,,,,,,,,,,Pamplona,ES-NC
2023-10-22,9262,PAMPLONA,NAVARRA,450,"12,2","17,4","6,5",,"17,9",,,,,,,,,,,Pamplona,ES-NC
2023-10-23,9262,PAMPLONA,NAVARRA,450,"14,3","10,7","9,4",,"19,2",,,,,,,,,,,Pamplona,ES-NC
2023-10-24,9262,PAMPLONA,NAVARRA,450,"12,7","0,0","9,7",,"15,7",,,,,,,,,,,Pamplona,ES-NC
2023-10-25,9262,PAMPLONA,NAVARRA,450,"14,9","6,9","11,5",,"18,3",,,,,,,,,,,Pamplona,ES-NC
2023-10-26,9262,PAMPLONA,NAVARRA,450,"16,0","3,8","14,0",,"18,0",,,,,,,,,,,Pamplona,ES-NC
2023-10-27,9262,PAMPLONA,NAVARRA,450,"12,2","0,0","6,8",,"17,5",,,,,,,,,,,Pamplona,ES-NC
2023-10-28,9262,PAMPLONA,NAVARRA,450,"14,3","0,0","9,6",,"19,0",,,,,,,,,,,Pamplona,ES-NC
2023-10-29,9262,PAMPLONA,NAVARRA,450,"17,4","22,2","16,4",,"18,3",,,,,,,,,,,Pamplona,ES-NC
2023-10-30,9262,PAMPLONA,NAVARRA,450,"14,5","2,1","12,6",,"16,4",,,,,,,,,,,Pamplona,ES-NC
2023-10-31,9262,PAMPLONA,NAVARRA,450,"11,0","0,0","6,7",,"15,3",,,,,,,,,,,Pamplona,ES-NC
2023-11-01,9262,PAMPLONA,NAVARRA,450,"14,4","17,6","10,8",,"18,0",,,,,,,,,,,Pamplona,ES-NC
2023-11-02,9262,PAMPLONA,NAVARRA,450,"12,9","4,2","11,0",,"14,8",,,,,,,,,,,Pamplona,ES-NC
2023-11-03,9262,PAMPLONA,NAVARRA,450,"9,4","11,1","7,5",,"11,3",,,,,,,,,,,Pamplona,ES-NC
2023-11-04,9262,PAMPLONA,NAVARRA,450,"12,6","6,3","7,4",,"17,7",,,,,,,,,,,Pamplona,ES-NC
2023-11-05,9262,PAMPLONA,NAVARRA,450,"12,8","0,0","9,9",,"15,7",,,,,,,,,,,Pamplona,ES-NC
2023-11-06,9262,PAMPLONA,NAVARRA,450,"11,3","0,0","8,4",,"14,2",,,,,,,,,,,Pamplona,ES-NC
2023-11-07,9262,PAMPLONA,NAVARRA,450,"7,3","0,0","3,3",,"11,3",,,,,,,,,,,Pamplona,ES-NC
2023-11-08,9262,PAMPLONA,NAVARRA,450,"9,0","8,1","4,3",,"13,8",,,,,,,,,,,Pamplona,ES-NC
2023-11-09,9262,PAMPLONA,NAVARRA,450,"11,8","0,0","8,4",,"15,2",,,,,,,,,,,Pamplona,ES-NC
2023-11-10,9262,PAMPLONA,NAVARRA,450,"11,5","6,3","8,3",,"14,7",,,,,,,,,,,Pamplona,ES-NC
2023-11-11,9262,PAMPLONA,NAVARRA,450,"13,6","2,4","10,3",,"17,0",,,,,,,,,,,Pamplona,ES-NC
2023-11-12,9262,PAMPLONA,NAVARRA,450,"16,2","0,0","12,5",,"19,8",,,,,,,,,,,Pamplona,ES-NC
2023-11-13,9262,PAMPLONA,NAVARRA,450,"15,8","0,0","10,7",,"20,8",,,,,,,,,,,Pamplona,ES-NC
2023-11-14,9262,PAMPLONA,NAVARRA,450,"15,6","0,0","10,4",,"20,8",,,,,,,,,,,Pamplona,ES-NC
2023-11-15,9262,PAMPLONA,NAVARRA,450,"15,6","0,0","12,7",,"18,5",,,,,,,,,,,Pamplona,ES-NC
2023-11-16,9262,PAMPLONA,NAVARRA,450,"15,4","0,0","12,0",,"18,8",,,,,,,,,,,Pamplona,ES-NC
2023-11-17,9262,PAMPLONA,NAVARRA,450,"12,0","0,0","8,3",,"15,6",,,,,,,,,,,Pamplona,ES-NC
2023-11-18,9262,PAMPLONA,NAVARRA,450,"11,2","0,0","5,3",,"17,2",,,,,,,,,,,Pamplona,ES-NC
2023-11-19,9262,PAMPLONA,NAVARRA,450,"12,0","0,0","5,3",,"18,7",,,,,,,,,,,Pamplona,ES-NC
2023-11-20,9262,PAMPLONA,NAVARRA,450,"11,6","3,4","6,9",,"16,2",,,,,,,,,,,Pamplona,ES-NC
2023-11-21,9262,PAMPLONA,NAVARRA,450,"9,5","28,2","8,7",,"10,3",,,,,,,,,,,Pamplona,ES-NC
2023-11-22,9262,PAMPLONA,NAVARRA,450,"9,4","0,0","8,4",,"10,4",,,,,,,,,,,Pamplona,ES-NC
2023-11-23,9262,PAMPLONA,NAVARRA,450,"7,8","0,0","5,0",,"10,7",,,,,,,,,,,Pamplona,ES-NC
2023-11-24,9262,PAMPLONA,NAVARRA,450,"9,4","0,0","6,9",,"11,8",,,,,,,,,,,Pamplona,ES-NC
2023-11-25,9262,PAMPLONA,NAVARRA,450,"11,2","0,0","9,1",,"13,4",,,,,,,,,,,Pamplona,ES-NC
2023-11-26,9262,PAMPLONA,NAVARRA,450,"6,8","0,0","0,4",,"13,1",,,,,,,,,,,Pamplona,ES-NC
2023-11-27,9262,PAMPLONA,NAVARRA,450,"6,8","6,1","2,4",,"11,1",,,,,,,,,,,Pamplona,ES-NC
2023-11-28,9262,PAMPLONA,NAVARRA,450,"11,2","0,9","9,3",,"13,0",,,,,,,,,,,Pamplona,ES-NC
2023-11-29,9262,PAMPLONA,NAVARRA,450,"12,2","10,3","9,5",,"15,0",,,,,,,,,,,Pamplona,ES-NC
2023-11-30,9262,PAMPLONA,NAVARRA,450,"11,1","19,6","10,7",,"11,5",,,,,,,,,,,Pamplona,ES-NC
2023-12-01,9262,PAMPLONA,NAVARRA,450,"8,6","7,0","8,3",,"9,0",,,,,,,,,,,Pamplona,ES-NC
2023-12-02,9262,PAMPLONA,NAVARRA,450,"7,0","1,1","5,8",,"8,3",,,,,,,,,,,Pamplona,ES-NC
2023-12-03,9262,PAMPLONA,NAVARRA,450,"5,6","0,0","0,4",,"10,7",,,,,,,,,,,Pamplona,ES-NC
2023-12-04,9262,PAMPLONA,NAVARRA,450,"7,9","3,6","4,8",,"11,0",,,,,,,,,,,Pamplona,ES-NC
2023-12-05,9262,PAMPLONA,NAVARRA,450,"6,8","0,0","4,4",,"9,2",,,,,,,,,,,Pamplona,ES-NC
2023-12-06,9262,PAMPLONA,NAVARRA,450,"6,3","0,0","2,9",,"9,7",,,,,,,,,,,Pamplona,ES-NC
2023-12-07,9262,PAMPLONA,NAVARRA,450,"5,6","10,9","2,4",,"8,7",,,,,,,,,,,Pamplona,ES-NC
2023-12-08,9262,PAMPLONA,NAVARRA,450,"8,2","0,0","5,9",,"10,6",,,,,,,,,,,Pamplona,ES-NC
2023-12-09,9262,PAMPLONA,NAVARRA,450,"7,9","0,0","3,9",,"11,9",,,,,,,,,,,Pamplona,ES-NC
2023-12-10,9262,PAMPLONA,NAVARRA,450,"10,3","0,0","6,3",,"14,3",,,,,,,,,,,Pamplona,ES-NC
2023-12-11,9262,PAMPLONA,NAVARRA,450,"12,6","0,0","8,4",,"16,8",,,,,,,,,,,Pamplona,ES-NC
2023-12-12,9262,PAMPLONA,NAVARRA,450,"10,0","11,2","7,8",,"12,3",,,,,,,,,,,Pamplona,ES-NC
2023-12-13,9262,PAMPLONA,NAVARRA,450,"8,8","14,1","7,8",,"9,7",,,,,,,,,,,Pamplona,ES-NC
2023-12-14,9262,PAMPLONA,NAVARRA,450,"9,1","2,8","6,5",,"11,7",,,,,,,,,,,Pamplona,ES-NC
2023-12-15,9262,PAMPLONA,NAVARRA,450,"10,2","0,0","7,8",,"12,5",,,,,,,,,,,Pamplona,ES-NC
2023-12-16,9262,PAMPLONA,NAVARRA,450,"9,2","0,0","6,3",,"12,0",,,,,,,,,,,Pamplona,ES-NC
2023-12-17,9262,PAMPLONA,NAVARRA,450,"5,0","0,0","-0,4",,"10,3",,,,,,,,,,,Pamplona,ES-NC
2023-12-18,9262,PAMPLONA,NAVARRA,450,"4,6","0,0","-1,1",,"10,2",,,,,,,,,,,Pamplona,ES-NC
2023-12-19,9262,PAMPLONA,NAVARRA,450,"4,9","2,2","-1,2",,"11,0",,,,,,,,,,,Pamplona,ES-NC
2023-12-20,9262,PAMPLONA,NAVARRA,450,"8,0","5,9","6,0",,"9,9",,,,,,,,,,,Pamplona,ES-NC
2023-12-21,9262,PAMPLONA,NAVARRA,450,"9,2","0,4","7,3",,"11,2",,,,,,,,,,,Pamplona,ES-NC
2023-12-22,9262,PAMPLONA,NAVARRA,450,"10,6","0,0","9,3",,"12,0",,,,,,,,,,,Pamplona,ES-NC
2023-12-23,9262,PAMPLONA,NAVARRA,450,"10,4","0,0","7,9",,"12,9",,,,,,,,,,,Pamplona,ES-NC
2023-12-24,9262,PAMPLONA,NAVARRA,450,"7,5","0,0","3,3",,"11,7",,,,,,,,,,,Pamplona,ES-NC
2023-12-25,9262,PAMPLONA,NAVARRA,450,"4,6","0,0","-1,1",,"10,2",,,,,,,,,,,Pamplona,ES-NC
2023-12-26,9262,PAMPLONA,NAVARRA,450,"5,6","0,0","-0,9",,"12,1",,,,,,,,,,,Pamplona,ES-NC
2023-12-27,9262,PAMPLONA,NAVARRA,450,"5,8","0,0","0,7",,"11,0",,,,,,,,,,,Pamplona,ES-NC
2023-12-28,9262,PAMPLONA,NAVARRA,450,"4,2","0,0","0,3",,"8,0",,,,,,,,,,,Pamplona,ES-NC
2023-12-29,9262,PAMPLONA,NAVARRA,450,"6,8","0,6","3,5",,"10,0",,,,,,,,,,,Pamplona,ES-NC
2023-12-30,9262,PAMPLONA,NAVARRA,450,"9,5","0,0","6,2",,"12,8",,,,,,,,,,,Pamplona,ES-NC
2023-12-31,9262,PAMPLONA,NAVARRA,450,"9,4","0,6","6,9",,"11,8",,,,,,,,,,,Pamplona,ES-NC
