username,country,score,date_written,positive,negative,tags,hotel
Helenca,España,9.0,Escrito en 3 de enero de 2026,Las instalaciones eran nuevas y modernas,,"['•Viaje de ocio', '•Grupo', '•Apartamento de 1 dormitorio', '•Estancia de 1 noche', '•Enviado por móvil']",Vitoria
Andrea,España,9.0,Escrito en 2 de enero de 2026,"El apartamento está muy nuevo y limpio. Tal cual se muestra en la foto. Todo muy bonito y cuidado al detalle. 
Además te dejan un pack de bienvenida con dos botellitas de agua, una bolsita pequeña de patatas fritas y dos cápsulas de café.",Lo peor que tiene el apartamento es el sofá cama. Está muy usado y es súper incómodo. No lo recomiendo para dormir. Hasta para sentarse se hunde.,"['•Viaje de ocio', '•Familia con niños pequeños', '•Apartamento de 1 dormitorio', '•Estancia de 1 noche', '•Enviado por móvil']",Vitoria
Xavier,España,9.0,Escrito en 1 de enero de 2026,Instalaciones nuevas y comodas,,"['•Viaje de ocio', '•Familia con niños pequeños', '•Apartamento de 1 dormitorio', '•Estancia de 3 noches', '•Enviado por móvil']",Vitoria
Raquel,España,8.0,Escrito en 29 de diciembre de 2025,Muy amplio y preparado,La persona que duerme en el sofá cama está algo más incómodo,"['•Viaje de ocio', '•Familia con niños pequeños', '•Apartamento de 2 dormitorios', '•Estancia de 2 noches', '•Enviado por móvil']",Vitoria
Juan,España,8.0,Escrito en 22 de diciembre de 2025,La ubicación,"Las habitaciones, se suponía que constaba el apartamento de dos habitaciones grandes y eso no fue lo que encontramos","['•Viaje de ocio', '•Grupo', '•Apartamento de 2 dormitorios', '•Estancia de 1 noche']",Vitoria
Isaac,España,10.0,Escrito en 21 de diciembre de 2025,"Alojamiento genial. Cocina completamente equipada, lavadora, microondas con grill. Baño nuevo, todo impecable.",,"['•Viaje de ocio', '•Familia con niños pequeños', '•Apartamento Estudio', '•Estancia de 3 noches', '•Enviado por móvil']",Vitoria
Montero,España,7.0,Escrito en 12 de diciembre de 2025,"Lo que mas me gustó fue la ubicación ya que no estabas en pleno centro, pero muy cerquita para llegar andando.","No me gustó pagar un precio de 4 personas por un apartamento, y que tengan un sofá cama, que menos mal que íbamos personas jóvenes, porque sino, es imposible dormir ahí, por lo incómodo que era. Y tampoco me gustó el parking, ya que es un añadido a la reserva, no es barato a mi parecer, y el primer día que llegamos un poco mas tarde, nos las vimos y nos las deseamos para poder aparcar.","['•Viaje de ocio', '•Familia con niños pequeños', '•Apartamento de 1 dormitorio', '•Estancia de 3 noches', '•Enviado por móvil']",Vitoria
Gómez,España,7.0,Escrito en 11 de diciembre de 2025,,"En mi reserva pone escritorio, y no tuve, viajo por trabajo y era una necesidad, tuve que trabajar en la encimera de la isla de la cocina con sillas altas sin respaldo y he acabado con dolor de espalda.Tampoco había tostadora. Compre algo de pan para tostar y no lo pude hacer en la tostadora.","['•Viaje de negocios', '•Persona que viaja sola', '•Apartamento Estudio', '•Estancia de 2 noches']",Vitoria
Cristina,España,9.0,Escrito en 10 de diciembre de 2025,"Ubicación excelente. Muy limpio, la cama muy cómoda.
La cocina pequeña pero tenía de todo, hasta lavavajillas y lavadora
Luminoso",Lo único malo fue que el nórdico del sofá cama era de 90cm cuando la cama era mucho más ancha,"['•Viaje de ocio', '•Familia con niños pequeños', '•Apartamento de 1 dormitorio', '•Estancia de 3 noches', '•Enviado por móvil']",Vitoria
Manuel,España,10.0,Escrito en 8 de diciembre de 2025,Limpieza y decoración,Almohadas,"['•Viaje de ocio', '•Familia con niños pequeños', '•Apartamento de 1 dormitorio', '•Estancia de 2 noches', '•Enviado por móvil']",Vitoria
Jose,España,8.0,Escrito en 8 de diciembre de 2025,"Me gusto, la limpieza, centrico. A 10 minutos ( o menos) del centro historico. Servicios como ( supermercado, cafeterias, restaurantes)  a 1 minuto","El tener que hacer el check-in uno mismo, aunque no me resulto complicado, creo que seria mucho mejor el que habria alguna persona para poder hacerlo .El tener la salida a las 11h, normalmente las salida suele ser entre las 12 y 13 horas, aunque comprendo que hay que realizar limpieza, pero una hora mas estaria muy bien. Y el no tener una consigna o un lugar para poder dejar maletas, bien como servicio del alojamiento o bien de pago.","['•Viaje de ocio', '•Grupo', '•Apartamento de 1 dormitorio', '•Estancia de 2 noches']",Vitoria
Elalbarracin,España,7.0,Escrito en 8 de diciembre de 2025,Buena ubicación. Los baños perfectos. Las camas bien. El sofá cama una castaña.,El olor a humo de la habitación. Pero como no hay recepción no puedes protestar a nadie.,"['•Viaje de ocio', '•Familia con niños pequeños', '•Apartamento de 2 dormitorios', '•Estancia de 2 noches', '•Enviado por móvil']",Vitoria
Gemma,España,8.0,Escrito en 7 de diciembre de 2025,"Todo, la ubicación, lo fácil que es acceder y lo bien comunicado que está con todo","Hacía muchísima calor, aunque es diciembre pero en el apartamento hacía mucha calor .. por todo para mi fué perfecto ! Lo único la calefacción demasiado alta","['•Viaje de ocio', '•Grupo', '•Apartamento de 1 dormitorio', '•Estancia de 1 noche', '•Enviado por móvil']",Vitoria
Ane,España,9.0,Escrito en 3 de diciembre de 2025,Centrico y acogedor.,"Al ser el octavo piso las ventanas solo se abre en batiente, por lo que pasamos un poco de calor.","['•Viaje de negocios', '•Pareja', '•Apartamento de 1 dormitorio', '•Estancia de 5 noches', '•Enviado por móvil']",Vitoria
Dolores,España,9.0,Escrito en 2 de diciembre de 2025,"La ubicación, la limpieza y la comodidad del apartamento. Muy fácil y muy rápido contactar con la conserjería 24 horas.",Nada,"['•Viaje de ocio', '•Pareja', '•Apartamento Estudio', '•Estancia de 3 noches', '•Enviado por móvil']",Vitoria
Elixabete,España,8.0,Escrito en 2 de diciembre de 2025,,El sofa cama es muy incomodo.,"['•Viaje de ocio', '•Familia con niños pequeños', '•Apartamento de 2 dormitorios', '•Estancia de 2 noches', '•Enviado por móvil']",Vitoria
Sanz,España,7.0,Escrito en 1 de diciembre de 2025,La ubicación,Un poco caro para lo que ofrece.,"['•Viaje de ocio', '•Pareja', '•Apartamento Estudio', '•Estancia de 5 noches', '•Enviado por móvil']",Vitoria
Touriño,España,10.0,Escrito en 28 de noviembre de 2025,Nos encantó,Nos gusto todo,"['•Viaje de ocio', '•Familia con niños pequeños', '•Apartamento de 1 dormitorio', '•Estancia de 1 noche', '•Enviado por móvil']",Vitoria
Gloriadp,España,7.0,Escrito en 23 de noviembre de 2025,"El apartamento en general, bien distribuido y con todo lo necesario. Buena ubicación. Personal amable.","El sofá cama era bastante incómodo,","['•Viaje de ocio', '•Familia con niños pequeños', '•Apartamento de 1 dormitorio', '•Estancia de 2 noches', '•Enviado por móvil']",Vitoria
Arantxa,España,9.0,Escrito en 20 de noviembre de 2025,"Nos hospedamos con nuestra mascota y la sorpresa fue que nos pusieron una camita, y boles para la comida y elagua además de un poco de comida. Todo un detalle. Gracias.",,"['•Viaje de ocio', '•Pareja', '•Apartamento Estudio', '•Estancia de 1 noche', '•Enviado por móvil']",Vitoria
Maria,España,8.0,Escrito en 16 de noviembre de 2025,"Bien ubicado. Bastante nuevo, la habitación principal cómoda.","Sofá cama incómodo y no dejan ropa de abrigo (mantas, etc) en noviembre. La falta de personal hace perder calidez a la estancia y detalles como poder dejar el coche en el parking un ratito más resulten imposibles.","['•Viaje de ocio', '•Grupo', '•Apartamento de 1 dormitorio', '•Estancia de 2 noches', '•Enviado por móvil']",Vitoria
Rocio,España,10.0,Escrito en 16 de noviembre de 2025,"Estaba todo muy limpio, lo cual se agradece muchísimo, pack de bienvenida, más que de agradecer se nota la calidad de la habitación solo entrar. Para nosotros un 10, de echo, volvemos en una dos o tres semanas",,"['•Viaje de ocio', '•Familia con niños pequeños', '•Apartamento de 1 dormitorio', '•Estancia de 1 noche', '•Enviado por móvil']",Vitoria
Marisa,España,9.0,Escrito en 15 de noviembre de 2025,"Muy buena ubicación, comodidad y buen trato",La única pega el sofá cama,"['•Viaje de ocio', '•Familia con niños pequeños', '•Apartamento de 1 dormitorio', '•Estancia de 5 noches', '•Enviado por móvil']",Vitoria
Miriam,España,8.0,Escrito en 9 de noviembre de 2025,"La ubicación, se aparca fácil por la zona. Para ir en familia haces uso de la cocina y lavadora.","No había detergente para la lavadora ni lavavajillas, pedimos y no les quedaba. En 7 días no pasaron a limpiar ninguna vez.","['•Viaje de ocio', '•Familia con niños pequeños', '•Apartamento de 1 dormitorio', '•Estancia de 7 noches', '•Enviado por móvil']",Vitoria
Sheila,España,9.0,Escrito en 4 de septiembre de 2025,Está muy equipado,Le faltaba un poco más de papel higiénico,"['•Viaje de ocio', '•Familia con niños pequeños', '•Apartamento de 1 dormitorio', '•Estancia de 3 noches', '•Enviado por móvil']",Vitoria
Rafael,España,9.0,Escrito en 1 de septiembre de 2025,La ubicación,El sofá cama muy ruidoso,"['•Viaje de ocio', '•Familia con niños pequeños', '•Apartamento de 1 dormitorio', '•Estancia de 1 noche', '•Enviado por móvil']",Vitoria
Laura,España,9.0,Escrito en 1 de septiembre de 2025,"Muy bien situado, apartamento cómodo y con todo lo necesario para pasar unos dias (horno, microondas, lavadora...)",,"['•Viaje de ocio', '•Familia con niños pequeños', '•Apartamento de 2 dormitorios', '•Estancia de 1 noche', '•Enviado por móvil']",Vitoria
Juan,España,8.0,Escrito en 31 de agosto de 2025,La ubicación.,Nos dieron habitación a una zona interior,"['•Viaje de ocio', '•Familia con niños pequeños', '•Apartamento de 1 dormitorio', '•Estancia de 4 noches', '•Enviado por móvil']",Vitoria
Ocaña,España,9.0,Escrito en 30 de agosto de 2025,Muy buena ubicación. Instalaciones nuevas y modernas. Muy acogedoras y a 5 minutos del centro de la ciudad.,"Es sofá cama es muy incómodo e inapropiado para un establecimiento de estas características. El desayuno lo sirven en una cafetería independiente enfrente del edificio de apartamentos, aunque es cierto que desayunamos estupendamente.","['•Viaje de ocio', '•Familia con niños pequeños', '•Apartamento de 1 dormitorio', '•Estancia de 1 noche', '•Enviado por móvil']",Vitoria
Gonzalo,España,9.0,Escrito en 30 de agosto de 2025,"Limpieza, acceso, ubicación",El colchón no era muy cómodo,"['•Familia con niños pequeños', '•Apartamento de 1 dormitorio', '•Estancia de 4 noches', '•Enviado por móvil']",Vitoria
Enrique,España,10.0,Escrito en 30 de agosto de 2025,"Ubicación muy buena, apartamento muy cómodo y excelente para viajar con perro",,"['•Viaje de ocio', '•Familia con niños pequeños', '•Apartamento de 1 dormitorio', '•Estancia de 4 noches', '•Enviado por móvil']",Vitoria
Rincon,España,9.0,Escrito en 30 de agosto de 2025,La instalación  y la atención muy bien.,,"['•Viaje de ocio', '•Familia con niños pequeños', '•Apartamento de 1 dormitorio', '•Estancia de 1 noche', '•Enviado por móvil']",Vitoria
Carol,España,8.0,Escrito en 29 de agosto de 2025,"Todo impecable, limpio, cómodo, bonito, muy céntrico, acceso fácil y automatizado...",La única pega es que me parece caro.,"['•Viaje de ocio', '•Familia con niños pequeños', '•Apartamento de 1 dormitorio', '•Estancia de 1 noche', '•Enviado por móvil']",Vitoria
Blanca,España,10.0,Escrito en 29 de agosto de 2025,"Limpieza, ubicación y silencio",,"['•Viaje de ocio', '•Familia con niños pequeños', '•Apartamento de 1 dormitorio', '•Estancia de 3 noches', '•Enviado por móvil']",Vitoria
Laura,España,9.0,Escrito en 29 de agosto de 2025,La limpieza y ubicación.,Se echa en parte una cara visible del alojamiento.,"['•Viaje de ocio', '•Familia con niños pequeños', '•Apartamento de 1 dormitorio', '•Estancia de 5 noches']",Vitoria
Omisae,España,10.0,Escrito en 29 de agosto de 2025,La limpieza,,"['•Viaje de negocios', '•Familia con niños pequeños', '•Apartamento de 2 dormitorios', '•Estancia de 12 noches', '•Enviado por móvil']",Vitoria
Carlos,España,8.0,Escrito en 28 de agosto de 2025,Ubicación,La cama del sofá,"['•Viaje de ocio', '•Familia con niños pequeños', '•Apartamento de 1 dormitorio', '•Estancia de 1 noche', '•Enviado por móvil']",Vitoria
Gabriela,España,9.0,Escrito en 28 de agosto de 2025,"La comodidad del apartamento. Acogedor y amplio
Su ubicación.","El check-in,  para mi gusto, un poco tarde, hasta las 15:00h no es posible entrar y sin posibilidad de dejar las maletas en el hotel si llegas antes.","['•Viaje de ocio', '•Familia con niños pequeños', '•Apartamento de 1 dormitorio', '•Estancia de 1 noche', '•Enviado por móvil']",Vitoria
Gilberto,España,10.0,Escrito en 28 de agosto de 2025,La comodidad y amplitud de las estancias,Nada,"['•Viaje de ocio', '•Persona que viaja sola', '•Apartamento de 2 dormitorios', '•Estancia de 3 noches', '•Enviado por móvil']",Vitoria
Carlos,España,9.0,Escrito en 27 de agosto de 2025,"Muy cerca del centro, limpio y comodo",El sistema de apertura con código es incómodo,"['•Viaje de ocio', '•Familia con niños pequeños', '•Apartamento de 2 dormitorios', '•Estancia de 1 noche', '•Enviado por móvil']",Vitoria
Manuel,España,9.0,Escrito en 27 de agosto de 2025,"Está ubicado en una zona tranquila donde se encuentra fácilmente aparcamiento. Además, está a 10 minutos andando del centro.",El sofá cama no es cómodo.,"['•Viaje de ocio', '•Familia con niños pequeños', '•Apartamento de 1 dormitorio', '•Estancia de 3 noches', '•Enviado por móvil']",Vitoria
Eduardo,España,8.0,Escrito en 25 de agosto de 2025,La amplitud,No te ayudan con el check in,"['•Viaje de ocio', '•Familia con niños pequeños', '•Apartamento de 1 dormitorio', '•Estancia de 1 noche', '•Enviado por móvil']",Vitoria
Estrella,España,8.0,Escrito en 25 de agosto de 2025,"La ubicación, limpieza del apartamento, silencia y desayuno","Por ponerle una pega, cuando abres el sofá cama queda muy estrecho y no se puede pasar","['•Viaje de ocio', '•Familia con niños pequeños', '•Apartamento de 1 dormitorio', '•Estancia de 1 noche', '•Enviado por móvil']",Vitoria
Rubio-bañón,España,8.0,Escrito en 25 de agosto de 2025,Las instalaciones eran muy buenas y muy céntrico,"La limpieza del apartamento, estuvimos cinco noches y no nos cambiaron las toallas ni limpiaron la habitación.","['•Viaje de ocio', '•Grupo', '•Apartamento de 1 dormitorio', '•Estancia de 1 noche']",Vitoria
Elena,España,8.0,Escrito en 23 de agosto de 2025,"El personal fue muy amable  y la ubicación es fantástica. A 10 minutos  a pie del centro histórico de Vitoria.
El apartamento para 5 personas es espacioso y estaba muy limpio.",El sofa-cama es bastante incómodo para dormir en él. Tuve que pedir material de limpieza como pastilla para el lavavajillas y trapo de cocina porque no estaba en la habitación. Aunque es verdad que la recepcionista me los proporcionó inmediatamente.,"['•Familia con niños pequeños', '•Apartamento de 2 dormitorios', '•Estancia de 1 noche', '•Enviado por móvil']",Vitoria
Loli,España,8.0,Escrito en 23 de agosto de 2025,"La ubicacion y que aunque haya parking, se puede aparcar con suerte fuera
El apartamento está nuevo y tiene de casi todo","Que no tuviera una escoba para poder recoger lo básico, ni escobilla de wc, así como algo para fregar los cacharros, cosa que hoy día hay en casi todos los apartamentos turísticos
En mi caso con pelo largo he tenido que recoger los pelos con algo de papel","['•Viaje de ocio', '•Familia con niños pequeños', '•Apartamento de 1 dormitorio', '•Estancia de 4 noches', '•Enviado por móvil']",Vitoria
Andrea,España,9.0,Escrito en 23 de agosto de 2025,"Me pareció muy cómodo el check-in online y autónomo. Muy bien el parking en el edificio. Genial ubicación, muy cómoda.
El apartamento bien decorado y equipado, para unos días genial.","Difícil contar con alguien si se necesita, demasiado autónomo todo. Vistas feas","['•Viaje de ocio', '•Familia con niños pequeños', '•Apartamento de 1 dormitorio', '•Estancia de 1 noche', '•Enviado por móvil']",Vitoria
Laura,España,10.0,Escrito en 23 de agosto de 2025,"Es un edificio entero dividido en apartamentos. Hay personal de asistencia durante el día, en recepción, y asistencia on line o telefónica por la noche. En todo momento, nuestras dudas fueron resueltas. Las instalaciones son nuevas, de excelente calidad, insonorizado todo y la limpieza excelente. Y la ubicación es perfecta. Es una avenida grande con comercio y lugares donde desayunar. En 5 minutos andando se accede al casco viejo de Vitoria.","Éramos cuatro y, para el sofá cama, sólo había 1 almohada. El colchón se hundía un poco hacia el centro, pero estuvimos sólo una noche y es asumible.","['•Viaje de ocio', '•Grupo', '•Apartamento de 1 dormitorio', '•Estancia de 1 noche']",Vitoria
Amelia,España,8.0,Escrito en 22 de agosto de 2025,Que estaba muy limpio y era todo nuevo y espacioso.,"Que no había ningún utensilio para la limpieza del hogar, escoba, mocho, bayeta, ademanes había un lavaplatos pero no había ninguna pastilla, ni estropajo ni jabón para lavar los platos, por lo que si querías barrer o fregar tenías que comprar las cosas para hacerlo.","['•Viaje de ocio', '•Familia con niños pequeños', '•Apartamento de 2 dormitorios', '•Estancia de 4 noches', '•Enviado por móvil']",Vitoria
Jose,España,8.0,Escrito en 31 de julio de 2025,La ubicación y la limpieza,"Que éramos 2 parejas y había dos camas,una de matrimonio y una pequeña. Una persona  tuvo q dormir en el sofá cama","['•Familia con niños pequeños', '•Apartamento de 2 dormitorios', '•Estancia de 2 noches', '•Enviado por móvil']",Vitoria
Juan,España,10.0,Escrito en 29 de julio de 2025,Proximidad con el centro,Parking muy justo para coche grande,"['•Viaje de ocio', '•Familia con niños pequeños', '•Apartamento Estudio', '•Estancia de 1 noche', '•Enviado por móvil']",Vitoria
Javier,España,10.0,Escrito en 28 de julio de 2025,Apartamento muy limpio y cómodo. A 20 minutos andando del centro. Aparcamiento gratuito en calles próximas.,,"['•Viaje de ocio', '•Familia con niños pequeños', '•Apartamento de 1 dormitorio', '•Estancia de 1 noche', '•Enviado por móvil']",Vitoria
Rut,España,8.0,Escrito en 28 de julio de 2025,El apartamento en sí,Los colchones,"['•Viaje de ocio', '•Familia con niños pequeños', '•Apartamento de 1 dormitorio', '•Estancia de 4 noches', '•Enviado por móvil']",Vitoria
Jesus,España,9.0,Escrito en 28 de julio de 2025,La ubicación y la limpieza,"el sofa cama era muy blando para dormir, muy incómodo","['•Viaje de ocio', '•Familia con niños pequeños', '•Apartamento de 1 dormitorio', '•Estancia de 2 noches']",Vitoria
Carolina,España,7.0,Escrito en 28 de julio de 2025,La situación y las instalaciones.,"Que todo fuera por la aplicación o por mail, aunque puedes llamarlos del telefonillo de la entrada, por nosotros no, pero vimos gente mayor liada. La relación calidad-precio es excesiva. No vino nadie a limpiar y todavía no tengo claro si es por no pedirlo por la aplicación. Te dejaban un kit de limpieza, pero era escaso para los 5 días que íbamos. Y lo peor es la wifi compartida, va fatal y además la televisión no es smart, y no hubo manera de conectar el crome cast por la wifi, lo comunicamos y nada.","['•Viaje de ocio', '•Familia con niños pequeños', '•Apartamento de 1 dormitorio', '•Estancia de 5 noches', '•Enviado por móvil']",Vitoria
Jose,España,9.0,Escrito en 27 de julio de 2025,Ubicación y equipamiento,"La nevera, por la parte posterior, a veces vibraba en exceso","['•Viaje de ocio', '•Familia con niños pequeños', '•Apartamento de 1 dormitorio', '•Estancia de 2 noches']",Vitoria
Sara,España,9.0,Escrito en 27 de julio de 2025,"Un apartamento bonito y moderno ideal para viajar una familia de cuatro miembros algunos días. Equipada con una cocina totalmente nueva con todos los pequeños electrodomésticos modernísimos. 
Cuenta con un dormitorio con armario y cómoda de tres cajones y una cama muy confortable, tanto colchón como almohadas. El sofá cama del salón quizás no tan cómodo, pero adecuado para dos niños o adolescentes.","Echamos en falta más luz artificial sobre todo en el baño y la falta estropajo, bayeta, una escoba con recogedor y fregona con cubo para mantener limpio el apartamento durante nuestra estancia.","['•Viaje de ocio', '•Familia con niños pequeños', '•Apartamento de 1 dormitorio', '•Estancia de 4 noches', '•Enviado por móvil']",Vitoria
Sergio,España,9.0,Escrito en 26 de julio de 2025,"Es un apartahotel muy comodo, bien ubicado y muy limpio. Con cocina bien equipada. Los muebles y el apartamento muy nuevo. Se entra fácil de manera on lline, con la clave que te envían o su aplicación. Y el garage, aunque de pago, es un punto a favor de la instalación.","Por decir algo, que no había cafetera en la cocina.
La echamos en falta.","['•Viaje de ocio', '•Familia con niños pequeños', '•Apartamento de 1 dormitorio', '•Estancia de 2 noches', '•Enviado por móvil']",Vitoria
Pedro,España,8.0,Escrito en 25 de julio de 2025,"Muy nuevo y todo lo necesario para unos dias, buena ubicación.",El sofá cama muy incómodo para dos personas,"['•Viaje de ocio', '•Grupo', '•Apartamento de 1 dormitorio', '•Estancia de 5 noches', '•Enviado por móvil']",Vitoria
Laura,España,9.0,Escrito en 25 de julio de 2025,Luminoso..céntrico..muy bien equipado..nos obsequiaron con dos botellas de agua y un snack y un pack de limpieza..cama y sofá cama muy cómodo..no vimos a nadie del personal..rodeado de bares y cafeterías muy ricas,Tuvimos un poco de dificultad al abrir la puerta del edificio pero se resolvió sin problema,"['•Viaje de ocio', '•Familia con niños pequeños', '•Apartamento de 1 dormitorio', '•Estancia de 1 noche', '•Enviado por móvil']",Vitoria
Ceballos,España,8.0,Escrito en 25 de julio de 2025,,No me gustó que no tienen persianas y entra claridad a las habitaciones.,"['•Viaje de ocio', '•Familia con niños pequeños', '•Apartamento de 1 dormitorio', '•Estancia de 1 noche', '•Enviado por móvil']",Vitoria
Maria,España,7.0,Escrito en 25 de julio de 2025,"Muy bien ubicado, muy bien equipado, con lavadora, lavavajillas, horno microondas... decoración muy moderna y apartamento amplio, cafeterías para desayunar y en la misma calle hay zona de aparcamiwnto gratuito.",Que el sofá  se hundía cuando te sentabas y las tapicerias de sillones y cojines estaba con cercos de manchas al igual.que una de las fundas de almohada interiores que tenia unos cercos amarillos increibles de suciedad.,"['•Viaje de ocio', '•Familia con niños pequeños', '•Apartamento de 1 dormitorio', '•Estancia de 1 noche', '•Enviado por móvil']",Vitoria
Noelia,España,9.0,Escrito en 25 de julio de 2025,Estaba muy cuidado.,Que no tuviera una escoba ni fregona,"['•Familia con niños pequeños', '•Apartamento con terraza', '•Estancia de 2 noches', '•Enviado por móvil']",Vitoria
M,España,8.0,Escrito en 25 de julio de 2025,"Esta a 10 mins de la catedral de Vitoria, es una finca de pisos turísticos que están muy limpios y nuevos y se accede con código",El sofá cama era horrible....no es nada intuitivo para abrirlo y se cerraba cada dos por tres..no descansaron nada las personas que durmieron ahí,"['•Viaje de ocio', '•Familia con niños pequeños', '•Apartamento de 1 dormitorio', '•Estancia de 1 noche', '•Enviado por móvil']",Vitoria
María,España,8.0,Escrito en 25 de julio de 2025,"Bonito, buena ubicación, cocina bien equipada, buen detalle de bienvenida y el kit de limpieza.","Eché de menos una escoba y recogedor en el apartamento para el día a día a parte de la limpieza que se haga por parte de la empresa.
El sofá cama es incómodo para dormir más de un día.","['•Viaje de ocio', '•Familia con niños pequeños', '•Apartamento de 1 dormitorio', '•Estancia de 3 noches', '•Enviado por móvil']",Vitoria
Aurora,España,8.0,Escrito en 25 de julio de 2025,"Mal el horario de entradas,,debe ser cuando el cliente llegue, sea 8hs , 12"",,,,o 3de la mañanas, cada usuario es diferente y su estancia termina en 24hs, no cuando ustedes digan,,un  hotel está para éso dar servicio de hospedaje, no a su conveniencia,, mucho ruido las hb de frente a la calle gastéiz,,debería tener otro tipo de ventanas.","Garaje y desayunos, por el precio de estancia, debería incluir","['•Familia con niños pequeños', '•Apartamento de 1 dormitorio', '•Estancia de 2 noches', '•Enviado por móvil']",Vitoria
Teresa,España,7.0,Escrito en 24 de julio de 2025,"La ubicación y la comodidad de tener parking a 14€/día. Estaba todo muy bien equipado, con un kit de bienvenida y un kit de limpieza, el apartamento tiene todo lo necesario para estar en Vitoria unos días. Para los precios que hay de alojamientos en el País Vasco en general, este está muy bien.",El check in y todo el acceso al hotel es digital. Tener que estar poniendo el código para abrir cada puerta es un poco jaleo pero bueno. El sofá cama deberían renovarlo...,"['•Viaje de ocio', '•Familia con niños pequeños', '•Apartamento de 1 dormitorio', '•Estancia de 2 noches']",Vitoria
Monica,España,7.0,Escrito en 24 de julio de 2025,Ubicación y lavabo y cama habitación muy cómoda,"Sofá cama incómodo, aire solo iba en la habitación y faltaba la plancha para la ropa","['•Familia con niños pequeños', '•Apartamento de 1 dormitorio', '•Estancia de 2 noches', '•Enviado por móvil']",Vitoria
Alberto,España,10.0,Escrito en 23 de julio de 2025,"Espectacular apartamento, nuevo,bien equipado ,muy limpio, centrico",Nada,"['•Viaje de ocio', '•Familia con niños pequeños', '•Apartamento de 1 dormitorio', '•Estancia de 2 noches', '•Enviado por móvil']",Vitoria
Samaniegomiron,España,7.0,Escrito en 22 de julio de 2025,"El apartamento muy bonito, amplio, bien decorado y equipado con casi de todo, bien climatizado, las camas cómodas, incluso el sofá cama, lo mejor la ubicación y el parking al lado aunque debes contratarlo como extra.","Todos los extras que hay, si quieres que te cambien las sabanas y toallas un extra de 37 euros, no había cepillo ni recogedor para barrer pequeñas cosas supongo para que se necesite contratar el servicio de limpieza extra.El sistema de acceso con códigos da muchos problemas, nos fallaba mucho.El menaje de la cocina es muy escaso, solo había un cazo una cazuela grande y un escurridor de pasta, se hubiera agradecido tener una pequeña sartén para hacer una tortilla.","['•Viaje de ocio', '•Familia con niños pequeños', '•Apartamento de 1 dormitorio', '•Estancia de 6 noches']",Vitoria
Texenery,España,9.0,Escrito en 22 de julio de 2025,Es muy cómodo y moderno.,Ni un mísero detalle en la habitación. El sofá cama bastante incómodo.,"['•Viaje de ocio', '•Grupo', '•Apartamento de 2 dormitorios', '•Estancia de 1 noche']",Vitoria
Maria,España,10.0,Escrito en 21 de julio de 2025,"Todo perfecto, muy limpio y todo muy bien organizado. esta a 15 minutos del centro caminando.",Me gusto todo,"['•Viaje de ocio', '•Familia con niños pequeños', '•Apartamento de 1 dormitorio', '•Estancia de 1 noche', '•Enviado por móvil']",Vitoria
Carlos,España,10.0,Escrito en 21 de julio de 2025,"Ubicacion espectacular, sin necesidad de coger transporte para vsisitar la ciudad.",,"['•Viaje de ocio', '•Familia con niños pequeños', '•Apartamento de 1 dormitorio', '•Estancia de 5 noches']",Vitoria
Maria,España,9.0,Escrito en 21 de julio de 2025,Camas y diseño,,"['•Viaje de ocio', '•Grupo', '•Apartamento de 1 dormitorio', '•Estancia de 2 noches', '•Enviado por móvil']",Vitoria
Aurora,España,10.0,Escrito en 26 de mayo de 2025,Perfecta ubicación. Perfectas las instalaciones,Nada,"['•Viaje de ocio', '•Pareja', '•Apartamento Estudio', '•Estancia de 1 noche', '•Enviado por móvil']",Vitoria
Jose,España,8.0,Escrito en 26 de mayo de 2025,Era bastante funcional y estaba muy limpio.  Andando se iba al centro en 10 minutos y tenías de todo alrededor.,"La insonorizacion de la ventana del dormitorio no era demasiado buena.  Hubo un problema con una alarma que se encendió en el pasillo en el que estábamos y nadie vino a informar que pasaba.  Al día siguiente en recepción tampoco sabían que había ocurrido.  Ni se habían enterado del suceso,  lo cual me da que pensar en el sistema de seguridad si ocurre algo de verdad.","['•Familia con niños pequeños', '•Apartamento de 1 dormitorio', '•Estancia de 2 noches', '•Enviado por móvil']",Vitoria
Rebeca,España,9.0,Escrito en 25 de mayo de 2025,"La atención del personal excelente, muy amables. 
La ubicación. Apartamento moderno y bonito.","Por decir algo el sofá cama se movía un poco, pero era muy comodo.","['•Viaje de negocios', '•Familia con niños pequeños', '•Apartamento de 1 dormitorio', '•Estancia de 4 noches', '•Enviado por móvil']",Vitoria
Oihane,España,7.0,Escrito en 25 de mayo de 2025,,No los iba la clave de abajo,"['•Viaje de ocio', '•Grupo', '•Apartamento de 1 dormitorio', '•Estancia de 1 noche', '•Enviado por móvil']",Vitoria
Anie,España,7.0,Escrito en 25 de mayo de 2025,"El primer punto destacable es la ubicación, que es estupenda. Está a escasos minutos del centro y cuenta con paradas cercanas de autobús y tranvía. 
En cuanto al apartamento, la cocina esta muy bien equipada. La habitación principal es muy espaciosa y la cama es cómoda. El baño está muy limpio y hay toallas de sobra.","Un par de puntos a destacar: 
1. Tanto el sofá cama como las almohadas son muy incómodas, y en nuestro caso, faltaba una de las mesitas de noche de la habitación. 
2. Además, nuestra estancia se vio significativamente afectada por un problema con el aire acondicionado: 
Pasamos la tarde fuera, y al volver al apartamento al anochecer quisimos encender el aire acondicionado para cenar y dormir. Tratamos de ponerlo en marcha y esperar un rato para ver si se encendía, pero nada. Hacia las 21:30 nos pusimos en contacto con recepción a través de WhatsApp para solicitar ayuda, ya que no lo conseguíamos (o no funcionaba). Recibimos una respuesta pidiendo la foto del panel de control del aire acondicionado. Así lo hicimos, y nos respondieron diciendo que pasarían el aviso a la persona que se encontraba en recepción para que nos ayudara indicando que debíamos esperar. Sin embargo, tras esperar más de una hora sin recibir ninguna solución ni contacto por parte del personal, decidimos desistir y avisar de que ya no era necesario que vinieran ya que eran las 23:00 pasadas y queriamos irnos a dormir. Una pena.","['•Viaje de ocio', '•Familia con niños pequeños', '•Apartamento de 1 dormitorio', '•Estancia de 1 noche', '•Enviado por móvil']",Vitoria
Carlos,Argentina,8.0,Escrito en 24 de mayo de 2025,La habitación espaciosa y los servicios incluidos,"El sistema automático. No por lo automático sino por cierta dificultad que presenta el sistema. Código largo, etc,. Es el camino pero habría que darle una vuelta de tuerca.","['•Viaje de ocio', '•Pareja', '•Apartamento Estudio', '•Estancia de 1 noche', '•Enviado por móvil']",Vitoria
Koldo,España,9.0,Escrito en 24 de mayo de 2025,Si,Todo,"['•Viaje de ocio', '•Familia con niños pequeños', '•Apartamento de 1 dormitorio', '•Estancia de 2 noches', '•Enviado por móvil']",Vitoria
Orenes,España,10.0,Escrito en 24 de mayo de 2025,Apartamento,La gestión de la entrada,"['•Viaje de ocio', '•Pareja', '•Apartamento de 2 dormitorios', '•Estancia de 1 noche', '•Enviado por móvil']",Vitoria
Enol,España,8.0,Escrito en 23 de mayo de 2025,Las habitaciones,La ubicación,"['•Viaje de ocio', '•Familia con niños pequeños', '•Apartamento de 1 dormitorio', '•Estancia de 2 noches', '•Enviado por móvil']",Vitoria
Maite,España,8.0,Escrito en 23 de mayo de 2025,La limpieza y la ubicación. Decorado con gusto.,"Muy pocos detalles en el apartamento, menaje escueto, no dejan ni un rollo de servilletas por si lo puedes necesitar.","['•Viaje de ocio', '•Grupo de amigos', '•Apartamento de 1 dormitorio', '•Estancia de 1 noche', '•Enviado por móvil']",Vitoria
Jose,España,9.0,Escrito en 22 de mayo de 2025,"El apartamento, la ubicación y la app del apartamento",,"['•Viaje de ocio', '•Familia con niños pequeños', '•Apartamento Estudio', '•Estancia de 2 noches', '•Enviado por móvil']",Vitoria
Paya,España,9.0,Escrito en 21 de mayo de 2025,Estaba muy limpio  es cómodo y muy centrico,No había fregona ni escoba y recogedor y falta de mantenimiento,"['•Familia con niños pequeños', '•Apartamento Estudio', '•Estancia de 5 noches', '•Enviado por móvil']",Vitoria
Silvia,España,7.0,Escrito en 21 de mayo de 2025,"Lo mejor fue la ubicación, facilidad en contactar con el alojamiento y la atención del personal. La amplitud de las habitaciones y luminosidad un plus.",EL sofa-cama del apartamento resultó muy incómodo.,"['•Viaje de ocio', '•Familia con niños pequeños', '•Apartamento de 1 dormitorio', '•Estancia de 1 noche']",Vitoria
Dolores,España,9.0,Escrito en 21 de mayo de 2025,"El alojamiento en si y la ubicación ...la limpieza,todo muy nuevo",Todo bien,"['•Viaje de ocio', '•Pareja', '•Apartamento de 1 dormitorio', '•Estancia de 1 noche', '•Enviado por móvil']",Vitoria
Jose,España,9.0,Escrito en 19 de mayo de 2025,"La ubicación, muy cerca del centro y al lado de un Supermercado. La cama amplia y muy cómoda.","Echamos en falta mocho, recogedor y escoba para la limpieza 🧹 del apartamento o quizá un pequeño aspirador.
Bastante complicado aparcar en la zona.","['•Viaje de ocio', '•Pareja', '•Apartamento de 1 dormitorio', '•Estancia de 3 noches', '•Enviado por móvil']",Vitoria
Tomas,España,8.0,Escrito en 15 de mayo de 2025,Ubicacion,Que en las imágenes de la reserva el apartamento tenía terraza y en realidad no la tenía.,"['•Viaje de ocio', '•Familia con niños pequeños', '•Apartamento Estudio', '•Estancia de 1 noche', '•Enviado por móvil']",Vitoria
Ariadna,España,10.0,Escrito en 15 de mayo de 2025,apartamento muy nuevo. todo en perfecto estado. limpieza espectacular. moderno y luminoso. bien equipado. tiene un día justo encima que facilita poder comprar. se aparca en la calle sin pagar.,me gustó todo de este apartamento.,"['•Viaje de ocio', '•Familia con niños pequeños', '•Apartamento de 2 dormitorios', '•Estancia de 1 noche', '•Enviado por móvil']",Vitoria
Patricia,España,10.0,Escrito en 14 de mayo de 2025,"nos gustó mucho el alojamiento. Tenía de todo, muy completo. Las camas muy cómodas y cerca del centro.hay supermercados cerca y muchos bares y tiendas.nos dejaron un detalle al llegar y se agradece.volveremos sin duda.",nada,"['•Viaje de ocio', '•Familia con niños pequeños', '•Apartamento de 1 dormitorio', '•Estancia de 1 noche']",Vitoria
Julio,España,9.0,Escrito en 12 de mayo de 2025,La ubicación,El sofá cama un poco incómodo,"['•Viaje de ocio', '•Grupo', '•Apartamento de 1 dormitorio', '•Estancia de 2 noches', '•Enviado por móvil']",Vitoria
Inéscg19,España,10.0,Escrito en 12 de mayo de 2025,"La ubicación era perfecta, en el centro de la ciudad.",,"['•Viaje de ocio', '•Familia con niños pequeños', '•Apartamento de 1 dormitorio', '•Estancia de 3 noches', '•Enviado por móvil']",Vitoria
Alvaizq,España,8.0,Escrito en 12 de mayo de 2025,"La ubicación, muy cerca del centro pero zona tranquila. Todo muy limpio y ordenado. Se nota desgaste en la habitación pero nada fuera de lo normal.","El precio, no sé si era por la maratón pero, a pesar de estar muy bien, me parece un precio exagerado.","['•Viaje de ocio', '•Familia con niños pequeños', '•Apartamento de 1 dormitorio', '•Estancia de 1 noche']",Vitoria
Eder,España,10.0,Escrito en 12 de mayo de 2025,"Todas las estancias, la facilidad de contactar con personal del hotel y la limpieza",El sofá cama quizás era demasiado básico para el precio pagado,"['•Viaje de ocio', '•Familia con niños pequeños', '•Apartamento de 1 dormitorio', '•Estancia de 1 noche', '•Enviado por móvil']",Vitoria
Noelia,España,8.0,Escrito en 11 de mayo de 2025,el apartamento tenía todo lo necesario y era muy bonito.,"el horario de check in a las 15, pero si pagas puedes entrar a las 12. y check out a las 11, pero pagando puedes salir más tarde....la calefacción no se podía bajar, había 25°C en la habitación y no tuvimos manera de bajarla.","['•Viaje de ocio', '•Familia con niños pequeños', '•Apartamento de 1 dormitorio', '•Estancia de 1 noche', '•Enviado por móvil']",Vitoria
Andreina,España,10.0,Escrito en 10 de mayo de 2025,Cocina y baños 10/10,El sofá el salón sus asientos estaban un poco dañados,"['•Viaje de ocio', '•Familia con niños pequeños', '•Apartamento de 2 dormitorios', '•Estancia de 1 noche', '•Enviado por móvil']",Vitoria
Gutiérrez,España,10.0,Escrito en 9 de mayo de 2025,"Todo, la limpieza,la comodidad,la ubicación",,"['•Viaje de ocio', '•Familia con niños pequeños', '•Apartamento de 1 dormitorio', '•Estancia de 1 noche', '•Enviado por móvil']",Vitoria
Eduardo,España,8.0,Escrito en 17 de marzo de 2025,"Muy cómodo para cocinar, descansar, etc",No había personal presencial.,"['•Viaje de negocios', '•Familia con niños pequeños', '•Apartamento Estudio', '•Estancia de 1 noche', '•Enviado por móvil']",Vitoria
Samvasco,España,10.0,Escrito en 16 de marzo de 2025,"Ubicación,todo andando en cinco minutos,y muy cómodo para estar",,"['•Viaje de ocio', '•Pareja', '•Apartamento de 1 dormitorio', '•Estancia de 4 noches', '•Enviado por móvil']",Vitoria
Juan,España,9.0,Escrito en 12 de marzo de 2025,El equipamiento de la habitación y poner llevar el perrito,No funcionaba la entrada al hotel con el teléfono. Hemos tenido que acceder con el código. En la habitación sí funcionaba bien,"['•Viaje de ocio', '•Pareja', '•Apartamento Estudio', '•Estancia de 1 noche', '•Enviado por móvil']",Vitoria
Pedro,España,9.0,Escrito en 10 de marzo de 2025,"Alojamiento, desayuno y parking",,"['•Viaje de ocio', '•Familia con niños pequeños', '•Apartamento de 1 dormitorio', '•Estancia de 2 noches', '•Enviado por móvil']",Vitoria
Macarena,España,8.0,Escrito en 8 de marzo de 2025,"Localización, la habitación y la disposición. Pusieron todo lo necesario oara nuestro bebé, tanto cuna como trona. Genial","Falta de servilletas/papel cocina y algunos básicos como aceite,sal, vinagre. Falta consigna equipaje","['•Viaje de ocio', '•Familia con niños pequeños', '•Apartamento de 1 dormitorio', '•Estancia de 1 noche', '•Enviado por móvil']",Vitoria
Daniel,España,10.0,Escrito en 5 de marzo de 2025,La ubicación y la limpieza,La ausencia de mampara en la ducha,"['•Viaje de ocio', '•Familia con niños pequeños', '•Apartamento Estudio', '•Estancia de 4 noches', '•Enviado por móvil']",Vitoria
Carlos,España,7.0,Escrito en 3 de marzo de 2025,La ubicación y la facilidad para el chekin,"Poca o ninguna flexibilidad en los horarios. Después de pagar 24h de parking, tienes q salir antes de las 11:00La relación calidad/precio no se corresponde","['•Viaje de ocio', '•Pareja', '•Apartamento de 1 dormitorio', '•Estancia de 1 noche', '•Enviado por móvil']",Vitoria
Teresa,España,7.0,Escrito en 3 de marzo de 2025,Los apartamentos son cómodos y el acceso a las instalaciones es muy sencillo. La limpieza es óptima y los baños son amplios y cómodos; estan muy bien equipados. El apartamento en general está bien.,"Nuestra cama se movía mucho porque tenía las patas sueltas. Las almohadas son muy incómodas, extremadamente finas. Los apartamentos no estan preparados del todo ya que por ejemplo en la cocina apenas hay enchufes (tuvimos que enchufar el tostador en el mueble de la tele y la cafetera en un enchufe a la altura del suelo ya que en la encimera no había ningún enchufe). Las ventanas no se pueden abrir completamente, lo que dificulta que se pueda ventilar. El resto de las estancias estan muy bien y en general los apartamentos son cómodos y amplios.","['•Viaje de ocio', '•Grupo', '•Apartamento de 2 dormitorios', '•Estancia de 2 noches']",Vitoria
Pablo,España,7.0,Escrito en 2 de marzo de 2025,"Muy buena ubicación y apartamentos, por norma general, bien cuidados","Demasiado olor a ambientador al entrar para disimular olores. Limpieza mejorable: machas en el suelo de nuestro apartamento y no habían lavado una toalla, que estaba totalmente sucia dentro de un cajón (seguramente no lo habría visto el personal de limpieza).","['•Viaje de ocio', '•Familia con niños pequeños', '•Apartamento de 1 dormitorio', '•Estancia de 2 noches', '•Enviado por móvil']",Vitoria
Jose,España,9.0,Escrito en 2 de marzo de 2025,Estaba todo limpio y amplio y bien equipado,El sofá cama era incómodo,"['•Viaje de ocio', '•Grupo de amigos', '•Apartamento de 1 dormitorio', '•Estancia de 1 noche', '•Enviado por móvil']",Vitoria
Aitor,España,8.0,Escrito en 1 de marzo de 2025,Que tiene dos baños.,Que el sofá cama estaba roto. Y al que le tocó el sofá-cama no pudo descansar en condiciones óptimas.,"['•Viaje de ocio', '•Grupo de amigos', '•Apartamento de 2 dormitorios', '•Estancia de 1 noche', '•Enviado por móvil']",Vitoria
Alicia,España,8.0,Escrito en 27 de febrero de 2025,"Perfecta ubicación Habitaciones tranquilas, sin ruido Todo muy limpioFácil acceso",La cama me resultó incómoda,"['•Viaje de ocio', '•Familia con niños pequeños', '•Apartamento de 1 dormitorio', '•Estancia de 3 noches', '•Enviado por móvil']",Vitoria
Eworo,Reino Unido,10.0,Escrito en 27 de febrero de 2025,Todo,El checkin,"['•Viaje de ocio', '•Pareja', '•Apartamento de 1 dormitorio', '•Estancia de 1 noche', '•Enviado por móvil']",Vitoria
Ruben,España,9.0,Escrito en 26 de febrero de 2025,"La habitación estaba limpia, y el baño también. Tiene servicios alrededor es fácil hacer el check in. Repetiremos seguro. Un acierto",,"['•Viaje de ocio', '•Familia con niños pequeños', '•Apartamento de 1 dormitorio', '•Estancia de 1 noche', '•Enviado por móvil']",Vitoria
Vanesa,España,10.0,Escrito en 25 de febrero de 2025,"Es cómodo, moderno y bien ubicado. Tiene alrededor mucho parking gratuito",,"['•Viaje de ocio', '•Pareja', '•Apartamento Estudio', '•Estancia de 1 noche', '•Enviado por móvil']",Vitoria
Naiara,España,10.0,Escrito en 24 de febrero de 2025,"Apartamento amplio, impecable y en una ubicación perfecta, a un paso de cebra de la parte vieja pero en una zona muy tranquila para descansar bien por la noche. Tenía todo lo necesario para unas vacaciones. Repetiría y lo recomendaría seguro. Parking de pago en el mismo edificio, lo que facilita la llegada y salida.",,"['•Viaje de ocio', '•Familia con niños pequeños', '•Apartamento de 1 dormitorio', '•Estancia de 2 noches', '•Enviado por móvil']",Vitoria
Sai0a,España,8.0,Escrito en 23 de febrero de 2025,La ubicación del apartamento,"Los pocos ascensores de los que dispone para tantos apartamentos. Que no haya nadie por su surge algo es otra de las cosas que a mí personalmente no me gusta pero todo ha ido genial con el código que se proporciona.","['•Viaje de ocio', '•Pareja', '•Apartamento Estudio', '•Estancia de 2 noches', '•Enviado por móvil']",Vitoria
Laia,España,9.0,Escrito en 23 de febrero de 2025,Es pequeño pero tiene de todo.,,"['•Viaje de ocio', '•Grupo', '•Apartamento de 1 dormitorio', '•Estancia de 1 noche', '•Enviado por móvil']",Vitoria
María,España,8.0,Escrito en 21 de febrero de 2025,Comodidad del sofá y cama. Mobiliario y apartamento muy nuevo. Las ventanas insonorizan muy bien para ser una avenida con mucho tráfico. El agua de la ducha sale caliente rápido. El aire acondicionado centralizado suma mucho. El casco viejo queda muy cerca y realmente el apartamento está muy bien comunicado con el resto de la ciudad.,"La tele no es smart tv. Fueron hospitalarios y considero que la atención fue adecuada excepto por varios detalles con los que abusaron de confianza: se cobraron el early check-in por sólo consultarlo y, estando allí pedí el kit de limpieza que se les olvidó dejarme, me dijeron que subirían, esperé bastantes horas y finalmente entraron mientras estaba durmiendo sin previo aviso.","['•Viaje de ocio', '•Persona que viaja sola', '•Apartamento de 1 dormitorio', '•Estancia de 2 noches', '•Enviado por móvil']",Vitoria
Alzate,España,7.0,Escrito en 21 de febrero de 2025,,"El día anterior pido que miren a ver si hay posibilidad de alargar la hora de salida de las 11am a las 14pm (es una opción que tienen si pagas 15€), lo hacen delante de mi y me confirman que si se puede sin problema, así que me cobran y todo perfecto hasta aquí. Al día siguiente, me llaman a las 10:30 diciéndome que había habido una confusión y un problema con el sistema y que no puedo quedarme hasta las 14pm. A lo cual respondí medio dormida, entre que me quedé otra vez dormida y recogia me dieron las 12 del mediodía mas o menos y me cobran una penalización de 45€ por salir mas tarde. Ósea, tienen un error y encima de que pretenden que me vaya corriendo a prisas de la habitación todavía me cobran por no haber salido a la hora habiendo sido de ellos el problema, enfin.","['•Viaje de ocio', '•Persona que viaja sola', '•Apartamento con terraza', '•Estancia de 1 noche', '•Enviado por móvil']",Vitoria
Manuel,España,10.0,Escrito en 20 de febrero de 2025,Todo,Nada,"['•Viaje de ocio', '•Grupo', '•Apartamento Ático', '•Estancia de 5 noches', '•Enviado por móvil']",Vitoria
Andrea,España,8.0,Escrito en 20 de febrero de 2025,Muy nuevo y bien equipado,"- En la alarma de incendios del techo había un calcetín puesto… entiendo que el personal de limpieza no hizo el trabajo en profundidad 
- No se pueden dejar las maletas, aunque haya un chico nos dijo que nos buscáramos la vida","['•Viaje de ocio', '•Pareja', '•Apartamento de 1 dormitorio', '•Estancia de 2 noches', '•Enviado por móvil']",Vitoria
Elena,España,8.0,Escrito en 20 de febrero de 2025,Mucho,Dificultad para la entrada con el código muy lioso,"['•Viaje de ocio', '•Familia con niños pequeños', '•Apartamento de 1 dormitorio', '•Estancia de 1 noche', '•Enviado por móvil']",Vitoria
Iñigo,España,9.0,Escrito en 20 de febrero de 2025,Estaba todo perfecto,Nada,"['•Viaje de ocio', '•Pareja', '•Apartamento de 1 dormitorio', '•Estancia de 1 noche', '•Enviado por móvil']",Vitoria
Merce,España,7.0,Escrito en 19 de febrero de 2025,,No me gustó que tener que hacer el checking  obligstoriamente antes de llegar para que me diesen el código de la habitación. Si por cualquier motivo no puedo hacer ese checking ¿que me quedo en la calle?,"['•Viaje de ocio', '•Pareja', '•Apartamento de 1 dormitorio', '•Estancia de 1 noche', '•Enviado por móvil']",Vitoria
Maria,España,8.0,Escrito en 22 de enero de 2025,"Un apartamento como en casa
Tenía de todo","No tenía champú! Especifico 
Había solo un frasco en la ducha","['•Viaje de ocio', '•Pareja', '•Apartamento de 1 dormitorio', '•Estancia de 2 noches', '•Enviado por móvil']",Vitoria
Diego,España,10.0,Escrito en 22 de enero de 2025,"La situación, la limpieza, la relación calidad- precio. Todo excelente","Es un edificio automatizado, entras con código. No hay nadie en recepción.  Eso sí, llamamos porque no conseguíamos que arrancara el aire caliente y en unos minutos vinieron al apartamento","['•Viaje de ocio', '•Familia con niños pequeños', '•Apartamento de 1 dormitorio', '•Estancia de 1 noche', '•Enviado por móvil']",Vitoria
Gloria,España,7.0,Escrito en 21 de enero de 2025,"Me gustó la limpieza y que fuera un piso alto.El silencio  y la comodidad de la cama de esa habitación.","El baño muy pequeño en proporción a la habitación,hace perder calidad.","['•Viaje de negocios', '•Persona que viaja sola', '•Apartamento Estudio', '•Estancia de 1 noche', '•Enviado por móvil']",Vitoria
Adrian,España,7.0,Escrito en 20 de enero de 2025,"La ubicación
La accesibilidad","La tv no está conectada a internet y no hay espacio para poder conectar el hdmi.
Por otro lado, no nos cambiaron las toallas en 4 días.
No tenían fregona, al ser ducha abierta se agradecería","['•Viaje de ocio', '•Pareja', '•Apartamento Estudio', '•Estancia de 3 noches', '•Enviado por móvil']",Vitoria
Barmi08,España,8.0,Escrito en 20 de enero de 2025,"El apartamento muy completo. 
Muy buena ubicación.
Cama cómoda 
Zona de aparcamiento gratis por la zona","El sofá, era sofá cama, muy incómodo, hasta para sentarse.
Que la tele no tenga Internet , ni la opción de poder poner un Netflix, Amazon video, etc..
Que te engañen por wasap, que para aparcar es difícil porque es una zona peatonal, para que cojas parking,  y que luego veas que se puede aparcar gratis y sin problemas.
Que te cobren 20e por noche, por traer tu mascota, alegando que el suplemento es por la limpieza extra y que luego, no pasen ni un solo dia a ordenar/limpiar, el apartamento.. 3 noches nos costaron 75 por persona y pagamos 60e por mi perra.. Es un absurdo !!!","['•Viaje de ocio', '•Familia con niños pequeños', '•Apartamento de 1 dormitorio', '•Estancia de 3 noches', '•Enviado por móvil']",Vitoria
María,España,8.0,Escrito en 19 de enero de 2025,O amplo espazo.,Difícil a entrada cos códigos,"['•Viaje de ocio', '•Familia con niños pequeños', '•Apartamento de 1 dormitorio', '•Estancia de 2 noches', '•Enviado por móvil']",Vitoria
Maria,España,10.0,Escrito en 18 de enero de 2025,"Muy buena ubicación,cerca hay de todo comercios, transporte, restaurantes.Si te surge alguna consulta contestan muy rápido por whatsApp. Una estadía estupenda ☺️",,"['•Viaje de ocio', '•Persona que viaja sola', '•Apartamento de 1 dormitorio', '•Estancia de 2 noches', '•Enviado por móvil']",Vitoria
Funandplay,España,10.0,Escrito en 18 de enero de 2025,Todo muy limpio y nuevo. Muy centrico,Todo,"['•Familia con niños pequeños', '•Apartamento de 1 dormitorio', '•Estancia de 1 noche', '•Enviado por móvil']",Vitoria
Susana,España,9.0,Escrito en 17 de enero de 2025,,"Qué no me recibiera nadie, estar pendiente del móvil y el mail para entrar","['•Viaje de ocio', '•Pareja', '•Apartamento de 1 dormitorio', '•Estancia de 1 noche', '•Enviado por móvil']",Vitoria
Maria,España,10.0,Escrito en 17 de enero de 2025,"Está genial, lo recomiendo!!! Muy limpio y calidad precio de 10. Y el desayuno está genial, lo recomiendo.",Lo único que no me gustó es el sofá cama q tienen es super incómodo para dormir ahí.,"['•Familia con niños pequeños', '•Apartamento de 1 dormitorio', '•Estancia de 1 noche', '•Enviado por móvil']",Vitoria
Ikuska,España,10.0,Escrito en 16 de enero de 2025,"Todo perfecto 
Me encanta la cantidad de almohadas de la habitación","Haría falta una manta extra.
El termostato es difícil de entender.
La TV no tiene acceso a las apps de Samsung para poder ver Netflix por ejemplo, porque está capada, no veo la necesidad.","['•Viaje de ocio', '•Pareja', '•Apartamento de 1 dormitorio', '•Estancia de 3 noches', '•Enviado por móvil']",Vitoria
Antonio,España,8.0,Escrito en 15 de enero de 2025,"Ubicación,  comodidad,  limpieza,  terraza muy buena,  moderno, equipado","La rigidez en horarios de entrada y salida al ser todo automatizado, no vimos en ningún momento a nadie, si querías entrar un poco antes tenías que pagar un extra de 15€ (la entrada es a las 15:00).No había jabón en la ducha y no pudimos decirlo a nadie.","['•Viaje de ocio', '•Pareja', '•Apartamento de 1 dormitorio', '•Estancia de 1 noche', '•Enviado por móvil']",Vitoria
José,España,9.0,Escrito en 15 de enero de 2025,"Amplitud, ubicación y limpieza",,"['•Familia con niños pequeños', '•Apartamento de 2 dormitorios', '•Estancia de 1 noche', '•Enviado por móvil']",Vitoria
Colmenares,España,10.0,Escrito en 14 de enero de 2025,Todooo fue el mejor que he estado,Todo fue el mejor todo confort me encantó lo recomiendo 💯,"['•Viaje de ocio', '•Familia con niños pequeños', '•Apartamento de 2 dormitorios', '•Estancia de 2 noches', '•Enviado por móvil']",Vitoria
Regina,España,8.0,Escrito en 14 de enero de 2025,"El apartamento cumplió nuestras expectativas. Cerca del centro y con paradas de tranvía cerca. El barrio estupendo, y con un supermercado DIA justo al lado. Cocina con todo lo necesario: platos, copas, vasos, tazas... tostadora de pan y cafetera de cápsulas. Baño completo y con secador de pelo. Salita de estar con sofá, televisión y un sillón de lectura al lado de la ventana que permite pasar un rato viendo la calle principal. Hay una mesa redonda con 2 sillas para los desayunos/comidas... El dormitorio con 2 camas juntas, cómodas. Calefacción en el apartamento. Las fotos reflejan lo que es. Estupendo.","No me gusta y lo hacen ya en la mayoría de los hoteles y casas, que como ropa de cama pongan sólo FUNDA NÓRDICA sustituyendo las colchas... para mi, dan demasiado calor y no hay otra opción, o te axfisias con la funda nórdica o pasas frío solo con la sábana. Me gustaría que pusieran otro tipo de ropa de cama, como colcha tradicional o mantita para las personas que pasamos calor y que no queremos pasar frio. Y eso que apagamos la calefacción... En mi opinión es excesivo lo nórdico...","['•Viaje de ocio', '•Pareja', '•Apartamento de 1 dormitorio', '•Estancia de 3 noches']",Vitoria
Malara,España,10.0,Escrito en 11 de enero de 2025,Todo,Nada,"['•Viaje de ocio', '•Pareja', '•Apartamento Estudio', '•Estancia de 2 noches', '•Enviado por móvil']",Vitoria
Sebastian,España,7.0,Escrito en 7 de enero de 2025,"Buena ubicación, comodo y amplio","Necestita algun arreglo, cortinas con agujeros, tapa wc rota...","['•Viaje de ocio', '•Familia con niños pequeños', '•Apartamento de 1 dormitorio', '•Estancia de 3 noches', '•Enviado por móvil']",Vitoria
Olga,España,8.0,Escrito en 7 de enero de 2025,La ubicación y que era grande,Faltaba limpieza y uno de los baños tenía olor muy desagradable a tuberías,"['•Viaje de ocio', '•Familia con niños pequeños', '•Apartamento de 2 dormitorios', '•Estancia de 3 noches', '•Enviado por móvil']",Vitoria
Ana,España,8.0,Escrito en 7 de enero de 2025,La decoración y limpieza,Almohadas incómodas.,"['•Viaje de ocio', '•Familia con niños pequeños', '•Apartamento de 1 dormitorio', '•Estancia de 1 noche', '•Enviado por móvil']",Vitoria
T,España,10.0,Escrito en 6 de enero de 2025,,Me habría gustado que hubiera dos camas individuales en vez de sofá cama.,"['•Viaje de ocio', '•Familia con niños pequeños', '•Apartamento de 1 dormitorio', '•Estancia de 4 noches', '•Enviado por móvil']",Vitoria
Tomás,España,9.0,Escrito en 6 de enero de 2025,"Súper limpio , cómodo y ubicación perfecta.",,"['•Viaje de ocio', '•Familia con niños pequeños', '•Apartamento con terraza', '•Estancia de 1 noche', '•Enviado por móvil']",Vitoria
Inmaculada,España,10.0,Escrito en 6 de enero de 2025,"Ubicación, limpieza, posibilidad de parking. Útiles de cocina y electrodomésticos completos. Nuevo todo",Colchón del sofá cama incómodo y apenas luz en el cuarto de baño. No posibilidad de una segunda almohada aunque la ped.í,"['•Familia con niños pequeños', '•Apartamento de 1 dormitorio', '•Estancia de 1 noche', '•Enviado por móvil']",Vitoria
Sonia,España,10.0,Escrito en 5 de enero de 2025,Todo perfecto,.,"['•Viaje de ocio', '•Grupo de amigos', '•Apartamento de 2 dormitorios', '•Estancia de 1 noche', '•Enviado por móvil']",Vitoria
Mauro,Andorra,10.0,Escrito en 5 de enero de 2025,"La ubicación, y el apartamento en general muy bien equipado!",,"['•Viaje de ocio', '•Familia con niños pequeños', '•Apartamento de 1 dormitorio', '•Estancia de 1 noche', '•Enviado por móvil']",Vitoria
Virginia,España,9.0,Escrito en 5 de enero de 2025,Esta muy bien todo,"Todo me gustó pero si tengo que poner algo sería que hace mucho calor y las ventanas solo son oscilobatientes
El colchón del sofá cama muy fino","['•Viaje de ocio', '•Familia con niños pequeños', '•Apartamento de 1 dormitorio', '•Estancia de 1 noche', '•Enviado por móvil']",Vitoria
Carmena,España,8.0,Escrito en 17 de noviembre de 2024,El apartamento en general.. que no hubiera at,"Que no hubiera atención personal 
Y problemas para hacer el chekin..","['•Viaje de ocio', '•Familia con niños pequeños', '•Apartamento de 1 dormitorio', '•Estancia de 1 noche', '•Enviado por móvil']",Vitoria
Isabel,España,9.0,Escrito en 14 de noviembre de 2024,"La ubicación, el apartamento en general y los detalles de bienvenida",La cama,"['•Viaje de ocio', '•Familia con niños pequeños', '•Apartamento de 1 dormitorio', '•Estancia de 1 noche', '•Enviado por móvil']",Vitoria
Irene,España,8.0,Escrito en 13 de noviembre de 2024,Es un apartamento amplio y espacioso. Muy cerca del centro y muy bien equipado.,La cama un poco incómoda.,"['•Viaje de ocio', '•Pareja', '•Apartamento de 1 dormitorio', '•Estancia de 1 noche', '•Enviado por móvil']",Vitoria
Beatrizc84,España,9.0,Escrito en 13 de noviembre de 2024,"Apartamento nuevo, con muy buena ubicación, a 13 min andando del centro. En avenida con muchos comercios y restaurantes. Un supermercado día justo al lado. Luminoso, limpio, amplio para 2 personas.","Echamos en falta q la TV tuviera netflix, prime, o alguna de estas. La cocina tenía todo lo necesario excepto algún cuchillo que cortará. Los que hay son malisimos. Y también nos falto una cafetera de las que no son de cápsulas, una italiana de toda la vida. La que hay te limita. Y por último comentar que quizás de precio esta algo caro, más de 100€ la noche en temporada baja.","['•Viaje de ocio', '•Pareja', '•Apartamento de 1 dormitorio', '•Estancia de 3 noches', '•Enviado por móvil']",Vitoria
Rafael,España,10.0,Escrito en 11 de noviembre de 2024,"Todo perfecto, incluido el aparcamiento.",,"['•Viaje de ocio', '•Familia con niños pequeños', '•Apartamento de 1 dormitorio', '•Estancia de 3 noches', '•Enviado por móvil']",Vitoria
Raquel,España,9.0,Escrito en 11 de noviembre de 2024,"El alojamiento estaba muy bien ubicado, a 10 minutos del centro histórico. Estaba bien equipado y era bastante nuevo todo",Las almohadas de la cama eran demasiado finas y el colchón del sofá cama con poco grosor,"['•Viaje de ocio', '•Grupo', '•Apartamento de 1 dormitorio', '•Estancia de 2 noches', '•Enviado por móvil']",Vitoria
Maria,España,10.0,Escrito en 11 de noviembre de 2024,La habitación y su ubicación,"Me da pena que no haya personal, aunque tengo que decir que todo funcionó muy bien","['•Viaje de ocio', '•Pareja', '•Apartamento Estudio', '•Estancia de 1 noche', '•Enviado por móvil']",Vitoria
Angel,España,10.0,Escrito en 9 de noviembre de 2024,,,"['•Viaje de negocios', '•Pareja', '•Apartamento Estudio', '•Estancia de 1 noche', '•Enviado por móvil']",Vitoria
Ana,España,8.0,Escrito en 8 de noviembre de 2024,Si,,"['•Grupo de amigos', '•Apartamento Estudio', '•Estancia de 1 noche', '•Enviado por móvil']",Vitoria
Sara,Francia,10.0,Escrito en 6 de noviembre de 2024,"La limpieza y la comodidad, bastante bien equipado!!",Nada,"['•Viaje de ocio', '•Familia con niños pequeños', '•Apartamento de 1 dormitorio', '•Estancia de 1 noche', '•Enviado por móvil']",Vitoria
María,España,9.0,Escrito en 6 de noviembre de 2024,Todo menos la cama.,"La cama horrible, todo lo demás estupendo y maravilloso pero cero descanso","['•Viaje de ocio', '•Pareja', '•Apartamento de 1 dormitorio', '•Estancia de 1 noche', '•Enviado por móvil']",Vitoria
Susana,Francia,9.0,Escrito en 6 de noviembre de 2024,¡Apartamento muy equipado y muy amplio! Me encanta alojarme ahí cada vez que voy a Vitoria.,Falta una tostadora de pan. No se podía abrir la ventana de la habitación.,"['•Viaje de negocios', '•Persona que viaja sola', '•Apartamento de 1 dormitorio', '•Estancia de 1 noche']",Vitoria
Mauro,España,8.0,Escrito en 6 de noviembre de 2024,"Está cerca de lo que me interesaba, apartamentos limpios y cómodos","Por fechas, posiblemente estaba más caro de lo normal","['•Viaje de ocio', '•Pareja', '•Apartamento de 1 dormitorio', '•Estancia de 1 noche', '•Enviado por móvil']",Vitoria
Alicia,España,8.0,Escrito en 6 de noviembre de 2024,"Fue muy cómodo hacer el check in y la recepción estaba 24 horas. Estaba todo digitalizado, respondían rápido y la ubicación del apartamento estaba muy bien. Además nos dejaron un detalle de bienvenida",El sofá era un poco incómodo lo demás estaba muy bien.,"['•Viaje de ocio', '•Pareja', '•Apartamento de 1 dormitorio', '•Estancia de 2 noches', '•Enviado por móvil']",Vitoria
Rafael,España,10.0,Escrito en 5 de noviembre de 2024,El apartamento es grande y está muy limpio. El desayuno muy bueno y completo,,"['•Viaje de ocio', '•Pareja', '•Apartamento de 1 dormitorio', '•Estancia de 1 noche', '•Enviado por móvil']",Vitoria
Jorge,Argentina,9.0,Escrito en 5 de noviembre de 2024,"El desayuno está ubicado frente al apartamento, no es todo lo cómodo que debería ser.",,"['•Viaje de ocio', '•Pareja', '•Apartamento de 1 dormitorio', '•Estancia de 3 noches']",Vitoria
Merce,España,9.0,Escrito en 4 de noviembre de 2024,"Todo: ubicación, limpieza, camas cómodas con sábanas y toallas de excelente calidad. Muchos detalles. 
Además un agradecimiento a su personal por su profesionalidad y rapidez en gestionar cualquier solicitud. Aunque es todo on line hay personal en el edificio y la atención es excelente. Accesibilidad total.",,"['•Viaje de ocio', '•Pareja', '•Apartamento Estudio', '•Estancia de 2 noches', '•Enviado por móvil']",Vitoria
Leyre,España,10.0,Escrito en 4 de noviembre de 2024,Apartamento muy completo.,Sofá cama algo incómodo para dormir y pasamos bastante calor en el apartamento pese a ser el mes de Octubre.,"['•Viaje de ocio', '•Familia con niños pequeños', '•Apartamento de 1 dormitorio', '•Estancia de 3 noches', '•Enviado por móvil']",Vitoria
Esther,España,8.0,Escrito en 3 de noviembre de 2024,"La ubicación es perfecta, está muy cerca del casco antiguo. 
El apartamento impecable, el único problema es que en el baño no había mampara de ducha ni cortina, con lo que la ducha está abierta totalmente .",,"['•Viaje de ocio', '•Familia con niños pequeños', '•Apartamento Estudio', '•Estancia de 1 noche', '•Enviado por móvil']",Vitoria
Santiago,España,10.0,Escrito en 3 de noviembre de 2024,"La ubicación excelente.
Muy fácil todo el proceso tanto de CheckIn como de ChekOut, como la entrada al hotel y a la habitación.","Agua Caliente tardaba mucho en llegar al Octavo Piso, y cuando llegaba, lo hacía con poca presión.","['•Viaje de ocio', '•Grupo de amigos', '•Apartamento de 1 dormitorio', '•Estancia de 2 noches', '•Enviado por móvil']",Vitoria
Rodriguez,España,9.0,Escrito en 3 de noviembre de 2024,Ubicación y limpieza,Falta horno,"['•Viaje de ocio', '•Grupo', '•Apartamento de 1 dormitorio', '•Estancia de 2 noches', '•Enviado por móvil']",Vitoria
Rafael,España,10.0,Escrito en 3 de noviembre de 2024,Esta impecable y muy bien situado,,"['•Viaje de ocio', '•Pareja', '•Apartamento de 1 dormitorio', '•Estancia de 1 noche', '•Enviado por móvil']",Vitoria
Luque,España,8.0,Escrito en 2 de noviembre de 2024,Excelente ubicación,,"['•Viaje de ocio', '•Familia con niños pequeños', '•Apartamento de 1 dormitorio', '•Estancia de 2 noches', '•Enviado por móvil']",Vitoria
José,España,8.0,Escrito en 2 de noviembre de 2024,Buena atención frente al check-in,La presión del agua.,"['•Viaje de negocios', '•Persona que viaja sola', '•Apartamento Estudio', '•Estancia de 1 noche']",Vitoria
Patricia,España,8.0,Escrito en 2 de noviembre de 2024,La situación y el desayuno.,"Quizás el mobiliario está un poco desgastado y poca presión del agua, pero estuvimos a gusto.","['•Viaje de ocio', '•Pareja', '•Apartamento de 1 dormitorio', '•Estancia de 1 noche', '•Enviado por móvil']",Vitoria
Blanca,España,9.0,Escrito en 26 de septiembre de 2024,"Buena localizacion, comodo, amplio, sofa-cama grande, todo muy limpio. ¡Repetiriamos!",No hay recepción. Todo online.,"['•Viaje de ocio', '•Grupo', '•Apartamento de 1 dormitorio', '•Estancia de 2 noches', '•Enviado por móvil']",Vitoria
Fernandez,España,9.0,Escrito en 26 de septiembre de 2024,El desayuno perfecto. Y la ubicación muy buena.,La única pega que le pongo al apartamento es el calor que hacía y que el aire acondicionado no funcionaba. Por lo demás todo perfecto.,"['•Viaje de ocio', '•Familia con niños pequeños', '•Apartamento de 1 dormitorio', '•Estancia de 2 noches', '•Enviado por móvil']",Vitoria
Enrique,España,9.0,Escrito en 25 de septiembre de 2024,"Amplitud, limpieza y ubicación a solo 10min andando del centro",,"['•Viaje de ocio', '•Familia con niños pequeños', '•Apartamento de 1 dormitorio', '•Estancia de 2 noches', '•Enviado por móvil']",Vitoria
Rosa,España,8.0,Escrito en 25 de septiembre de 2024,"Limpieza, comodidad y Apartamento muy acogedor, con muy buena ubicacion",,"['•Viaje de ocio', '•Grupo', '•Apartamento de 2 dormitorios', '•Estancia de 4 noches']",Vitoria
Maiquez,España,7.0,Escrito en 25 de septiembre de 2024,"La ubicación a 5 minutos a pie de la plaza del ayuntamiento.
Apartamento limpio y bien equipado.","El sofá cama incomodísimo, a pesar de utilizarlo dos niños con poco peso se hundía.","['•Viaje de ocio', '•Familia con niños pequeños', '•Apartamento de 1 dormitorio', '•Estancia de 2 noches', '•Enviado por móvil']",Vitoria
Jose,España,10.0,Escrito en 24 de septiembre de 2024,La situación y las instalaciones en general.,,"['•Viaje de ocio', '•Pareja', '•Apartamento Estudio', '•Estancia de 1 noche', '•Enviado por móvil']",Vitoria
Tamara,España,8.0,Escrito en 24 de septiembre de 2024,"Las instalaciones amplias y limpias.
Ubicación perfecta, cerca del centro y fácil aparcar",Que la tv no tuviera smart tv. Algo de ruido por las noches en la calle porque hay un pub debajo.,"['•Viaje de ocio', '•Pareja', '•Apartamento de 1 dormitorio', '•Estancia de 2 noches', '•Enviado por móvil']",Vitoria
Diaz,España,7.0,Escrito en 23 de septiembre de 2024,Estaba limpio,Se oye a los vecinos,"['•Viaje de ocio', '•Pareja', '•Apartamento Estudio', '•Estancia de 3 noches', '•Enviado por móvil']",Vitoria
Ana,España,8.0,Escrito en 22 de septiembre de 2024,El lavabo muy amplio,el cubre colchones tenía 1 mancha de sangre seca y estaba amarillento,"['•Viaje de ocio', '•Familia con niños pequeños', '•Apartamento de 1 dormitorio', '•Estancia de 2 noches', '•Enviado por móvil']",Vitoria
Nicolai,España,10.0,Escrito en 22 de septiembre de 2024,"Las habitaciones son amplias y muy cómodas, con todo tipo de accesorios. Te dejan un kit de bienvenida con agua y un snack.","Si viajas con mascota, el precio de 20€/noche me parece excesivo, a pesar de que es de los pocos sitios donde te dejan una cama para el animal, comedero y bebedero","['•Viaje de ocio', '•Pareja', '•Apartamento Estudio', '•Estancia de 1 noche', '•Enviado por móvil']",Vitoria
Paloma,España,9.0,Escrito en 21 de septiembre de 2024,La ubicación y lo completo que era el apartamento,,"['•Viaje de ocio', '•Familia con niños pequeños', '•Apartamento de 1 dormitorio', '•Estancia de 1 noche', '•Enviado por móvil']",Vitoria
Paloma,España,10.0,Escrito en 21 de septiembre de 2024,"El apartamento tenía 2 habitaciones y 2 baños, todo impoluto y muy amplio. La cocina completamente equipada. Nos ha parecido tranquilo y las camas comodísimas. Muy bien situado para visitar la ciudad, facilidad de aparcamiento gratuito en los alrededores. Nos hemos quedado encantados con nuestra estancia.",--,"['•Viaje de ocio', '•Familia con niños pequeños', '•Apartamento de 2 dormitorios', '•Estancia de 1 noche', '•Enviado por móvil']",Vitoria
Antonio,España,9.0,Escrito en 21 de septiembre de 2024,fuimos con mascota y muy comodo el parquing en el mismo edificio,,"['•Viaje de ocio', '•Grupo', '•Apartamento de 1 dormitorio', '•Estancia de 1 noche', '•Enviado por móvil']",Vitoria
Yosleidy,España,10.0,Escrito en 21 de septiembre de 2024,"Lo limpio, cómodo y céntrico que estaba",Que la ducha no tenía buen desagüe y el agua se estancaba,"['•Viaje de ocio', '•Familia con niños pequeños', '•Apartamento de 1 dormitorio', '•Estancia de 2 noches', '•Enviado por móvil']",Vitoria
Pedro,España,8.0,Escrito en 21 de septiembre de 2024,Buena ubicacion,Sofá cama incómodo no se notaba estable y faltaba cabecera para la 3 persona,"['•Viaje de ocio', '•Familia con niños pequeños', '•Apartamento de 1 dormitorio', '•Estancia de 2 noches', '•Enviado por móvil']",Vitoria
Chelo,España,10.0,Escrito en 21 de septiembre de 2024,Las sábanas de algodón y el desayuno,"Que no haya empleados, hubo una chica cuando llegamos que nos ayudó con un problema con la tele y ya, nunca vimos a nadie más. La tele dejó  de funcionar al día siguiente.. El sofá cama incomodísimo","['•Viaje de ocio', '•Familia con niños pequeños', '•Apartamento de 2 dormitorios', '•Estancia de 2 noches', '•Enviado por móvil']",Vitoria
Fabian,Argentina,10.0,Escrito en 20 de septiembre de 2024,Estaba todo impecable,Que no podías usar el aire acondicionado en modo frío porque me contestaron que ya estaban en periodo invernal,"['•Viaje de ocio', '•Pareja', '•Apartamento de 1 dormitorio', '•Estancia de 5 noches', '•Enviado por móvil']",Vitoria
Toni,España,8.0,Escrito en 20 de septiembre de 2024,Apartamento muy completo para el precio,El baño se inunda cuando te duchas,"['•Viaje de ocio', '•Familia con niños pequeños', '•Apartamento Estudio', '•Estancia de 1 noche', '•Enviado por móvil']",Vitoria
Maria,España,9.0,Escrito en 18 de septiembre de 2024,La ubicación y limpieza,Colchones un poco duros,"['•Viaje de ocio', '•Pareja', '•Apartamento Estudio', '•Estancia de 3 noches', '•Enviado por móvil']",Vitoria
Luis,España,9.0,Escrito en 18 de septiembre de 2024,"Ubicación excelente, confort, limpieza, supermercado justo al lado, transporte público casi en la puerta.",Nada,"['•Viaje de ocio', '•Pareja', '•Apartamento de 1 dormitorio', '•Estancia de 2 noches', '•Enviado por móvil']",Vitoria
Susana,España,10.0,Escrito en 18 de septiembre de 2024,"El apartamento está genial con todo lo que puedas necesitar , tiene una ubicación buenísima estás en el casco histórico en 10 minutos.",El sillón cama muy incómodo,"['•Viaje de ocio', '•Familia con niños pequeños', '•Apartamento de 1 dormitorio', '•Estancia de 2 noches', '•Enviado por móvil']",Vitoria
Elia,España,9.0,Escrito en 17 de septiembre de 2024,"La situación, la limpieza y la comodidad.",,"['•Viaje de ocio', '•Familia con niños pequeños', '•Apartamento de 1 dormitorio', '•Estancia de 1 noche', '•Enviado por móvil']",Vitoria
Iratibelas1,España,10.0,Escrito en 17 de septiembre de 2024,"Es la segunda vez que me quedo aquí y todo genial. El regalo de llegada, un detalle!",,"['•Viaje de ocio', '•Persona que viaja sola', '•Apartamento Estudio', '•Estancia de 1 noche', '•Enviado por móvil']",Vitoria
Adela,España,10.0,Escrito en 17 de septiembre de 2024,"Muy nuevo y limpio, y las toallas muy suaves, un gusto secarse con ellas.",Encontrar algunos pelos de mascotas en las colchas,"['•Viaje de ocio', '•Pareja', '•Apartamento de 1 dormitorio', '•Estancia de 1 noche', '•Enviado por móvil']",Vitoria
Ana,España,10.0,Escrito en 17 de septiembre de 2024,Todo y el regalo de bienvenida han sorpresa!,Nada,"['•Viaje de ocio', '•Familia con niños pequeños', '•Apartamento de 1 dormitorio', '•Estancia de 1 noche', '•Enviado por móvil']",Vitoria
Laura,España,10.0,Escrito en 28 de agosto de 2024,"Fantástico. Un apartamento muy moderno, cómodo y bien equipado. Muy céntrico y genial que tuviera párquing en el mismo edificio. Un detalle que te dejen cápsulas de Nexpresso de bienvenida, junto con una para la lavadora y otra para el lavavajillas. Mejor que una habitación de hotel, pero mucho mas barato. Muy buena relación calidad-precio. Totalmente recomendable. Si vamos a otro destino que tenga Líbere repetiremos seguro.",,"['•Viaje de ocio', '•Familia con niños pequeños', '•Apartamento de 1 dormitorio', '•Estancia de 1 noche', '•Enviado por móvil']",Vitoria
Rouzaud,Venezuela,8.0,Escrito en 27 de agosto de 2024,Muy bonito el apartamento,El sofá cama no era cómodo,"['•Viaje de ocio', '•Familia con niños pequeños', '•Apartamento de 2 dormitorios', '•Estancia de 2 noches', '•Enviado por móvil']",Vitoria
Mª,España,7.0,Escrito en 27 de agosto de 2024,La ubicación y el apartamento hacia agradable la estancia,El sofá cama era un poco incómodo,"['•Viaje de ocio', '•Familia con niños pequeños', '•Apartamento de 1 dormitorio', '•Estancia de 1 noche', '•Enviado por móvil']",Vitoria
Carmen,España,8.0,Escrito en 27 de agosto de 2024,"Amplio, luminoso, nuevo y bien equipado",La limpieza no era óptima y el sofá cama no era cómodo.,"['•Viaje de ocio', '•Familia con niños pequeños', '•Apartamento de 1 dormitorio', '•Estancia de 1 noche', '•Enviado por móvil']",Vitoria
Cristóbal,España,10.0,Escrito en 27 de agosto de 2024,"De los mejores apartahoteles en los que me he quedado. Muy buena opción para quedarte en vitoria. Cerca del centro y se puede aparcar facilmente en las próximidades del apartamento (nosotros fuimos en verano)
Todo tiene una gran calidad, las camas muy comodas, es un sitio en el que se podría vivir una temporada perfectamente sin ningún tipo de problema. Todo complemtanete equipado y encima, te dan hasta un kit de limpieza gratuito el primer día que incluye: trapo, estropajo, bayeta, jabón friegaplatos, una pastilla para el lavavajillas y otra para la lavadora (que también es secadora). Si volvemos a vitoria probablemente reservemos en el mismo sitio porque nos ha gustado muchísimo.","Por ponerle una pega, las habtiaciones disponen de chromecast para que puedas poenr tus plataformas desde el movil pero tienen el inconveniente que como va a la misma red wifi del edificio entonces cualquier inquilino que esté conectado a la red puede quitarte la serie/película o ponerte otra, lo cual que lo hace totalmente inusable y es una pena. Pero solo por poner una pega, es un sitio genial para quedarse","['•Viaje de ocio', '•Familia con niños pequeños', '•Apartamento de 1 dormitorio', '•Estancia de 2 noches', '•Enviado por móvil']",Vitoria
El,Países Bajos,9.0,Escrito en 27 de agosto de 2024,Esta limpio  moy cercano a todo  y hay todo  que necesitas  solo  la sofá  no esta cómoda para dormir,,"['•Familia con niños pequeños', '•Apartamento de 1 dormitorio', '•Estancia de 1 noche', '•Enviado por móvil']",Vitoria
José,España,7.0,Escrito en 27 de agosto de 2024,Esta muy cerca del centro de la ciudad y bien equipado.,"El sofá cama presenta una estructura frágil, lo cual puede resultar incómodo para personas de mayor tamaño.","['•Viaje de ocio', '•Familia con niños pequeños', '•Apartamento de 2 dormitorios', '•Estancia de 2 noches', '•Enviado por móvil']",Vitoria
Canditrece,España,9.0,Escrito en 26 de agosto de 2024,Apartamento para disfrutar de el,,"['•Viaje de ocio', '•Familia con niños pequeños', '•Apartamento de 1 dormitorio', '•Estancia de 1 noche', '•Enviado por móvil']",Vitoria
Manuel,España,8.0,Escrito en 26 de agosto de 2024,De 10,"Aplicación, la información no es exacta","['•Viaje de ocio', '•Pareja', '•Apartamento Estudio', '•Estancia de 3 noches', '•Enviado por móvil']",Vitoria
Juan,España,8.0,Escrito en 26 de agosto de 2024,La ubicación y comodidad. Estaba bastante limpio y ademas te dejaban kits de limpieza con todo lo necesario para alojarte cómodamente. La gestión por la página muy fácil.,"Que tenia olor a tabaco, imagino que de algún cliente anterior. No me gusto haber elegido pago a la llegada y me cobraron antes.","['•Viaje de ocio', '•Familia con niños pequeños', '•Apartamento de 1 dormitorio', '•Estancia de 1 noche', '•Enviado por móvil']",Vitoria
Francisco,España,9.0,Escrito en 26 de agosto de 2024,Ubicación perfecta cerca de la parte antigua. Parking. Tranquilo. Limpio. Cómodo. Muy bien de precio.,Nada que comentar,"['•Viaje de ocio', '•Familia con niños pequeños', '•Apartamento de 1 dormitorio', '•Estancia de 3 noches', '•Enviado por móvil']",Vitoria
Sabela,España,7.0,Escrito en 25 de agosto de 2024,"Acceso directo parking-habitación.
Supermercado en el local de abajo.",,"['•Viaje de ocio', '•Pareja', '•Apartamento Estudio', '•Estancia de 2 noches', '•Enviado por móvil']",Vitoria
Veronica,España,9.0,Escrito en 25 de agosto de 2024,"Apartamento muy cómodo en general y práctico. La ubicación muy buena. Lo que más nos gustó fue el sistema de check-in y el uso de las llaves digitales, lo que facilita el ingreso.",El sofá cama no era muy cómodo y bastante ruidoso para dormir.,"['•Viaje de ocio', '•Familia con niños pequeños', '•Apartamento de 1 dormitorio', '•Estancia de 4 noches', '•Enviado por móvil']",Vitoria
Rosa,España,9.0,Escrito en 25 de agosto de 2024,"Limpieza,  Ubicacion",El sofá- cama un poco incómodo,"['•Viaje de ocio', '•Familia con niños pequeños', '•Apartamento de 1 dormitorio', '•Estancia de 6 noches', '•Enviado por móvil']",Vitoria
Gloria,España,7.0,Escrito en 25 de agosto de 2024,"Estaba limpio y bien situado, el sofá cama del salón para no pegar el ojo.Bastante incómodo.",,"['•Viaje de ocio', '•Familia con niños pequeños', '•Apartamento de 2 dormitorios', '•Estancia de 1 noche', '•Enviado por móvil']",Vitoria
Leonor,España,9.0,Escrito en 25 de agosto de 2024,"Perfecta ubicación, estancia muy agradable y personal muy atento a nuestras necesidades. Se cumplieron de sobra nuestras expectativas. Muchas gracias!",,"['•Persona que viaja sola', '•Apartamento Estudio', '•Estancia de 6 noches', '•Enviado por móvil']",Vitoria
Angeles,España,9.0,Escrito en 24 de agosto de 2024,"La situación era estupenda, la cocina muy bien equipada.
Fácil aparcamiento en el exterior
El personal muy amable","El sofá cama era incómodo, se hundía. 
Había determinadas horas en el día en que dos ascensores eran insuficientes, aunque entiendo que esto no depende de la dirección de los apartamentos","['•Viaje de ocio', '•Familia con niños pequeños', '•Apartamento de 1 dormitorio', '•Estancia de 7 noches', '•Enviado por móvil']",Vitoria
Vicente,España,10.0,Escrito en 24 de agosto de 2024,"Estuvimos muy cómodos y con un detalle de bienvenida,todo muy limpio y la cocina con utensilios para poder cocinar cualquier alimento.100% recomendable",,"['•Viaje de ocio', '•Familia con niños pequeños', '•Apartamento de 1 dormitorio', '•Estancia de 1 noche', '•Enviado por móvil']",Vitoria
Javier,España,8.0,Escrito en 24 de agosto de 2024,"Instalaciones, ubicación, parking","Sin personal físico 
Check in demasiado tarde ( 15h)
Check out demasiado pronto (11h)","['•Viaje de ocio', '•Familia con niños pequeños', '•Apartamento de 1 dormitorio', '•Estancia de 1 noche', '•Enviado por móvil']",Vitoria
M,España,9.0,Escrito en 23 de agosto de 2024,"El espacio, aunque reducido, estaba muy bien aprovechado.","La ducha, la no tener cortina ni mampara, se salpicaba todo de agua.","['•Viaje de ocio', '•Pareja', '•Apartamento Estudio', '•Estancia de 5 noches', '•Enviado por móvil']",Vitoria
Rene,España,7.0,Escrito en 23 de agosto de 2024,Ubicación,Nada,"['•Viaje de ocio', '•Familia con niños pequeños', '•Apartamento de 1 dormitorio', '•Estancia de 1 noche', '•Enviado por móvil']",Vitoria
Jose,España,8.0,Escrito en 23 de agosto de 2024,La zona fácil aparcamiento. El apartamento estaba muy bien.,El sofá cama es bastante incómodo. La cama de la habitación muy cómoda. El resto muy bien todo.,"['•Con una mascota', '•Viaje de ocio', '•Familia con niños pequeños', '•Apartamento de 1 dormitorio', '•Estancia de 7 noches', '•Enviado por móvil']",Vitoria
Violeta,España,10.0,Escrito en 23 de agosto de 2024,"Es un sitio ideal para alojarte, está nuevo, limpio y es ideal para mascotas",,"['•Viaje de ocio', '•Grupo', '•Apartamento de 1 dormitorio', '•Estancia de 4 noches']",Vitoria
Joaquín,España,8.0,Escrito en 23 de agosto de 2024,"Apartamento moderno con detalle de kit de bienvenida con agua, patatas y cápsulas de café.Cerca de tranvía y centro.","Éramos 4 y solo habían 3 almohadas, aunque había cojines no es lo mismo.","['•Viaje de ocio', '•Familia con niños pequeños', '•Apartamento de 1 dormitorio', '•Estancia de 1 noche', '•Enviado por móvil']",Vitoria
Olmos,España,10.0,Escrito en 22 de agosto de 2024,Su limpieza y muy bien equipado,El sofá cama supletorio,"['•Viaje de ocio', '•Familia con niños pequeños', '•Apartamento de 1 dormitorio', '•Estancia de 3 noches', '•Enviado por móvil']",Vitoria
María,España,8.0,Escrito en 9 de agosto de 2024,Situación,,"['•Viaje de ocio', '•Familia con niños pequeños', '•Apartamento de 1 dormitorio', '•Estancia de 1 noche', '•Enviado por móvil']",Vitoria
Manuel,España,7.0,Escrito en 8 de agosto de 2024,,"La cama sofá mal, incomoda","['•Familia con niños pequeños', '•Apartamento de 1 dormitorio', '•Estancia de 2 noches', '•Enviado por móvil']",Vitoria
Jacobo,España,7.0,Escrito en 7 de agosto de 2024,La ubicación y la tranquilidad del lugar,El sofá cama deberían cambiarlo. Al abrirlo como cama se movía mucho y se levantaba de un lado con el peso y colchón fino. Para el precio que tiene el apartamento no pueden poner ese sofá,"['•Viaje de ocio', '•Familia con niños pequeños', '•Apartamento de 1 dormitorio', '•Estancia de 2 noches', '•Enviado por móvil']",Vitoria
Jose,España,10.0,Escrito en 7 de agosto de 2024,"La ubicación perfecta, bastante limpio, con todos los enseres que hace falta para pasar unos días, con el parking debajo del hotel muy cómodo para salir y entrar.",Que no hay TV en la habitación y el sofá cama podía ser un poco más cómodo.,"['•Familia con niños pequeños', '•Apartamento de 1 dormitorio', '•Estancia de 6 noches', '•Enviado por móvil']",Vitoria
Leonardo,España,8.0,Escrito en 7 de agosto de 2024,Ubicación,,"['•Viaje de ocio', '•Familia con niños pequeños', '•Apartamento de 2 dormitorios', '•Estancia de 5 noches', '•Enviado por móvil']",Vitoria
Susana,España,10.0,Escrito en 6 de agosto de 2024,"Muy céntrico, limpio y bien equipado.",No tenemos ninguna queja lo utilizamos solo para dormir y poco más.,"['•Viaje de ocio', '•Familia con niños pequeños', '•Apartamento de 1 dormitorio', '•Estancia de 2 noches', '•Enviado por móvil']",Vitoria
Isabel,España,10.0,Escrito en 5 de agosto de 2024,"Muy limpio con todo lo necesario,muy buena ubicacion con todo lo que necesitamos cerca,ideal",,"['•Viaje de ocio', '•Familia con niños pequeños', '•Apartamento de 1 dormitorio', '•Estancia de 3 noches', '•Enviado por móvil']",Vitoria
Victor,España,8.0,Escrito en 5 de agosto de 2024,La ubicación es perfecta para visitar Vitoria y se aparca relativamente bien por la zona (no es de pago). La habitación está equipada con lo justo pero bien.,"Había una butaca en el salón llena de manchas ""raras"" así que ni la tocamos. El sofa-cama es para niños, como intente dormir ahí un adulto a la mañana siguiente tendrán que cambiarle la espalda por una nueva. La cocina bien pero todo está contado: 4 tenedores, 4 cuchillos, 4 cucharas... Hay congelador, cafetera, etc.","['•Viaje de ocio', '•Familia con niños pequeños', '•Apartamento de 1 dormitorio', '•Estancia de 1 noche', '•Enviado por móvil']",Vitoria
Juan,España,9.0,Escrito en 4 de agosto de 2024,"La ubicación fenomenal (10 minutos andando hasta la Plaza de España). La comodidad del apartamento, fenomenal para familias con niños, mucho mejor que una habitación de hotel. Además, parking en el propio edificio con ascensor directo.
Justo debajo hay un Día para hacer compras, y al lado de una parada de tranvía.",,"['•Viaje de ocio', '•Familia con niños pequeños', '•Apartamento de 1 dormitorio', '•Estancia de 2 noches', '•Enviado por móvil']",Vitoria
Isabel,España,10.0,Escrito en 4 de agosto de 2024,"Comodidad y diseño Buen emplazamiento",,"['•Viaje de ocio', '•Familia con niños pequeños', '•Apartamento de 1 dormitorio', '•Estancia de 1 noche', '•Enviado por móvil']",Vitoria
Alicia,España,10.0,Escrito en 4 de agosto de 2024,"Muy nuevo y limpio, cocina muy completa",,"['•Viaje de ocio', '•Familia con niños pequeños', '•Apartamento de 1 dormitorio', '•Estancia de 3 noches', '•Enviado por móvil']",Vitoria
Francisco,España,8.0,Escrito en 4 de agosto de 2024,"La ubicación es excelente, el apartamento es bastante amplio y cómodo. Muy tranquilo a pesar de ser un edificio muy grande, apenas se escucha ningún ruido. En nuestro caso tuvimos el desayuno incluido y muy correcto para el precio que cuesta.","Supongo que debimos tenerlo en cuenta porque en la descripción ya se comenta que aceptan mascotas, eso no nos molesta en absoluto pero sí el hecho de que nuestro apartamento oliera a perro muchísimo. Incluso dejando las ventanas abiertas no conseguimos ventilar lo suficiente. Hasta el punto que acabamos comprando un ambientador en el supermercado que hay justo al lado.","['•Viaje de ocio', '•Familia con niños pequeños', '•Apartamento de 1 dormitorio', '•Estancia de 1 noche', '•Enviado por móvil']",Vitoria
Daniel,España,10.0,Escrito en 3 de agosto de 2024,Todo perfecto,,"['•Viaje de ocio', '•Familia con niños pequeños', '•Apartamento de 1 dormitorio', '•Estancia de 1 noche']",Vitoria
Yolanda,España,10.0,Escrito en 3 de agosto de 2024,Comodidad y ubicación,Me gustó todo,"['•Viaje de ocio', '•Familia con niños pequeños', '•Apartamento de 1 dormitorio', '•Estancia de 6 noches', '•Enviado por móvil']",Vitoria
Joaquín,España,9.0,Escrito en 3 de agosto de 2024,"Las instalaciones de la habitación, muy amplia , luminosa , muy bien equipado y nuevo el apartamento; todo muy limpio y a estrenar el kit de cocina . 
Íbamos con mascota y también tuvo su kit de bienvenida.
El aislamiento acústico perfecto y muy bien ubicado .","La parte más negativa fue el sofá-cama. Tuvimos que hacer uso de el , ya que íbamos  4 y a parte de dificultar el paso era muy incómodo dormir en el. Llegamos incluso a turnarnos para dormir  ya que sólo se podía descansar bien en la cama. 
Sería el aspecto más negativo de nuestra instancia . 
Por lo demás para repetir .","['•Viaje de ocio', '•Familia con niños pequeños', '•Apartamento de 1 dormitorio', '•Estancia de 5 noches', '•Enviado por móvil']",Vitoria
Ingles,España,9.0,Escrito en 3 de agosto de 2024,"Todo en general muy bien, muy buenos detalles de bienvenida y muy bien situado.","Por poner algo a mejorar diría que el sofá cama podría ser mejor, mas confortable.","['•Viaje de ocio', '•Familia con niños pequeños', '•Apartamento de 1 dormitorio', '•Estancia de 1 noche', '•Enviado por móvil']",Vitoria
Susana,España,9.0,Escrito en 3 de agosto de 2024,"Moderno, limpio, centrico y practico.",,"['•Viaje de ocio', '•Familia con niños pequeños', '•Apartamento de 2 dormitorios', '•Estancia de 2 noches', '•Enviado por móvil']",Vitoria
Reme,España,10.0,Escrito en 2 de agosto de 2024,"La ubicación buenísima, la limpieza excelente, y el trato del personal excelente. 
Un apartamento a recomendar.",No puede señalar ningun aspecto negativo.,"['•Viaje de ocio', '•Familia con niños pequeños', '•Apartamento de 1 dormitorio', '•Estancia de 4 noches', '•Enviado por móvil']",Vitoria
María,España,10.0,Escrito en 2 de agosto de 2024,La ubicación!,Nada! Estaba todo bien,"['•Viaje de ocio', '•Grupo', '•Apartamento de 1 dormitorio', '•Estancia de 1 noche', '•Enviado por móvil']",Vitoria
David,España,7.0,Escrito en 2 de agosto de 2024,"El diseño moderno, nuevo, limpio",El sofá cama fue horrible. No se sujetaba siendo inestable e incómodo. Me parece muy caro para lo que se ofrece,"['•Viaje de ocio', '•Familia con niños pequeños', '•Apartamento de 1 dormitorio', '•Estancia de 1 noche', '•Enviado por móvil']",Vitoria
Helena,España,7.0,Escrito en 1 de agosto de 2024,"Espacio. Camas muy cómodas. Climatización excelente. Baño amplio y cómodo con buena ducha. Cocina bien resuelta, con lavadora/secadora , lavavajillas y horno","Sofá muy ajado e incómodo. Como cama, aunque esta vez no lo he usado, es una tortura.
El menaje de cocina es muy justo","['•Viaje de ocio', '•Pareja', '•Apartamento de 1 dormitorio', '•Estancia de 6 noches', '•Enviado por móvil']",Vitoria
Beatrice,España,9.0,Escrito en 1 de agosto de 2024,"El apartamento es muy nuevo y cómodo, estupenda la situación. El check in automático funcionó perfectamente. Para 4 personas es una opción ideal.",Por decir algo: me hubiera gustado que las ventanas se pudieran abrir un poco más... Pero realmente todo es estupendo.,"['•Viaje de ocio', '•Familia con niños pequeños', '•Apartamento de 1 dormitorio', '•Estancia de 1 noche', '•Enviado por móvil']",Vitoria
Montse,España,8.0,Escrito en 30 de julio de 2024,Muy limpio y práctico,Podría facilitar cápsulas de café de cortesia.,"['•Viaje de ocio', '•Familia con niños pequeños', '•Apartamento de 1 dormitorio', '•Estancia de 1 noche', '•Enviado por móvil']",Vitoria
Leticia,España,10.0,Escrito en 30 de julio de 2024,"Iluminación, amplitud y equipamiento muy completo. Ideal para familias con bebés.",,"['•Familia con niños pequeños', '•Apartamento de 1 dormitorio', '•Estancia de 1 noche', '•Enviado por móvil']",Vitoria
Esther,España,10.0,Escrito en 30 de julio de 2024,"El apartamento está súper nuevo, limpio y totalmente acondicionado con todo tipo de detalles. Es super cómodo estar allí, te sientes en casa.","No es céntrico, pero está en una zona comercial buena y a 10 minutos del centro.","['•Viaje de ocio', '•Familia con niños pequeños', '•Apartamento de 1 dormitorio', '•Estancia de 2 noches', '•Enviado por móvil']",Vitoria
Ana,España,9.0,Escrito en 6 de julio de 2024,"Cómodo , tranquilo muy luminoso y bien comunicado",Nada,"['•Viaje de ocio', '•Familia con niños pequeños', '•Apartamento de 1 dormitorio', '•Estancia de 1 noche', '•Enviado por móvil']",Vitoria
Isabel,España,10.0,Escrito en 6 de julio de 2024,Me pareció un acierto el incluir en el pack de bienvenida 2 cápsulas de café. Por sugerir incluiría también 2 azucarillos. Las camas muy cómodas salvo el sofá cama.,"El sofá cama me causó inquietud. El chaval durmió con miedo a que se cerrase. No se si no supimos abrirlo bien o si tenía algún sistema de seguridad que evitase el cierre al moverse, la cuestión es que no durmió tranquilo por ese motivo.","['•Viaje de ocio', '•Grupo', '•Apartamento de 1 dormitorio', '•Estancia de 1 noche']",Vitoria
Alejandro,España,7.0,Escrito en 6 de julio de 2024,"El apartamento estaba bien equipado y la ubicación era muy buena, todo limpio 2 baños genial","El sofá-cama fue horrible después de 5 noches acabé con la espalda destrozada imposible descansar bien, una auténtica pena que con lo bien que está el apartamento se lo carguen por no gastar en un sofá en condiciones","['•Viaje de ocio', '•Familia con niños pequeños', '•Apartamento de 2 dormitorios', '•Estancia de 5 noches', '•Enviado por móvil']",Vitoria
Félix,España,9.0,Escrito en 5 de julio de 2024,"La privacidad, la tranquilidad y el sistema de acceso.",,"['•Viaje de negocios', '•Familia con niños pequeños', '•Apartamento de 1 dormitorio', '•Estancia de 2 noches', '•Enviado por móvil']",Vitoria
Cesca,España,10.0,Escrito en 4 de julio de 2024,La ubicación,No habia ni aceite ni sal,"['•Viaje de ocio', '•Familia con niños pequeños', '•Apartamento de 1 dormitorio', '•Estancia de 1 noche', '•Enviado por móvil']",Vitoria
Vanessa,España,8.0,Escrito en 4 de julio de 2024,Ubicacion,"Muy muy JUSTo el espacio para preparar desayuno…. Unico Enchufe para conectar cafetera peligroso …. O cafetera o torradora… 
Sofa cama malísimo para dormir","['•Viaje de ocio', '•Familia con niños pequeños', '•Apartamento de 2 dormitorios', '•Estancia de 2 noches', '•Enviado por móvil']",Vitoria
Martí,España,10.0,Escrito en 4 de julio de 2024,Nos encantó la distribución lo iluminado que era y la comodidad de estar en pleno centro.,"El sofá cama realmente incómoda el ambiente y la noche, es difícil de montar y se notan los muelles por la noche. Nosotros dormimos dos noches y aún nos turnamos … si alguien viene más días no lo recomiendo para nada!","['•Viaje de ocio', '•Grupo', '•Apartamento de 1 dormitorio', '•Estancia de 2 noches', '•Enviado por móvil']",Vitoria
Gonzalo,Chile,9.0,Escrito en 4 de julio de 2024,Espectacular el apart Hotel. No puedo hablar del personal porque es todo automatizado.,Mi esposa no pudo viajar por problemas con su pasaporte no pude cambiar las fechas pese a que tenían disponibilidad. Tuve que pagar de nuevo. Al margen de eso el hotel es espectacular.,"['•Viaje de ocio', '•Pareja', '•Apartamento Estudio', '•Estancia de 1 noche', '•Enviado por móvil']",Vitoria
Fe,España,9.0,Escrito en 3 de julio de 2024,"Todo estupendo, el apartamento muy cómodo, muy limpio, se puede aparcar cerca de forma gratuita.","No funcionaba el tostador, por decir una pega.Pero todo genial","['•Viaje de ocio', '•Familia con niños pequeños', '•Apartamento de 1 dormitorio', '•Estancia de 1 noche', '•Enviado por móvil']",Vitoria
Dr,España,8.0,Escrito en 3 de julio de 2024,Buena ubicación y cómodo.,No había ni unas cápsulas de cafe ni nada de bienvenida.,"['•Viaje de ocio', '•Grupo de amigos', '•Apartamento de 2 dormitorios', '•Estancia de 2 noches', '•Enviado por móvil']",Vitoria
M,España,10.0,Escrito en 2 de julio de 2024,Apartamento nuevo y perfectamente equipado.,Nada.,"['•Viaje de ocio', '•Familia con niños pequeños', '•Apartamento de 1 dormitorio', '•Estancia de 1 noche', '•Enviado por móvil']",Vitoria
Maricarmen,España,7.0,Escrito en 1 de julio de 2024,Agradable a la vista  por estar reformado,El sofá cama no muy cómodo pero sin más,"['•Viaje de ocio', '•Familia con niños pequeños', '•Apartamento de 1 dormitorio', '•Estancia de 1 noche', '•Enviado por móvil']",Vitoria
Maria,España,9.0,Escrito en 30 de junio de 2024,"La cama de la habitación preincipal muy cómoda, céntrico, muy práctico, limpio, muy nuevo, te dejan detallitos como 2 capsulas de cafe, agua, un set para limpiar los platos. La ducha muy bien. No hay recepcion te dan un codigo para entrar y habitaciones.Silencioso.","El sofà cama no es muy cómodo, está bien para una persona y  una noche pero para más igual se hace incomodo....","['•Viaje de ocio', '•Familia con niños pequeños', '•Apartamento de 1 dormitorio', '•Estancia de 2 noches', '•Enviado por móvil']",Vitoria
Manuel,España,9.0,Escrito en 30 de junio de 2024,"Limpieza, situación..",,"['•Viaje de ocio', '•Familia con niños pequeños', '•Apartamento de 1 dormitorio', '•Estancia de 2 noches', '•Enviado por móvil']",Vitoria
Elena,España,10.0,Escrito en 27 de junio de 2024,Apartamento con todo lo necesario. Colchones cómodos y grandes toallas. Ducha muy bien. Parking no muy caro. Ubicación perfecta tanto para el centro como para el Azkena Rock,Eché de menos la terraza que entendí que íbamos a tener,"['•Viaje de ocio', '•Grupo de amigos', '•Apartamento de 1 dormitorio', '•Estancia de 3 noches', '•Enviado por móvil']",Vitoria
Fátima,Austria,10.0,Escrito en 26 de junio de 2024,"Precioso, sencillo, cómodo, céntrico",,"['•Viaje de ocio', '•Familia con niños pequeños', '•Apartamento de 1 dormitorio', '•Estancia de 1 noche', '•Enviado por móvil']",Vitoria
Saida,España,7.0,Escrito en 26 de junio de 2024,La ubicación y la limpieza,"El menaje no era muy bueno, faltaban platos pequeños y la tostadora no funcionaba bien","['•Viaje de ocio', '•Familia con niños pequeños', '•Apartamento de 1 dormitorio', '•Estancia de 1 noche', '•Enviado por móvil']",Vitoria
Ada,España,7.0,Escrito en 24 de junio de 2024,"Muy buena ubicación y limpieza, por regla general. El apartamento es bastante completo y la recepción online es súper atenta.","Los servicios de “early check in” y “late check out” son un timo.
Quisimos entrar antes y contratar el servicio y no nos dieron oportunidad para entrar hasta 10 minutos antes de la entrada oficial y nos lo querían cobrar. Y la salida más tarde, prácticamente igual.","['•Viaje de ocio', '•Pareja', '•Apartamento de 1 dormitorio', '•Estancia de 3 noches', '•Enviado por móvil']",Vitoria
Manuel,España,10.0,Escrito en 22 de junio de 2024,"Ubicación, y las apartamentos.",El check in es todo vía web.. es tedioso introducir todo lo que te piden. Por suerte que una chica en recepción ( no está todo el tiempo ahí) nos ayudó.,"['•Viaje de ocio', '•Familia con niños pequeños', '•Apartamento de 2 dormitorios', '•Estancia de 2 noches', '•Enviado por móvil']",Vitoria
Patricia,España,8.0,Escrito en 20 de junio de 2024,"La ubicación, distribución y comodidad.",No teníamos aire y hacía mucho calor y las ventanas no se podían abrir. No teníamos estropajos y jabón o alguna pastilla para dejar el desayuno fregado. En otros sitios que hemos estado dejan un paquete de cortesía para 1 uso y nos hubiera gustado tenerlo para dejar todo bien.,"['•Viaje de ocio', '•Familia con niños pequeños', '•Apartamento de 2 dormitorios', '•Estancia de 1 noche', '•Enviado por móvil']",Vitoria
Syra,España,10.0,Escrito en 20 de junio de 2024,"La decoración y la comodidad La limpieza muy buena Y la ubicación genial","Nada, todo me gustó","['•Viaje de ocio', '•Grupo', '•Apartamento de 1 dormitorio', '•Estancia de 1 noche', '•Enviado por móvil']",Vitoria
Monica,España,10.0,Escrito en 20 de junio de 2024,Todo,,"['•Familia con niños pequeños', '•Apartamento de 1 dormitorio', '•Estancia de 1 noche', '•Enviado por móvil']",Vitoria
Marta,España,10.0,Escrito en 17 de junio de 2024,,Que no hay recepción. No hay trato humano,"['•Viaje de ocio', '•Grupo', '•Apartamento Estudio', '•Estancia de 1 noche', '•Enviado por móvil']",Vitoria
Evitadinamita,España,8.0,Escrito en 16 de junio de 2024,"Ubicación, tamaño de habitación, personal super amable. Tuvimos dos consultas y nos las solucionaron enseguida.","Mucho de tiempo de espera en los ascensores, por poner un pero.","['•Viaje de ocio', '•Familia con niños pequeños', '•Apartamento de 1 dormitorio', '•Estancia de 2 noches', '•Enviado por móvil']",Vitoria
Lopez,España,9.0,Escrito en 16 de junio de 2024,La ubicación del sitio.,A los alrededores no hay mucho sitio para aparcar y el parking que ofrece el hotel resulta caro.,"['•Viaje de ocio', '•Grupo', '•Apartamento de 1 dormitorio', '•Estancia de 2 noches']",Vitoria
Alicia,España,8.0,Escrito en 2 de mayo de 2024,"Estaba todo muy limpio y los apartamentos bien insonorizados. Muy próximo al centro, pero sin jaleo. Buen secador en el baño. Con un supermercado Día al lado","Puesto que no hay personal (que particularmente ya no me gusta este hecho), el sistema de check in debería ser algo más sencillo. Había un olor muy fuerte a tubería en el baño. Se echó en falta amenities.","['•Viaje de ocio', '•Grupo', '•Apartamento de 1 dormitorio', '•Estancia de 2 noches', '•Enviado por móvil']",Vitoria
Daniel,España,9.0,Escrito en 29 de abril de 2024,"Apartamento excepcional totalmente equipado, moderno,limpio","Que tienes que dejar la habitación a las 11,y la chica de la limpieza se pone a hacer ruido a las 9 de la mañana sin respetar el sueño y descanso de los demás","['•Viaje de ocio', '•Familia con niños pequeños', '•Apartamento Estudio', '•Estancia de 1 noche', '•Enviado por móvil']",Vitoria
María,España,8.0,Escrito en 29 de abril de 2024,Tiene una muy buena situación para ir al casco histórico andando.,En nuestro apartamento el menaje era escaso y la tostadora no funcionaba,"['•Familia con niños pequeños', '•Apartamento de 1 dormitorio', '•Estancia de 3 noches', '•Enviado por móvil']",Vitoria
Enrique,España,9.0,Escrito en 29 de abril de 2024,"Muy buena ubicación, limpio y luminoso. Baño muy espacioso. Atención telefónica y por WhatsApp rápida y educada.","En las fotos aparece un horno, se nos dijo el apartamento tenía horno, y luego no fue así.
El sofá cama no es nada cómodo.","['•Viaje de ocio', '•Familia con niños pequeños', '•Apartamento de 1 dormitorio', '•Estancia de 2 noches', '•Enviado por móvil']",Vitoria
Milagros,España,10.0,Escrito en 28 de abril de 2024,La limpieza y el personal estuvo pendiente de todo.,El sofa cama no era muy comodo.,"['•Viaje de ocio', '•Familia con niños pequeños', '•Apartamento de 1 dormitorio', '•Estancia de 2 noches', '•Enviado por móvil']",Vitoria
Marisa,España,10.0,Escrito en 27 de abril de 2024,"Siempre que vamos a Vitoria-Gasteiz nos quedamos allí, así que, evidentemente, nos encanta. Además ya han incluido trapo de cocina en el kit de limpieza 😋",,"['•Viaje de ocio', '•Familia con niños pequeños', '•Apartamento de 1 dormitorio', '•Estancia de 3 noches', '•Enviado por móvil']",Vitoria
Jose,España,8.0,Escrito en 27 de abril de 2024,La amplitud de la habitación,El sofá cama.,"['•Viaje de ocio', '•Familia con niños pequeños', '•Apartamento de 1 dormitorio', '•Estancia de 1 noche', '•Enviado por móvil']",Vitoria
Marcos,España,9.0,Escrito en 24 de abril de 2024,"Muy bien ubicado a 5 minutos andando del centro de Vitoria y con el tranvía no es necesario utilizar el coche. Justo debajo de los apartamentos hay un supermercado DIA y en la calle trasera un Telepizza, por lo que es fácil organizar comidas y cenas en el apartamento. Menaje de cocina completo para 6: cubiertos, platos, vasos, copas, etc. El desayuno incluido en una cafetería enfrente es cómodo si no conoces la zona, pero poco variado, vimos en la zona otras cafeterías por mejor precio y variedad. En los alrededores hay varios bares de pintxos típicos (Kanijo, Point, Kotarro...)","Habitación de 2 dormitorios y 2 baños para 5 personas, pero una de las habitaciones era individual y había que convertir el sofá del salón en cama, y no tenía almohadas.","['•Viaje de ocio', '•Familia con niños pequeños', '•Apartamento de 2 dormitorios', '•Estancia de 1 noche']",Vitoria
Ana,España,10.0,Escrito en 24 de abril de 2024,La ubicación resulta muy cómoda tanto para visitar la ciudad como para hacer rutas por poblaciones cercanas.,"En las ventanas hay cortinas para evitar que entre la luz solar pero no hay cortinas menos tupidas que te permitan tener privacidad pero poder aprovechar la luz solar, así que siempre debes encender la luz de las lámparas.","['•Viaje de ocio', '•Pareja', '•Apartamento Estudio', '•Estancia de 3 noches']",Vitoria
Isabel,España,10.0,Escrito en 23 de abril de 2024,"Instalación, ubicación y había de todo lo que pudiera hacer falta",No vimos a una sola persona en ningún momento,"['•Viaje de ocio', '•Familia con niños pequeños', '•Apartamento de 1 dormitorio', '•Estancia de 1 noche', '•Enviado por móvil']",Vitoria
Isabel,España,8.0,Escrito en 23 de abril de 2024,El concepto,"Hora de check in muy tarde, con respecto a un hotel","['•Viaje de ocio', '•Familia con niños pequeños', '•Apartamento Estudio', '•Estancia de 2 noches', '•Enviado por móvil']",Vitoria
Carlos,España,10.0,Escrito en 22 de abril de 2024,.,.,"['•Viaje de ocio', '•Familia con niños pequeños', '•Apartamento de 1 dormitorio', '•Estancia de 1 noche']",Vitoria
Eva,España,9.0,Escrito en 22 de abril de 2024,"Ubicación excelente y estaba todo muy limpio y con detallitos como agua, café y artículos de limpieza.",,"['•Viaje de ocio', '•Grupo', '•Apartamento de 1 dormitorio', '•Estancia de 4 noches']",Vitoria
Mercedes,España,10.0,Escrito en 21 de abril de 2024,"Está en lugar excepcional, repetiremos",,"['•Viaje de ocio', '•Grupo de amigos', '•Apartamento de 1 dormitorio', '•Estancia de 1 noche', '•Enviado por móvil']",Vitoria
Ainara,España,9.0,Escrito en 19 de abril de 2024,La ubicación y la comodidad,El fregadero atascado,"['•Viaje de negocios', '•Familia con niños pequeños', '•Apartamento Estudio', '•Estancia de 5 noches', '•Enviado por móvil']",Vitoria
Ignacio,España,9.0,Escrito en 16 de abril de 2024,"La ubicación, el silencio y el confort.",El no encontrar personal en la entrada y tener que hacerlo todo de forma impersonal.,"['•Viaje de negocios', '•Persona que viaja sola', '•Apartamento de 1 dormitorio', '•Estancia de 3 noches']",Vitoria
Gheorghita,España,10.0,Escrito en 16 de abril de 2024,Ubicación y limpieza,Me está gustando todo por esto lo repetimos,"['•Viaje de negocios', '•Grupo de amigos', '•Apartamento de 1 dormitorio', '•Estancia de 4 noches', '•Enviado por móvil']",Vitoria
Eva,España,9.0,Escrito en 8 de abril de 2024,"La cama era muy cómoda. En la cama de matrimonio hay 4 almohadas, 2 para esa cama y 2 para el sofá -cama, 2 de ellos eran muy cómodos.Esta muy cerca del centro. Los baños son amplios. Tenia lo necesario para pasar un buen fin de semana.","Lo único, tiene una lampara encima de una mesa, con la que nos golpeamos varias veces mas de una de nosotras.El almohadón de la cama individual y 2 de los de la cama de matrimonio, eran un poquito blandos para mi gusto.","['•Viaje de ocio', '•Grupo', '•Apartamento de 2 dormitorios', '•Estancia de 2 noches']",Vitoria
David,España,9.0,Escrito en 8 de abril de 2024,"Apartamento cómodo, situado cerca del casco antiguo y totalmente equipado, con instalaciones modernas. Proceso check-in fácil y rápido.. Aparcamiento gratuito en las inmediaciones.",,"['•Viaje de ocio', '•Familia con niños pequeños', '•Apartamento de 1 dormitorio', '•Estancia de 2 noches', '•Enviado por móvil']",Vitoria
Nagorem,España,8.0,Escrito en 7 de abril de 2024,Camas,"No había pasta dientes , cambio de toallas  o aspirar habitacion","['•Viaje de ocio', '•Pareja', '•Apartamento de 1 dormitorio', '•Estancia de 3 noches', '•Enviado por móvil']",Vitoria
Virginia,España,8.0,Escrito en 6 de abril de 2024,La ubicación,La limpieza y el sofá cama,"['•Viaje de ocio', '•Grupo', '•Apartamento de 1 dormitorio', '•Estancia de 2 noches', '•Enviado por móvil']",Vitoria
José,España,8.0,Escrito en 6 de abril de 2024,No lo tenía incluido,"El sofá cama, no se podía dormir en el tuvimos que poner el colchón en el suelo","['•Viaje de ocio', '•Familia con niños pequeños', '•Apartamento de 1 dormitorio', '•Estancia de 3 noches', '•Enviado por móvil']",Vitoria
David,España,9.0,Escrito en 5 de abril de 2024,El precio y la ubicación muy buena,Al entrar no olía muy bien la verdad para ser un edificio bastante nuevo pero bueno ventilamos y se fue el olor,"['•Viaje de ocio', '•Familia con niños pequeños', '•Apartamento con terraza', '•Estancia de 1 noche', '•Enviado por móvil']",Vitoria
Faust,España,8.0,Escrito en 4 de abril de 2024,,Agua caliente de la ducha tarda mucho en llegar,"['•Viaje de negocios', '•Familia con niños pequeños', '•Apartamento de 1 dormitorio', '•Estancia de 1 noche', '•Enviado por móvil']",Vitoria
Carl,España,9.0,Escrito en 4 de abril de 2024,Nuevo y limpio.,,"['•Viaje de negocios', '•Grupo de amigos', '•Apartamento de 2 dormitorios', '•Estancia de 3 noches', '•Enviado por móvil']",Vitoria
Arantxa,España,10.0,Escrito en 5 de marzo de 2024,"Un apartamento nuevo, limpio, moderno y con un gusto excepcional en la decoración, cuidando los detalles en todo momento, instalaciones muy cuidadas y limpias, ubicación perfecta, código para entrar tanto en el edificio, parking y puerta del apartamento. Una maravilla, de 10.",,"['•Viaje de ocio', '•Familia con niños pequeños', '•Apartamento de 1 dormitorio', '•Estancia de 1 noche']",Vitoria
Kepa,España,9.0,Escrito en 5 de marzo de 2024,La ubicación,,"['•Viaje de ocio', '•Familia con niños pequeños', '•Apartamento de 1 dormitorio', '•Estancia de 1 noche', '•Enviado por móvil']",Vitoria
Julia,España,9.0,Escrito en 4 de marzo de 2024,,No tiene consigna para dejar las maletas,"['•Viaje de ocio', '•Grupo', '•Apartamento de 2 dormitorios', '•Estancia de 2 noches', '•Enviado por móvil']",Vitoria
Asuncion,España,10.0,Escrito en 4 de marzo de 2024,"Ubicación perfecta, apartamento amplio, muy limpio y cómodo y a buen precio. Totalmente recomendable",,"['•Viaje de ocio', '•Pareja', '•Apartamento de 1 dormitorio', '•Estancia de 2 noches']",Vitoria
Itxaso,España,10.0,Escrito en 4 de marzo de 2024,Muy completo. Tiene de todo,,"['•Viaje de ocio', '•Familia con niños pequeños', '•Apartamento de 1 dormitorio', '•Estancia de 2 noches', '•Enviado por móvil']",Vitoria
Sanchez,España,10.0,Escrito en 4 de marzo de 2024,"Su limpieza, estaba todo muy nuevo y su ubicación.Detalle de bienvenida con agua y un snack genial",No tengo ninguna pega.,"['•Viaje de ocio', '•Familia con niños pequeños', '•Apartamento de 1 dormitorio', '•Estancia de 1 noche', '•Enviado por móvil']",Vitoria
Ana,España,9.0,Escrito en 4 de marzo de 2024,"Apartamento nuevo, limpio, bien ubicado. En 10 minutos estás en el centro de Vitoria y no tuvimos problemas para aparcar","No había edredón para el sofá cama. Pero llamamos y nos lo trajeron.
No pudimos configurar la app para entrar a la habitación.
Faltaba algo más de iluminación en el espejo del baño","['•Viaje de ocio', '•Familia con niños pequeños', '•Apartamento de 1 dormitorio', '•Estancia de 1 noche', '•Enviado por móvil']",Vitoria
Cristina,España,8.0,Escrito en 4 de marzo de 2024,El apartamento está muy bien ubicado y es amplio y limpio.,El sofa cama es muy incómodo.,"['•Viaje de ocio', '•Grupo de amigos', '•Apartamento de 2 dormitorios', '•Estancia de 1 noche', '•Enviado por móvil']",Vitoria
Natalia,España,8.0,Escrito en 4 de marzo de 2024,"Limpieza 
Decoración
Toallas","Sofá cama incómodo 
No hay personal en todo el hotel.totañmente digitalizado","['•Viaje de ocio', '•Familia con niños pequeños', '•Apartamento de 1 dormitorio', '•Estancia de 2 noches', '•Enviado por móvil']",Vitoria
Montse,España,10.0,Escrito en 3 de marzo de 2024,"Todo!!! El sitio genial!!! Todo detalle, muy bonito decorado. Genial.","El código para entrar, complicado y no había manera, menos mal q estaba una chica.","['•Viaje de ocio', '•Familia con niños pequeños', '•Apartamento de 1 dormitorio', '•Estancia de 1 noche', '•Enviado por móvil']",Vitoria
Sandra,España,10.0,Escrito en 3 de marzo de 2024,"Alojamiento moderno y reformado, buena ubicación para ir andando al centro de la ciudad","No tiene cafetería, solo una máquina de vending.
A pesar de tener una hora de check out, el personal de limpieza quiso acceder a la habitación a las 9 de la mañana.","['•Viaje de ocio', '•Grupo', '•Apartamento de 1 dormitorio', '•Estancia de 2 noches', '•Enviado por móvil']",Vitoria
Ane,España,9.0,Escrito en 2 de marzo de 2024,Está muy bien ubicado. Es muy moderno. Está muy nuevo y tiene parking directo,"Por decir algo, que las plazas de parking son un poco pequeñas de largo","['•Viaje de negocios', '•Persona que viaja sola', '•Apartamento de 1 dormitorio', '•Estancia de 1 noche', '•Enviado por móvil']",Vitoria
Natalia,España,10.0,Escrito en 2 de marzo de 2024,"Alojamiento cómodo, muy bien ubicado con todo lo necesario. Nos sorprendió gratamente",Que lo había Nadie a quien preguntar nada todo online. Pero en realidad no tuvimos ningún problema.,"['•Viaje de ocio', '•Familia con niños pequeños', '•Apartamento de 1 dormitorio', '•Estancia de 1 noche', '•Enviado por móvil']",Vitoria
Jose,España,10.0,Escrito en 2 de marzo de 2024,Orden y limpieza,,"['•Familia con niños pequeños', '•Apartamento de 2 dormitorios', '•Estancia de 6 noches', '•Enviado por móvil']",Vitoria
Jose,España,10.0,Escrito en 2 de marzo de 2024,Limpieza ordenado y cerca del centro,,"['•Familia con niños pequeños', '•Apartamento de 2 dormitorios', '•Estancia de 9 noches', '•Enviado por móvil']",Vitoria
Jose,España,9.0,Escrito en 2 de marzo de 2024,"Nos pusieron en una habitación superior porque había disponibilidad sin cobrarnos más. Todo el hotel cuenta con un olor muy agradable. Te dan un kit de bienvenida con unos cafés, agua y una bolsa de patatas. La cocina está totalmente equipada. Tiene un supermercado justo al lado de la entrada. El apartamento en general es muy acogedor. El baño no tiene bidet pero cuenta con ducha higiénica para el inodoro.",No había consigna para dejar las maletas. La cama no era cómoda y el edredón estaba manchado.,"['•Viaje de ocio', '•Pareja', '•Apartamento Estudio', '•Estancia de 2 noches']",Vitoria
Miguel,España,9.0,Escrito en 1 de marzo de 2024,"Era muy cómodo, bien situado y estaba limpio en general. La cama bastante cómoda.","La pared, ya que tenía manchas.","['•Viaje de ocio', '•Pareja', '•Apartamento Estudio', '•Estancia de 2 noches', '•Enviado por móvil']",Vitoria
Eva,España,10.0,Escrito en 29 de febrero de 2024,La limpieza y la comodidad fueron lo mejor del apartamento. Aparte todo está digitalizado haciendo la entrada y salida más ágil y fácil para todos.,,"['•Viaje de ocio', '•Pareja', '•Apartamento de 1 dormitorio', '•Estancia de 2 noches']",Vitoria
Abio,España,9.0,Escrito en 29 de febrero de 2024,Muy bonito y limpio,,"['•Viaje de ocio', '•Grupo', '•Apartamento de 1 dormitorio', '•Estancia de 2 noches', '•Enviado por móvil']",Vitoria
Maite,España,10.0,Escrito en 29 de febrero de 2024,"Estaba limpio, la decoración es genial y el detalle de bienvenida nos encantó!",,"['•Viaje de ocio', '•Grupo de amigos', '•Apartamento de 1 dormitorio', '•Estancia de 2 noches', '•Enviado por móvil']",Vitoria
Carla,España,9.0,Escrito en 27 de febrero de 2024,Apartamento muy bonito y nuevo,Comodidad de la cama,"['•Viaje de ocio', '•Pareja', '•Apartamento Estudio', '•Estancia de 1 noche', '•Enviado por móvil']",Vitoria
Ismary,España,10.0,Escrito en 27 de febrero de 2024,La limpieza y el comfort de la habitación,"Que no hay nadie en la recepción, pero la atención telefónica fue muy buena","['•Viaje de ocio', '•Familia con niños pequeños', '•Apartamento de 1 dormitorio', '•Estancia de 1 noche']",Vitoria
Arce,Argentina,10.0,Escrito en 27 de febrero de 2024,Muy lindos apartamentos,,"['•Viaje de negocios', '•Pareja', '•Apartamento de 1 dormitorio', '•Estancia de 5 noches', '•Enviado por móvil']",Vitoria
Anton,España,10.0,Escrito en 26 de febrero de 2024,"Situación, limpeza, ammenities, temperatura, amplitude",A billa da pula do baño estaba solta.,"['•Viaje de ocio', '•Familia con niños pequeños', '•Apartamento de 1 dormitorio', '•Estancia de 1 noche', '•Enviado por móvil']",Vitoria
Esteban,España,8.0,Escrito en 26 de febrero de 2024,"El apartamento era muy cómodo.
La cocina muy completa, con todo tipo de electrodomésticos, muy nuevos y bonitos.
Además les hice una petición, y la cumplieron.","Que todo es por el móvil, no había ningún trabajador en recepción, todo funciona por correos.
Contratamos el desayuno, y no sabíamos dónde era, menos mal que vimos a una trabajadora del hotel, en un despacho en la entrada, y por casualidad, y muy amablemente nos informó.","['•Viaje de ocio', '•Familia con niños pequeños', '•Apartamento Estudio', '•Estancia de 2 noches', '•Enviado por móvil']",Vitoria
Blas,España,10.0,Escrito en 28 de enero de 2024,"Apartamento amplio, cálido moderno de instalaciones, muy cómodo y bien ubicado.
Aportaba una camita, comedero y bebedero para el perro",,"['•Viaje de ocio', '•Familia con niños pequeños', '•Apartamento de 1 dormitorio', '•Estancia de 1 noche', '•Enviado por móvil']",Vitoria
Azabalatxa,España,7.0,Escrito en 27 de enero de 2024,La ubicación era la necesaria para lo que queríamos y el apartamento estaba bien.,,"['•Familia con niños pequeños', '•Apartamento Estudio', '•Estancia de 1 noche', '•Enviado por móvil']",Vitoria
Veronica,España,10.0,Escrito en 26 de enero de 2024,Muy confortable y espacioso,No tiene consiga a pesar de estar señalizada,"['•Viaje de ocio', '•Grupo de amigos', '•Apartamento de 1 dormitorio', '•Estancia de 3 noches', '•Enviado por móvil']",Vitoria
Ines,España,9.0,Escrito en 26 de enero de 2024,Todo perfecto,,"['•Viaje de ocio', '•Pareja', '•Apartamento Estudio', '•Estancia de 3 noches', '•Enviado por móvil']",Vitoria
Herrero,España,9.0,Escrito en 25 de enero de 2024,"Todo estaba limpio y en muy buenas condiciones, además de muy bien situado",Nada,"['•Viaje de ocio', '•Familia con niños pequeños', '•Apartamento de 2 dormitorios', '•Estancia de 2 noches', '•Enviado por móvil']",Vitoria
Raquel,España,7.0,Escrito en 24 de enero de 2024,"La ducha, una maravilla. La habitación muy cómoda. El check in facilísimo",Hacia mucho calor en el apartamento.,"['•Viaje de ocio', '•Familia con niños pequeños', '•Apartamento con terraza', '•Estancia de 1 noche', '•Enviado por móvil']",Vitoria
Begoña,España,8.0,Escrito en 24 de enero de 2024,"Ubicación a 12 minutos del centro, sofá muy cómodo, instalación muy limpia,cuarto de baño amplio.","El sistema para el checking es poco cómodo cuando vas de viaje, porque a través de su web debes de hacerlo así como el pago, aunque es verdad que si tienes algún problema telefónicamente te lo resuelven. Los utensilios de la cocina son escasos. Hay lavavajillas pero no proporcionan el líquido necesario,ni estropajos, ni galletas, ni papel de cocina. Hay cafetera de cápsulas pero éstas las debes de comprar tú, llamé para saber si podían proporcionar una cafetera italiana y me dijeron que no y que las cápsulas las podía adquirir en el super( qué amabilidad...) En la mayoría de apartamentos a los que he ido normalmente te dan un desayuno, leche, café, o fruta.. aquí no.","['•Familia con niños pequeños', '•Apartamento de 1 dormitorio', '•Estancia de 2 noches', '•Enviado por móvil']",Vitoria
Ángel,España,10.0,Escrito en 23 de enero de 2024,"Decoración, Ducha , cama  y ubicación",Nada,"['•Viaje de ocio', '•Familia con niños pequeños', '•Apartamento de 1 dormitorio', '•Estancia de 1 noche', '•Enviado por móvil']",Vitoria
Ildefonsa,España,10.0,Escrito en 22 de enero de 2024,"Me gustó la ubicación , limpieza y confort recomendable 100x 100","Que sea todo digital en ninguna hora en dos días de mi estancia vi una recepcionista aunque no me ha hecho falta ,pero habrá persona que lo necesita.","['•Familia con niños pequeños', '•Apartamento de 1 dormitorio', '•Estancia de 2 noches', '•Enviado por móvil']",Vitoria
Sharoyantonio,España,10.0,Escrito en 22 de enero de 2024,Museos,,"['•Viaje de ocio', '•Pareja', '•Apartamento de 1 dormitorio', '•Estancia de 7 noches', '•Enviado por móvil']",Vitoria
Irene,España,10.0,Escrito en 22 de enero de 2024,"En general el apartamento es muy cómodo. El baño y la ducha genial. Hay toallas y secador. La cocina equipada con lo necesario. El sofá cama no era lo más cómodo, pero se dormía bien. Para nosotros las almohadas muy bien.
Tuvimos que ampliar la reserva un día más y después de varias llamadas todo se resolvió sin problema. Muy amables. 
Volveríamos sin duda.","Hacía mucho calor en el apartamento. Quitamos la calefacción, pero aún así, por la noche se notaba.","['•Viaje de ocio', '•Grupo de amigos', '•Apartamento de 1 dormitorio', '•Estancia de 2 noches', '•Enviado por móvil']",Vitoria
Massaccesi,España,10.0,Escrito en 22 de enero de 2024,Todo muy bien.,,"['•Viaje de negocios', '•Familia con niños pequeños', '•Apartamento de 1 dormitorio', '•Estancia de 1 noche', '•Enviado por móvil']",Vitoria
Maria,España,9.0,Escrito en 22 de enero de 2024,El diseño y la equipación del apartamento,"Eramos tres pero el apartamento
Se preparó para dos, tuvimos que pedir edredón para la cama del sillón y solo dejaron dos juegos de toallas","['•Viaje de ocio', '•Grupo de amigos', '•Apartamento de 1 dormitorio', '•Estancia de 1 noche', '•Enviado por móvil']",Vitoria
Raul,España,9.0,Escrito en 22 de enero de 2024,Práctico y espacioso,El sofá cama podría ser más cómodo,"['•Viaje de ocio', '•Familia con niños pequeños', '•Apartamento de 1 dormitorio', '•Estancia de 1 noche', '•Enviado por móvil']",Vitoria
Guillermo,España,10.0,Escrito en 21 de enero de 2024,Un alojamiento excelente.,,"['•Viaje de negocios', '•Persona que viaja sola', '•Apartamento de 1 dormitorio', '•Estancia de 2 noches']",Vitoria
Osane,España,9.0,Escrito en 21 de enero de 2024,El apartamento estaba precioso … limpio y con todo los utensilios de cocina necesarios.La ubicación perfecta y con muchos sitios para aparcar en la calle de forma gratuita.La cama muy cómoda y con dos almohadas para mayor comodidad.,"Si tengo que decir algo que no nos gusto es la hora de salida de los apartamentos,las 11 es una hora muy temprana ya que muchos de los que nos alojamos disfrutamos de la noche de la ciudad y resulta muy temprano","['•Viaje de ocio', '•Pareja', '•Apartamento de 1 dormitorio', '•Estancia de 1 noche', '•Enviado por móvil']",Vitoria
Jose,España,9.0,Escrito en 20 de enero de 2024,Todos bien,La cama sofa no muy confortable,"['•Viaje de ocio', '•Familia con niños pequeños', '•Apartamento de 1 dormitorio', '•Estancia de 1 noche', '•Enviado por móvil']",Vitoria
Roberto,España,10.0,Escrito en 20 de enero de 2024,"Lo limpio y ordenado que estaba, la ubicación y distancia al centro histórico.",,"['•Viaje de ocio', '•Pareja', '•Apartamento de 1 dormitorio', '•Estancia de 1 noche', '•Enviado por móvil']",Vitoria
Alejandro,España,8.0,Escrito en 19 de enero de 2024,Buena ubicación y amplitud,Se echa de menos personal físico.,"['•Viaje de ocio', '•Persona que viaja sola', '•Apartamento de 1 dormitorio', '•Estancia de 1 noche', '•Enviado por móvil']",Vitoria
Francisco,España,9.0,Escrito en 19 de enero de 2024,"Las instalaciones nuevas y confortables, todo muy limpio",El tramite de la llave con código o aplicación. Depender del móvil para entrar en la habitación,"['•Viaje de negocios', '•Persona que viaja sola', '•Apartamento Estudio', '•Estancia de 2 noches', '•Enviado por móvil']",Vitoria
Nuria,España,7.0,Escrito en 18 de enero de 2024,Su practicidad muy cómodo,Que no hubiera unos sobrecitos de café y azúcar el resto todo perfecto,"['•Viaje de ocio', '•Familia con niños pequeños', '•Apartamento de 1 dormitorio', '•Estancia de 2 noches', '•Enviado por móvil']",Vitoria
Jesica8,España,8.0,Escrito en 17 de enero de 2024,La ubicación y la limpieza,La cocina podría ser más completa,"['•Viaje de ocio', '•Familia con niños pequeños', '•Apartamento de 1 dormitorio', '•Estancia de 1 noche', '•Enviado por móvil']",Vitoria
Violeta,Argentina,10.0,Escrito en 17 de enero de 2024,"Impecable todo. Desde la entrada, el personal y el piso. Super recomendable",,"['•Viaje de ocio', '•Familia con niños pequeños', '•Apartamento de 1 dormitorio', '•Estancia de 1 noche', '•Enviado por móvil']",Vitoria
Luciamedina84,España,10.0,Escrito en 16 de enero de 2024,"Es un apartamento con todo lo necesario para estar cómodo. La ubicación es inmejorable, cruzas la calle y estás en el centro.
Justo pegado tienes un supermercado.
Es un apartamento super grande.",La cafetera era Nespresso y te cobran por darte cápsulas. Me gustaría que los apartamentos tengan cafeteras tipo italiana.,"['•Viaje de ocio', '•Pareja', '•Apartamento de 1 dormitorio', '•Estancia de 1 noche', '•Enviado por móvil']",Vitoria
Maria,España,10.0,Escrito en 16 de enero de 2024,Todo perfecto,"Sería un detalle dejar, al menos, dos cápsulas para la cafetera nesspreso, sobre todo si solo se va a estar una noche.","['•Viaje de ocio', '•Familia con niños pequeños', '•Apartamento de 1 dormitorio', '•Estancia de 1 noche', '•Enviado por móvil']",Vitoria
Bárbara,España,7.0,Escrito en 13 de diciembre de 2023,"Está bien situado, es amplio, y tiene todos los utensilios necesarios aunque para un día no probamos muchos de ellos.","Habíamos hecho la reserva para 3 personas pero para la persona que estaba en el sofá cama, no había edredón. Por suerte ese día había una chica trabajando y se lo pedimos y cuando volvimos de pasear nos lo había dejado en la habitación. El agua de la ducha salió un momento tibia pero luego salió completamente helada.","['•Viaje de ocio', '•Grupo', '•Apartamento de 1 dormitorio', '•Estancia de 1 noche']",Vitoria
Jaime,España,9.0,Escrito en 13 de diciembre de 2023,Buen desayuno en una cafetería muy próxima,"El sofá cama no fuimos capaces de colocarlo adecuadamente, pese a las explicaciones de un empleado, y al final echamos el coclhón al suelo y dormimos muy bien así,El sistema de climatización no funcionaba muy bien y la temperatura era a ratos excesiva, de casi 26ºC en diciembre, pese a poner el termostato en 21ºC","['•Viaje de ocio', '•Familia con niños pequeños', '•Apartamento de 1 dormitorio', '•Estancia de 2 noches']",Vitoria
Lucía,España,9.0,Escrito en 12 de diciembre de 2023,"La ubicación muy buena, cerca del centro.
Las instalaciones muy bien equipado.  Muy cómodo para ir con niños. Estaba muy limpio",Éramos 4 personas y sólo había 2 toallas de baño (supongo q con los bebés no cuentan) y no había nadie por la noche en recepción para pedirle,"['•Viaje de ocio', '•Familia con niños pequeños', '•Apartamento de 1 dormitorio', '•Estancia de 2 noches', '•Enviado por móvil']",Vitoria
Igor,España,10.0,Escrito en 12 de diciembre de 2023,Localizacion,Ruido,"['•Viaje de negocios', '•Familia con niños pequeños', '•Apartamento de 1 dormitorio', '•Estancia de 9 noches', '•Enviado por móvil']",Vitoria
Miguel,España,9.0,Escrito en 11 de diciembre de 2023,La cocina estaba muy bien equipada. En general todo estaba muy bien en la habitación. Resultaba fácil aparcar en los alrededores,"la ducha era abierta y no tenia ni plato ni mampara, por lo que era fácil que se mojara todo el baño","['•Viaje de ocio', '•Pareja', '•Apartamento Estudio', '•Estancia de 4 noches', '•Enviado por móvil']",Vitoria
Raquel,España,7.0,Escrito en 10 de diciembre de 2023,"Ubicación, instalaciones","El sofá cama es muy malo, no se puede dormir se notan los hierros 
Las almohadas de la cama demasiado blandas, parece que no tienes almohada","['•Viaje de ocio', '•Familia con niños pequeños', '•Apartamento de 1 dormitorio', '•Estancia de 3 noches', '•Enviado por móvil']",Vitoria
Sara,España,10.0,Escrito en 10 de diciembre de 2023,"Ubicación, limpieza, modernidad, economización muy buena del espacio, equipamiento, y comodidad, fácil check in y check out.",Me gustó todo,"['•Viaje de ocio', '•Grupo', '•Apartamento de 2 dormitorios', '•Estancia de 5 noches', '•Enviado por móvil']",Vitoria
Marta,España,8.0,Escrito en 10 de diciembre de 2023,Totalmente nuevo y la ubicación perfecta.,El sofá cama muy incómodo!!!,"['•Viaje de ocio', '•Familia con niños pequeños', '•Apartamento de 1 dormitorio', '•Estancia de 1 noche', '•Enviado por móvil']",Vitoria
Elena,España,10.0,Escrito en 10 de diciembre de 2023,Decoración y ubicación muy bien equipado.,Que no tuviera terraza,"['•Viaje de ocio', '•Grupo de amigos', '•Apartamento Estudio', '•Estancia de 4 noches', '•Enviado por móvil']",Vitoria
Silvia,España,8.0,Escrito en 10 de diciembre de 2023,La ubicación,"No conseguimos hablar con nadie en la recepción. 
El servicio de limpieza diario, no estaba incluido en el precio.
Para desayunar hay que salir fuera del edificio.","['•Viaje de ocio', '•Familia con niños pequeños', '•Apartamento de 1 dormitorio', '•Estancia de 2 noches', '•Enviado por móvil']",Vitoria
Casdur,España,10.0,Escrito en 10 de diciembre de 2023,"La ubicación. El apartamento muy completo, con todo lo necesario. Nos encantó.",,"['•Viaje de ocio', '•Familia con niños pequeños', '•Apartamento de 1 dormitorio', '•Estancia de 2 noches', '•Enviado por móvil']",Vitoria
Begoña,España,10.0,Escrito en 10 de diciembre de 2023,Todo muy limpio.,Nada,"['•Viaje de ocio', '•Familia con niños pequeños', '•Apartamento de 1 dormitorio', '•Estancia de 1 noche', '•Enviado por móvil']",Vitoria
Juani,España,10.0,Escrito en 10 de diciembre de 2023,"El apartamento muy cómodo, limpio y bien equipado",,"['•Viaje de ocio', '•Familia con niños pequeños', '•Apartamento de 1 dormitorio', '•Estancia de 1 noche', '•Enviado por móvil']",Vitoria
Raúl,España,8.0,Escrito en 9 de diciembre de 2023,Estaba bien localizado,"No había nadie y todo el trato era online o por teléfono, por lo que varios días, al haber problemas para entrar al aparcamiento, tenías que resolverlo por teléfono, tardando mucho más.","['•Viaje de ocio', '•Familia con niños pequeños', '•Apartamento de 1 dormitorio', '•Estancia de 3 noches', '•Enviado por móvil']",Vitoria
Rocio,España,7.0,Escrito en 8 de diciembre de 2023,La limpieza y que era nuevo,Q no habia personal,"['•Viaje de ocio', '•Familia con niños pequeños', '•Apartamento de 1 dormitorio', '•Estancia de 1 noche', '•Enviado por móvil']",Vitoria
Julio,Guatemala,7.0,Escrito en 8 de diciembre de 2023,La ubicación,La segunda habitación la cama es muy pequeña y el sofá cama es malo y ruidoso,"['•Viaje de ocio', '•Grupo', '•Apartamento de 2 dormitorios', '•Estancia de 4 noches', '•Enviado por móvil']",Vitoria
M,España,9.0,Escrito en 8 de diciembre de 2023,Ubicación,"Sin recepción física. 
Falta de tv en habitación.","['•Viaje de ocio', '•Familia con niños pequeños', '•Apartamento de 1 dormitorio', '•Estancia de 2 noches', '•Enviado por móvil']",Vitoria
Mar2728,España,10.0,Escrito en 7 de diciembre de 2023,"Buena zona. Todo nuevo. Muy amables. Lavadora con secadora (Vitoria es una ciudad muy húmeda, la secadora viene genial). Admite mascotas. Todo perfecto. Muy recomendable",No hubo nada que no me gustara.,"['•Viaje de ocio', '•Familia con niños pequeños', '•Apartamento Estudio', '•Estancia de 4 noches']",Vitoria
Cristina,España,8.0,Escrito en 7 de diciembre de 2023,"El alojamiento es como en las fotos, muy nuevo y limpio.","Hubo problemas con el agua caliente sábado y domingo. Habíamos alargado la hora del check out hasta las 14h pero no nos pudimos duchar. Llamamos y no lo solucionaron, tampoco nos descontaron lo que habíamos pagado de más siendo que los servicios del apartamento no iban bien.","['•Viaje de ocio', '•Grupo', '•Apartamento de 2 dormitorios', '•Estancia de 2 noches', '•Enviado por móvil']",Vitoria
Lara,España,8.0,Escrito en 7 de diciembre de 2023,"El apto esta muy bien ubicado, a escasos metros de la catedral. Para aparcar muy bien, a escasos metros en zona blanca. El apto es minimalista y moderno, con todo lo necesario. Entrada sin contacto, muy bien.","Tienes que pagar 15euros/dia por mascota para que te dejen snacks... Es cierto que debes avisar esto con 24h de antelación, y no lo hicimos, pero no nos dejaron nada en los dias que estuvimos.","['•Viaje de ocio', '•Pareja', '•Apartamento Estudio', '•Estancia de 5 noches']",Vitoria
Raquel,España,10.0,Escrito en 6 de diciembre de 2023,"El apartamento es muy cómodo y moderno. Tiene todo lo necesario. Entrada muy práctica con código tanto para portal como garaje. Todo muy limpio. Cama cómoda, salvo las almohadas que eran muy bajas.No se escuchaba ningún ruído del exterior.La ubicación estupenda, a 10 min caminando del centro y con muchos servicios alrededor. Íbamos con una mascota y no tuvimos ningún problema. Te ponen comedero, bebedero y una mini cama, se agradece","La única pega es q pedimos una cuna para nuestro bebé y el colchón de la misma estaba muy encorvado y era muy fino, con lo cual tuvimos que meterla en la cama con nosotros porque ahí no podía descansar","['•Con una mascota', '•Viaje de ocio', '•Familia con niños pequeños', '•Apartamento de 1 dormitorio', '•Estancia de 2 noches', '•Enviado por móvil']",Vitoria
Angel,España,9.0,Escrito en 5 de diciembre de 2023,Muy bien equipado,,"['•Viaje de ocio', '•Pareja', '•Apartamento Estudio', '•Estancia de 1 noche', '•Enviado por móvil']",Vitoria
José,España,9.0,Escrito en 5 de diciembre de 2023,La situación. Aparcamiento en el mismo edificio. Limpieza. Que haya recepción. Es parecido a un hotel. El precio.,El check in virtual. Pero se palia con una persona en recepción.,"['•Viaje de ocio', '•Familia con niños pequeños', '•Apartamento de 1 dormitorio', '•Estancia de 2 noches', '•Enviado por móvil']",Vitoria
Angel,España,9.0,Escrito en 4 de diciembre de 2023,Los apartamentos están muy bien equipados,El desagüe del lavamanos del baño,"['•Viaje de ocio', '•Pareja', '•Apartamento Estudio', '•Estancia de 1 noche', '•Enviado por móvil']",Vitoria
Mikel,España,7.0,Escrito en 26 de noviembre de 2023,"Alojamiento muy bien situado, con facilidades para el aparcamiento y grupos con mascota. Cama comodísima.",Una ducha sin mampara acaba resultando incómoda.,"['•Pareja', '•Apartamento Estudio', '•Estancia de 2 noches', '•Enviado por móvil']",Vitoria
Ana,España,9.0,Escrito en 11 de octubre de 2023,"Amplitud maravillosa, todo al detalle, precioso, comodo, me ha encantado 😍",,"['•Viaje de ocio', '•Familia con niños pequeños', '•Apartamento Estudio', '•Estancia de 1 noche', '•Enviado por móvil']",Vitoria
Andy,España,9.0,Escrito en 11 de octubre de 2023,EXCELENTE,,"['•Familia con niños pequeños', '•Apartamento de 1 dormitorio', '•Estancia de 2 noches', '•Enviado por móvil']",Vitoria
Almudena,España,7.0,Escrito en 10 de octubre de 2023,Apartamento amplio y con todas las comodidades. Buena ubicación.,La falta de recepción y no poder contactar con nadie en persona. Tampoco el check out tan temprano. Difícil abrir el sofá cama.,"['•Viaje de ocio', '•Familia con niños pequeños', '•Apartamento de 1 dormitorio', '•Estancia de 2 noches', '•Enviado por móvil']",Vitoria
Montserrat,España,10.0,Escrito en 10 de octubre de 2023,La ubicación y la facilidad de acceder,El sofá cama un poco incómodo y con algo de movilidad. Pero cálidad precio super bien,"['•Viaje de ocio', '•Familia con niños pequeños', '•Apartamento de 1 dormitorio', '•Estancia de 3 noches', '•Enviado por móvil']",Vitoria
Andrea,España,10.0,Escrito en 10 de octubre de 2023,La habitación estaba super nueva y muy limpio.,Nada,"['•Viaje de ocio', '•Familia con niños pequeños', '•Apartamento de 1 dormitorio', '•Estancia de 3 noches', '•Enviado por móvil']",Vitoria
Paula,España,8.0,Escrito en 9 de octubre de 2023,Localizacion-limpieza- organizacion,"El sofa cama era un poco incomodo
Nos toco un apartamento que daba a un patio interior y no pudimos abrir las ventanas","['•Viaje de ocio', '•Familia con niños pequeños', '•Apartamento de 1 dormitorio', '•Estancia de 4 noches', '•Enviado por móvil']",Vitoria
Maria,España,9.0,Escrito en 9 de octubre de 2023,"La tranquilidad
La limpieza
Ubicación",Era más pequeño de lo que parecía en las fotos,"['•Viaje de ocio', '•Pareja', '•Apartamento Estudio', '•Estancia de 5 noches', '•Enviado por móvil']",Vitoria
Eva,España,7.0,Escrito en 9 de octubre de 2023,"El apartamento está nuevo, muy bien equipado y céntrico.","No te dejan entran hasta las 15 h y a pesar de solicitar entrada temprana que había que pagar, no me lo solucionaron. Tampoco tiene sitio para guardar las maletas","['•Viaje de ocio', '•Familia con niños pequeños', '•Apartamento de 1 dormitorio', '•Estancia de 1 noche', '•Enviado por móvil']",Vitoria
Maria,España,8.0,Escrito en 8 de octubre de 2023,"La ubicación, las instalaciones, la comodidad de la cama.","El Chromecast del televisor no funcionaba correctamente (se cortaba la trasmisión todo el rato). El baño era para minusválidos, lo que resultó incómodo porque cada vez que nos duchábamos se quedaba todo mojado. Tambien nos hubiese gustado que nos indicaran antes la planta del apartamento (nos tocó en la 6).","['•Viaje de ocio', '•Pareja', '•Apartamento Estudio', '•Estancia de 3 noches', '•Enviado por móvil']",Vitoria
Maria,España,9.0,Escrito en 7 de octubre de 2023,La ubicación,Nada,"['•Viaje de ocio', '•Familia con niños pequeños', '•Apartamento de 1 dormitorio', '•Estancia de 1 noche', '•Enviado por móvil']",Vitoria
Janire,España,10.0,Escrito en 7 de octubre de 2023,La seguridad y facilidad para hacer el check in y check out. La limpieza y buen estado de las instalaciones.,"Check out a las 11:00 horas, demasiado rápido.","['•Viaje de ocio', '•Grupo de amigos', '•Apartamento de 2 dormitorios', '•Estancia de 1 noche', '•Enviado por móvil']",Vitoria
Maria,Argentina,10.0,Escrito en 7 de octubre de 2023,Muy equipado,,"['•Viaje de ocio', '•Grupo', '•Apartamento de 1 dormitorio', '•Estancia de 2 noches', '•Enviado por móvil']",Vitoria
Sara,España,9.0,Escrito en 6 de octubre de 2023,"en general muy bien, muy espacioso y cómodo",se escuchaba mucho a los de las habitaciones cercanas,"['•Viaje de ocio', '•Familia con niños pequeños', '•Apartamento de 1 dormitorio', '•Estancia de 2 noches', '•Enviado por móvil']",Vitoria
Oscar,México,9.0,Escrito en 4 de octubre de 2023,La amplitud y servicios del hotel. La ubicación. La relación calidad/precio. La ciudad (Vitoria) muy verde.,,"['•Viaje de ocio', '•Familia con niños pequeños', '•Apartamento de 1 dormitorio', '•Estancia de 4 noches', '•Enviado por móvil']",Vitoria
Esther,España,8.0,Escrito en 4 de octubre de 2023,La comodidad y ubicación del apartamento.,No funcionaba el aire acondicionado y uno de los días hizo mucho calor.,"['•Viaje de ocio', '•Familia con niños pequeños', '•Apartamento Ático', '•Estancia de 2 noches', '•Enviado por móvil']",Vitoria
Alberto,España,8.0,Escrito en 4 de octubre de 2023,Las instalaciones,El sofá cama no era cómodo,"['•Viaje de ocio', '•Grupo de amigos', '•Apartamento de 1 dormitorio', '•Estancia de 3 noches', '•Enviado por móvil']",Vitoria
Maria,España,7.0,Escrito en 3 de octubre de 2023,,No tener recepción y no estar claro la forma de entrar a los apartamentos. Perdiendo tiempo en conseguirlo.,"['•Viaje de ocio', '•Familia con niños pequeños', '•Apartamento Estudio', '•Estancia de 1 noche', '•Enviado por móvil']",Vitoria
Amalia,España,9.0,Escrito en 3 de octubre de 2023,Bien equipado con menaje de cocina y muy limpio,El sofá cama era incómodo,"['•Viaje de ocio', '•Grupo', '•Apartamento de 1 dormitorio', '•Estancia de 4 noches', '•Enviado por móvil']",Vitoria
Javier,España,9.0,Escrito en 2 de octubre de 2023,"Ubicación, limpieza","No nos termino de encajar el tema de los accesos mediante llave digital y código, ya que a veces no funcinaba","['•Viaje de ocio', '•Grupo', '•Apartamento de 1 dormitorio', '•Estancia de 2 noches', '•Enviado por móvil']",Vitoria
Natalia,España,8.0,Escrito en 30 de septiembre de 2023,Muy céntrico y a la vez tranquilo,"Eramos 4 y solo había 3 camas,. Una persona tuvo que dormir en  el sofá cama y no era muy cómodo.","['•Viaje de ocio', '•Familia con niños pequeños', '•Apartamento de 2 dormitorios', '•Estancia de 2 noches', '•Enviado por móvil']",Vitoria
Inma,España,10.0,Escrito en 28 de septiembre de 2023,Super limpio súper cómodo y tal cual la foto,,"['•Familia con niños pequeños', '•Apartamento de 1 dormitorio', '•Estancia de 1 noche', '•Enviado por móvil']",Vitoria
Julián,España,9.0,Escrito en 27 de septiembre de 2023,"Insinorizacion, menaje","Escasos productos de limpieza, en función de la estancia, ambiente muy frio","['•Viaje de ocio', '•Familia con niños pequeños', '•Apartamento de 2 dormitorios', '•Estancia de 8 noches', '•Enviado por móvil']",Vitoria
Ana,España,9.0,Escrito en 27 de septiembre de 2023,"El apartamento era muy amplio, moderno, muy limpio y cuidado. Todo al detalle. Tenía hasta Chromecast en la televisión y además estaba muy bien insonorizada. El detalle de hacer el check in online es fantástico. Volvería a repetir sin duda.","Por poner alguna pega diría que no se podía abrir la ventana normal, solo abatida y que la cama doble son dos camas juntas.","['•Viaje de ocio', '•Pareja', '•Apartamento Estudio', '•Estancia de 1 noche', '•Enviado por móvil']",Vitoria
Lucía,España,9.0,Escrito en 27 de septiembre de 2023,Todo muy nuevo y limpio y viajé con mascota y le dejaron unas cookies para él.,Camas individuales.,"['•Viaje de ocio', '•Pareja', '•Apartamento Estudio', '•Estancia de 2 noches', '•Enviado por móvil']",Vitoria
Maria,España,10.0,Escrito en 26 de septiembre de 2023,"La amplitud de la estancia, el diseño minimalista y la disposición de utensilios básicos en la cocina","La cama, quizá es algo pequeña para una pareja, en relación con el resto de la estancia","['•Viaje de ocio', '•Pareja', '•Apartamento de 1 dormitorio', '•Estancia de 3 noches']",Vitoria
Silvia,España,10.0,Escrito en 31 de agosto de 2023,"Ubicación, limpieza del apartamento , que admitan mascotas y las acojan como uno más con su camita y comedero/bebedero",Que no hubiera una persona presencial en recepción,"['•Viaje de ocio', '•Familia con niños pequeños', '•Apartamento de 1 dormitorio', '•Estancia de 2 noches', '•Enviado por móvil']",Vitoria
Juan,España,9.0,Escrito en 31 de agosto de 2023,"La habitación es espectacular, amplia y dotada con todo (lavavajillas, cocina, frigo y congelador...).
La ubicación no puede ser mejor. Alrededores con bares, pizzerías, supermercados y la catedral.","Excesiva digitalización para mi gusto. Aunque todo fue bien, escanear DNIs en una aplicaciòn no es lo mejor en un mundo con tanto ciberataque.
Es cierto que ofrece opción a que a la llegada haya un empleado.","['•Viaje de ocio', '•Familia con niños pequeños', '•Apartamento de 1 dormitorio', '•Estancia de 1 noche', '•Enviado por móvil']",Vitoria
Ana,España,10.0,Escrito en 30 de agosto de 2023,"Cómodo, céntrico, bien equipado y moderno.",El parking es pequeño para furgoneta,"['•Viaje de ocio', '•Familia con niños pequeños', '•Apartamento Estudio', '•Estancia de 1 noche', '•Enviado por móvil']",Vitoria
Marta,Alemania,7.0,Escrito en 30 de agosto de 2023,"Buena relación calidad-precio. Céntrico. Da a una avenida grande y pasan bastantes coches, si es verano por la noche mejor ventana cerrada (hay aire acondicionado si se quiere).","El sofá-cama, el colchón era ridículo, muy incómodo. Las camas bien.","['•Viaje de ocio', '•Familia con niños pequeños', '•Apartamento de 1 dormitorio', '•Estancia de 1 noche']",Vitoria
Inma,España,8.0,Escrito en 30 de agosto de 2023,"Está súper bien ubicado, limpio y moderno. Tuvimos un percance con la cama y tanto la recepcionista como el chico que subió nos atendieron genial.",El sofá cama es horriblemente incómodo y es bastante difícil de montar. Deberían poner unas instrucciones.,"['•Viaje de ocio', '•Grupo', '•Apartamento de 2 dormitorios', '•Estancia de 1 noche', '•Enviado por móvil']",Vitoria
Josep,España,8.0,Escrito en 29 de agosto de 2023,,2 ascensores para un  edificio de 9 plantas y un poco lentos,"['•Viaje de ocio', '•Familia con niños pequeños', '•Apartamento de 1 dormitorio', '•Estancia de 1 noche', '•Enviado por móvil']",Vitoria
Ascensión,España,10.0,Escrito en 29 de agosto de 2023,Nos gustó mucho la ubicación. Está a un paseo del centro. El apartamento es muy acogedor y cómodo. Lástima que sólo estuviésemos una noche.,Me cuesta un poco hacerme a la tecnología... Me resulta más cómodo que haya recepcionista presencial.,"['•Viaje de ocio', '•Familia con niños pequeños', '•Apartamento de 1 dormitorio', '•Estancia de 1 noche', '•Enviado por móvil']",Vitoria
Inmaculada,España,10.0,Escrito en 28 de agosto de 2023,"El diseño del interior, las instalaciones, la limpieza...",Nada.,"['•Viaje de ocio', '•Familia con niños pequeños', '•Apartamento de 1 dormitorio', '•Estancia de 1 noche', '•Enviado por móvil']",Vitoria
Raul,España,8.0,Escrito en 28 de agosto de 2023,La cama de matrimonio era muy cómoda. Estaba limpio,"La taza del inodoro estaba un poco desajustada.
El sofá cama era un poco incómodo","['•Viaje de ocio', '•Familia con niños pequeños', '•Apartamento Estudio', '•Estancia de 1 noche', '•Enviado por móvil']",Vitoria
Eliyah,España,9.0,Escrito en 27 de agosto de 2023,Todo excelente organización.  Muy pulcro y ordenado.  La tecnología se impone y al principio un poco perdida pero vas comprendiendo y siempre hay alguien en el tlf que te orienta en todo.,Todo ha estado muy bien . Ubicación Excelente! Pulcritud,"['•Familia con niños pequeños', '•Apartamento de 2 dormitorios', '•Estancia de 1 noche', '•Enviado por móvil']",Vitoria
Judit,España,8.0,Escrito en 27 de agosto de 2023,"Buena ubicación y alojamiento limpio y cómodo.
La alfombrilla con comedero y bebedero para perros.",Reservamos cama doble y nos dieron apartamento con dos camas individuales juntas.,"['•Viaje de ocio', '•Pareja', '•Apartamento Estudio', '•Estancia de 3 noches', '•Enviado por móvil']",Vitoria
Rosinag,España,8.0,Escrito en 27 de agosto de 2023,"Apartamentos totalmente automatizados, sin recepción, entras con código. Son modernos y están muy limpios. En concreto nuestro estudio era un poco pequeño porque viajábamos con perro grande y se nos quedó justo, pero para los pocos días que estuvimos, bien. Baño amplio y cocina con todo el menaje. Ubicación muy buena en una avenida tranquila pero a escasos 7min andando del centro.","Nos faltó que hubiera algo básico para cocinar como aceite,  lavavajillas o incluso cápsulas de café ya que había cafetera. Si para dos días tengo que comprarlo todo no resulta cómodo ni práctico.","['•Viaje de ocio', '•Familia con niños pequeños', '•Apartamento Estudio', '•Estancia de 2 noches', '•Enviado por móvil']",Vitoria
Natalia,España,10.0,Escrito en 27 de agosto de 2023,Me ha gustado la disposición del apartamento y el buen gusto con el que esta decorado.,"El sofa cama del comedor no es muy comodo ni confortable como cama, si que lo es como sofà.","['•Viaje de ocio', '•Familia con niños pequeños', '•Apartamento de 1 dormitorio', '•Estancia de 4 noches', '•Enviado por móvil']",Vitoria
Rolán,España,10.0,Escrito en 27 de agosto de 2023,La ubicación y la amplitud de la estancia. Además de ser virtual atendieron rápidamente cada vez que lo necesitamos.,"El colchón de la habitación era de muelles,algo quizás anticuado y por debajo de la calidad del apartamento.","['•Viaje de ocio', '•Familia con niños pequeños', '•Apartamento de 1 dormitorio', '•Estancia de 3 noches', '•Enviado por móvil']",Vitoria
Nadia,España,8.0,Escrito en 26 de agosto de 2023,Ubicación y es un apartamento muy práctico.,No es un apartahotel. El servicio de limpieza es a partir de una semana de estancia.,"['•Viaje de ocio', '•Familia con niños pequeños', '•Apartamento de 1 dormitorio', '•Estancia de 4 noches', '•Enviado por móvil']",Vitoria
Ester,España,10.0,Escrito en 26 de agosto de 2023,Limpieza,Faltaban productos de limpieza como jabón platos lavadora,"['•Viaje de ocio', '•Familia con niños pequeños', '•Apartamento de 1 dormitorio', '•Estancia de 4 noches', '•Enviado por móvil']",Vitoria
Maria,España,9.0,Escrito en 26 de agosto de 2023,"Diseño, espacio, ubicación",El precio,"['•Viaje de ocio', '•Familia con niños pequeños', '•Apartamento con terraza', '•Estancia de 5 noches', '•Enviado por móvil']",Vitoria
Joan,España,9.0,Escrito en 26 de agosto de 2023,"El apartamento se ve nuevo y en muy buenas condiciones. Bastante amplio para cuatro personas (dos adultos y dos niños).
Todo muy limpio y camas muy confortables.
Baño muy amplio y cocina completa y moderna.
A 5 minutos del centro histórico.",No hay parquing gratuito.,"['•Viaje de ocio', '•Familia con niños pequeños', '•Apartamento de 1 dormitorio', '•Estancia de 1 noche', '•Enviado por móvil']",Vitoria
Jose,España,10.0,Escrito en 26 de agosto de 2023,"Estaba impecable! Limpísimo, moderno, muy buen decorado, completamente equipado incluso con secadora, dejaban hasta kit de limpieza, el parking muy amplio y cómodo. 
La ubicación, excelente en todos los aspectos",,"['•Viaje de ocio', '•Familia con niños pequeños', '•Apartamento de 1 dormitorio', '•Estancia de 1 noche', '•Enviado por móvil']",Vitoria
Laura,España,8.0,Escrito en 26 de agosto de 2023,"Habitación amplia, camas cómodas y cerca del centro.","Que te dejen entrar en tu habitación antes de las 15h sólo si pagas un suplemento, sino no (la hora de entrada se fija para que al personal de la limpieza le dé tiempo a limpiar lo del anterior cliente, no para hacer negocio) y que al no haber personal físico, no hay una consigna para guardar tus maletas al menos.","['•Viaje de ocio', '•Familia con niños pequeños', '•Apartamento de 1 dormitorio', '•Estancia de 1 noche', '•Enviado por móvil']",Vitoria
Carmen,España,9.0,Escrito en 26 de agosto de 2023,No Aplicable.,"La presión del agua, sobretodo en la ducha.","['•Viaje de ocio', '•Familia con niños pequeños', '•Apartamento de 1 dormitorio', '•Estancia de 1 noche', '•Enviado por móvil']",Vitoria
Ana,España,8.0,Escrito en 25 de agosto de 2023,Comodidad.,No vi ningún responsable en ningún momento.,"['•Pareja', '•Apartamento de 1 dormitorio', '•Estancia de 2 noches', '•Enviado por móvil']",Vitoria
Mt,Países Bajos,10.0,Escrito en 24 de agosto de 2023,Todo estupendo,El sofá cama era un poco incómodo. Es la única pega que podría poner al alojamiento.,"['•Viaje de ocio', '•Familia con niños pequeños', '•Apartamento de 1 dormitorio', '•Estancia de 7 noches', '•Enviado por móvil']",Vitoria
Gustavo,España,8.0,Escrito en 24 de agosto de 2023,"Moderno, sin contacto, en orden y con todo funcionando correctamente",El parking es adicional,"['•Viaje de ocio', '•Familia con niños pequeños', '•Apartamento de 1 dormitorio', '•Estancia de 2 noches', '•Enviado por móvil']",Vitoria
Domingo,España,9.0,Escrito en 24 de agosto de 2023,La ubicación céntrica del hotel y la distribución del apartamento.,Que faltaban tazas de café y que las ventanas no se pudieran abrir un poco más.,"['•Viaje de ocio', '•Familia con niños pequeños', '•Apartamento de 1 dormitorio', '•Estancia de 22 noches', '•Enviado por móvil']",Vitoria
Ylenia,España,8.0,Escrito en 8 de agosto de 2023,"Esta muy bien localizado, hay zona de aparcamiento gratuito por los alrededores. Es muy nuevo, esta muy bien equipado y las camas son muy comodas.","Lo unico que almenos en el que estuve yo la costernq iba muy dura, tenias que hacer mucha fuerza para tirar de ella","['•Viaje de ocio', '•Grupo', '•Apartamento de 1 dormitorio', '•Estancia de 3 noches', '•Enviado por móvil']",Vitoria
Maria,España,10.0,Escrito en 7 de agosto de 2023,La situación y la cama,El holor a humedad del baño,"['•Viaje de ocio', '•Familia con niños pequeños', '•Apartamento Estudio', '•Estancia de 1 noche', '•Enviado por móvil']",Vitoria
Esperanza,España,10.0,Escrito en 7 de agosto de 2023,"La ubicación, la comodidad de las camas y la limpieza",Me pareció muy práctico.No encontramos ninguna cosa mejorable,"['•Viaje de ocio', '•Familia con niños pequeños', '•Apartamento de 2 dormitorios', '•Estancia de 4 noches', '•Enviado por móvil']",Vitoria
Cristina,España,7.0,Escrito en 7 de agosto de 2023,Que tengan un kit de bienvenida con el pago de la tarifa de mascota. Hay una máquina con cosas que puedes necesitar en la recepción pero hay supermercado  cerca. La ubicación es muy buena,Qué las fotos confunden y parece que haces una reserva con habitación con terraza y luego no es así y la habitación no tenía ninguna vista. No me gusta que no haya recepción es muy impersonal.  Cuando hice la reserva no ponía que había que pagar por la mascota,"['•Viaje de ocio', '•Familia con niños pequeños', '•Apartamento de 1 dormitorio', '•Estancia de 1 noche', '•Enviado por móvil']",Vitoria
Maria,España,10.0,Escrito en 7 de agosto de 2023,Apartamento muy cuidado,"Que no haya nadie en recepción, tendría q haber alguien al menos de 3 a 5. Aunque nosotros no tuvimos problema para entrar","['•Viaje de ocio', '•Familia con niños pequeños', '•Apartamento de 1 dormitorio', '•Estancia de 1 noche', '•Enviado por móvil']",Vitoria
Raúl,España,9.0,Escrito en 6 de agosto de 2023,"Ubicación excepcional, edificio moderno y apartamento limpio y equipado",Espacio un poco justo para 4 adultos y cama del sofá cama un poco incómoda,"['•Viaje de ocio', '•Grupo de amigos', '•Apartamento de 1 dormitorio', '•Estancia de 2 noches', '•Enviado por móvil']",Vitoria
Marta,España,8.0,Escrito en 6 de agosto de 2023,"El apartamento está muy bien ubicado, zona bastante céntrica. Está limpio y bien decorado. Tiene el menaje necesario y en muy buen estado. Las camas son cómodas.","La ducha no funcionaba correctamente. Muy difícil regular la temperatura y la presión. A parte tenía una zona rota, y salpicaba de manera continua al techo y al suelo.","['•Viaje de ocio', '•Familia con niños pequeños', '•Apartamento de 1 dormitorio', '•Estancia de 3 noches', '•Enviado por móvil']",Vitoria
Manuel,España,8.0,Escrito en 6 de agosto de 2023,"La ubicación es muy céntrica, ideal para moverse por la ciudad. Buena zona para comer. Las habitaciones amplias.","El desayuno es un pack que dejan en el apartamento. Contiene un batiburrillo de cosas, algunas con poco sentido: colines que no se pueden acompañar con nada; mermelada sin mantequilla para el bollo; cápsula de café y leche, sin otra alternativa de bebida caliente. No creo que se pueda considerar que tiene el desayuno incluido. Es solo para resolver un apuro.","['•Viaje de ocio', '•Familia con niños pequeños', '•Apartamento de 1 dormitorio', '•Estancia de 2 noches', '•Enviado por móvil']",Vitoria
Laura,España,8.0,Escrito en 6 de agosto de 2023,"Que está todo muy limpio. Hay lavadora -secadora, cafetera de cápsulas y es muy amplio.","Que no haya nadie en recepción y tengas que llamar a un número en el que te sale primero un contestador y al cabo de unos minutos te ponen con una centralita a la que le expones lo q te pasa/falta/dudas etc. Éramos tres y nos pusieron un juego de toallas y hasta que nos subieron los otros dos juegos tardaron muchisimo, tanto q decidimos salir a ver Vitoria sin ducharnos dos. Pero lo entiendo, pq la única chica q había, tenía una lista de quehaceres interminable. 
Poca comunicación con la centralita y el complejo:
Ejemplos: 
1-hicimos late check out y a las 11:04 ya vinieron a hacer la habitación y en esta situacion la trabajadora se tuvo q creer q aún no salíamos, pero a ella no la habían avisado.
2-  ídem al salir del parquing. No pudimos abrir la puerta pq no constaba q habíamos hecho late check out. Con lo cual, tienes q llamar al contestador y cruzar los dedos para q te lo cojan pronto...
El desayuno no vale la pena. Si te entra en la tarifa, perfecto pero si no, es mejor no añadirlo.","['•Viaje de ocio', '•Familia con niños pequeños', '•Apartamento de 1 dormitorio', '•Estancia de 1 noche', '•Enviado por móvil']",Vitoria
Roser,España,10.0,Escrito en 5 de agosto de 2023,"El apartamento era muy chulo! Muy acogedor, y bien equipado. Estuvimos muy cómodos!","El edredón que se ponía en el sofá cama estaba algo sucio y un poco roto, pero como tampoco hacía mucho frío no hizo falta ponerlo... lo demás todo bien!","['•Viaje de ocio', '•Familia con niños pequeños', '•Apartamento de 1 dormitorio', '•Estancia de 1 noche', '•Enviado por móvil']",Vitoria
Constanza,España,10.0,Escrito en 5 de agosto de 2023,Instalaciones geniales. Tiene amplia terraza. Muy práctico hacer check-in/out online. Información detallada por mail. Se llega en 10-15’ caminando tranquilamente al centro histórico. Ideal para familias.,,"['•Viaje de ocio', '•Familia con niños pequeños', '•Apartamento Ático', '•Estancia de 1 noche', '•Enviado por móvil']",Vitoria
Luis,España,9.0,Escrito en 5 de agosto de 2023,Buena ubicación y apartamento cómodo,Sólo hay camas para 3 personas en un apartamento para 4,"['•Viaje de ocio', '•Familia con niños pequeños', '•Apartamento de 2 dormitorios', '•Estancia de 1 noche', '•Enviado por móvil']",Vitoria
Beatriz,España,10.0,Escrito en 5 de agosto de 2023,Espacioso y con buen menaje para la cocina,,"['•Viaje de ocio', '•Familia con niños pequeños', '•Apartamento de 1 dormitorio', '•Estancia de 1 noche', '•Enviado por móvil']",Vitoria
Xian,España,10.0,Escrito en 4 de agosto de 2023,"Buena ubicación, andando se llega al centro y encontrarás bares y tiendas, y el precio asequible, es un hotel que no tiene recepción, todo está controlado por códigos, las puertas se abren con códigos, pero cualquier duda o necesidad les puedes escribir o llamar y te lo solucionan, tuvimos un inconveniente con el lavabo del baño, mi marido lo soluciono pero les avisé del problema y enseguida me hicieron un descuento por la inconveniencia, fueron muy responsable y eso se valora, el piso muy bien, estábamos en el piso 8, y no se oía ruidos... tenías todo lo necesario, gel de ducha, toallas, neceser de cocina.. Tostadora, cafetera, lavavajillas, lavadora. Había parking público cerca, si tienes suerte pillaras uno... ofrecen parking y desayunos de pago, hay un supermercado abajo del edificio.",Nada,"['•Viaje de ocio', '•Familia con niños pequeños', '•Apartamento de 1 dormitorio', '•Estancia de 2 noches', '•Enviado por móvil']",Vitoria
Mjuncia,España,8.0,Escrito en 4 de agosto de 2023,"La ubicación, pues está al lado del casco histórico para poder visitarlo sin tener que desplazarse. Pudimos aparcar por la zona sin problemas. Hicimos uso de la recepción online porque nos faltaban dos almohadas y nos atendieron muy rápido. El checking y checkout fueron muy sencillos de hacer. El apartamento está muy bien equipado.","El apartamento olía mucho a tabaco, imaginamos que porque había sido ocupado previamente por fumadores y las cortinas y el sofá estaban impregnados del olor. Quizás sería bueno distinguir entre fumadores y no fumadores a la hora de seleccionar el apartamento. Le hace falta un repaso de pintura a las paredes. Había muebles en la cocina y el salón que tenían manchas de manos, seria bueno repasar la limpieza en ese sentido.","['•Viaje de ocio', '•Familia con niños pequeños', '•Apartamento de 1 dormitorio', '•Estancia de 1 noche', '•Enviado por móvil']",Vitoria
María,España,10.0,Escrito en 3 de agosto de 2023,"Todo: bonito, buena ubicación, cómodo…",Nada. Todo bien,"['•Viaje de ocio', '•Familia con niños pequeños', '•Apartamento de 1 dormitorio', '•Estancia de 3 noches', '•Enviado por móvil']",Vitoria
Maria,España,10.0,Escrito en 2 de agosto de 2023,"El apartamento estaba genial,  todo tipo de detalles,  todo muy limpio y encima aparcamos el coche en la misma puerta del hotel y no tuvimos que cogerlo durante la estancia.",Nada,"['•Viaje de ocio', '•Familia con niños pequeños', '•Apartamento de 1 dormitorio', '•Estancia de 2 noches', '•Enviado por móvil']",Vitoria
Nuria,España,10.0,Escrito en 2 de agosto de 2023,"Muy espacioso. La cocina muy bien equipada. Muy limpio. Cerca del centro.
Aparcamos sin problemas en los alrededores.
Todo online, fácil y cómodo.",,"['•Viaje de ocio', '•Familia con niños pequeños', '•Apartamento de 1 dormitorio', '•Estancia de 1 noche', '•Enviado por móvil']",Vitoria
Zulia,España,10.0,Escrito en 2 de agosto de 2023,Todo.,,"['•Viaje de ocio', '•Familia con niños pequeños', '•Apartamento de 1 dormitorio', '•Estancia de 1 noche', '•Enviado por móvil']",Vitoria
Maria,España,8.0,Escrito en 2 de agosto de 2023,"El apartamento era un ático con la terraza enorme,la cama comodísima y el sofá cama también.La ubicación bastante céntrica.
La limpieza del Interior del apartamento.","La limpieza de la terraza del ático,había mucho pelo de perro en el suelo y las esquinas estaban bastantes sucias,pero solo de la terraza,el interior estaba muy limpio","['•Familia con niños pequeños', '•Apartamento con terraza', '•Estancia de 1 noche', '•Enviado por móvil']",Vitoria
Cristina,España,9.0,Escrito en 2 de agosto de 2023,Todo estaba muy limpio y la ubicación muy buena.,"El sofá cama es de una calidad medio baja, con lo que dormir varias noches en él es muy incómodo","['•Familia con niños pequeños', '•Apartamento de 1 dormitorio', '•Estancia de 1 noche', '•Enviado por móvil']",Vitoria
Aranzazu,España,8.0,Escrito en 1 de agosto de 2023,Todo estaba muy nuevo.,La estancia del sofá era demasiado pequeña con el sofá abierto.,"['•Viaje de ocio', '•Familia con niños pequeños', '•Apartamento de 1 dormitorio', '•Estancia de 1 noche', '•Enviado por móvil']",Vitoria
Mª,España,9.0,Escrito en 1 de agosto de 2023,Muy limpio y bien situado. Luminoso. Las camareras que estaban arreglando las habitaciones fueron muy amables. La cama principal muy cómoda.,El sofá cama no era muy cómodo.,"['•Viaje de ocio', '•Familia con niños pequeños', '•Apartamento de 1 dormitorio', '•Estancia de 1 noche']",Vitoria
Ignacio,España,8.0,Escrito en 1 de agosto de 2023,"Ubicación, calidad y decoración","El desagüe de la ducha y del lavabo de cocina estaba muy tapados y se llenaba de agua. Filtraba agua por las esquinas de la ducha.
La TV no era smart como decía, no se podía conectar a internet y solo daban algunos canales locales","['•Viaje de ocio', '•Pareja', '•Apartamento Estudio', '•Estancia de 9 noches', '•Enviado por móvil']",Vitoria
Cristian,España,8.0,Escrito en 1 de agosto de 2023,"Un apartamento céntrico, fácil de localizar y se puede aparcar bien. Con todo lo imprescindible y bien cuidado. Ideal para los 4.",Al ser un primer piso se escuchaba todo el ruido de la calle por la noche.,"['•Viaje de ocio', '•Familia con niños pequeños', '•Apartamento de 1 dormitorio', '•Estancia de 4 noches', '•Enviado por móvil']",Vitoria
Julio,Guatemala,7.0,Escrito en 28 de junio de 2023,"La ubicación, cerca del centro, supermercados bares y restaurantes","Estaba sucio el baño y los pisos, no hay personal. Es más un apartamento que un Hotel, uno tiene q sacar su basura y hacer limpieza en la habitación","['•Viaje de ocio', '•Pareja', '•Apartamento de 1 dormitorio', '•Estancia de 3 noches', '•Enviado por móvil']",Vitoria
María,España,9.0,Escrito en 28 de junio de 2023,"La ubicación es excelente, a un paso del centro histórico pero sin estar en medio del bullicio, lo que permite un buen  descanso. El apartamento en conjunto resulta muy agradable,   la cocina está muy bien equipada.  El parking en el mismo edificio es muy cómodo.",Los edredones tenían manchas que hacian pensar que no estaban limpios. Me puse en contacto via e-mail con la recepción on line (eran las 23:00 +/-) y en 10/15' trajeron a la habitación las sábanas que pedí.,"['•Viaje de ocio', '•Familia con niños pequeños', '•Apartamento de 1 dormitorio', '•Estancia de 3 noches', '•Enviado por móvil']",Vitoria
Bárbara,Andorra,9.0,Escrito en 28 de junio de 2023,Muy confortable,,"['•Viaje de ocio', '•Familia con niños pequeños', '•Apartamento de 1 dormitorio', '•Estancia de 1 noche', '•Enviado por móvil']",Vitoria
Guadalupe,España,8.0,Escrito en 27 de junio de 2023,la ubicación y la amplitud y confort del apartamento,"los códigos de las puertas no funcionaban siempre. Me parece un poco complicado el hacerlo todo online.el sofá cama estaba un poco estropeado","['•Viaje de ocio', '•Familia con niños pequeños', '•Apartamento de 1 dormitorio', '•Estancia de 3 noches']",Vitoria
Maria,España,10.0,Escrito en 27 de junio de 2023,Esta muy bien situado y es tranquilo y cómodo.,,"['•Viaje de ocio', '•Pareja', '•Apartamento Estudio', '•Estancia de 3 noches', '•Enviado por móvil']",Vitoria
Mireia,España,8.0,Escrito en 25 de junio de 2023,Su ubicación,"El sofá cama no era nada cómodo,estaba abombado completamente y era imposible dormir en él","['•Viaje de ocio', '•Familia con niños pequeños', '•Apartamento de 1 dormitorio', '•Estancia de 4 noches', '•Enviado por móvil']",Vitoria
José,España,10.0,Escrito en 25 de junio de 2023,"Tenía mis dudas por lo del carácter online de todo, tanto el check in como el checkout, como la contratación de extras, todo a través de la app. Pero todo está muy bien organizado y cuando lo necesite por un problema, me atendieron estupendamente en el teléfono indicado en la APP. Todo limpio, bien dotado el apartamento y la ubicación excelente.",Nada. Todo bien,"['•Viaje de ocio', '•Familia con niños pequeños', '•Apartamento de 1 dormitorio', '•Estancia de 2 noches', '•Enviado por móvil']",Vitoria
Julitog3,España,8.0,Escrito en 22 de junio de 2023,"La ubicación, cerca del centro.
Era bonito, cómodo y limpio","No tenía horno a pesar de que en algunas fotos si que venía.
Tampoco tenía tostador de pan.
No tenía ningún rollo de papel de cocina o servilletas en su defecto","['•Viaje de ocio', '•Familia con niños pequeños', '•Apartamento Estudio', '•Estancia de 2 noches', '•Enviado por móvil']",Vitoria
Leire,España,9.0,Escrito en 22 de junio de 2023,Todo muy limpio y practico.,,"['•Viaje de negocios', '•Familia con niños pequeños', '•Apartamento de 1 dormitorio', '•Estancia de 1 noche', '•Enviado por móvil']",Vitoria
Jessica,España,10.0,Escrito en 21 de junio de 2023,"La ubicación es excelente, muy cerca del centro de la ciudad","Nada, todo excelente","['•Viaje de ocio', '•Familia con niños pequeños', '•Apartamento de 1 dormitorio', '•Estancia de 1 noche', '•Enviado por móvil']",Vitoria
Marta,España,8.0,Escrito en 18 de junio de 2023,"Muy bien ubicado, amplio y limpio.","El sofá cama no se desplegaba bien del todo y no era muy cómodo. El horario de salida cada vez más temprano, a las 11 fuera (salvo que pagues más claro).","['•Viaje de ocio', '•Grupo de amigos', '•Apartamento de 1 dormitorio', '•Estancia de 2 noches', '•Enviado por móvil']",Vitoria
Sergio,España,8.0,Escrito en 17 de junio de 2023,La localización y la limpieza,"Se oía mucho el ruido del pasillo aunque no impedía dormir. También he echado en falta algo de complementos alimenticios, por ejemplo, algo de azúcar, café y aceite","['•Viaje de ocio', '•Familia con niños pequeños', '•Apartamento de 1 dormitorio', '•Estancia de 2 noches', '•Enviado por móvil']",Vitoria
Natpao,España,9.0,Escrito en 17 de junio de 2023,"La ubicación es excelente para movilizarse andando por la ciudad, cerca de comercio y restauración.El edificio y departamento nuevo y limpio.Muy bien equipado,con todo lo necesario.Dos baños exactos amplios y cómodos.Las camas eran muy confortables.","El sofá cama era súper incómodo para dormir y no tenia almohadas para él,hubiese sido mejor poner una cama nido en la habitación individual o un sofá más confortable.
La llave digital no iba bien,costaba mucho que abriera la puerta..Hemos tenido que utilizar los códigos porque solo funcionaba en un móvil.","['•Viaje de ocio', '•Grupo de amigos', '•Apartamento de 2 dormitorios', '•Estancia de 1 noche', '•Enviado por móvil']",Vitoria
Christophe,España,9.0,Escrito en 16 de junio de 2023,bastante acogedor,,"['•Viaje de ocio', '•Pareja', '•Apartamento de 1 dormitorio', '•Estancia de 2 noches', '•Enviado por móvil']",Vitoria
Soledad,España,8.0,Escrito en 15 de junio de 2023,,"por dejar un comentario, el tema de las máquinas expendedoras, debería de haber más variedad, llegamos tarde y ya no había nada abierto.","['•Viaje de ocio', '•Familia con niños pequeños', '•Apartamento de 1 dormitorio', '•Estancia de 1 noche']",Vitoria
C,España,8.0,Escrito en 14 de junio de 2023,"El apartamento es céntrico. Es cómodo y con todo lo necesario en cuanto a utensilios de cocina y accesorios básicos. Completo en cuanto a electrodomésticos.
Tuvimos un problema con la tv el primer día y nos cambiaron de habitación.
El personal a través del tlf funciona bien y rápido.
No habíamos estado en un apartamento de este tipo con el checking online, pero nos resultó sencillo.
Nos gustó mucho el apartamento y estuvimos 4 días en Vitoria muy bien.
Recomendable calidad/precio.",,"['•Viaje de ocio', '•Familia con niños pequeños', '•Apartamento de 1 dormitorio', '•Estancia de 2 noches', '•Enviado por móvil']",Vitoria
Miguel,España,7.0,Escrito en 14 de junio de 2023,Ubicacion y precio,Demasiada tecnologia,"['•Viaje de ocio', '•Familia con niños pequeños', '•Apartamento Estudio', '•Estancia de 4 noches', '•Enviado por móvil']",Vitoria
Rosa,España,9.0,Escrito en 12 de junio de 2023,ubicación y comodidad,el enchufe que hay en la zona de la cocina està mal situado,"['•Viaje de ocio', '•Grupo', '•Apartamento de 1 dormitorio', '•Estancia de 3 noches']",Vitoria
Josefa,España,10.0,Escrito en 12 de junio de 2023,La ubicación y la habitación excelente.,El cierre de seguridad de las ventanas.,"['•Viaje de ocio', '•Familia con niños pequeños', '•Apartamento de 1 dormitorio', '•Estancia de 2 noches', '•Enviado por móvil']",Vitoria
Angie,España,8.0,Escrito en 11 de junio de 2023,Habitación espaciosa y moderna. Pequeña cocina con todo lo necesario aunque no la usamos. Baño con ducha muy grande. En general muy satisfecha.,El sofá cama muy incomodo. Pero la cama comodisima.,"['•Viaje de ocio', '•Grupo', '•Apartamento de 1 dormitorio', '•Estancia de 1 noche', '•Enviado por móvil']",Vitoria
María,España,10.0,Escrito en 11 de junio de 2023,"La atención del personal.  Muy amables, educados y resolutivos",,"['•Viaje de ocio', '•Familia con niños pequeños', '•Apartamento de 1 dormitorio', '•Estancia de 1 noche', '•Enviado por móvil']",Vitoria
Laura,España,10.0,Escrito en 11 de junio de 2023,"Ubicación, a 10 min del centro caminando.
Muy limpio, moderno y cómodo. El sofá cama era muy grande.
Tiene todo lo necesario para cocinar y pasar unos días perfectos.
No tiene recepción o personal todo el tiempo, pero puedes contactar con ellos en todo momento. Este nuevo modelo de atención ha sido muy satisfactorio.
No tienes llave física, si no una contraseña haciendo todo muy fácil.",Todo perfecto.,"['•Viaje de ocio', '•Familia con niños pequeños', '•Apartamento de 1 dormitorio', '•Estancia de 4 noches', '•Enviado por móvil']",Vitoria
Miguel,España,10.0,Escrito en 9 de junio de 2023,"Apartamento muy cómodo, tranquilo y perfectamente equipado. A 7 minutos andando de la plaza de la Virgen Blanca. El garaje en el mismo edificio. 
Con la calidad de un 4 estrellas",,"['•Viaje de ocio', '•Familia con niños pequeños', '•Apartamento de 1 dormitorio', '•Estancia de 2 noches', '•Enviado por móvil']",Vitoria
Guadalupe,España,9.0,Escrito en 9 de junio de 2023,limpio y espacioso,todo estaba bien,"['•Viaje de ocio', '•Familia con niños pequeños', '•Apartamento de 2 dormitorios', '•Estancia de 2 noches', '•Enviado por móvil']",Vitoria
Lagos,España,9.0,Escrito en 8 de junio de 2023,Las instalaciones,"El desayuno ""continental"".. Una vergüenza","['•Viaje de ocio', '•Pareja', '•Apartamento Estudio', '•Estancia de 3 noches', '•Enviado por móvil']",Vitoria
Belén,España,10.0,Escrito en 5 de mayo de 2023,Ubicación,Sofá cama,"['•Viaje de ocio', '•Familia con niños pequeños', '•Apartamento de 2 dormitorios', '•Estancia de 2 noches', '•Enviado por móvil']",Vitoria
Laura,España,10.0,Escrito en 5 de mayo de 2023,"Tuve un problema con el apartamento y me lo solucionaron super rápido.Està muy bien ubicado sin estar en pleno centro, con lo que se puede aparcar gratis en la calle con facilidad.",Todo genial,"['•Viaje de negocios', '•Persona que viaja sola', '•Apartamento Estudio', '•Estancia de 1 noche']",Vitoria
Leire,España,10.0,Escrito en 4 de mayo de 2023,ubicación,las vistas,"['•Pareja', '•Apartamento de 1 dormitorio', '•Estancia de 1 noche', '•Enviado por móvil']",Vitoria
Olga,España,8.0,Escrito en 4 de mayo de 2023,"Apartamento espacioso y muy cerca del centro, con utensilios de cocina y baño muy grande",El sofá cama no es muy cómodo,"['•Viaje de ocio', '•Familia con niños pequeños', '•Apartamento de 2 dormitorios', '•Estancia de 2 noches', '•Enviado por móvil']",Vitoria
Francisco,España,9.0,Escrito en 4 de mayo de 2023,El apartamento fue muy cómodo y la atención telefónica muy efeciente,Que no hubiera nadie en recepción y todo fuera online,"['•Viaje de ocio', '•Familia con niños pequeños', '•Apartamento de 1 dormitorio', '•Estancia de 2 noches']",Vitoria
Cristina,España,9.0,Escrito en 3 de mayo de 2023,"Ubicación, facilidad de parking en las inmediaciones y la facilidad del check in.La habitacion esta totalmente equipada para un par de dias en la ciudad.",Las vistas desde la ventana daban a un patio trasero.,"['•Viaje de ocio', '•Pareja', '•Apartamento Estudio', '•Estancia de 1 noche']",Vitoria
Silvia,España,9.0,Escrito en 3 de mayo de 2023,ubicacion,lo de entran con codigos me causo cierto nerviosismo porque no llegabamos a recibir el mail con el numero de apartamento. Hubiera preferido poder ser atendido personalmente por alguien,"['•Viaje de ocio', '•Grupo', '•Apartamento de 1 dormitorio', '•Estancia de 4 noches']",Vitoria
Saray,España,10.0,Escrito en 2 de mayo de 2023,todo,"poco menaje, teniendo en cuenta q hay lavavajillas…","['•Viaje de ocio', '•Familia con niños pequeños', '•Apartamento de 1 dormitorio', '•Estancia de 2 noches', '•Enviado por móvil']",Vitoria
Lorena,España,8.0,Escrito en 2 de mayo de 2023,"La ubicación genial, a 6 min caminando del casco viejo. En plena calle principal de Vitoria. Apartahotel muy limpio, cómodo y nuevo. En la cocina variedad de utensilios, lavavajillas, lavadora… En el baño hay secador. 
El chek in es sencillo y en el momento que consigues el codigo de la llave es sencillo acceder.","Hay parking, pero son 14€/dia. Nosotras hemos aparcado en los alrededores, hay bastante “zona blanca”.
El desayuno que ofrecen podría ser mucho mejor y completo.
Éramos 3 personas y solamente teniamos 2 toallas, no hay personal en el hotel, es todo por internet, he intentado ponerme en contacto para solucionar el problema, pero hablar con un robot es un poco difícil…😵‍💫","['•Viaje de ocio', '•Grupo', '•Apartamento de 1 dormitorio', '•Estancia de 1 noche', '•Enviado por móvil']",Vitoria
Ana,España,8.0,Escrito en 30 de abril de 2023,La habitación cómoda y amplia.,"El mantenimiento de la habitación, las cortinas estaban rotas y no se podían cerrar para tener intimidad, la cisterna del baño no tenía suficiente potencia y la escobilla se rompía.","['•Viaje de ocio', '•Familia con niños pequeños', '•Apartamento de 1 dormitorio', '•Estancia de 1 noche', '•Enviado por móvil']",Vitoria
Zurineka,España,10.0,Escrito en 25 de abril de 2023,La ubicación y la limpieza.,"Tener q hacer todo on line y la incertidumbre de claves y horarios. 
Pero todo salió perfecto para la primera vez q reservábamos con este sistema y no ser expertos en las nuevas formas de hotel sin personal.","['•Viaje de ocio', '•Familia con niños pequeños', '•Apartamento de 2 dormitorios', '•Estancia de 2 noches', '•Enviado por móvil']",Vitoria
María,España,10.0,Escrito en 19 de abril de 2023,Buena porque para nuestros asuntos de maravilla,,"['•Viaje de ocio', '•Pareja', '•Apartamento de 1 dormitorio', '•Estancia de 1 noche']",Vitoria
Baltasar,España,8.0,Escrito en 19 de abril de 2023,Las instalaciones,El check-in on line es el peor que he visto. No llega a escanear el DNI por lo que hay que cumplimentar todos los datos de los viajeros en el hall. Cuando reservas te cargan 1 euro que no te devuelven y que no figura en el precio de la habitación,"['•Viaje de ocio', '•Pareja', '•Apartamento de 1 dormitorio', '•Estancia de 1 noche', '•Enviado por móvil']",Vitoria
Raquel,España,7.0,Escrito en 18 de abril de 2023,Ubicación y sentir que había lo necesario,El horario. Quizas la salida mejor a las 12:00. Y el horario del parking que se pueda usar más tiempo,"['•Viaje de ocio', '•Familia con niños pequeños', '•Apartamento de 1 dormitorio', '•Estancia de 1 noche', '•Enviado por móvil']",Vitoria
Japaspe,España,7.0,Escrito en 18 de abril de 2023,,Todo por internet. Muy impersonal. No puedes hablar con nadie si tienes problemas,"['•Viaje de negocios', '•Familia con niños pequeños', '•Apartamento de 1 dormitorio', '•Estancia de 1 noche', '•Enviado por móvil']",Vitoria
Jaime,España,10.0,Escrito en 18 de abril de 2023,"Apartahotel impecable en todos los aspectos, limpieza, modernidad, servicios. Una maravilla de alojamiento",,"['•Viaje de ocio', '•Familia con niños pequeños', '•Apartamento de 2 dormitorios', '•Estancia de 1 noche', '•Enviado por móvil']",Vitoria
Itsaso,España,7.0,Escrito en 17 de abril de 2023,"Ubicación perfecta. Ático con terraza espacioso luminoso y cómodo. La limpieza correcta aunque se podría mejorar. 
Ningún problema de acceso.
Todo correcto.","Quizá la limpieza de zonas comunes. Aún así, nada grave.","['•Viaje de ocio', '•Pareja', '•Apartamento con terraza', '•Estancia de 2 noches', '•Enviado por móvil']",Vitoria
Soledad,España,10.0,Escrito en 17 de abril de 2023,Son apartamentos grandes limpios y muy silenciosos.,,"['•Viaje de ocio', '•Grupo', '•Apartamento de 1 dormitorio', '•Estancia de 2 noches']",Vitoria
Alberto,España,8.0,Escrito en 17 de abril de 2023,"La ubicación es muy buena, cerca del casco histórico. Buena insonorización de las habitaciones.","El colchón del sofá cama, es muy mejorable.","['•Viaje de ocio', '•Familia con niños pequeños', '•Apartamento de 1 dormitorio', '•Estancia de 2 noches']",Vitoria
Igor,España,8.0,Escrito en 17 de abril de 2023,todo genial,el proceso de check-in y obtención de la llave no es apto para cualquiera…,"['•Viaje de ocio', '•Grupo', '•Apartamento de 1 dormitorio', '•Estancia de 1 noche', '•Enviado por móvil']",Vitoria
Antonio,España,9.0,Escrito en 16 de abril de 2023,"Buen apartamento equipado con todo lo necesario.
Buena ubicación.",Nada que detallar.,"['•Viaje de ocio', '•Pareja', '•Apartamento de 1 dormitorio', '•Estancia de 1 noche', '•Enviado por móvil']",Vitoria
Marivi,España,10.0,Escrito en 15 de abril de 2023,"La relación calidad-precio, la ubicación, la limpieza y las instalaciones",Nada,"['•Viaje de ocio', '•Familia con niños pequeños', '•Apartamento de 1 dormitorio', '•Estancia de 3 noches', '•Enviado por móvil']",Vitoria
Montse,España,10.0,Escrito en 15 de abril de 2023,Perfecta ubicación e instalaciones.,Todo perfecto para mi gusto.,"['•Viaje de ocio', '•Persona que viaja sola', '•Apartamento de 1 dormitorio', '•Estancia de 1 noche', '•Enviado por móvil']",Vitoria
Clarissa,Argentina,8.0,Escrito en 13 de abril de 2023,,Pueden prescindir del desayuno. Me lo cobraron dos veces!  Cuando hice la reserva que lo pagué con desayuno incluido y al querer hacer el check aut no me dejaban hacerlo on line porque decía falta pagar su desayuno!,"['•Viaje de ocio', '•Familia con niños pequeños', '•Apartamento de 1 dormitorio', '•Estancia de 1 noche', '•Enviado por móvil']",Vitoria
Aitor,España,10.0,Escrito en 13 de abril de 2023,La ubicación. Cerca de todo. Además tiene un supermercado justo al lado. Las instalaciones muy bien también. Todo muy limpio. Muy recomendable. Cumplió mis expectativas. Sin duda si vuelvo a dormir en Vitoria-Gasteiz repetiré.,"Por poner un pero, y sólo por poner algo malo, las almohadas y el colchón me parecieron demasiado blandas, pero es un tema muy personal, entiendo que quizá a otros huéspedes les pareciera correcto.","['•Viaje de ocio', '•Familia con niños pequeños', '•Apartamento de 1 dormitorio', '•Estancia de 3 noches', '•Enviado por móvil']",Vitoria
Mercodes,España,9.0,Escrito en 27 de marzo de 2023,"Ubicación, servicios,",Todo correcto,"['•Viaje de negocios', '•Grupo', '•Apartamento de 2 dormitorios', '•Estancia de 2 noches']",Vitoria
Olga,España,9.0,Escrito en 25 de marzo de 2023,"Ubicación excelente. Apartamento amplio, cómodo y son nada de ruido. Con lo necesario para, en nuestro caso, una estancia corta.",Quizá pienso que con dos ascensores se queda corto para la cantidad de apartamentos que hay,"['•Viaje de ocio', '•Pareja', '•Apartamento de 1 dormitorio', '•Estancia de 6 noches', '•Enviado por móvil']",Vitoria
Alvaro,España,9.0,Escrito en 24 de marzo de 2023,"Zona blanca alrededor para aparcar, apartamento amplio, limpio, comodo y bien equipado. Aunque no veas a nadie de personal al llamar al telefonillo de la puerta en seguida me ayudaron.",Me faltó un kit de cocina al menos con un estropajo y una balleta.,"['•Viaje de ocio', '•Familia con niños pequeños', '•Apartamento de 1 dormitorio', '•Estancia de 5 noches', '•Enviado por móvil']",Vitoria
Cristina,España,10.0,Escrito en 21 de marzo de 2023,todo,nada,"['•Viaje de negocios', '•Grupo', '•Apartamento de 1 dormitorio', '•Estancia de 2 noches', '•Enviado por móvil']",Vitoria
José,España,10.0,Escrito en 21 de marzo de 2023,"Todo en general sobre todo el personal de portería. Que me ayudó  mucho con la informática,  muchas gracias.","No hay nada que no megustara, muchas gracias.","['•Viaje de ocio', '•Pareja', '•Apartamento de 1 dormitorio', '•Estancia de 1 noche', '•Enviado por móvil']",Vitoria
Maria,España,8.0,Escrito en 20 de marzo de 2023,ubicación y comodidad del apartamento,la limpieza un poco mejorable aunque no es que estuviera muy sucio,"['•Viaje de ocio', '•Familia con niños pequeños', '•Apartamento de 1 dormitorio', '•Estancia de 2 noches', '•Enviado por móvil']",Vitoria
David,España,7.0,Escrito en 20 de marzo de 2023,limpio y bien ubicado,"ajustar el precio en un establecimiento sin atención en personacuidar pequeños detalles","['•Viaje de ocio', '•Familia con niños pequeños', '•Apartamento de 1 dormitorio', '•Estancia de 2 noches']",Vitoria
Montserrat,España,10.0,Escrito en 20 de marzo de 2023,"muy acogedor y todo muy bien detallado (cocina, secador, toallas…)",,"['•Viaje de ocio', '•Familia con niños pequeños', '•Apartamento de 1 dormitorio', '•Estancia de 2 noches', '•Enviado por móvil']",Vitoria
Tesbos,España,9.0,Escrito en 19 de marzo de 2023,"La ubicación, limpieza y silencio","Faltaban servilletas de papel y un trapo de cocina, por ponerle alguna pega","['•Viaje de ocio', '•Familia con niños pequeños', '•Apartamento de 1 dormitorio', '•Estancia de 2 noches', '•Enviado por móvil']",Vitoria
Gaizka,España,9.0,Escrito en 19 de marzo de 2023,La instalación es muy cómoda,Faltaba un poco de limpieza,"['•Viaje de ocio', '•Familia con niños pequeños', '•Apartamento de 1 dormitorio', '•Estancia de 1 noche', '•Enviado por móvil']",Vitoria
Idoiai,España,9.0,Escrito en 16 de marzo de 2023,"La ubicación
La limpieza",,"['•Viaje de ocio', '•Grupo de amigos', '•Apartamento de 1 dormitorio', '•Estancia de 1 noche', '•Enviado por móvil']",Vitoria
Pilar,España,8.0,Escrito en 16 de marzo de 2023,"Apartamento muy amplio, cómodo, bien ubicado.",,"['•Viaje de ocio', '•Pareja', '•Apartamento de 1 dormitorio', '•Estancia de 1 noche', '•Enviado por móvil']",Vitoria
Nerea,España,10.0,Escrito en 13 de marzo de 2023,Agradable y buena ubicación,La hora de salida del apartamento,"['•Viaje de ocio', '•Grupo', '•Apartamento de 2 dormitorios', '•Estancia de 1 noche', '•Enviado por móvil']",Vitoria
Carlos,España,9.0,Escrito en 12 de marzo de 2023,Apartamentos modernos y prácticos. Buena ubicación.,"Al no haber recepción física, llegamos 5 minutos antes de las 15h y no es posible entrar en la habitación hasta que sea la hora exacta independientemente de que la habitación esté lista. Es lo que tienen máquinas...","['•Viaje de ocio', '•Familia con niños pequeños', '•Apartamento de 1 dormitorio', '•Estancia de 1 noche', '•Enviado por móvil']",Vitoria
Mikel,España,8.0,Escrito en 12 de marzo de 2023,La ubicación es muy buena. El entorno es tranquilo. La habitación dispone de todas las facilidades. El baño es muy amplio y la cama muy cómoda,"La ducha no tiene plato, ni está separada del propio baño por mampara. No tragaba bien el agua y todo el baño se llenaba de agua, aunque entiendo que es un problema puntual en nuestra habitación, del que dimos parte al servicio para que lo reparen","['•Viaje de ocio', '•Pareja', '•Apartamento Estudio', '•Estancia de 1 noche', '•Enviado por móvil']",Vitoria
Isra,España,7.0,Escrito en 9 de marzo de 2023,"moderno, bastante limpio",no había papel de wc y aun poniendo el termostato a 15 grados hizo mucha calor toda la noche.,"['•Viaje de ocio', '•Familia con niños pequeños', '•Apartamento de 1 dormitorio', '•Estancia de 1 noche', '•Enviado por móvil']",Vitoria
Pamela,España,10.0,Escrito en 8 de marzo de 2023,"La ubicación super cerca al casco antiguo, de las tiendas y a 20 min andando a la estación central de Vitoria  y la limpieza de apartamento en general. Tenia todo lo necesario para cocinar y comer.","El colchón del sofá cama. Tenía moho la parte de abajo y era un poco incómodo. Pero lo demás de lo lujo.
La forma del check-in es todo online o por app.
Recomiendo apuntar en un papel el número para abrir las puertas, porque si te quedas sin batería no podrás abrir, pero no obstante hay un telefonillo para que puedan ayudar.","['•Viaje de ocio', '•Familia con niños pequeños', '•Apartamento de 1 dormitorio', '•Estancia de 3 noches', '•Enviado por móvil']",Vitoria
Gómez,España,9.0,Escrito en 7 de marzo de 2023,"Ubicación, limpieza","No hay personal, es todo virtual. No esperes que haya sal o aceite en la cocina","['•Viaje de ocio', '•Familia con niños pequeños', '•Apartamento de 1 dormitorio', '•Estancia de 1 noche', '•Enviado por móvil']",Vitoria
Vanesa,España,9.0,Escrito en 7 de marzo de 2023,todo,,"['•Viaje de ocio', '•Familia con niños pequeños', '•Apartamento de 1 dormitorio', '•Estancia de 1 noche', '•Enviado por móvil']",Vitoria
Naya,España,8.0,Escrito en 6 de marzo de 2023,Muy cómodo y tranquilo. Muy bien ubicado y muy limpio.,"Es muy impersonal, pero tampoco es que sea negativo. Nosotros no tuvimos ningún problema para entrar o registrarnos.","['•Viaje de ocio', '•Familia con niños pequeños', '•Apartamento de 1 dormitorio', '•Estancia de 1 noche', '•Enviado por móvil']",Vitoria
Jose,España,10.0,Escrito en 3 de marzo de 2023,"Todo en general.Apartamento y ubicación de 10.",,"['•Viaje de ocio', '•Familia con niños pequeños', '•Apartamento de 1 dormitorio', '•Estancia de 1 noche', '•Enviado por móvil']",Vitoria
Marina,España,9.0,Escrito en 3 de marzo de 2023,"Apartamento amplio, limpio y completamente equipado. Muy acogedor, estuvimos solo una noche y nos dio pena no poder aprovecharlo más. Cama cómoda. Hay aparcamiento gratis en las calles de alrededor. No hay recepción física, pero el acceso con claves fue rápido y sencillo. Se puede ir caminando al Casco Viejo.",,"['•Viaje de ocio', '•Pareja', '•Apartamento de 1 dormitorio', '•Estancia de 1 noche', '•Enviado por móvil']",Vitoria
Daniel,España,10.0,Escrito en 1 de marzo de 2023,"La cama XL, el suelo calefactado, el pack del desayuno. Se nota que está todo cuidado con mucho detalle.",,"['•Viaje de negocios', '•Persona que viaja sola', '•Apartamento Estudio', '•Estancia de 1 noche', '•Enviado por móvil']",Vitoria
Verónica,España,9.0,Escrito en 24 de febrero de 2023,"Apartamiento cómodo, nuevo y con todo lo necesario.",Se oye demasiado el ruido de la calle.,"['•Viaje de ocio', '•Grupo de amigos', '•Apartamento de 1 dormitorio', '•Estancia de 1 noche', '•Enviado por móvil']",Vitoria
Sheyla,España,8.0,Escrito en 23 de febrero de 2023,"La ubicación es perfecta. Tiene parking el propio alojamiento y eso es un plus.
El alojamiento cumple con lo necesario.","Para nuestro gusto, para ser un hotel de dos estrellas el sofá -cama debería tener mejor calidad.
El colchón era muy fino y la estructura muy floja que parecía que te ibas al suelo.","['•Viaje de ocio', '•Familia con niños pequeños', '•Apartamento de 2 dormitorios', '•Estancia de 1 noche', '•Enviado por móvil']",Vitoria
Garazi,España,10.0,Escrito en 7 de enero de 2023,"Ubicacion muy céntrica, muy bien equipada, simple y elegante. Top para ir en familia.",Lo unico que no nos gustó fue el sofá cama. Todo lo demás maravilloso.,"['•Viaje de ocio', '•Familia con niños pequeños', '•Apartamento de 1 dormitorio', '•Estancia de 2 noches', '•Enviado por móvil']",Vitoria
Silvare,España,8.0,Escrito en 6 de enero de 2023,La ubicación y la comunicación con el personal,No hay extractor de olores en el baño y la cama del sofá no tiene funda para el nórdico,"['•Viaje de ocio', '•Familia con niños pequeños', '•Apartamento de 1 dormitorio', '•Estancia de 3 noches', '•Enviado por móvil']",Vitoria
Cristina,España,9.0,Escrito en 6 de enero de 2023,Muy cerca del centro.,Las almohadas.,"['•Viaje de ocio', '•Familia con niños pequeños', '•Apartamento Estudio', '•Estancia de 2 noches', '•Enviado por móvil']",Vitoria
Natalves,España,10.0,Escrito en 6 de enero de 2023,"Excepcional, nos ha gustado todo, ubicación, limpieza, decoración, cómodo, amplio, calentito y muy bien aislado. Cocina equipada con microondas, inducción, tostadora, lavavajillas, lavadora, cafetera Nespresso y todos los utensilios para cuatro personas. Plato de ducha gigante. 
Muy cómodo, rápido y práctico el chec-in.",,"['•Viaje de ocio', '•Familia con niños pequeños', '•Apartamento de 1 dormitorio', '•Estancia de 2 noches', '•Enviado por móvil']",Vitoria
Silvia_ramir,España,10.0,Escrito en 5 de enero de 2023,La ubicación perfecta,La entrada a las 15 horas podía ser antes,"['•Viaje de ocio', '•Familia con niños pequeños', '•Apartamento de 1 dormitorio', '•Estancia de 2 noches', '•Enviado por móvil']",Vitoria
Ana,España,8.0,Escrito en 5 de enero de 2023,diseño,faltaba limpieza en vasos platos etc,"['•Viaje de ocio', '•Familia con niños pequeños', '•Apartamento de 1 dormitorio', '•Estancia de 2 noches', '•Enviado por móvil']",Vitoria
Juan,España,9.0,Escrito en 4 de enero de 2023,alojamiento nuevo con todas las comodidades.  muy cerca del centro y con zona libre de pago para aparcar en los alrededores.,algunos desperfectos efectuados por los huéspedes. pero esto no es culpa del alojamiento.,"['•Viaje de ocio', '•Familia con niños pequeños', '•Apartamento de 1 dormitorio', '•Estancia de 1 noche', '•Enviado por móvil']",Vitoria
Oscar,España,10.0,Escrito en 4 de enero de 2023,"Apartamentos perfectamente equipados, modernos. de diseño y muy limpios. Ubicación excepcional.",,"['•Viaje de ocio', '•Familia con niños pequeños', '•Apartamento de 1 dormitorio', '•Estancia de 1 noche', '•Enviado por móvil']",Vitoria
Alaitz,España,10.0,Escrito en 4 de enero de 2023,"La limpieza, la ubicación y la facilidad en el check-in.",,"['•Viaje de ocio', '•Familia con niños pequeños', '•Apartamento de 1 dormitorio', '•Estancia de 2 noches', '•Enviado por móvil']",Vitoria
Lgarrigosa,España,7.0,Escrito en 4 de enero de 2023,"Podria mejorarse,",,"['•Viaje de ocio', '•Pareja', '•Apartamento Estudio', '•Estancia de 3 noches']",Vitoria
Irene,España,9.0,Escrito en 4 de enero de 2023,ubicación y espacio limpio y en condiciones,,"['•Viaje de ocio', '•Familia con niños pequeños', '•Apartamento de 1 dormitorio', '•Estancia de 1 noche', '•Enviado por móvil']",Vitoria
Ismael,España,7.0,Escrito en 4 de enero de 2023,Buena ubicación. Cocina con equipamiento correcto.,Ropa para el sofá cama escasa,"['•Viaje de ocio', '•Familia con niños pequeños', '•Apartamento de 1 dormitorio', '•Estancia de 3 noches', '•Enviado por móvil']",Vitoria
Rosa,España,7.0,Escrito en 3 de enero de 2023,Buena distribución del espacio,"No pudimos alargar unas horas la estancia.
No nos dejaron suficiente gel y champú.
Vistas poco agradables.","['•Viaje de ocio', '•Familia con niños pequeños', '•Apartamento de 1 dormitorio', '•Estancia de 1 noche', '•Enviado por móvil']",Vitoria
Angel,España,10.0,Escrito en 3 de enero de 2023,Todo,,"['•Viaje de ocio', '•Familia con niños pequeños', '•Apartamento de 1 dormitorio', '•Estancia de 2 noches', '•Enviado por móvil']",Vitoria
Elena,España,6.0,Escrito en 1 de enero de 2026,La ubicación,"Que sea tan impersonal: no tener personas trabajando en recepción.
El sofá cama incómodo.","['•Viaje de ocio', '•Persona que viaja sola', '•Apartamento de 1 dormitorio', '•Estancia de 1 noche', '•Enviado por móvil']",Vitoria
Lopez,España,4.0,Escrito en 26 de noviembre de 2025,El personal y la Ubicacion,Es un poco cutre para el precio que tiene.,"['•Viaje de negocios', '•Pareja', '•Apartamento Estudio', '•Estancia de 4 noches', '•Enviado por móvil']",Vitoria
Rober,España,6.0,Escrito en 16 de noviembre de 2025,"La ubicación perfecta, lugar tranquilo y perfectamente situado.","Las camas y el sofá cama es indigno para un alojamiento de 190€ la noche. La habitación huele a perro, puesto que esta permitido el acceso de mascotas y el olor no desaparece si no se limpia a conciencia.","['•Viaje de ocio', '•Pareja', '•Apartamento de 1 dormitorio', '•Estancia de 1 noche', '•Enviado por móvil']",Vitoria
Nuria,España,1.0,Escrito en 5 de noviembre de 2025,"No puedo valorar la reserva, cuando Booking me cancelo la reserva el mismo dia por la mañana. Sin ningun tipo de explicacionTenia pagado el alojamienot desde hacia 2 dias, y habia hecho el ckeking el dia antes, recibiendo el codigo para poder entrar.Hice el viaje a Vitoria, en vano. No habia disponibilidad de habitaciones en Vitoria.Booking realmente mal.",,"['•Viaje de negocios', '•Persona que viaja sola', '•Apartamento de 1 dormitorio', '•Estancia de 2 noches']",Vitoria
Eva,España,6.0,Escrito en 14 de septiembre de 2025,"La localización, no muy lejos del centro pero tampoco en medio de la fiesta.
Las toallas, eran grandes y maravillosas.","Muy caro para lo pequeño que es, dormí en el sofá cama y se hundía, estaba muy trillado y no me podía mover por el ruido que hacía. Solo dos butacas para comer cuando me lo vendes como un apartamento para tres?","['•Viaje de ocio', '•Familia con niños pequeños', '•Apartamento de 1 dormitorio', '•Estancia de 1 noche', '•Enviado por móvil']",Vitoria
Marina,España,6.0,Escrito en 24 de agosto de 2025,"Ubicación, zona con mucho aparcamiento y a 15 minutos andando del centro. 
Bien aislado de ruidos.","El apartamento estaba bien pero algo sucio. 
Las fundas del edredón y de las almohadas del sofá cama parecía  que estaban sin lavar y algunas toallas de la ducha tenian un color amarillento.  El resto de sábanas estaban bien. 
En el suelo habia manchas también. 
La tostadora no funcionaba y el sofá cama estaba un poco deteriorado, pero pudimos usarlo.
Únicamente pasamos una noche y no intentamos solucionarlo, así que no puedo valorar el servicio de recepción.","['•Viaje de ocio', '•Familia con niños pequeños', '•Apartamento de 2 dormitorios', '•Estancia de 1 noche', '•Enviado por móvil']",Vitoria
Aplaca2,España,4.0,Escrito en 22 de agosto de 2025,El apartamento era bonito y está en una buena zona,"No entendemos como no hay un mantenimiento de la habitación diario o cada 2 dias. Solo ofrecen uno gratuito cada 8 días de estancia. Siendo así, no entendemos tampoco que no dejen un kit de limpieza básico. La estancia no incluye nada de eso, todo es a base de pagar extras. Limpieza un extra, kit de limpieza otro extra, entrada al hotel antes de las 3 otro extra y así con todo. 
Por otro lado el sofá cama está totalmente destrozado, es como un acordeón que se hunde por todos lados. Así como las almohadas, no pueden ser más incómodas, dónde apoyas la cabeza se queda sin relleno y se va para los lados.","['•Viaje de ocio', '•Familia con niños pequeños', '•Apartamento de 1 dormitorio', '•Estancia de 5 noches', '•Enviado por móvil']",Vitoria
Geno,España,5.0,Escrito en 19 de agosto de 2025,Las vista,"Salía poca presión del grifo de la ducha del lavabo ,","['•Viaje de ocio', '•Familia con niños pequeños', '•Apartamento con terraza', '•Estancia de 7 noches', '•Enviado por móvil']",Vitoria
Jose,España,3.0,Escrito en 11 de agosto de 2025,Situación,El acceso a la puerta de la habitación dejó de funcionar al día siguiente de entrar. El sofá cama es muy incómodo. Nos Dan información incorrecta con el horario de desayuno.,"['•Viaje de ocio', '•Familia con niños pequeños', '•Apartamento de 1 dormitorio', '•Estancia de 1 noche', '•Enviado por móvil']",Vitoria
Roberto,España,6.0,Escrito en 6 de agosto de 2025,Ubicación e instalaciones,La cama sofá estaba rota e incómoda,"['•Viaje de ocio', '•Grupo de amigos', '•Apartamento de 1 dormitorio', '•Estancia de 2 noches', '•Enviado por móvil']",Vitoria
Cristina,España,6.0,Escrito en 21 de julio de 2025,"La ubicación excelente, pero en el apartamento había cosas mal, como el sofá muy incómodo y los grifos del baño no iban bien.",La presión del agua en la ducha.,"['•Viaje de ocio', '•Pareja', '•Apartamento de 1 dormitorio', '•Estancia de 5 noches', '•Enviado por móvil']",Vitoria
David,España,6.0,Escrito en 14 de septiembre de 2024,Limpieza y ubicación,"Para 4 personas, solo tenga una habitación y un sofá cama, siendo estw sofá bastante incómodo.","['•Viaje de ocio', '•Familia con niños pequeños', '•Apartamento de 1 dormitorio', '•Estancia de 1 noche', '•Enviado por móvil']",Vitoria
Betzabe,España,1.0,Escrito en 11 de septiembre de 2024,La abitacion o el apartamento muy bien peor k había mantas un frío,La atención,"['•Viaje de negocios', '•Grupo de amigos', '•Apartamento de 1 dormitorio', '•Estancia de 2 noches', '•Enviado por móvil']",Vitoria
Encarnación,España,6.0,Escrito en 11 de septiembre de 2024,"La ubicación y decoración del apartamento, así como el mensaje de cocina y las toallas",La cama supletoria del sofá cama es horrorosamente incómoda y no tenía almohada.,"['•Viaje de ocio', '•Familia con niños pequeños', '•Apartamento de 1 dormitorio', '•Estancia de 1 noche', '•Enviado por móvil']",Vitoria
Adrian,España,6.0,Escrito en 8 de septiembre de 2024,La automatizacion de las llaves y el check in check out,Que no habia shampoo solo gel,"['•Viaje de ocio', '•Grupo de amigos', '•Apartamento de 1 dormitorio', '•Estancia de 2 noches', '•Enviado por móvil']",Vitoria
María,España,4.0,Escrito en 2 de septiembre de 2024,,"El aire funcionaba más en la habitación que el salón, ni aunque lo aumentara de potencia. Olía a desagüe todo el apartamento. No dejan para fregar, lo tienes que solicitar, aunque gratis. Solicité salir más tarde por 15€, al mandarnos el mail para pagarlo el enlace estaba mal y no había manera de pagarlo según nos decían por Wasap. Tampoco había nadie en recepción a las 10:00 un domingo. Falta mantenimiento, se sujetaban las puertas del mueble del salón con un cartón doblado.","['•Viaje de ocio', '•Familia con niños pequeños', '•Apartamento de 1 dormitorio', '•Estancia de 2 noches', '•Enviado por móvil']",Vitoria
Ana,España,6.0,Escrito en 30 de agosto de 2024,Muy limpio y nuevo. Buena ubicación,"Más que un aparthotel son apartamentos individuales pero que los duplican con un sofacama bastante incomodo para dormir. Para dos personas es caro y para cuatro es pequeño.No hay servicio de limpieza durante la estancia.","['•Viaje de ocio', '•Grupo', '•Apartamento de 1 dormitorio', '•Estancia de 3 noches', '•Enviado por móvil']",Vitoria
Maria,España,5.0,Escrito en 25 de agosto de 2024,"Moderno, amplio para los 4, luminoso","El sofá cama con los muelles hundidos te clavas los hierros.  Durmiendo en el suelo con in colchón también fino y deformado salvamos la 1ra noche. Lo mejoraron algo tensando un muelle para la 2da noche, pero lo que hay q hacer es cambiar el mobiliario","['•Viaje de ocio', '•Familia con niños pequeños', '•Apartamento de 1 dormitorio', '•Estancia de 2 noches', '•Enviado por móvil']",Vitoria
Ana,España,4.0,Escrito en 21 de agosto de 2024,"Fueron muy amables porque teníamos que dejar el parking a las 11:00 y nos dejaron hasta las 15;00 , la ubicación era perfecta.","La verdad me defraudó la limpieza , las paredes muy sucias y con telarañas , los muebles y sofá tampoco estaban limpios, el sofá cama muy incómodo","['•Viaje de ocio', '•Familia con niños pequeños', '•Apartamento de 2 dormitorios', '•Estancia de 1 noche', '•Enviado por móvil']",Vitoria
Rosa,España,2.0,Escrito en 11 de agosto de 2024,,"Por la noche nos atendio una chica muy bien.Pero señalar que a la salida del dia siguiente una joven muy mal educada, seca y sin atendernos nos dijo que no existia la posibilidad de dejar las maletas y que debiamos salir a las 11:00.Francamente mal atendudos y sin educacion ni explicacion, no dio opcion a nada ni explicacion","['•Viaje de ocio', '•Grupo', '•Apartamento de 1 dormitorio', '•Estancia de 1 noche', '•Enviado por móvil']",Vitoria
Dalila,España,6.0,Escrito en 11 de agosto de 2024,La ubicación,"El alojamiento está muy bien para dos personas. Éramos tres y el sofá cama asignado ocupaba todo el espacio, crujía en cada movimiento y no era cómodo.
Reservamos para tres, confiando en tener confort para los tres, pero no fue así.
Deberían dejar claro, al hacer la reserva, que no hay personal, que toda la relación es virtual, incluida la activación de la llave, que nos complicó la vida, porque somos mayores y nos estresa el manejo de cuentas, contraseñas, transferencias, casi en la puerta del hotel.","['•Viaje de ocio', '•Familia con niños pequeños', '•Apartamento de 1 dormitorio', '•Estancia de 4 noches', '•Enviado por móvil']",Vitoria
Antonio,España,1.0,Escrito en 31 de julio de 2024,La ubicación,No es lo q esperaba 4 noches sin limpieza habitación ni contacto con recepción,"['•Pareja', '•Apartamento Estudio', '•Estancia de 4 noches', '•Enviado por móvil']",Vitoria
Manolo,España,5.0,Escrito en 24 de julio de 2024,La ubicacion,,"['•Familia con niños pequeños', '•Apartamento Estudio', '•Estancia de 4 noches', '•Enviado por móvil']",Vitoria
Javier,España,4.0,Escrito en 18 de julio de 2024,Su situación  y el parking,El sofá cama es una condena  y si llego a saberlo no contrato el desayuno. Mira que no tienen pan para una tostada,"['•Viaje de ocio', '•Familia con niños pequeños', '•Apartamento de 1 dormitorio', '•Estancia de 2 noches', '•Enviado por móvil']",Vitoria
Adriana,España,3.0,Escrito en 17 de julio de 2024,El alojamiento bonito y limpio,Ruidos toda la noche y una señora a las 11 nos abrió la puerta,"['•Viaje de ocio', '•Pareja', '•Apartamento Estudio', '•Estancia de 1 noche', '•Enviado por móvil']",Vitoria
Antoni,España,6.0,Escrito en 12 de julio de 2024,"El hotel es confortable , comodo y con sensación de limpio.  El parking ok","Hice la reserva por Booking , la reserva era no reembolsable  pero hasta que no confirme el pago con tarjeta no me salto todo el formulario impuesto por Libere Victoria. imponiendome el check in on line, firmas digitales , fotografia digital , generando hasta 11 emails con codigos de confirmación y un largo etc . no enviandome el numero de habitación hasta el mismo dia a partir de las 15h. y un largo etc Que quitan calidad de vida al viajero.  Lo peor de todo es que no avisan previamente de esta opción no pudiendo cancelar previamente. MI IDEA DE LA HOSPITALIDAD Y EL SERVICIO ES OTRA QUE TODO ESTO. Yo si viajo por trabajo y me tengo que estar preocupando de check in de iberia que no te permite hasta 24h antes , del check in de Libere y un largo etc.   mal vamos ya que yo pago por servicios y mi preocupación principal tiene que ser mi actividad profesional. y todo para ahorrarse recepcionistas y personal . Al fina yo pago el servicio como si los hubiera.","['•Viaje de negocios', '•Persona que viaja sola', '•Apartamento de 2 dormitorios', '•Estancia de 1 noche']",Vitoria
Camilo,España,6.0,Escrito en 5 de julio de 2024,La ubicación y lo nuevo que se veía.,"La falta de limpieza, era muy superficial, daba asco. El aire acondicionado estaba roto, el olor de habitación 311 era insoportable, el ascensor se estropeaba, no habían sábanas de más por si te daba frío y la atención de los trabajadores fue buena, eran muy simpáticos pero que fuese todo digital y telemático era complicado y mis familiares mayores no sabían usarlo con facilidad faltaba alguien en recepción a quien poder ir a consultar físicamente las cosas.","['•Familia con niños pequeños', '•Apartamento de 1 dormitorio', '•Estancia de 3 noches', '•Enviado por móvil']",Vitoria
Ramon,España,6.0,Escrito en 2 de julio de 2024,La habitacion,Que no haya nada de personal,"['•Familia con niños pequeños', '•Apartamento de 1 dormitorio', '•Estancia de 2 noches', '•Enviado por móvil']",Vitoria
Elizabeth,España,5.0,Escrito en 30 de junio de 2024,La ubicación y el parking.,No funcionaba el aire acondicionado y el sofa-cama era muy incomodo.,"['•Familia con niños pequeños', '•Apartamento de 1 dormitorio', '•Estancia de 2 noches', '•Enviado por móvil']",Vitoria
Raisa,España,5.0,Escrito en 23 de junio de 2024,Muy céntrico.,"Los cristales estaban sucios, una de las mesillas de noche estaba rota y tan inclinada que no se podía usar porque se caía cualquier cosa que posarás en ella. El servicio de habitaciones y el personal directamente no existen. Nos alojamos allí durante el Azkena, fecha en la que inflan los precios.","['•Viaje de ocio', '•Familia con niños pequeños', '•Apartamento Estudio', '•Estancia de 3 noches', '•Enviado por móvil']",Vitoria
Kike,España,6.0,Escrito en 17 de junio de 2024,La habitación y era amplio,Pedi habitación 2 camas. Y obtuve 1 cama y sofá. No me pudieron adaptar. A pesar de que lo comunique a booking.com.,"['•Viaje de ocio', '•Familia con niños pequeños', '•Apartamento de 1 dormitorio', '•Estancia de 1 noche', '•Enviado por móvil']",Vitoria
Marta,España,6.0,Escrito en 9 de junio de 2024,La ubicación y la distribución. Muy bien equipado para comer allí si querías pero también cerca de todos los lugares para poder hacer turismo de calidad. Con parking muy cómodo,El lavavajillas se estropeó. Sospecho que estaba estropeado desde el principio. Pero fuimos a ponerlo el último día (ya que no hicimos muchas comidas allí). Avisamos y nos dijeron que irian mientras estabamos en la habitación. Nos tuvimos que ir y no había venido nadie. Volvimos y el lavavajillas siguió sin funcionar. Luego nos ofrecieron una devolución del 30% de los días afectados (según ellos el último cuando la realidad es que  no lo usamos en ningun momento). De todas formas dicha ddevolución nunca llegó.,"['•Viaje de ocio', '•Pareja', '•Apartamento de 1 dormitorio', '•Estancia de 5 noches']",Vitoria
Raquel,España,6.0,Escrito en 2 de junio de 2024,"La ubicación.Es bonito pero poco práctico.","No hay nadie en recepción, si tienes un problema tienes que llamar por teléfono.El sofá cama es muy incómodo, dormimos fatal. Hacía mucho calor a pesar del aire acondicionado (no funciona correctamente).La iluminación es escasa en todo el apartamento. Hace falta alguna balda en el cuarto de baño,.Por último, tienes que dejar la habitación a las 11 horas y no tienen ningún lugar donde guardarte el equipaje.","['•Viaje de ocio', '•Familia con niños pequeños', '•Apartamento de 1 dormitorio', '•Estancia de 2 noches']",Vitoria
Raquel,España,6.0,Escrito en 5 de mayo de 2024,Se llega fácilmente y está limpio,No tenía agua caliente y nos dieron un apartamento adaptado que se encharcaba el baño completamente…. Tuvimos que quejarnos y nos cambiaron…. Pero no me parece que te den una habitación adaptada para maximizar beneficios….tampoco pudimos hacer el check out más tarde aunque lo ofrecían…. No nos ha gustado… no volveremos a alojarnos en ningún lugar más de esta cadena,"['•Viaje de ocio', '•Pareja', '•Apartamento Estudio', '•Estancia de 4 noches', '•Enviado por móvil']",Vitoria
Carloseduardorfaria,España,2.0,Escrito en 2 de mayo de 2024,,"ME HAN COBRADO 150 EUROS DE MAS CUANDO SOY CLIENTE HABITUAL, PERO YA HE PUESTO LA RECLAMACION CON BOOKING","['•Viaje de negocios', '•Persona que viaja sola', '•Apartamento de 1 dormitorio', '•Estancia de 1 noche']",Vitoria
Zoraida,España,6.0,Escrito en 29 de abril de 2024,La ubicación,Nos tocó en un bajo con las ventanas muy sucias,"['•Viaje de ocio', '•Familia con niños pequeños', '•Apartamento de 2 dormitorios', '•Estancia de 2 noches', '•Enviado por móvil']",Vitoria
Monika,España,5.0,Escrito en 24 de agosto de 2023,Era confortable,Desproporcionado calidad-precio,"['•Viaje de ocio', '•Grupo de amigos', '•Apartamento de 1 dormitorio', '•Estancia de 2 noches', '•Enviado por móvil']",Vitoria
Raúl,España,5.0,Escrito en 24 de agosto de 2023,La ubicación,Sofá cama incomodo,"['•Viaje de ocio', '•Familia con niños pequeños', '•Apartamento de 1 dormitorio', '•Estancia de 2 noches', '•Enviado por móvil']",Vitoria
Sirguerra,España,5.0,Escrito en 23 de agosto de 2023,"La limpieza. Todo estaba perfectamente pulcro.El equipamiento de electrodomésticos, muy completo.","No entiendo que traten como críos a adultos que saben descargarse una app y con capacidad de abrir puertas mediante una clave digital: ¿a qué viene que las ventanas solo puedan abrirse dos dedos? Sin ventana a la que asomarse ni balcón, la sensación de agobio era enorme. Tampoco entiendo que no hubiese una bayeta de cocina para recoger tras la cena. ¿Debemos usar papel higiénico para arrastrar las migas? Por último, deberían revisar la, digamos, decoración de los rellanos: entiendo que en Vitoria hace considerable frío en invierno pero ¿moqueta alzul marino por todas partes? El ambiente era muy sórdido.","['•Viaje de ocio', '•Familia con niños pequeños', '•Apartamento de 1 dormitorio', '•Estancia de 1 noche']",Vitoria
María,España,6.0,Escrito en 22 de agosto de 2023,"Las camas eran cómodas y la habitación espaciosa, con sitio para poner la ropa y dejar las maletas. La ubicación también bien, aunque no está en pleno centro, en unos 10 minutos andando, llegas.","La limpieza, tanto en el baño como en la cocina había suciedad (microondas, cubiertos, dispensador de jabón, ...). La ventana del salón tenía el pomo suelto y una de las puertas del mueble del salón no cerraba. Además se les olvidó poner el kit de limpieza que pedimos y las sábanas del sofá-cama, tuvimos que llamar para que lo trajeran. Otra cosa que echamos en falta fue algún tendedero para la ropa, porque no sirve de mucho que tenga lavadora, si no hay sitio para tender.","['•Viaje de ocio', '•Familia con niños pequeños', '•Apartamento de 1 dormitorio', '•Estancia de 2 noches', '•Enviado por móvil']",Vitoria
Jose,España,3.0,Escrito en 14 de agosto de 2023,Situacion,"Reservamos un apartamento para no fumadores y cuando entramos el olor a tabaco era evidente, no de haber fumado  de forma puntual si no de ser un espacio en el que ae habia fumado de forma habitual.
Con el aire acondicionado tuvimos problemas. Segun nos informaron desde el telefono de la recepcion virtual estaba regulado para todo el edificio, no nos dijeron a que temperaturra. La solucion si teniamos era abrir las ventanas. Pasamos los dos dias con ellas abiertaa soportando el ruido se trafico de la calle y el sabado por la noche el ruido se la diiscoteca/pub que habia a pocos metros de la entrado. No pudimoa descansar!!","['•Viaje de ocio', '•Familia con niños pequeños', '•Apartamento de 1 dormitorio', '•Estancia de 2 noches', '•Enviado por móvil']",Vitoria
Alba,España,5.0,Escrito en 13 de agosto de 2023,La ubicación.,"Para empezar era un apartamento con capacidad para 3 personas y nos metieron a 5 como se puede ver en el permiso del apartamento, lo cual dudo sea legal. A partir de ahí, sofá cama horrible, terminamos poniendo el colchón en el suelo, cubiertos insuficientes para 5, sillas y espacio insuficiente, cables sueltos, cuadro con cristal roto… Es una pena, porque podrían estar bien los apartamentos, primero si no metieran a más personas de su capacidad, al menos podrían poner un sofá cama decente, y luego darles un repasito, por seguridad.","['•Viaje de ocio', '•Familia con niños pequeños', '•Apartamento de 2 dormitorios', '•Estancia de 3 noches', '•Enviado por móvil']",Vitoria
Raquel,España,5.0,Escrito en 11 de agosto de 2023,Muy centrico,Tuve un problema ya que se estropeó la tele .Avise ayer y nadie de mantenimiento a venido no se han puesto en contacto con nosotros. Que un complejo bastante grande no haya nadie personalmente que te pueda aclarar las dudas.,"['•Viaje de ocio', '•Familia con niños pequeños', '•Apartamento Estudio', '•Estancia de 4 noches', '•Enviado por móvil']",Vitoria
Gema,España,1.0,Escrito en 11 de agosto de 2023,,"No funcionaba el aire acondicionado  y estabamos a a 36 grados.
No nos cambiaron de habitación..decían que estaba lleno y no habia..fue muy desagradable. No nos daban solución.","['•Viaje de ocio', '•Familia con niños pequeños', '•Apartamento de 1 dormitorio', '•Estancia de 1 noche', '•Enviado por móvil']",Vitoria
Jairo,España,4.0,Escrito en 11 de agosto de 2023,Limpieza y está cuidado,"Que no se pueda abrir una ventana me parece claustrofóbico,hay gente que no lo lleva nada bien,en un apartamento tan Pequeño,sin una terraza y encima sin abrir una ventana ya que son abatibles y demasiado poco,es pésimo,lo digo sin ser fumador.","['•Viaje de ocio', '•Familia con niños pequeños', '•Apartamento de 1 dormitorio', '•Estancia de 1 noche', '•Enviado por móvil']",Vitoria
Lmateo,España,4.0,Escrito en 10 de agosto de 2023,Ubicación y precio,"Falta de limpieza abismal, bastante sucio y descuidado. Mucho polvo acumulado de meses, manos y dedos en paredes y muebles. Sofá cama incomodísimo. Sábanas pequeñas para las camas.","['•Viaje de ocio', '•Familia con niños pequeños', '•Apartamento de 1 dormitorio', '•Estancia de 2 noches', '•Enviado por móvil']",Vitoria
Ana,España,5.0,Escrito en 7 de agosto de 2023,,Hice reserva para dos adultos y dos niños. Cuando llegamos la cama de los niños no estaba abierta y nos costó algo de trabajo abrirla. Además solo pusieron toallas para 2 cuando éramos 4,"['•Viaje de ocio', '•Familia con niños pequeños', '•Apartamento de 1 dormitorio', '•Estancia de 1 noche', '•Enviado por móvil']",Vitoria
Ester,España,5.0,Escrito en 3 de agosto de 2023,Buena ubicación y tiendas cerca.,"El edificio para lo grande que es solo tiene dos ascensores, con lo qual siempre hay que esperar. Si a esto le sumas que se estropea uno de ellos, pues misión imposible subir y bajar al 8 piso.
La segunda  noche se nos estropeó el aire acondicionado. No nos dieron ninguna solución. A las 22h estábamos a 27°. Al ser un 8 piso, las ventanas solo.se abrían un poco de manera que no pasaba aire. Un bochorno toda la tarde y noche en el apartamento que no se podía aguantar y no se ofreció ningún ventilador o alternativa para poder estar en condiciones adecuadas.
El suelo de los ascensores del parking menos 2 estaba sucísimo, como con moho negro. El priner día que lleguemos había un vómito y el tercer día seguía allí.","['•Viaje de ocio', '•Familia con niños pequeños', '•Apartamento de 2 dormitorios', '•Estancia de 3 noches', '•Enviado por móvil']",Vitoria
Rodrigo,España,6.0,Escrito en 3 de agosto de 2023,céntrico y bien ubicado y bastante completo de menaje y demás .,"La ducha sin mampara,se sale el agua por todos los sitios.
La tele no funcionaban la mitad de canales y las almohadas no me gustaron (aunque esto va en cada persona).
check out a las 11:00 
No tiene persianas,para los que le guste dormir con oscuridad.","['•Viaje de ocio', '•Pareja', '•Apartamento Estudio', '•Estancia de 1 noche', '•Enviado por móvil']",Vitoria
Blanca,España,5.0,Escrito en 2 de agosto de 2023,Ubicación y habitación principal.,"No hay recepción, es todo online. Nos aceptaron el early check in y al llegar nos los cancelaron. El sofá cama no se monta bien y se mueve mucho. No hay plancha. Los ascensores son insuficientes para todo el edificio, tuvimos que subir y bajar por las escaleras en varias ocasiones.","['•Viaje de ocio', '•Familia con niños pequeños', '•Apartamento de 1 dormitorio', '•Estancia de 3 noches', '•Enviado por móvil']",Vitoria
Zafiro,Bélgica,3.0,Escrito en 1 de agosto de 2023,,,"['•Viaje de ocio', '•Familia con niños pequeños', '•Apartamento de 1 dormitorio', '•Estancia de 1 noche', '•Enviado por móvil']",Vitoria
Marta,España,6.0,Escrito en 31 de julio de 2023,La situación,Muy incómodo el sofá cama,"['•Viaje de ocio', '•Familia con niños pequeños', '•Apartamento de 2 dormitorios', '•Estancia de 4 noches', '•Enviado por móvil']",Vitoria
María,España,5.0,Escrito en 22 de julio de 2023,Ubicación,"La cama y el acceso, no funcionaba el móvil","['•Viaje de ocio', '•Familia con niños pequeños', '•Apartamento de 1 dormitorio', '•Estancia de 2 noches', '•Enviado por móvil']",Vitoria
Maria,España,5.0,Escrito en 17 de julio de 2023,"La limpieza, la ubicación y estéticamente era bonito y moderno.","El sofá cama no era cómodo del todo se movía mucho, la ventana de la habitación no se abría entera y la del salón no se podía cerrar. La televisión no iba, no se podía conectar a internet y no había hueco para poder conectar la antena. Una de las puertas del armario de debajo de la TV no cerraba. Al no cerrarse bien la ventana del salón el aire acondicionado no iba. Había cubo para fregona pero no fregona y había escoba pero no recogedor. Éramos 4 personas y había justo 4 piezas de cada tipo de vajilla lo que hacía que estuviéramos continuamente fregando y había poco detergente y una sola pastilla de lavavajillas. La lámpara del salón no tenía bombilla. Tiene lavadora pero no tendedero.
Es todo muy moderno pero creo que añadiría a una persona física a la que poder acudir en caso de alguna incidencia como la nuestra con la ventana.","['•Viaje de ocio', '•Grupo de amigos', '•Apartamento de 1 dormitorio', '•Estancia de 2 noches', '•Enviado por móvil']",Vitoria
Luis,España,5.0,Escrito en 13 de julio de 2023,"La ubicación es muy buena, cerca del centro pero en una venida muy ancha y con sitio para aparcar alrededor.Los apartamentos son aceptables. Lo malo es que todo es bastante sencillo, podrían haber empleado materiales de mayor calidad.","El desayuno es muy decepcionante. Ponen muchas cosas pero malas, sería mejor poner menos variedad pero de más calidad.El segundo día no me trajeron el desayuno, aunque lo reclamé el día anterior al ver que no me lo traían por la tarde...Al final estuve alojado sólo y no me devolvieron el dinero del desayuno de las otras 2 personas que no lo utilizaron...","['•Viaje de negocios', '•Persona que viaja sola', '•Apartamento de 1 dormitorio', '•Estancia de 3 noches']",Vitoria
Aitor,España,3.0,Escrito en 9 de julio de 2023,"nosotros reservamos por una cama de matrimonio, y al llegar nos encontramos con dos individuales, si marcamos esa opcion en booking y luego nos dan otra totalmente distinta…para que pagamos por esa opcion entonces?",No reservamos lo que nos dieron.,"['•Viaje de ocio', '•Pareja', '•Apartamento Estudio', '•Estancia de 1 noche', '•Enviado por móvil']",Vitoria
Erika,España,4.0,Escrito en 5 de julio de 2023,La ubicación y la limpieza.,"No había personal para atender, todo era online y la verdad que no resultó nada fácil. Te envían muchos e-mails y todo eso, pero a la hora de activar la llave me costó varios intentos (lo mismo le ocurrió a otra huésped con la que coincidí y se ofreció a ayudarme). Si llego a saber que el método es este (mea culpa que no me fijé) no hubiera reservado. Donde esté un buen trato humano y de proximidad, que se quiten las máquinas!!!!!","['•Viaje de ocio', '•Persona que viaja sola', '•Apartamento Estudio', '•Estancia de 1 noche', '•Enviado por móvil']",Vitoria
Torres,España,6.0,Escrito en 1 de julio de 2023,La ubicación,"El sofá cama del salón
Bastante incómodo
Bastante caro para no incluir desayuno , ni limpieza diaria
Cualquier hotel hubiera sido mas economico y hubiera tenido la posibilidad de cancelación
Me rompí un brazo una semana antes y no hubo posibilidad de retrasarlo","['•Viaje de ocio', '•Familia con niños pequeños', '•Apartamento de 1 dormitorio', '•Estancia de 2 noches', '•Enviado por móvil']",Vitoria
María,España,6.0,Escrito en 24 de junio de 2023,La ubicación,Q el aire acondicionado no funcionaba,"['•Viaje de ocio', '•Familia con niños pequeños', '•Apartamento de 1 dormitorio', '•Estancia de 2 noches', '•Enviado por móvil']",Vitoria
Natuzii,España,5.0,Escrito en 20 de junio de 2023,La ubicación. Personal bastante efectivo. Cocina bastante cómoda.,"Colchón de cama incomodísimo de muelles. El colchón de cuna tan blando que fue imposible usarla para el bebé, que tuvo que dormir en cama. Ducha muy incómoda sin mampara, mojabas todo el suelo del baño escandalosamente  no había visillos, solo cortina oscura. Desayuno pésimo.","['•Viaje de ocio', '•Familia con niños pequeños', '•Apartamento Estudio', '•Estancia de 2 noches', '•Enviado por móvil']",Vitoria
Matilde,España,4.0,Escrito en 15 de mayo de 2023,"Tuvimos un problema  con un sofá y no fueron capaces de solucionarlo en el momento  no hay personal cualificado para resolver  ningún problema, la limpiez mal no está muy limpio faltaba manta para el sofá y almohada etc",Q tenga q ser todo onlay todo es muy incómodo para mi y se tarda mucho en solucionar cualquier anomalia,"['•Viaje de ocio', '•Familia con niños pequeños', '•Apartamento de 1 dormitorio', '•Estancia de 2 noches', '•Enviado por móvil']",Vitoria
Sagrario,España,8.0,Escrito en 14 de diciembre de 2025,,,"['•Viaje de ocio', '•Familia con niños pequeños', '•Apartamento de 2 dormitorios', '•Estancia de 1 noche', '•Enviado por móvil']",Vitoria
Silvia,España,8.0,Escrito en 14 de diciembre de 2025,,,"['•Viaje de ocio', '•Familia con niños pequeños', '•Apartamento de 1 dormitorio', '•Estancia de 1 noche', '•Enviado por móvil']",Vitoria
Laura,España,8.0,Escrito en 12 de diciembre de 2025,,,"['•Viaje de ocio', '•Pareja', '•Apartamento Estudio', '•Estancia de 1 noche']",Vitoria
Gómez,España,7.0,Escrito en 11 de diciembre de 2025,,,"['•Viaje de negocios', '•Persona que viaja sola', '•Apartamento Estudio', '•Estancia de 1 noche']",Vitoria
Torrado,España,10.0,Escrito en 10 de diciembre de 2025,,,"['•Viaje de ocio', '•Familia con niños pequeños', '•Apartamento de 1 dormitorio', '•Estancia de 1 noche']",Vitoria
Eduardo,España,10.0,Escrito en 10 de diciembre de 2025,,,"['•Viaje de ocio', '•Pareja', '•Apartamento de 1 dormitorio', '•Estancia de 4 noches']",Vitoria
Ana,España,7.0,Escrito en 10 de diciembre de 2025,,,"['•Viaje de ocio', '•Familia con niños pequeños', '•Apartamento de 1 dormitorio', '•Estancia de 4 noches', '•Enviado por móvil']",Vitoria
Almudena,España,9.0,Escrito en 9 de diciembre de 2025,,,"['•Viaje de ocio', '•Familia con niños pequeños', '•Apartamento de 1 dormitorio', '•Estancia de 1 noche', '•Enviado por móvil']",Vitoria
Leticia,España,10.0,Escrito en 6 de diciembre de 2025,,,"['•Viaje de negocios', '•Familia con niños pequeños', '•Apartamento de 1 dormitorio', '•Estancia de 2 noches', '•Enviado por móvil']",Vitoria
Maria,España,10.0,Escrito en 2 de diciembre de 2025,,,"['•Familia con niños pequeños', '•Apartamento de 1 dormitorio', '•Estancia de 2 noches', '•Enviado por móvil']",Vitoria
Lander,España,10.0,Escrito en 29 de noviembre de 2025,,,"['•Viaje de ocio', '•Pareja', '•Apartamento Estudio', '•Estancia de 1 noche', '•Enviado por móvil']",Vitoria
Ione,España,8.0,Escrito en 29 de noviembre de 2025,,,"['•Viaje de ocio', '•Familia con niños pequeños', '•Apartamento Estudio', '•Estancia de 1 noche', '•Enviado por móvil']",Vitoria
Juan,España,10.0,Escrito en 21 de noviembre de 2025,,,"['•Viaje de negocios', '•Persona que viaja sola', '•Apartamento Estudio', '•Estancia de 1 noche']",Vitoria
Santiago,España,10.0,Escrito en 20 de noviembre de 2025,,,"['•Viaje de ocio', '•Grupo', '•Apartamento de 1 dormitorio', '•Estancia de 2 noches', '•Enviado por móvil']",Vitoria
Legendario,España,9.0,Escrito en 17 de noviembre de 2025,,,"['•Viaje de ocio', '•Familia con niños pequeños', '•Apartamento de 1 dormitorio', '•Estancia de 3 noches', '•Enviado por móvil']",Vitoria
Lara,España,10.0,Escrito en 11 de noviembre de 2025,,,"['•Viaje de ocio', '•Grupo', '•Apartamento de 1 dormitorio', '•Estancia de 2 noches', '•Enviado por móvil']",Vitoria
Mcarmen,España,10.0,Escrito en 10 de noviembre de 2025,,,"['•Viaje de ocio', '•Familia con niños pequeños', '•Apartamento de 1 dormitorio', '•Estancia de 1 noche', '•Enviado por móvil']",Vitoria
Daniel,España,9.0,Escrito en 8 de noviembre de 2025,,,"['•Viaje de ocio', '•Familia con niños pequeños', '•Apartamento de 1 dormitorio', '•Estancia de 2 noches', '•Enviado por móvil']",Vitoria
Irune,España,9.0,Escrito en 3 de noviembre de 2025,,,"['•Viaje de ocio', '•Grupo', '•Apartamento de 1 dormitorio', '•Estancia de 1 noche', '•Enviado por móvil']",Vitoria
Javier,España,10.0,Escrito en 3 de noviembre de 2025,,,"['•Viaje de ocio', '•Familia con niños pequeños', '•Apartamento de 2 dormitorios', '•Estancia de 1 noche', '•Enviado por móvil']",Vitoria
Elisabet,España,10.0,Escrito en 31 de octubre de 2025,,,"['•Viaje de ocio', '•Grupo', '•Apartamento de 2 dormitorios', '•Estancia de 2 noches', '•Enviado por móvil']",Vitoria
Jone,España,10.0,Escrito en 27 de octubre de 2025,,,"['•Viaje de ocio', '•Pareja', '•Apartamento Estudio', '•Estancia de 1 noche']",Vitoria
Alia,España,8.0,Escrito en 26 de octubre de 2025,,,"['•Viaje de ocio', '•Grupo', '•Apartamento de 1 dormitorio', '•Estancia de 2 noches', '•Enviado por móvil']",Vitoria
Rafael,España,8.0,Escrito en 26 de octubre de 2025,,,"['•Viaje de ocio', '•Grupo', '•Apartamento de 2 dormitorios', '•Estancia de 1 noche', '•Enviado por móvil']",Vitoria
Yolanda,España,10.0,Escrito en 26 de octubre de 2025,,,"['•Viaje de ocio', '•Pareja', '•Apartamento Estudio', '•Estancia de 1 noche', '•Enviado por móvil']",Vitoria
Paula,España,9.0,Escrito en 21 de agosto de 2025,,,"['•Viaje de ocio', '•Familia con niños pequeños', '•Apartamento de 1 dormitorio', '•Estancia de 6 noches', '•Enviado por móvil']",Vitoria
Martínez,España,10.0,Escrito en 20 de agosto de 2025,,,"['•Familia con niños pequeños', '•Apartamento de 1 dormitorio', '•Estancia de 1 noche', '•Enviado por móvil']",Vitoria
Victor,España,10.0,Escrito en 19 de agosto de 2025,,,"['•Familia con niños pequeños', '•Apartamento con terraza', '•Estancia de 2 noches', '•Enviado por móvil']",Vitoria
Carmen,España,10.0,Escrito en 14 de agosto de 2025,,,"['•Viaje de ocio', '•Familia con niños pequeños', '•Apartamento Ático', '•Estancia de 1 noche', '•Enviado por móvil']",Vitoria
Ana,España,9.0,Escrito en 13 de agosto de 2025,,,"['•Viaje de ocio', '•Grupo', '•Apartamento de 1 dormitorio', '•Estancia de 2 noches', '•Enviado por móvil']",Vitoria
Pablo,España,10.0,Escrito en 13 de agosto de 2025,,,"['•Viaje de negocios', '•Familia con niños pequeños', '•Apartamento de 1 dormitorio', '•Estancia de 1 noche', '•Enviado por móvil']",Vitoria
Maria,España,9.0,Escrito en 13 de agosto de 2025,,,"['•Viaje de ocio', '•Familia con niños pequeños', '•Apartamento de 1 dormitorio', '•Estancia de 1 noche', '•Enviado por móvil']",Vitoria
Diego,España,10.0,Escrito en 13 de agosto de 2025,,,"['•Viaje de ocio', '•Pareja', '•Apartamento de 1 dormitorio', '•Estancia de 1 noche', '•Enviado por móvil']",Vitoria
Marie,Francia,10.0,Escrito en 12 de agosto de 2025,,,"['•Viaje de ocio', '•Familia con niños pequeños', '•Apartamento de 1 dormitorio', '•Estancia de 1 noche', '•Enviado por móvil']",Vitoria
Javier,España,9.0,Escrito en 11 de agosto de 2025,,,"['•Viaje de ocio', '•Familia con niños pequeños', '•Apartamento de 1 dormitorio', '•Estancia de 1 noche']",Vitoria
Isabel,España,8.0,Escrito en 10 de agosto de 2025,,,"['•Viaje de ocio', '•Grupo de amigos', '•Apartamento de 2 dormitorios', '•Estancia de 1 noche', '•Enviado por móvil']",Vitoria
Josep,España,8.0,Escrito en 10 de agosto de 2025,,,"['•Viaje de ocio', '•Familia con niños pequeños', '•Apartamento de 1 dormitorio', '•Estancia de 2 noches']",Vitoria
Beatriz,España,9.0,Escrito en 8 de agosto de 2025,,,"['•Viaje de ocio', '•Grupo de amigos', '•Apartamento Estudio', '•Estancia de 1 noche', '•Enviado por móvil']",Vitoria
Maria,Francia,8.0,Escrito en 6 de agosto de 2025,,,"['•Familia con niños pequeños', '•Apartamento de 1 dormitorio', '•Estancia de 1 noche', '•Enviado por móvil']",Vitoria
Maria,España,10.0,Escrito en 5 de agosto de 2025,,,"['•Viaje de ocio', '•Familia con niños pequeños', '•Apartamento de 1 dormitorio', '•Estancia de 1 noche', '•Enviado por móvil']",Vitoria
Paco,España,9.0,Escrito en 4 de agosto de 2025,,,"['•Viaje de ocio', '•Familia con niños pequeños', '•Apartamento de 1 dormitorio', '•Estancia de 1 noche', '•Enviado por móvil']",Vitoria
Myriam,España,9.0,Escrito en 31 de julio de 2025,,,"['•Familia con niños pequeños', '•Apartamento de 1 dormitorio', '•Estancia de 1 noche', '•Enviado por móvil']",Vitoria
Antonio,España,10.0,Escrito en 31 de julio de 2025,,,"['•Viaje de ocio', '•Familia con niños pequeños', '•Apartamento de 1 dormitorio', '•Estancia de 1 noche', '•Enviado por móvil']",Vitoria
Grigore,España,8.0,Escrito en 28 de julio de 2025,,,"['•Viaje de ocio', '•Grupo de amigos', '•Apartamento de 1 dormitorio', '•Estancia de 1 noche', '•Enviado por móvil']",Vitoria
Ana,España,10.0,Escrito en 28 de julio de 2025,,,"['•Viaje de ocio', '•Familia con niños pequeños', '•Apartamento de 1 dormitorio', '•Estancia de 3 noches', '•Enviado por móvil']",Vitoria
Miguel,España,10.0,Escrito en 27 de julio de 2025,,,"['•Viaje de ocio', '•Grupo', '•Apartamento de 1 dormitorio', '•Estancia de 2 noches', '•Enviado por móvil']",Vitoria
Angel,España,9.0,Escrito en 26 de julio de 2025,,,"['•Viaje de ocio', '•Familia con niños pequeños', '•Apartamento de 1 dormitorio', '•Estancia de 2 noches', '•Enviado por móvil']",Vitoria
Laura,España,10.0,Escrito en 26 de julio de 2025,,,"['•Viaje de ocio', '•Familia con niños pequeños', '•Apartamento de 1 dormitorio', '•Estancia de 1 noche', '•Enviado por móvil']",Vitoria
Castrillo,España,8.0,Escrito en 26 de julio de 2025,,,"['•Viaje de ocio', '•Grupo', '•Apartamento Estudio', '•Estancia de 1 noche', '•Enviado por móvil']",Vitoria
Eduardo,España,8.0,Escrito en 25 de julio de 2025,,,"['•Viaje de ocio', '•Grupo', '•Apartamento de 1 dormitorio', '•Estancia de 1 noche', '•Enviado por móvil']",Vitoria
Dolores,España,9.0,Escrito en 3 de junio de 2025,,,"['•Viaje de ocio', '•Pareja', '•Apartamento de 1 dormitorio', '•Estancia de 3 noches', '•Enviado por móvil']",Vitoria
Santa,España,8.0,Escrito en 2 de junio de 2025,,,"['•Viaje de ocio', '•Grupo', '•Apartamento de 1 dormitorio', '•Estancia de 1 noche']",Vitoria
Ana,España,10.0,Escrito en 2 de junio de 2025,,,"['•Pareja', '•Apartamento de 1 dormitorio', '•Estancia de 1 noche', '•Enviado por móvil']",Vitoria
Mattin,España,10.0,Escrito en 1 de junio de 2025,,,"['•Viaje de negocios', '•Persona que viaja sola', '•Apartamento de 1 dormitorio', '•Estancia de 2 noches', '•Enviado por móvil']",Vitoria
Olatz,España,8.0,Escrito en 1 de junio de 2025,,,"['•Viaje de ocio', '•Familia con niños pequeños', '•Apartamento de 1 dormitorio', '•Estancia de 2 noches', '•Enviado por móvil']",Vitoria
Cristina,España,9.0,Escrito en 1 de junio de 2025,,,"['•Viaje de ocio', '•Grupo', '•Apartamento de 2 dormitorios', '•Estancia de 1 noche', '•Enviado por móvil']",Vitoria
Leyre,España,8.0,Escrito en 31 de mayo de 2025,,,"['•Viaje de ocio', '•Grupo', '•Apartamento de 2 dormitorios', '•Estancia de 1 noche', '•Enviado por móvil']",Vitoria
Jonatan,España,8.0,Escrito en 28 de mayo de 2025,,,"['•Viaje de negocios', '•Familia con niños pequeños', '•Apartamento Estudio', '•Estancia de 1 noche', '•Enviado por móvil']",Vitoria
Diego,España,10.0,Escrito en 28 de mayo de 2025,,,"['•Viaje de negocios', '•Pareja', '•Apartamento con terraza', '•Estancia de 1 noche', '•Enviado por móvil']",Vitoria
Ivan,España,10.0,Escrito en 27 de mayo de 2025,,,"['•Viaje de negocios', '•Persona que viaja sola', '•Apartamento de 1 dormitorio', '•Estancia de 2 noches', '•Enviado por móvil']",Vitoria
Maria,España,10.0,Escrito en 27 de mayo de 2025,,,"['•Familia con niños pequeños', '•Apartamento de 1 dormitorio', '•Estancia de 1 noche', '•Enviado por móvil']",Vitoria
Mercedes,España,9.0,Escrito en 20 de mayo de 2025,,,"['•Viaje de ocio', '•Familia con niños pequeños', '•Apartamento de 1 dormitorio', '•Estancia de 2 noches', '•Enviado por móvil']",Vitoria
Paula,España,7.0,Escrito en 19 de mayo de 2025,,,"['•Viaje de ocio', '•Familia con niños pequeños', '•Apartamento de 1 dormitorio', '•Estancia de 2 noches', '•Enviado por móvil']",Vitoria
Jonathan,España,10.0,Escrito en 19 de mayo de 2025,,,"['•Viaje de negocios', '•Familia con niños pequeños', '•Apartamento Estudio', '•Estancia de 3 noches', '•Enviado por móvil']",Vitoria
Jorge,España,9.0,Escrito en 19 de mayo de 2025,,,"['•Viaje de ocio', '•Familia con niños pequeños', '•Apartamento de 1 dormitorio', '•Estancia de 3 noches', '•Enviado por móvil']",Vitoria
Raquel,España,10.0,Escrito en 18 de mayo de 2025,,,"['•Viaje de ocio', '•Grupo de amigos', '•Apartamento Estudio', '•Estancia de 2 noches', '•Enviado por móvil']",Vitoria
Rivas,España,8.0,Escrito en 17 de mayo de 2025,,,"['•Viaje de negocios', '•Grupo de amigos', '•Apartamento de 1 dormitorio', '•Estancia de 1 noche', '•Enviado por móvil']",Vitoria
Endika,España,9.0,Escrito en 11 de mayo de 2025,,,"['•Viaje de ocio', '•Familia con niños pequeños', '•Apartamento de 1 dormitorio', '•Estancia de 1 noche', '•Enviado por móvil']",Vitoria
María,España,8.0,Escrito en 9 de mayo de 2025,,,"['•Viaje de ocio', '•Familia con niños pequeños', '•Apartamento de 1 dormitorio', '•Estancia de 1 noche', '•Enviado por móvil']",Vitoria
Maria,España,9.0,Escrito en 4 de mayo de 2025,,,"['•Viaje de ocio', '•Grupo', '•Apartamento de 2 dormitorios', '•Estancia de 2 noches', '•Enviado por móvil']",Vitoria
Ana,España,8.0,Escrito en 1 de mayo de 2025,,,"['•Viaje de ocio', '•Grupo', '•Apartamento de 2 dormitorios', '•Estancia de 1 noche', '•Enviado por móvil']",Vitoria
Héctor,España,8.0,Escrito en 1 de mayo de 2025,,,"['•Viaje de negocios', '•Familia con niños pequeños', '•Apartamento de 1 dormitorio', '•Estancia de 2 noches', '•Enviado por móvil']",Vitoria
Ana,España,10.0,Escrito en 30 de abril de 2025,,,"['•Viaje de ocio', '•Grupo', '•Apartamento de 2 dormitorios', '•Estancia de 1 noche', '•Enviado por móvil']",Vitoria
Belen,España,9.0,Escrito en 30 de abril de 2025,,,"['•Viaje de ocio', '•Familia con niños pequeños', '•Apartamento de 1 dormitorio', '•Estancia de 3 noches', '•Enviado por móvil']",Vitoria
Elena,España,10.0,Escrito en 30 de abril de 2025,,,"['•Viaje de ocio', '•Familia con niños pequeños', '•Apartamento de 1 dormitorio', '•Estancia de 2 noches', '•Enviado por móvil']",Vitoria
Alejandro,España,7.0,Escrito en 2 de marzo de 2025,,,"['•Viaje de ocio', '•Grupo de amigos', '•Apartamento de 1 dormitorio', '•Estancia de 2 noches', '•Enviado por móvil']",Vitoria
Ander,España,9.0,Escrito en 2 de marzo de 2025,,,"['•Viaje de ocio', '•Grupo', '•Apartamento de 1 dormitorio', '•Estancia de 1 noche', '•Enviado por móvil']",Vitoria
Blanco,España,7.0,Escrito en 2 de marzo de 2025,,,"['•Viaje de ocio', '•Familia con niños pequeños', '•Apartamento de 1 dormitorio', '•Estancia de 1 noche', '•Enviado por móvil']",Vitoria
Toni,España,8.0,Escrito en 2 de marzo de 2025,,,"['•Viaje de negocios', '•Persona que viaja sola', '•Apartamento de 1 dormitorio', '•Estancia de 2 noches', '•Enviado por móvil']",Vitoria
Esther,España,9.0,Escrito en 2 de marzo de 2025,,,"['•Viaje de ocio', '•Familia con niños pequeños', '•Apartamento de 2 dormitorios', '•Estancia de 3 noches', '•Enviado por móvil']",Vitoria
Ana,España,10.0,Escrito en 1 de marzo de 2025,,,"['•Viaje de ocio', '•Familia con niños pequeños', '•Apartamento de 1 dormitorio', '•Estancia de 2 noches', '•Enviado por móvil']",Vitoria
Jacobo,España,10.0,Escrito en 1 de marzo de 2025,,,"['•Viaje de ocio', '•Grupo', '•Apartamento de 2 dormitorios', '•Estancia de 1 noche', '•Enviado por móvil']",Vitoria
Eva,España,7.0,Escrito en 27 de febrero de 2025,,,"['•Viaje de ocio', '•Grupo', '•Apartamento de 1 dormitorio', '•Estancia de 1 noche', '•Enviado por móvil']",Vitoria
Miguel,España,8.0,Escrito en 27 de febrero de 2025,,,"['•Viaje de ocio', '•Grupo', '•Apartamento de 1 dormitorio', '•Estancia de 2 noches']",Vitoria
David,España,8.0,Escrito en 26 de febrero de 2025,,,"['•Viaje de ocio', '•Familia con niños pequeños', '•Apartamento de 1 dormitorio', '•Estancia de 1 noche']",Vitoria
Oscar,España,8.0,Escrito en 26 de febrero de 2025,,,"['•Persona que viaja sola', '•Apartamento Estudio', '•Estancia de 2 noches', '•Enviado por móvil']",Vitoria
Zc88,España,9.0,Escrito en 25 de febrero de 2025,,,"['•Viaje de ocio', '•Familia con niños pequeños', '•Apartamento de 2 dormitorios', '•Estancia de 1 noche', '•Enviado por móvil']",Vitoria
David,España,9.0,Escrito en 24 de febrero de 2025,,,"['•Viaje de ocio', '•Grupo', '•Apartamento de 1 dormitorio', '•Estancia de 1 noche', '•Enviado por móvil']",Vitoria
Elena,España,9.0,Escrito en 21 de febrero de 2025,,,"['•Viaje de ocio', '•Familia con niños pequeños', '•Apartamento de 1 dormitorio', '•Estancia de 3 noches', '•Enviado por móvil']",Vitoria
Manuel,España,10.0,Escrito en 19 de febrero de 2025,,,"['•Viaje de ocio', '•Familia con niños pequeños', '•Apartamento de 1 dormitorio', '•Estancia de 2 noches', '•Enviado por móvil']",Vitoria
José,España,9.0,Escrito en 17 de febrero de 2025,,,"['•Viaje de ocio', '•Pareja', '•Apartamento Estudio', '•Estancia de 1 noche', '•Enviado por móvil']",Vitoria
Anne,España,10.0,Escrito en 15 de febrero de 2025,,,"['•Viaje de ocio', '•Grupo de amigos', '•Apartamento de 1 dormitorio', '•Estancia de 1 noche', '•Enviado por móvil']",Vitoria
Fátima,España,7.0,Escrito en 13 de febrero de 2025,,,"['•Viaje de ocio', '•Familia con niños pequeños', '•Apartamento de 1 dormitorio', '•Estancia de 3 noches', '•Enviado por móvil']",Vitoria
Gonzlez,España,7.0,Escrito en 13 de febrero de 2025,,,"['•Viaje de ocio', '•Pareja', '•Apartamento Estudio', '•Estancia de 2 noches', '•Enviado por móvil']",Vitoria
Mario,España,9.0,Escrito en 13 de febrero de 2025,,,"['•Viaje de ocio', '•Familia con niños pequeños', '•Apartamento de 1 dormitorio', '•Estancia de 3 noches', '•Enviado por móvil']",Vitoria
Cristina,España,10.0,Escrito en 11 de febrero de 2025,,,"['•Viaje de ocio', '•Pareja', '•Apartamento Estudio', '•Estancia de 1 noche']",Vitoria
Raquel,España,9.0,Escrito en 10 de febrero de 2025,,,"['•Viaje de ocio', '•Grupo de amigos', '•Apartamento de 2 dormitorios', '•Estancia de 2 noches', '•Enviado por móvil']",Vitoria
Ibertrasa,España,8.0,Escrito en 10 de febrero de 2025,,,"['•Viaje de negocios', '•Grupo', '•Apartamento de 2 dormitorios', '•Estancia de 2 noches']",Vitoria
Irune,España,8.0,Escrito en 9 de febrero de 2025,,,"['•Viaje de ocio', '•Grupo', '•Apartamento de 1 dormitorio', '•Estancia de 1 noche', '•Enviado por móvil']",Vitoria
Marta,España,8.0,Escrito en 9 de febrero de 2025,,,"['•Viaje de ocio', '•Grupo', '•Apartamento de 2 dormitorios', '•Estancia de 2 noches', '•Enviado por móvil']",Vitoria
Luis,Chile,8.0,Escrito en 4 de enero de 2025,,,"['•Viaje de ocio', '•Familia con niños pequeños', '•Apartamento de 2 dormitorios', '•Estancia de 9 noches', '•Enviado por móvil']",Vitoria
Díaz,España,10.0,Escrito en 4 de enero de 2025,,,"['•Viaje de ocio', '•Familia con niños pequeños', '•Apartamento con terraza', '•Estancia de 1 noche', '•Enviado por móvil']",Vitoria
Juan,España,8.0,Escrito en 3 de enero de 2025,,,"['•Con una mascota', '•Viaje de ocio', '•Familia con niños pequeños', '•Apartamento de 1 dormitorio', '•Estancia de 2 noches']",Vitoria
Eva,España,9.0,Escrito en 31 de diciembre de 2024,,,"['•Familia con niños pequeños', '•Apartamento de 1 dormitorio', '•Estancia de 3 noches', '•Enviado por móvil']",Vitoria
Elvira,España,10.0,Escrito en 28 de diciembre de 2024,,,"['•Viaje de ocio', '•Familia con niños pequeños', '•Apartamento de 1 dormitorio', '•Estancia de 1 noche', '•Enviado por móvil']",Vitoria
Sergio,España,7.0,Escrito en 28 de diciembre de 2024,,,"['•Viaje de ocio', '•Familia con niños pequeños', '•Apartamento de 1 dormitorio', '•Estancia de 1 noche', '•Enviado por móvil']",Vitoria
Ana,España,8.0,Escrito en 26 de diciembre de 2024,,,"['•Viaje de ocio', '•Familia con niños pequeños', '•Apartamento de 2 dormitorios', '•Estancia de 1 noche', '•Enviado por móvil']",Vitoria
Gabaldon,España,7.0,Escrito en 22 de diciembre de 2024,,,"['•Viaje de ocio', '•Familia con niños pequeños', '•Apartamento de 1 dormitorio', '•Estancia de 2 noches', '•Enviado por móvil']",Vitoria
Manuel,España,8.0,Escrito en 21 de diciembre de 2024,,,"['•Viaje de negocios', '•Persona que viaja sola', '•Apartamento de 1 dormitorio', '•Estancia de 1 noche', '•Enviado por móvil']",Vitoria
Félix,España,8.0,Escrito en 20 de diciembre de 2024,,,"['•Viaje de ocio', '•Pareja', '•Apartamento Estudio', '•Estancia de 1 noche', '•Enviado por móvil']",Vitoria
Ada,España,8.0,Escrito en 20 de diciembre de 2024,,,"['•Viaje de ocio', '•Pareja', '•Apartamento Estudio', '•Estancia de 1 noche', '•Enviado por móvil']",Vitoria
Angela,España,10.0,Escrito en 19 de diciembre de 2024,,,"['•Viaje de negocios', '•Pareja', '•Apartamento de 1 dormitorio', '•Estancia de 1 noche', '•Enviado por móvil']",Vitoria
Mª,España,10.0,Escrito en 19 de diciembre de 2024,,,"['•Viaje de ocio', '•Grupo de amigos', '•Apartamento de 2 dormitorios', '•Estancia de 1 noche', '•Enviado por móvil']",Vitoria
Iratxe,España,9.0,Escrito en 18 de diciembre de 2024,,,"['•Viaje de ocio', '•Familia con niños pequeños', '•Apartamento de 1 dormitorio', '•Estancia de 3 noches', '•Enviado por móvil']",Vitoria
Vavera,Colombia,10.0,Escrito en 17 de diciembre de 2024,,,"['•Viaje de ocio', '•Pareja', '•Apartamento Estudio', '•Estancia de 2 noches', '•Enviado por móvil']",Vitoria
Almudena,España,9.0,Escrito en 17 de diciembre de 2024,,,"['•Viaje de ocio', '•Grupo', '•Apartamento de 1 dormitorio', '•Estancia de 1 noche', '•Enviado por móvil']",Vitoria
Martina,España,10.0,Escrito en 17 de diciembre de 2024,,,"['•Viaje de ocio', '•Grupo de amigos', '•Apartamento de 1 dormitorio', '•Estancia de 3 noches', '•Enviado por móvil']",Vitoria
Diana,España,8.0,Escrito en 16 de diciembre de 2024,,,"['•Viaje de ocio', '•Pareja', '•Apartamento de 1 dormitorio', '•Estancia de 1 noche', '•Enviado por móvil']",Vitoria
Susana,España,9.0,Escrito en 16 de diciembre de 2024,,,"['•Viaje de ocio', '•Familia con niños pequeños', '•Apartamento de 1 dormitorio', '•Estancia de 1 noche', '•Enviado por móvil']",Vitoria
Estibaliz,España,9.0,Escrito en 15 de diciembre de 2024,,,"['•Viaje de ocio', '•Familia con niños pequeños', '•Apartamento de 1 dormitorio', '•Estancia de 1 noche', '•Enviado por móvil']",Vitoria
Maritorena,España,8.0,Escrito en 14 de diciembre de 2024,,,"['•Familia con niños pequeños', '•Apartamento de 2 dormitorios', '•Estancia de 1 noche', '•Enviado por móvil']",Vitoria
Miriam,España,8.0,Escrito en 12 de diciembre de 2024,,,"['•Viaje de ocio', '•Familia con niños pequeños', '•Apartamento de 1 dormitorio', '•Estancia de 4 noches', '•Enviado por móvil']",Vitoria
Jose,España,10.0,Escrito en 9 de diciembre de 2024,,,"['•Viaje de ocio', '•Familia con niños pequeños', '•Apartamento de 1 dormitorio', '•Estancia de 1 noche', '•Enviado por móvil']",Vitoria
María,España,10.0,Escrito en 9 de diciembre de 2024,,,"['•Viaje de ocio', '•Familia con niños pequeños', '•Apartamento de 1 dormitorio', '•Estancia de 2 noches', '•Enviado por móvil']",Vitoria
Teresa,España,8.0,Escrito en 9 de diciembre de 2024,,,"['•Viaje de ocio', '•Familia con niños pequeños', '•Apartamento de 1 dormitorio', '•Estancia de 2 noches', '•Enviado por móvil']",Vitoria
Elisa,España,10.0,Escrito en 15 de octubre de 2024,,,"['•Viaje de ocio', '•Pareja', '•Apartamento de 1 dormitorio', '•Estancia de 1 noche', '•Enviado por móvil']",Vitoria
Fernando,España,9.0,Escrito en 15 de octubre de 2024,,,"['•Familia con niños pequeños', '•Apartamento con terraza', '•Estancia de 3 noches', '•Enviado por móvil']",Vitoria
Ricardo,España,8.0,Escrito en 14 de octubre de 2024,,,"['•Viaje de ocio', '•Familia con niños pequeños', '•Apartamento Estudio', '•Estancia de 1 noche', '•Enviado por móvil']",Vitoria
Emma,España,9.0,Escrito en 13 de octubre de 2024,,,"['•Viaje de ocio', '•Familia con niños pequeños', '•Apartamento de 1 dormitorio', '•Estancia de 2 noches', '•Enviado por móvil']",Vitoria
Pilar,España,9.0,Escrito en 13 de octubre de 2024,,,"['•Viaje de ocio', '•Familia con niños pequeños', '•Apartamento de 1 dormitorio', '•Estancia de 2 noches', '•Enviado por móvil']",Vitoria
Marina,España,10.0,Escrito en 13 de octubre de 2024,,,"['•Viaje de ocio', '•Familia con niños pequeños', '•Apartamento de 1 dormitorio', '•Estancia de 1 noche', '•Enviado por móvil']",Vitoria
Rodrigo,España,10.0,Escrito en 13 de octubre de 2024,,,"['•Viaje de ocio', '•Familia con niños pequeños', '•Apartamento de 1 dormitorio', '•Estancia de 1 noche', '•Enviado por móvil']",Vitoria
Jefferson,Bélgica,10.0,Escrito en 11 de octubre de 2024,,,"['•Viaje de ocio', '•Familia con niños pequeños', '•Apartamento de 1 dormitorio', '•Estancia de 2 noches', '•Enviado por móvil']",Vitoria
Miguel,España,9.0,Escrito en 10 de octubre de 2024,,,"['•Viaje de ocio', '•Familia con niños pequeños', '•Apartamento con terraza', '•Estancia de 1 noche', '•Enviado por móvil']",Vitoria
Juan,España,8.0,Escrito en 10 de octubre de 2024,,,"['•Viaje de ocio', '•Familia con niños pequeños', '•Apartamento de 1 dormitorio', '•Estancia de 1 noche']",Vitoria
Lexuri,España,8.0,Escrito en 8 de octubre de 2024,,,"['•Viaje de ocio', '•Grupo', '•Apartamento de 2 dormitorios', '•Estancia de 1 noche']",Vitoria
Beatriz,España,7.0,Escrito en 6 de octubre de 2024,,,"['•Viaje de ocio', '•Familia con niños pequeños', '•Apartamento de 1 dormitorio', '•Estancia de 1 noche', '•Enviado por móvil']",Vitoria
Josefa,España,9.0,Escrito en 5 de octubre de 2024,,,"['•Viaje de ocio', '•Familia con niños pequeños', '•Apartamento de 1 dormitorio', '•Estancia de 1 noche', '•Enviado por móvil']",Vitoria
Maria,España,10.0,Escrito en 5 de octubre de 2024,,,"['•Viaje de ocio', '•Familia con niños pequeños', '•Apartamento de 1 dormitorio', '•Estancia de 2 noches', '•Enviado por móvil']",Vitoria
Francisco,España,8.0,Escrito en 5 de octubre de 2024,,,"['•Viaje de negocios', '•Familia con niños pequeños', '•Apartamento de 2 dormitorios', '•Estancia de 4 noches', '•Enviado por móvil']",Vitoria
Javier,España,10.0,Escrito en 4 de octubre de 2024,,,"['•Viaje de ocio', '•Persona que viaja sola', '•Apartamento de 1 dormitorio', '•Estancia de 5 noches', '•Enviado por móvil']",Vitoria
Ignacio,España,9.0,Escrito en 3 de octubre de 2024,,,"['•Viaje de ocio', '•Pareja', '•Apartamento Estudio', '•Estancia de 3 noches', '•Enviado por móvil']",Vitoria
Jon,España,10.0,Escrito en 2 de octubre de 2024,,,"['•Viaje de negocios', '•Persona que viaja sola', '•Apartamento de 1 dormitorio', '•Estancia de 1 noche', '•Enviado por móvil']",Vitoria
Raquel,España,9.0,Escrito en 2 de octubre de 2024,,,"['•Familia con niños pequeños', '•Apartamento de 1 dormitorio', '•Estancia de 6 noches', '•Enviado por móvil']",Vitoria
María,España,9.0,Escrito en 1 de octubre de 2024,,,"['•Viaje de ocio', '•Pareja', '•Apartamento de 1 dormitorio', '•Estancia de 2 noches', '•Enviado por móvil']",Vitoria
Bárbara,España,7.0,Escrito en 30 de septiembre de 2024,,,"['•Viaje de ocio', '•Pareja', '•Apartamento de 1 dormitorio', '•Estancia de 3 noches']",Vitoria
Maria,España,10.0,Escrito en 30 de septiembre de 2024,,,"['•Viaje de ocio', '•Grupo de amigos', '•Apartamento de 1 dormitorio', '•Estancia de 1 noche', '•Enviado por móvil']",Vitoria
Kizkitza,España,9.0,Escrito en 30 de septiembre de 2024,,,"['•Viaje de ocio', '•Grupo', '•Apartamento de 2 dormitorios', '•Estancia de 2 noches', '•Enviado por móvil']",Vitoria
Armando,España,8.0,Escrito en 29 de septiembre de 2024,,,"['•Viaje de ocio', '•Familia con niños pequeños', '•Apartamento de 1 dormitorio', '•Estancia de 5 noches', '•Enviado por móvil']",Vitoria
Jennifer,España,8.0,Escrito en 29 de septiembre de 2024,,,"['•Viaje de ocio', '•Grupo de amigos', '•Apartamento de 2 dormitorios', '•Estancia de 1 noche', '•Enviado por móvil']",Vitoria
Juan,España,10.0,Escrito en 26 de agosto de 2024,,,"['•Viaje de ocio', '•Familia con niños pequeños', '•Apartamento de 1 dormitorio', '•Estancia de 3 noches', '•Enviado por móvil']",Vitoria
Ana,España,10.0,Escrito en 26 de agosto de 2024,,,"['•Viaje de ocio', '•Familia con niños pequeños', '•Apartamento de 1 dormitorio', '•Estancia de 1 noche', '•Enviado por móvil']",Vitoria
Paredes,España,10.0,Escrito en 25 de agosto de 2024,,,"['•Viaje de ocio', '•Familia con niños pequeños', '•Apartamento de 2 dormitorios', '•Estancia de 1 noche', '•Enviado por móvil']",Vitoria
Rafael,España,10.0,Escrito en 25 de agosto de 2024,,,"['•Viaje de ocio', '•Familia con niños pequeños', '•Apartamento de 1 dormitorio', '•Estancia de 5 noches', '•Enviado por móvil']",Vitoria
Juan,España,10.0,Escrito en 25 de agosto de 2024,,,"['•Viaje de ocio', '•Familia con niños pequeños', '•Apartamento de 1 dormitorio', '•Estancia de 3 noches', '•Enviado por móvil']",Vitoria
Josep,España,10.0,Escrito en 24 de agosto de 2024,,,"['•Viaje de ocio', '•Familia con niños pequeños', '•Apartamento de 1 dormitorio', '•Estancia de 1 noche', '•Enviado por móvil']",Vitoria
Carolina,España,9.0,Escrito en 23 de agosto de 2024,,,"['•Viaje de ocio', '•Familia con niños pequeños', '•Apartamento de 1 dormitorio', '•Estancia de 4 noches', '•Enviado por móvil']",Vitoria
Rocamora,España,10.0,Escrito en 23 de agosto de 2024,,,"['•Viaje de ocio', '•Familia con niños pequeños', '•Apartamento de 1 dormitorio', '•Estancia de 2 noches', '•Enviado por móvil']",Vitoria
Maria,España,10.0,Escrito en 22 de agosto de 2024,,,"['•Viaje de ocio', '•Familia con niños pequeños', '•Apartamento con terraza', '•Estancia de 3 noches', '•Enviado por móvil']",Vitoria
Deborah,España,10.0,Escrito en 22 de agosto de 2024,,,"['•Viaje de ocio', '•Grupo de amigos', '•Apartamento de 1 dormitorio', '•Estancia de 5 noches', '•Enviado por móvil']",Vitoria
Víctor,España,9.0,Escrito en 21 de agosto de 2024,,,"['•Viaje de ocio', '•Familia con niños pequeños', '•Apartamento de 1 dormitorio', '•Estancia de 2 noches', '•Enviado por móvil']",Vitoria
Verónica,España,9.0,Escrito en 19 de agosto de 2024,,,"['•Viaje de ocio', '•Familia con niños pequeños', '•Apartamento de 1 dormitorio', '•Estancia de 4 noches', '•Enviado por móvil']",Vitoria
África,España,8.0,Escrito en 19 de agosto de 2024,,,"['•Viaje de ocio', '•Familia con niños pequeños', '•Apartamento de 1 dormitorio', '•Estancia de 5 noches', '•Enviado por móvil']",Vitoria
Sandra,España,9.0,Escrito en 19 de agosto de 2024,,,"['•Viaje de ocio', '•Grupo', '•Apartamento de 1 dormitorio', '•Estancia de 1 noche', '•Enviado por móvil']",Vitoria
Marta,España,9.0,Escrito en 19 de agosto de 2024,,,"['•Viaje de ocio', '•Familia con niños pequeños', '•Apartamento de 2 dormitorios', '•Estancia de 3 noches', '•Enviado por móvil']",Vitoria
David,España,8.0,Escrito en 18 de agosto de 2024,,,"['•Viaje de ocio', '•Grupo de amigos', '•Apartamento Estudio', '•Estancia de 2 noches', '•Enviado por móvil']",Vitoria
Daniela,España,10.0,Escrito en 17 de agosto de 2024,,,"['•Familia con niños pequeños', '•Apartamento de 1 dormitorio', '•Estancia de 1 noche', '•Enviado por móvil']",Vitoria
Inés,España,9.0,Escrito en 16 de agosto de 2024,,,"['•Viaje de ocio', '•Familia con niños pequeños', '•Apartamento de 1 dormitorio', '•Estancia de 3 noches', '•Enviado por móvil']",Vitoria
Lorena,España,8.0,Escrito en 16 de agosto de 2024,,,"['•Viaje de ocio', '•Familia con niños pequeños', '•Apartamento de 1 dormitorio', '•Estancia de 3 noches', '•Enviado por móvil']",Vitoria
Adrián,España,9.0,Escrito en 16 de agosto de 2024,,,"['•Viaje de ocio', '•Familia con niños pequeños', '•Apartamento de 1 dormitorio', '•Estancia de 2 noches', '•Enviado por móvil']",Vitoria
Manuel,España,8.0,Escrito en 15 de agosto de 2024,,,"['•Viaje de ocio', '•Familia con niños pequeños', '•Apartamento de 1 dormitorio', '•Estancia de 1 noche', '•Enviado por móvil']",Vitoria
Maria,España,9.0,Escrito en 15 de agosto de 2024,,,"['•Viaje de ocio', '•Familia con niños pequeños', '•Apartamento de 1 dormitorio', '•Estancia de 1 noche', '•Enviado por móvil']",Vitoria
Daniel,España,9.0,Escrito en 14 de agosto de 2024,,,"['•Viaje de ocio', '•Familia con niños pequeños', '•Apartamento de 1 dormitorio', '•Estancia de 4 noches']",Vitoria
Ana,España,8.0,Escrito en 14 de agosto de 2024,,,"['•Viaje de ocio', '•Familia con niños pequeños', '•Apartamento de 1 dormitorio', '•Estancia de 3 noches', '•Enviado por móvil']",Vitoria
Rosario,España,8.0,Escrito en 13 de agosto de 2024,,,"['•Viaje de ocio', '•Grupo', '•Apartamento de 1 dormitorio', '•Estancia de 1 noche']",Vitoria
Ignacio,España,8.0,Escrito en 7 de julio de 2024,,,"['•Viaje de ocio', '•Grupo', '•Apartamento de 1 dormitorio', '•Estancia de 3 noches', '•Enviado por móvil']",Vitoria
Santiago,España,10.0,Escrito en 7 de julio de 2024,,,"['•Viaje de ocio', '•Familia con niños pequeños', '•Apartamento de 1 dormitorio', '•Estancia de 1 noche', '•Enviado por móvil']",Vitoria
Alejandra,España,8.0,Escrito en 5 de julio de 2024,,,"['•Viaje de ocio', '•Familia con niños pequeños', '•Apartamento de 1 dormitorio', '•Estancia de 1 noche', '•Enviado por móvil']",Vitoria
Loli,España,10.0,Escrito en 5 de julio de 2024,,,"['•Viaje de ocio', '•Familia con niños pequeños', '•Apartamento de 1 dormitorio', '•Estancia de 1 noche', '•Enviado por móvil']",Vitoria
Jose,España,10.0,Escrito en 5 de julio de 2024,,,"['•Viaje de ocio', '•Familia con niños pequeños', '•Apartamento de 2 dormitorios', '•Estancia de 2 noches', '•Enviado por móvil']",Vitoria
Luis,España,9.0,Escrito en 3 de julio de 2024,,,"['•Viaje de ocio', '•Pareja', '•Apartamento Estudio', '•Estancia de 3 noches', '•Enviado por móvil']",Vitoria
María,España,9.0,Escrito en 1 de julio de 2024,,,"['•Viaje de ocio', '•Familia con niños pequeños', '•Apartamento de 1 dormitorio', '•Estancia de 3 noches', '•Enviado por móvil']",Vitoria
Dionisio,España,9.0,Escrito en 1 de julio de 2024,,,"['•Viaje de ocio', '•Familia con niños pequeños', '•Apartamento de 2 dormitorios', '•Estancia de 1 noche', '•Enviado por móvil']",Vitoria
Agustín,España,9.0,Escrito en 1 de julio de 2024,,,"['•Viaje de ocio', '•Pareja', '•Apartamento Estudio', '•Estancia de 1 noche']",Vitoria
Pastor,España,10.0,Escrito en 1 de julio de 2024,,,"['•Viaje de ocio', '•Familia con niños pequeños', '•Apartamento de 2 dormitorios', '•Estancia de 1 noche', '•Enviado por móvil']",Vitoria
Emilio,España,10.0,Escrito en 30 de junio de 2024,,,"['•Viaje de ocio', '•Familia con niños pequeños', '•Apartamento de 2 dormitorios', '•Estancia de 1 noche', '•Enviado por móvil']",Vitoria
Marta,España,10.0,Escrito en 30 de junio de 2024,,,"['•Viaje de ocio', '•Familia con niños pequeños', '•Apartamento de 1 dormitorio', '•Estancia de 2 noches', '•Enviado por móvil']",Vitoria
Maria,España,7.0,Escrito en 30 de junio de 2024,,,"['•Viaje de ocio', '•Familia con niños pequeños', '•Apartamento con terraza', '•Estancia de 2 noches', '•Enviado por móvil']",Vitoria
Albina,España,8.0,Escrito en 30 de junio de 2024,,,"['•Viaje de ocio', '•Familia con niños pequeños', '•Apartamento de 1 dormitorio', '•Estancia de 2 noches', '•Enviado por móvil']",Vitoria
Cristian,España,10.0,Escrito en 30 de junio de 2024,,,"['•Viaje de negocios', '•Grupo', '•Apartamento de 1 dormitorio', '•Estancia de 3 noches', '•Enviado por móvil']",Vitoria
Ángeles,España,10.0,Escrito en 30 de junio de 2024,,,"['•Viaje de ocio', '•Pareja', '•Apartamento de 1 dormitorio', '•Estancia de 2 noches', '•Enviado por móvil']",Vitoria
Sofia_sss,España,8.0,Escrito en 27 de junio de 2024,,,"['•Viaje de ocio', '•Grupo de amigos', '•Apartamento de 2 dormitorios', '•Estancia de 3 noches', '•Enviado por móvil']",Vitoria
Rosana,España,10.0,Escrito en 27 de junio de 2024,,,"['•Viaje de ocio', '•Familia con niños pequeños', '•Apartamento de 2 dormitorios', '•Estancia de 1 noche']",Vitoria
Juan,España,8.0,Escrito en 26 de junio de 2024,,,"['•Viaje de ocio', '•Familia con niños pequeños', '•Apartamento de 1 dormitorio', '•Estancia de 1 noche', '•Enviado por móvil']",Vitoria
Maria,España,7.0,Escrito en 26 de junio de 2024,,,"['•Viaje de ocio', '•Familia con niños pequeños', '•Apartamento de 1 dormitorio', '•Estancia de 1 noche', '•Enviado por móvil']",Vitoria
Cruz,España,8.0,Escrito en 25 de junio de 2024,,,"['•Viaje de ocio', '•Familia con niños pequeños', '•Apartamento de 1 dormitorio', '•Estancia de 2 noches', '•Enviado por móvil']",Vitoria
Azuha,España,10.0,Escrito en 24 de junio de 2024,,,"['•Viaje de ocio', '•Pareja', '•Apartamento de 1 dormitorio', '•Estancia de 5 noches', '•Enviado por móvil']",Vitoria
Susana,España,10.0,Escrito en 24 de junio de 2024,,,"['•Viaje de ocio', '•Familia con niños pequeños', '•Apartamento de 1 dormitorio', '•Estancia de 3 noches', '•Enviado por móvil']",Vitoria
Daniel,España,8.0,Escrito en 24 de junio de 2024,,,"['•Viaje de ocio', '•Grupo de amigos', '•Apartamento Estudio', '•Estancia de 3 noches', '•Enviado por móvil']",Vitoria
Nidia,España,8.0,Escrito en 23 de junio de 2024,,,"['•Viaje de negocios', '•Pareja', '•Apartamento de 1 dormitorio', '•Estancia de 1 noche', '•Enviado por móvil']",Vitoria
Eudald,España,10.0,Escrito en 6 de mayo de 2024,,,"['•Viaje de ocio', '•Grupo', '•Apartamento Ático', '•Estancia de 2 noches', '•Enviado por móvil']",Vitoria
José,España,9.0,Escrito en 5 de mayo de 2024,,,"['•Viaje de ocio', '•Familia con niños pequeños', '•Apartamento de 1 dormitorio', '•Estancia de 2 noches', '•Enviado por móvil']",Vitoria
Sofia,España,10.0,Escrito en 5 de mayo de 2024,,,"['•Viaje de ocio', '•Grupo', '•Apartamento de 1 dormitorio', '•Estancia de 2 noches', '•Enviado por móvil']",Vitoria
Ana,España,9.0,Escrito en 4 de mayo de 2024,,,"['•Viaje de ocio', '•Familia con niños pequeños', '•Apartamento Ático', '•Estancia de 1 noche', '•Enviado por móvil']",Vitoria
Roberto,España,9.0,Escrito en 3 de mayo de 2024,,,"['•Viaje de ocio', '•Familia con niños pequeños', '•Apartamento de 1 dormitorio', '•Estancia de 3 noches', '•Enviado por móvil']",Vitoria
Edecio,España,9.0,Escrito en 3 de mayo de 2024,,,"['•Viaje de ocio', '•Familia con niños pequeños', '•Apartamento de 1 dormitorio', '•Estancia de 1 noche', '•Enviado por móvil']",Vitoria
Pulido,España,10.0,Escrito en 3 de mayo de 2024,,,"['•Viaje de ocio', '•Grupo', '•Apartamento de 2 dormitorios', '•Estancia de 1 noche']",Vitoria
Clotilde,España,8.0,Escrito en 2 de mayo de 2024,,,"['•Viaje de ocio', '•Familia con niños pequeños', '•Apartamento de 1 dormitorio', '•Estancia de 2 noches']",Vitoria
Jose,España,10.0,Escrito en 2 de mayo de 2024,,,"['•Viaje de ocio', '•Familia con niños pequeños', '•Apartamento con terraza', '•Estancia de 2 noches', '•Enviado por móvil']",Vitoria
Ire,España,10.0,Escrito en 1 de mayo de 2024,,,"['•Viaje de ocio', '•Pareja', '•Apartamento Estudio', '•Estancia de 1 noche']",Vitoria
Pablo,España,9.0,Escrito en 30 de abril de 2024,,,"['•Viaje de ocio', '•Familia con niños pequeños', '•Apartamento de 1 dormitorio', '•Estancia de 4 noches', '•Enviado por móvil']",Vitoria
Javier,España,8.0,Escrito en 30 de abril de 2024,,,"['•Viaje de negocios', '•Persona que viaja sola', '•Apartamento Estudio', '•Estancia de 1 noche', '•Enviado por móvil']",Vitoria
Begoña,España,8.0,Escrito en 30 de abril de 2024,,,"['•Viaje de negocios', '•Familia con niños pequeños', '•Apartamento de 1 dormitorio', '•Estancia de 1 noche']",Vitoria
David,España,9.0,Escrito en 28 de abril de 2024,,,"['•Viaje de ocio', '•Familia con niños pequeños', '•Apartamento de 1 dormitorio', '•Estancia de 1 noche', '•Enviado por móvil']",Vitoria
Álvaro,España,10.0,Escrito en 27 de abril de 2024,,,"['•Viaje de ocio', '•Pareja', '•Apartamento Estudio', '•Estancia de 1 noche', '•Enviado por móvil']",Vitoria
Javier,España,9.0,Escrito en 25 de abril de 2024,,,"['•Viaje de ocio', '•Pareja', '•Apartamento Estudio', '•Estancia de 1 noche', '•Enviado por móvil']",Vitoria
Andrea,España,10.0,Escrito en 24 de abril de 2024,,,"['•Viaje de ocio', '•Familia con niños pequeños', '•Apartamento de 2 dormitorios', '•Estancia de 1 noche', '•Enviado por móvil']",Vitoria
Alba,España,9.0,Escrito en 23 de abril de 2024,,,"['•Viaje de ocio', '•Pareja', '•Apartamento Estudio', '•Estancia de 1 noche', '•Enviado por móvil']",Vitoria
Ines,España,10.0,Escrito en 23 de abril de 2024,,,"['•Viaje de ocio', '•Familia con niños pequeños', '•Apartamento de 1 dormitorio', '•Estancia de 2 noches', '•Enviado por móvil']",Vitoria
Pablo,España,8.0,Escrito en 22 de abril de 2024,,,"['•Viaje de ocio', '•Familia con niños pequeños', '•Apartamento de 1 dormitorio', '•Estancia de 2 noches', '•Enviado por móvil']",Vitoria
Laura,España,10.0,Escrito en 21 de abril de 2024,,,"['•Viaje de ocio', '•Familia con niños pequeños', '•Apartamento de 1 dormitorio', '•Estancia de 1 noche', '•Enviado por móvil']",Vitoria
Marisol,España,9.0,Escrito en 20 de abril de 2024,,,"['•Viaje de ocio', '•Grupo', '•Apartamento de 1 dormitorio', '•Estancia de 1 noche', '•Enviado por móvil']",Vitoria
Gabriel,España,10.0,Escrito en 19 de abril de 2024,,,"['•Viaje de ocio', '•Grupo de amigos', '•Apartamento de 1 dormitorio', '•Estancia de 1 noche', '•Enviado por móvil']",Vitoria
Jesus,España,9.0,Escrito en 18 de abril de 2024,,,"['•Viaje de ocio', '•Grupo', '•Apartamento de 1 dormitorio', '•Estancia de 2 noches']",Vitoria
Ramos,España,9.0,Escrito en 17 de abril de 2024,,,"['•Viaje de ocio', '•Grupo de amigos', '•Apartamento de 1 dormitorio', '•Estancia de 2 noches', '•Enviado por móvil']",Vitoria
Ortega,España,9.0,Escrito en 5 de marzo de 2024,,,"['•Viaje de ocio', '•Grupo', '•Apartamento de 1 dormitorio', '•Estancia de 2 noches', '•Enviado por móvil']",Vitoria
Leire,España,9.0,Escrito en 4 de marzo de 2024,,,"['•Viaje de ocio', '•Grupo', '•Apartamento de 1 dormitorio', '•Estancia de 1 noche', '•Enviado por móvil']",Vitoria
Arzak,España,9.0,Escrito en 4 de marzo de 2024,,,"['•Viaje de negocios', '•Persona que viaja sola', '•Apartamento Estudio', '•Estancia de 1 noche']",Vitoria
Mari,España,9.0,Escrito en 4 de marzo de 2024,,,"['•Viaje de ocio', '•Familia con niños pequeños', '•Apartamento de 1 dormitorio', '•Estancia de 2 noches', '•Enviado por móvil']",Vitoria
Elena,España,9.0,Escrito en 4 de marzo de 2024,,,"['•Viaje de ocio', '•Familia con niños pequeños', '•Apartamento de 1 dormitorio', '•Estancia de 2 noches', '•Enviado por móvil']",Vitoria
Rebeca,España,10.0,Escrito en 3 de marzo de 2024,,,"['•Viaje de ocio', '•Familia con niños pequeños', '•Apartamento de 1 dormitorio', '•Estancia de 2 noches', '•Enviado por móvil']",Vitoria
Cagigas,España,8.0,Escrito en 2 de marzo de 2024,,,"['•Familia con niños pequeños', '•Apartamento con terraza', '•Estancia de 1 noche', '•Enviado por móvil']",Vitoria
Belen,España,8.0,Escrito en 2 de marzo de 2024,,,"['•Viaje de ocio', '•Familia con niños pequeños', '•Apartamento Estudio', '•Estancia de 2 noches', '•Enviado por móvil']",Vitoria
Rafa,España,10.0,Escrito en 2 de marzo de 2024,,,"['•Viaje de negocios', '•Familia con niños pequeños', '•Apartamento de 1 dormitorio', '•Estancia de 1 noche', '•Enviado por móvil']",Vitoria
Elsa,España,10.0,Escrito en 1 de marzo de 2024,,,"['•Familia con niños pequeños', '•Apartamento Estudio', '•Estancia de 1 noche', '•Enviado por móvil']",Vitoria
Dimitri,España,10.0,Escrito en 29 de febrero de 2024,,,"['•Pareja', '•Apartamento de 1 dormitorio', '•Estancia de 5 noches', '•Enviado por móvil']",Vitoria
Miguel,España,9.0,Escrito en 29 de febrero de 2024,,,"['•Viaje de ocio', '•Familia con niños pequeños', '•Apartamento de 1 dormitorio', '•Estancia de 1 noche', '•Enviado por móvil']",Vitoria
Agurtzane,España,9.0,Escrito en 29 de febrero de 2024,,,"['•Viaje de ocio', '•Grupo de amigos', '•Apartamento de 1 dormitorio', '•Estancia de 1 noche', '•Enviado por móvil']",Vitoria
Xandre,España,10.0,Escrito en 28 de febrero de 2024,,,"['•Viaje de ocio', '•Grupo', '•Apartamento de 1 dormitorio', '•Estancia de 1 noche', '•Enviado por móvil']",Vitoria
Jimenez,España,8.0,Escrito en 27 de febrero de 2024,,,"['•Viaje de ocio', '•Familia con niños pequeños', '•Apartamento de 1 dormitorio', '•Estancia de 1 noche', '•Enviado por móvil']",Vitoria
Joan,España,10.0,Escrito en 27 de febrero de 2024,,,"['•Viaje de ocio', '•Grupo', '•Apartamento de 1 dormitorio', '•Estancia de 1 noche', '•Enviado por móvil']",Vitoria
Noelia,España,9.0,Escrito en 26 de febrero de 2024,,,"['•Viaje de ocio', '•Familia con niños pequeños', '•Apartamento de 1 dormitorio', '•Estancia de 2 noches', '•Enviado por móvil']",Vitoria
Beatriz,España,9.0,Escrito en 26 de febrero de 2024,,,"['•Viaje de ocio', '•Grupo de amigos', '•Apartamento de 1 dormitorio', '•Estancia de 2 noches', '•Enviado por móvil']",Vitoria
Virginia,España,9.0,Escrito en 25 de febrero de 2024,,,"['•Viaje de ocio', '•Familia con niños pequeños', '•Apartamento de 1 dormitorio', '•Estancia de 3 noches', '•Enviado por móvil']",Vitoria
Aurora,España,10.0,Escrito en 24 de febrero de 2024,,,"['•Viaje de ocio', '•Grupo de amigos', '•Apartamento de 1 dormitorio', '•Estancia de 2 noches', '•Enviado por móvil']",Vitoria
Alvaro,España,10.0,Escrito en 23 de febrero de 2024,,,"['•Viaje de ocio', '•Grupo de amigos', '•Apartamento de 1 dormitorio', '•Estancia de 1 noche', '•Enviado por móvil']",Vitoria
Omar,Argentina,10.0,Escrito en 23 de febrero de 2024,,,"['•Viaje de negocios', '•Persona que viaja sola', '•Apartamento de 1 dormitorio', '•Estancia de 2 noches', '•Enviado por móvil']",Vitoria
Castro,España,8.0,Escrito en 23 de febrero de 2024,,,"['•Viaje de ocio', '•Pareja', '•Apartamento de 1 dormitorio', '•Estancia de 1 noche', '•Enviado por móvil']",Vitoria
Monica,España,10.0,Escrito en 23 de febrero de 2024,,,"['•Viaje de ocio', '•Pareja', '•Apartamento Estudio', '•Estancia de 2 noches', '•Enviado por móvil']",Vitoria
Luis,España,9.0,Escrito en 23 de febrero de 2024,,,"['•Viaje de negocios', '•Grupo', '•Apartamento de 1 dormitorio', '•Estancia de 2 noches', '•Enviado por móvil']",Vitoria
Xabier,España,8.0,Escrito en 28 de enero de 2024,,,"['•Viaje de ocio', '•Familia con niños pequeños', '•Apartamento de 1 dormitorio', '•Estancia de 1 noche', '•Enviado por móvil']",Vitoria
Laura,España,8.0,Escrito en 28 de enero de 2024,,,"['•Viaje de ocio', '•Familia con niños pequeños', '•Apartamento de 1 dormitorio', '•Estancia de 1 noche', '•Enviado por móvil']",Vitoria
Janire,España,10.0,Escrito en 27 de enero de 2024,,,"['•Viaje de negocios', '•Pareja', '•Apartamento Estudio', '•Estancia de 1 noche', '•Enviado por móvil']",Vitoria
Concepción,España,7.0,Escrito en 25 de enero de 2024,,,"['•Viaje de ocio', '•Familia con niños pequeños', '•Apartamento de 1 dormitorio', '•Estancia de 1 noche', '•Enviado por móvil']",Vitoria
Marilia,España,10.0,Escrito en 24 de enero de 2024,,,"['•Viaje de ocio', '•Grupo', '•Apartamento de 1 dormitorio', '•Estancia de 1 noche', '•Enviado por móvil']",Vitoria
Jose,España,9.0,Escrito en 24 de enero de 2024,,,"['•Viaje de ocio', '•Pareja', '•Apartamento de 1 dormitorio', '•Estancia de 1 noche']",Vitoria
Pelayo,España,9.0,Escrito en 22 de enero de 2024,,,"['•Viaje de ocio', '•Grupo de amigos', '•Apartamento de 2 dormitorios', '•Estancia de 1 noche', '•Enviado por móvil']",Vitoria
Hector,España,9.0,Escrito en 22 de enero de 2024,,,"['•Viaje de ocio', '•Familia con niños pequeños', '•Apartamento de 1 dormitorio', '•Estancia de 2 noches', '•Enviado por móvil']",Vitoria
Irene,España,9.0,Escrito en 22 de enero de 2024,,,"['•Viaje de ocio', '•Grupo de amigos', '•Apartamento de 1 dormitorio', '•Estancia de 1 noche', '•Enviado por móvil']",Vitoria
Nuria,España,10.0,Escrito en 22 de enero de 2024,,,"['•Viaje de ocio', '•Grupo de amigos', '•Apartamento de 1 dormitorio', '•Estancia de 2 noches', '•Enviado por móvil']",Vitoria
Isidro,España,10.0,Escrito en 21 de enero de 2024,,,"['•Viaje de negocios', '•Familia con niños pequeños', '•Apartamento de 1 dormitorio', '•Estancia de 1 noche', '•Enviado por móvil']",Vitoria
Irati,España,10.0,Escrito en 21 de enero de 2024,,,"['•Viaje de ocio', '•Familia con niños pequeños', '•Apartamento de 1 dormitorio', '•Estancia de 2 noches', '•Enviado por móvil']",Vitoria
Onintza,España,9.0,Escrito en 20 de enero de 2024,,,"['•Viaje de ocio', '•Familia con niños pequeños', '•Apartamento de 2 dormitorios', '•Estancia de 2 noches', '•Enviado por móvil']",Vitoria
Xiana,"Abjasia, ​Georgia",9.0,Escrito en 19 de enero de 2024,,,"['•Viaje de ocio', '•Pareja', '•Apartamento Estudio', '•Estancia de 1 noche', '•Enviado por móvil']",Vitoria
Asier,España,8.0,Escrito en 18 de enero de 2024,,,"['•Viaje de ocio', '•Grupo', '•Apartamento de 2 dormitorios', '•Estancia de 1 noche', '•Enviado por móvil']",Vitoria
Patricia,España,9.0,Escrito en 18 de enero de 2024,,,"['•Viaje de ocio', '•Familia con niños pequeños', '•Apartamento de 2 dormitorios', '•Estancia de 1 noche', '•Enviado por móvil']",Vitoria
Iranzu,España,10.0,Escrito en 18 de enero de 2024,,,"['•Viaje de ocio', '•Pareja', '•Apartamento Estudio', '•Estancia de 2 noches', '•Enviado por móvil']",Vitoria
Villanueva,España,10.0,Escrito en 18 de enero de 2024,,,"['•Familia con niños pequeños', '•Apartamento de 1 dormitorio', '•Estancia de 6 noches', '•Enviado por móvil']",Vitoria
Joan,España,10.0,Escrito en 16 de enero de 2024,,,"['•Viaje de ocio', '•Familia con niños pequeños', '•Apartamento de 2 dormitorios', '•Estancia de 3 noches']",Vitoria
Yolanda,España,10.0,Escrito en 15 de enero de 2024,,,"['•Familia con niños pequeños', '•Apartamento Estudio', '•Estancia de 1 noche', '•Enviado por móvil']",Vitoria
Álvaro,España,10.0,Escrito en 15 de enero de 2024,,,"['•Viaje de ocio', '•Pareja', '•Apartamento de 1 dormitorio', '•Estancia de 1 noche', '•Enviado por móvil']",Vitoria
Maria,España,10.0,Escrito en 15 de enero de 2024,,,"['•Viaje de ocio', '•Familia con niños pequeños', '•Apartamento de 1 dormitorio', '•Estancia de 2 noches', '•Enviado por móvil']",Vitoria
Ines,España,10.0,Escrito en 15 de enero de 2024,,,"['•Viaje de ocio', '•Grupo de amigos', '•Apartamento de 1 dormitorio', '•Estancia de 1 noche', '•Enviado por móvil']",Vitoria
Marques,España,10.0,Escrito en 14 de enero de 2024,,,"['•Viaje de ocio', '•Pareja', '•Apartamento de 1 dormitorio', '•Estancia de 2 noches', '•Enviado por móvil']",Vitoria
Eva,España,9.0,Escrito en 14 de enero de 2024,,,"['•Viaje de ocio', '•Pareja', '•Apartamento Estudio', '•Estancia de 2 noches', '•Enviado por móvil']",Vitoria
Diana,España,10.0,Escrito en 8 de diciembre de 2023,,,"['•Viaje de ocio', '•Familia con niños pequeños', '•Apartamento de 1 dormitorio', '•Estancia de 2 noches', '•Enviado por móvil']",Vitoria
Victoria,España,8.0,Escrito en 8 de diciembre de 2023,,,"['•Viaje de ocio', '•Familia con niños pequeños', '•Apartamento de 1 dormitorio', '•Estancia de 1 noche', '•Enviado por móvil']",Vitoria
Garcia,España,10.0,Escrito en 8 de diciembre de 2023,,,"['•Viaje de ocio', '•Familia con niños pequeños', '•Apartamento de 1 dormitorio', '•Estancia de 1 noche', '•Enviado por móvil']",Vitoria
Plasencia,España,9.0,Escrito en 7 de diciembre de 2023,,,"['•Viaje de ocio', '•Pareja', '•Apartamento Estudio', '•Estancia de 4 noches', '•Enviado por móvil']",Vitoria
Patricia,España,10.0,Escrito en 6 de diciembre de 2023,,,"['•Viaje de ocio', '•Familia con niños pequeños', '•Apartamento de 1 dormitorio', '•Estancia de 1 noche', '•Enviado por móvil']",Vitoria
Jose,España,9.0,Escrito en 5 de diciembre de 2023,,,"['•Viaje de negocios', '•Familia con niños pequeños', '•Apartamento con terraza', '•Estancia de 1 noche', '•Enviado por móvil']",Vitoria
Alba,España,10.0,Escrito en 5 de diciembre de 2023,,,"['•Viaje de ocio', '•Familia con niños pequeños', '•Apartamento de 1 dormitorio', '•Estancia de 1 noche', '•Enviado por móvil']",Vitoria
Marta,España,9.0,Escrito en 4 de diciembre de 2023,,,"['•Viaje de negocios', '•Familia con niños pequeños', '•Apartamento de 1 dormitorio', '•Estancia de 1 noche', '•Enviado por móvil']",Vitoria
Maria,España,9.0,Escrito en 3 de diciembre de 2023,,,"['•Viaje de ocio', '•Grupo de amigos', '•Apartamento de 1 dormitorio', '•Estancia de 2 noches', '•Enviado por móvil']",Vitoria
Olatz,España,8.0,Escrito en 3 de diciembre de 2023,,,"['•Viaje de ocio', '•Familia con niños pequeños', '•Apartamento de 1 dormitorio', '•Estancia de 1 noche', '•Enviado por móvil']",Vitoria
Luis,España,9.0,Escrito en 27 de noviembre de 2023,,,"['•Viaje de negocios', '•Grupo', '•Apartamento de 2 dormitorios', '•Estancia de 1 noche']",Vitoria
Teresa,España,7.0,Escrito en 26 de noviembre de 2023,,,"['•Viaje de ocio', '•Familia con niños pequeños', '•Apartamento de 1 dormitorio', '•Estancia de 1 noche', '•Enviado por móvil']",Vitoria
May,España,8.0,Escrito en 23 de noviembre de 2023,,,"['•Viaje de ocio', '•Grupo', '•Apartamento de 1 dormitorio', '•Estancia de 1 noche', '•Enviado por móvil']",Vitoria
David,España,10.0,Escrito en 22 de noviembre de 2023,,,"['•Viaje de ocio', '•Grupo de amigos', '•Apartamento de 1 dormitorio', '•Estancia de 1 noche', '•Enviado por móvil']",Vitoria
Álvaro,España,7.0,Escrito en 21 de noviembre de 2023,,,"['•Viaje de ocio', '•Familia con niños pequeños', '•Apartamento Estudio', '•Estancia de 2 noches', '•Enviado por móvil']",Vitoria
Carlos,España,9.0,Escrito en 20 de noviembre de 2023,,,"['•Viaje de ocio', '•Grupo', '•Apartamento de 1 dormitorio', '•Estancia de 1 noche']",Vitoria
Álvaro,España,10.0,Escrito en 20 de noviembre de 2023,,,"['•Viaje de ocio', '•Pareja', '•Apartamento Estudio', '•Estancia de 1 noche', '•Enviado por móvil']",Vitoria
David,España,9.0,Escrito en 19 de noviembre de 2023,,,"['•Viaje de ocio', '•Familia con niños pequeños', '•Apartamento de 1 dormitorio', '•Estancia de 1 noche', '•Enviado por móvil']",Vitoria
Carla,España,10.0,Escrito en 18 de noviembre de 2023,,,"['•Viaje de ocio', '•Grupo', '•Apartamento Estudio', '•Estancia de 1 noche', '•Enviado por móvil']",Vitoria
Aura,España,9.0,Escrito en 17 de noviembre de 2023,,,"['•Viaje de ocio', '•Grupo', '•Apartamento de 1 dormitorio', '•Estancia de 1 noche', '•Enviado por móvil']",Vitoria
Ane,España,8.0,Escrito en 16 de noviembre de 2023,,,"['•Viaje de ocio', '•Pareja', '•Apartamento Estudio', '•Estancia de 1 noche', '•Enviado por móvil']",Vitoria
Amigo,España,8.0,Escrito en 16 de noviembre de 2023,,,"['•Viaje de negocios', '•Pareja', '•Apartamento Estudio', '•Estancia de 4 noches']",Vitoria
Vladyslav,España,9.0,Escrito en 16 de noviembre de 2023,,,"['•Viaje de ocio', '•Grupo de amigos', '•Apartamento de 2 dormitorios', '•Estancia de 3 noches', '•Enviado por móvil']",Vitoria
Reformas,España,10.0,Escrito en 15 de noviembre de 2023,,,"['•Viaje de negocios', '•Familia con niños pequeños', '•Apartamento de 1 dormitorio', '•Estancia de 2 noches', '•Enviado por móvil']",Vitoria
Carolina,España,8.0,Escrito en 13 de noviembre de 2023,,,"['•Viaje de ocio', '•Familia con niños pequeños', '•Apartamento de 1 dormitorio', '•Estancia de 1 noche', '•Enviado por móvil']",Vitoria
Marina,España,10.0,Escrito en 23 de septiembre de 2023,,,"['•Viaje de ocio', '•Familia con niños pequeños', '•Apartamento de 1 dormitorio', '•Estancia de 2 noches', '•Enviado por móvil']",Vitoria
Rafael,España,8.0,Escrito en 21 de septiembre de 2023,,,"['•Viaje de ocio', '•Familia con niños pequeños', '•Apartamento de 1 dormitorio', '•Estancia de 2 noches', '•Enviado por móvil']",Vitoria
Ana,España,8.0,Escrito en 21 de septiembre de 2023,,,"['•Viaje de negocios', '•Familia con niños pequeños', '•Apartamento de 1 dormitorio', '•Estancia de 2 noches', '•Enviado por móvil']",Vitoria
Miguel,España,10.0,Escrito en 19 de septiembre de 2023,,,"['•Viaje de ocio', '•Persona que viaja sola', '•Apartamento de 1 dormitorio', '•Estancia de 3 noches']",Vitoria
Mªcarmen,España,9.0,Escrito en 18 de septiembre de 2023,,,"['•Viaje de negocios', '•Familia con niños pequeños', '•Apartamento de 1 dormitorio', '•Estancia de 2 noches', '•Enviado por móvil']",Vitoria
Ricardo,España,8.0,Escrito en 17 de septiembre de 2023,,,"['•Viaje de ocio', '•Grupo de amigos', '•Apartamento de 2 dormitorios', '•Estancia de 4 noches', '•Enviado por móvil']",Vitoria
Fernando,España,10.0,Escrito en 15 de septiembre de 2023,,,"['•Viaje de ocio', '•Familia con niños pequeños', '•Apartamento de 1 dormitorio', '•Estancia de 2 noches', '•Enviado por móvil']",Vitoria
Victor,España,9.0,Escrito en 14 de septiembre de 2023,,,"['•Viaje de ocio', '•Pareja', '•Apartamento de 1 dormitorio', '•Estancia de 5 noches', '•Enviado por móvil']",Vitoria
Luis,España,8.0,Escrito en 14 de septiembre de 2023,,,"['•Viaje de negocios', '•Persona que viaja sola', '•Apartamento de 1 dormitorio', '•Estancia de 1 noche', '•Enviado por móvil']",Vitoria
Garcia,España,9.0,Escrito en 13 de septiembre de 2023,,,"['•Viaje de ocio', '•Familia con niños pequeños', '•Apartamento de 1 dormitorio', '•Estancia de 4 noches']",Vitoria
Gema,España,10.0,Escrito en 12 de septiembre de 2023,,,"['•Viaje de ocio', '•Pareja', '•Apartamento Estudio', '•Estancia de 1 noche', '•Enviado por móvil']",Vitoria
Emilio,España,9.0,Escrito en 12 de septiembre de 2023,,,"['•Viaje de ocio', '•Familia con niños pequeños', '•Apartamento de 1 dormitorio', '•Estancia de 3 noches', '•Enviado por móvil']",Vitoria
Veronica,España,10.0,Escrito en 12 de septiembre de 2023,,,"['•Viaje de ocio', '•Familia con niños pequeños', '•Apartamento de 1 dormitorio', '•Estancia de 2 noches', '•Enviado por móvil']",Vitoria
Enrique,España,9.0,Escrito en 12 de septiembre de 2023,,,"['•Viaje de ocio', '•Familia con niños pequeños', '•Apartamento de 1 dormitorio', '•Estancia de 2 noches', '•Enviado por móvil']",Vitoria
Enrique,España,9.0,Escrito en 12 de septiembre de 2023,,,"['•Viaje de ocio', '•Familia con niños pequeños', '•Apartamento de 2 dormitorios', '•Estancia de 2 noches', '•Enviado por móvil']",Vitoria
Enrique,España,9.0,Escrito en 12 de septiembre de 2023,,,"['•Familia con niños pequeños', '•Apartamento Estudio', '•Estancia de 2 noches', '•Enviado por móvil']",Vitoria
Lorena,España,9.0,Escrito en 12 de septiembre de 2023,,,"['•Viaje de ocio', '•Familia con niños pequeños', '•Apartamento Estudio', '•Estancia de 2 noches', '•Enviado por móvil']",Vitoria
Maria,España,10.0,Escrito en 10 de septiembre de 2023,,,"['•Viaje de ocio', '•Grupo de amigos', '•Apartamento de 1 dormitorio', '•Estancia de 4 noches', '•Enviado por móvil']",Vitoria
Tomas,España,8.0,Escrito en 9 de septiembre de 2023,,,"['•Viaje de ocio', '•Familia con niños pequeños', '•Apartamento de 1 dormitorio', '•Estancia de 1 noche', '•Enviado por móvil']",Vitoria
Isidro,España,7.0,Escrito en 9 de septiembre de 2023,,,"['•Viaje de ocio', '•Familia con niños pequeños', '•Apartamento Estudio', '•Estancia de 2 noches', '•Enviado por móvil']",Vitoria
Ibon,España,7.0,Escrito en 9 de septiembre de 2023,,,"['•Viaje de negocios', '•Persona que viaja sola', '•Apartamento Estudio', '•Estancia de 1 noche', '•Enviado por móvil']",Vitoria
Katerin,España,10.0,Escrito en 8 de septiembre de 2023,,,"['•Familia con niños pequeños', '•Apartamento de 1 dormitorio', '•Estancia de 1 noche', '•Enviado por móvil']",Vitoria
Javier,España,9.0,Escrito en 8 de septiembre de 2023,,,"['•Viaje de ocio', '•Familia con niños pequeños', '•Apartamento de 1 dormitorio', '•Estancia de 1 noche', '•Enviado por móvil']",Vitoria
Felipe,Estados Unidos,10.0,Escrito en 8 de septiembre de 2023,,,"['•Viaje de ocio', '•Pareja', '•Apartamento de 1 dormitorio', '•Estancia de 4 noches', '•Enviado por móvil']",Vitoria
Jovi,España,9.0,Escrito en 8 de septiembre de 2023,,,"['•Viaje de ocio', '•Grupo', '•Apartamento de 1 dormitorio', '•Estancia de 2 noches']",Vitoria
Sergi,España,10.0,Escrito en 13 de agosto de 2023,,,"['•Viaje de ocio', '•Familia con niños pequeños', '•Apartamento de 1 dormitorio', '•Estancia de 2 noches', '•Enviado por móvil']",Vitoria
Agg2,España,9.0,Escrito en 12 de agosto de 2023,,,"['•Viaje de ocio', '•Familia con niños pequeños', '•Apartamento de 2 dormitorios', '•Estancia de 4 noches', '•Enviado por móvil']",Vitoria
Alejandro,España,10.0,Escrito en 11 de agosto de 2023,,,"['•Viaje de ocio', '•Familia con niños pequeños', '•Apartamento de 1 dormitorio', '•Estancia de 2 noches', '•Enviado por móvil']",Vitoria
Oscar,España,7.0,Escrito en 11 de agosto de 2023,,,"['•Viaje de ocio', '•Familia con niños pequeños', '•Apartamento de 1 dormitorio', '•Estancia de 2 noches', '•Enviado por móvil']",Vitoria
Cesc2002,España,10.0,Escrito en 10 de agosto de 2023,,,"['•Viaje de ocio', '•Grupo', '•Apartamento de 1 dormitorio', '•Estancia de 1 noche']",Vitoria
Mar,España,9.0,Escrito en 10 de agosto de 2023,,,"['•Viaje de ocio', '•Familia con niños pequeños', '•Apartamento de 1 dormitorio', '•Estancia de 1 noche', '•Enviado por móvil']",Vitoria
Mercedes,España,9.0,Escrito en 9 de agosto de 2023,,,"['•Viaje de ocio', '•Familia con niños pequeños', '•Apartamento de 1 dormitorio', '•Estancia de 2 noches', '•Enviado por móvil']",Vitoria
Helia,España,10.0,Escrito en 9 de agosto de 2023,,,"['•Viaje de ocio', '•Familia con niños pequeños', '•Apartamento de 2 dormitorios', '•Estancia de 1 noche', '•Enviado por móvil']",Vitoria
Jesús,España,8.0,Escrito en 8 de agosto de 2023,,,"['•Viaje de ocio', '•Familia con niños pequeños', '•Apartamento de 1 dormitorio', '•Estancia de 1 noche', '•Enviado por móvil']",Vitoria
Javier,España,7.0,Escrito en 8 de agosto de 2023,,,"['•Viaje de ocio', '•Familia con niños pequeños', '•Apartamento Estudio', '•Estancia de 1 noche', '•Enviado por móvil']",Vitoria
Maria,España,9.0,Escrito en 7 de agosto de 2023,,,"['•Viaje de ocio', '•Familia con niños pequeños', '•Apartamento de 1 dormitorio', '•Estancia de 2 noches']",Vitoria
Raquel,España,8.0,Escrito en 7 de agosto de 2023,,,"['•Viaje de ocio', '•Familia con niños pequeños', '•Apartamento con terraza', '•Estancia de 3 noches', '•Enviado por móvil']",Vitoria
Martinez,España,9.0,Escrito en 7 de agosto de 2023,,,"['•Viaje de ocio', '•Familia con niños pequeños', '•Apartamento de 1 dormitorio', '•Estancia de 1 noche', '•Enviado por móvil']",Vitoria
Jana,España,10.0,Escrito en 6 de agosto de 2023,,,"['•Viaje de negocios', '•Grupo', '•Apartamento de 1 dormitorio', '•Estancia de 2 noches', '•Enviado por móvil']",Vitoria
Teresa,España,10.0,Escrito en 4 de agosto de 2023,,,"['•Viaje de ocio', '•Familia con niños pequeños', '•Apartamento de 1 dormitorio', '•Estancia de 3 noches', '•Enviado por móvil']",Vitoria
Rebeca,España,8.0,Escrito en 4 de agosto de 2023,,,"['•Viaje de ocio', '•Familia con niños pequeños', '•Apartamento de 1 dormitorio', '•Estancia de 5 noches', '•Enviado por móvil']",Vitoria
Maria,España,7.0,Escrito en 2 de agosto de 2023,,,"['•Viaje de ocio', '•Familia con niños pequeños', '•Apartamento de 1 dormitorio', '•Estancia de 1 noche', '•Enviado por móvil']",Vitoria
Cristina,España,8.0,Escrito en 2 de agosto de 2023,,,"['•Viaje de ocio', '•Familia con niños pequeños', '•Apartamento de 1 dormitorio', '•Estancia de 1 noche', '•Enviado por móvil']",Vitoria
Fernando,España,9.0,Escrito en 2 de agosto de 2023,,,"['•Viaje de ocio', '•Familia con niños pequeños', '•Apartamento de 1 dormitorio', '•Estancia de 1 noche', '•Enviado por móvil']",Vitoria
Jose,España,10.0,Escrito en 1 de agosto de 2023,,,"['•Viaje de ocio', '•Familia con niños pequeños', '•Apartamento de 1 dormitorio', '•Estancia de 1 noche', '•Enviado por móvil']",Vitoria
Carme,España,9.0,Escrito en 1 de agosto de 2023,,,"['•Viaje de ocio', '•Grupo de amigos', '•Apartamento de 1 dormitorio', '•Estancia de 1 noche', '•Enviado por móvil']",Vitoria
Iker,España,9.0,Escrito en 31 de julio de 2023,,,"['•Viaje de ocio', '•Pareja', '•Apartamento Estudio', '•Estancia de 1 noche', '•Enviado por móvil']",Vitoria
María,España,9.0,Escrito en 31 de julio de 2023,,,"['•Viaje de ocio', '•Familia con niños pequeños', '•Apartamento de 1 dormitorio', '•Estancia de 1 noche', '•Enviado por móvil']",Vitoria
Shuangping,España,8.0,Escrito en 31 de julio de 2023,,,"['•Viaje de negocios', '•Familia con niños pequeños', '•Apartamento Estudio', '•Estancia de 1 noche', '•Enviado por móvil']",Vitoria
Maria,España,9.0,Escrito en 31 de julio de 2023,,,"['•Viaje de ocio', '•Familia con niños pequeños', '•Apartamento de 1 dormitorio', '•Estancia de 1 noche', '•Enviado por móvil']",Vitoria
Amia,España,9.0,Escrito en 14 de junio de 2023,,,"['•Viaje de ocio', '•Familia con niños pequeños', '•Apartamento de 1 dormitorio', '•Estancia de 1 noche', '•Enviado por móvil']",Vitoria
Climent,España,10.0,Escrito en 13 de junio de 2023,,,"['•Viaje de ocio', '•Grupo', '•Apartamento de 1 dormitorio', '•Estancia de 1 noche', '•Enviado por móvil']",Vitoria
Martinez,España,10.0,Escrito en 13 de junio de 2023,,,"['•Viaje de ocio', '•Pareja', '•Apartamento Estudio', '•Estancia de 2 noches', '•Enviado por móvil']",Vitoria
Aleix,España,10.0,Escrito en 13 de junio de 2023,,,"['•Viaje de ocio', '•Grupo', '•Apartamento de 1 dormitorio', '•Estancia de 1 noche', '•Enviado por móvil']",Vitoria
Luis,España,10.0,Escrito en 13 de junio de 2023,,,"['•Viaje de ocio', '•Grupo', '•Apartamento de 1 dormitorio', '•Estancia de 1 noche', '•Enviado por móvil']",Vitoria
Carmen,España,10.0,Escrito en 12 de junio de 2023,,,"['•Familia con niños pequeños', '•Apartamento con terraza', '•Estancia de 3 noches', '•Enviado por móvil']",Vitoria
Laura,España,10.0,Escrito en 12 de junio de 2023,,,"['•Viaje de ocio', '•Grupo', '•Apartamento de 1 dormitorio', '•Estancia de 2 noches', '•Enviado por móvil']",Vitoria
Antonio,España,8.0,Escrito en 11 de junio de 2023,,,"['•Viaje de ocio', '•Familia con niños pequeños', '•Apartamento de 1 dormitorio', '•Estancia de 1 noche', '•Enviado por móvil']",Vitoria
Antonio,España,9.0,Escrito en 10 de junio de 2023,,,"['•Viaje de ocio', '•Familia con niños pequeños', '•Apartamento Estudio', '•Estancia de 3 noches', '•Enviado por móvil']",Vitoria
Irene,España,8.0,Escrito en 9 de junio de 2023,,,"['•Viaje de ocio', '•Familia con niños pequeños', '•Apartamento de 1 dormitorio', '•Estancia de 3 noches', '•Enviado por móvil']",Vitoria
David,España,10.0,Escrito en 9 de junio de 2023,,,"['•Viaje de ocio', '•Pareja', '•Apartamento Estudio', '•Estancia de 1 noche', '•Enviado por móvil']",Vitoria
Maria,España,9.0,Escrito en 6 de junio de 2023,,,"['•Viaje de negocios', '•Pareja', '•Apartamento de 1 dormitorio', '•Estancia de 1 noche', '•Enviado por móvil']",Vitoria
Soraya,España,9.0,Escrito en 6 de junio de 2023,,,"['•Viaje de ocio', '•Familia con niños pequeños', '•Apartamento de 1 dormitorio', '•Estancia de 4 noches', '•Enviado por móvil']",Vitoria
Jéssica,España,8.0,Escrito en 5 de junio de 2023,,,"['•Viaje de ocio', '•Persona que viaja sola', '•Apartamento de 1 dormitorio', '•Estancia de 1 noche', '•Enviado por móvil']",Vitoria
Magali,España,9.0,Escrito en 5 de junio de 2023,,,"['•Viaje de ocio', '•Grupo de amigos', '•Apartamento de 1 dormitorio', '•Estancia de 2 noches', '•Enviado por móvil']",Vitoria
Marta,Francia,9.0,Escrito en 4 de junio de 2023,,,"['•Viaje de ocio', '•Familia con niños pequeños', '•Apartamento de 1 dormitorio', '•Estancia de 2 noches', '•Enviado por móvil']",Vitoria
F,España,10.0,Escrito en 4 de junio de 2023,,,"['•Familia con niños pequeños', '•Apartamento de 1 dormitorio', '•Estancia de 3 noches', '•Enviado por móvil']",Vitoria
Juan,España,7.0,Escrito en 4 de junio de 2023,,,"['•Viaje de ocio', '•Familia con niños pequeños', '•Apartamento de 1 dormitorio', '•Estancia de 2 noches']",Vitoria
Galicia,España,10.0,Escrito en 3 de junio de 2023,,,"['•Viaje de negocios', '•Persona que viaja sola', '•Apartamento Estudio', '•Estancia de 1 noche', '•Enviado por móvil']",Vitoria
Trabel_er,España,10.0,Escrito en 31 de mayo de 2023,,,"['•Viaje de negocios', '•Persona que viaja sola', '•Apartamento de 1 dormitorio', '•Estancia de 2 noches', '•Enviado por móvil']",Vitoria
Óscar,España,10.0,Escrito en 26 de mayo de 2023,,,"['•Familia con niños pequeños', '•Apartamento de 1 dormitorio', '•Estancia de 3 noches', '•Enviado por móvil']",Vitoria
Andrea,España,9.0,Escrito en 26 de mayo de 2023,,,"['•Familia con niños pequeños', '•Apartamento de 1 dormitorio', '•Estancia de 1 noche', '•Enviado por móvil']",Vitoria
Marina,España,8.0,Escrito en 24 de mayo de 2023,,,"['•Viaje de ocio', '•Grupo', '•Apartamento de 2 dormitorios', '•Estancia de 2 noches', '•Enviado por móvil']",Vitoria
Ana,España,8.0,Escrito en 23 de mayo de 2023,,,"['•Viaje de ocio', '•Familia con niños pequeños', '•Apartamento de 1 dormitorio', '•Estancia de 2 noches', '•Enviado por móvil']",Vitoria
M,España,10.0,Escrito en 22 de mayo de 2023,,,"['•Viaje de ocio', '•Pareja', '•Apartamento Estudio', '•Estancia de 2 noches', '•Enviado por móvil']",Vitoria
María,España,10.0,Escrito en 16 de abril de 2023,,,"['•Viaje de ocio', '•Familia con niños pequeños', '•Apartamento Estudio', '•Estancia de 1 noche', '•Enviado por móvil']",Vitoria
Fusinato,España,8.0,Escrito en 16 de abril de 2023,,,"['•Viaje de ocio', '•Grupo', '•Apartamento de 1 dormitorio', '•Estancia de 1 noche']",Vitoria
Elena,España,10.0,Escrito en 16 de abril de 2023,,,"['•Viaje de ocio', '•Pareja', '•Apartamento de 1 dormitorio', '•Estancia de 1 noche', '•Enviado por móvil']",Vitoria
Isabel,España,8.0,Escrito en 16 de abril de 2023,,,"['•Viaje de ocio', '•Familia con niños pequeños', '•Apartamento con terraza', '•Estancia de 1 noche', '•Enviado por móvil']",Vitoria
Amara,España,10.0,Escrito en 15 de abril de 2023,,,"['•Viaje de ocio', '•Grupo', '•Apartamento de 2 dormitorios', '•Estancia de 2 noches', '•Enviado por móvil']",Vitoria
M,España,9.0,Escrito en 15 de abril de 2023,,,"['•Viaje de ocio', '•Pareja', '•Apartamento Estudio', '•Estancia de 1 noche', '•Enviado por móvil']",Vitoria
Alejandro,España,9.0,Escrito en 15 de abril de 2023,,,"['•Viaje de ocio', '•Familia con niños pequeños', '•Apartamento de 1 dormitorio', '•Estancia de 1 noche', '•Enviado por móvil']",Vitoria
Diego,España,9.0,Escrito en 14 de abril de 2023,,,"['•Viaje de ocio', '•Familia con niños pequeños', '•Apartamento Estudio', '•Estancia de 3 noches', '•Enviado por móvil']",Vitoria
Cati,España,7.0,Escrito en 14 de abril de 2023,,,"['•Viaje de ocio', '•Familia con niños pequeños', '•Apartamento de 1 dormitorio', '•Estancia de 2 noches', '•Enviado por móvil']",Vitoria
Hibai,España,8.0,Escrito en 14 de abril de 2023,,,"['•Viaje de ocio', '•Familia con niños pequeños', '•Apartamento de 1 dormitorio', '•Estancia de 2 noches', '•Enviado por móvil']",Vitoria
Vicent,España,7.0,Escrito en 13 de abril de 2023,,,"['•Viaje de ocio', '•Familia con niños pequeños', '•Apartamento de 1 dormitorio', '•Estancia de 1 noche', '•Enviado por móvil']",Vitoria
Daniel,España,9.0,Escrito en 11 de abril de 2023,,,"['•Viaje de ocio', '•Persona que viaja sola', '•Apartamento de 1 dormitorio', '•Estancia de 1 noche', '•Enviado por móvil']",Vitoria
Cvr,España,10.0,Escrito en 11 de abril de 2023,,,"['•Viaje de ocio', '•Familia con niños pequeños', '•Apartamento de 1 dormitorio', '•Estancia de 2 noches', '•Enviado por móvil']",Vitoria
Felipedd,España,10.0,Escrito en 11 de abril de 2023,,,"['•Viaje de negocios', '•Persona que viaja sola', '•Apartamento de 1 dormitorio', '•Estancia de 1 noche', '•Enviado por móvil']",Vitoria
Manuel,Tailandia,10.0,Escrito en 10 de abril de 2023,,,"['•Viaje de ocio', '•Familia con niños pequeños', '•Apartamento de 1 dormitorio', '•Estancia de 2 noches', '•Enviado por móvil']",Vitoria
Yeison,España,10.0,Escrito en 10 de abril de 2023,,,"['•Viaje de ocio', '•Familia con niños pequeños', '•Apartamento de 1 dormitorio', '•Estancia de 1 noche', '•Enviado por móvil']",Vitoria
Justo,España,8.0,Escrito en 10 de abril de 2023,,,"['•Viaje de ocio', '•Grupo', '•Apartamento de 2 dormitorios', '•Estancia de 4 noches', '•Enviado por móvil']",Vitoria
Lea_91,España,8.0,Escrito en 10 de abril de 2023,,,"['•Viaje de ocio', '•Grupo de amigos', '•Apartamento de 1 dormitorio', '•Estancia de 2 noches', '•Enviado por móvil']",Vitoria
Mikel,España,10.0,Escrito en 10 de abril de 2023,,,"['•Viaje de negocios', '•Pareja', '•Apartamento de 1 dormitorio', '•Estancia de 1 noche', '•Enviado por móvil']",Vitoria
Sandra,España,9.0,Escrito en 8 de abril de 2023,,,"['•Viaje de ocio', '•Familia con niños pequeños', '•Apartamento de 2 dormitorios', '•Estancia de 1 noche', '•Enviado por móvil']",Vitoria
Marta,España,9.0,Escrito en 7 de abril de 2023,,,"['•Viaje de ocio', '•Familia con niños pequeños', '•Apartamento de 1 dormitorio', '•Estancia de 1 noche', '•Enviado por móvil']",Vitoria
Javier,España,10.0,Escrito en 7 de abril de 2023,,,"['•Viaje de ocio', '•Familia con niños pequeños', '•Apartamento de 1 dormitorio', '•Estancia de 1 noche', '•Enviado por móvil']",Vitoria
Carlos,España,9.0,Escrito en 6 de abril de 2023,,,"['•Viaje de ocio', '•Familia con niños pequeños', '•Apartamento de 2 dormitorios', '•Estancia de 3 noches', '•Enviado por móvil']",Vitoria
Nonomonono,España,10.0,Escrito en 6 de abril de 2023,,,"['•Viaje de ocio', '•Familia con niños pequeños', '•Apartamento con terraza', '•Estancia de 1 noche', '•Enviado por móvil']",Vitoria
Calderón,España,10.0,Escrito en 6 de abril de 2023,,,"['•Viaje de ocio', '•Pareja', '•Apartamento de 1 dormitorio', '•Estancia de 1 noche', '•Enviado por móvil']",Vitoria
Patricia,España,10.0,Escrito en 19 de febrero de 2023,,,"['•Grupo', '•Apartamento de 1 dormitorio', '•Estancia de 1 noche', '•Enviado por móvil']",Vitoria
Roberto,España,7.0,Escrito en 16 de febrero de 2023,,,"['•Viaje de negocios', '•Familia con niños pequeños', '•Apartamento de 1 dormitorio', '•Estancia de 1 noche', '•Enviado por móvil']",Vitoria
Roberto,España,8.0,Escrito en 15 de febrero de 2023,,,"['•Viaje de negocios', '•Grupo', '•Apartamento de 1 dormitorio', '•Estancia de 1 noche', '•Enviado por móvil']",Vitoria
Lucia,España,9.0,Escrito en 15 de febrero de 2023,,,"['•Viaje de ocio', '•Familia con niños pequeños', '•Apartamento de 1 dormitorio', '•Estancia de 2 noches']",Vitoria
Alejandro,España,10.0,Escrito en 14 de febrero de 2023,,,"['•Viaje de negocios', '•Grupo', '•Apartamento de 1 dormitorio', '•Estancia de 1 noche', '•Enviado por móvil']",Vitoria
Rafael,España,10.0,Escrito en 12 de febrero de 2023,,,"['•Viaje de ocio', '•Grupo de amigos', '•Apartamento de 1 dormitorio', '•Estancia de 2 noches', '•Enviado por móvil']",Vitoria
Marcos,España,8.0,Escrito en 12 de febrero de 2023,,,"['•Viaje de ocio', '•Familia con niños pequeños', '•Apartamento de 1 dormitorio', '•Estancia de 2 noches', '•Enviado por móvil']",Vitoria
Cristina,España,10.0,Escrito en 9 de febrero de 2023,,,"['•Viaje de ocio', '•Grupo', '•Apartamento de 1 dormitorio', '•Estancia de 2 noches', '•Enviado por móvil']",Vitoria
Yasmina,España,9.0,Escrito en 9 de febrero de 2023,,,"['•Viaje de ocio', '•Pareja', '•Apartamento Estudio', '•Estancia de 1 noche', '•Enviado por móvil']",Vitoria
David,España,8.0,Escrito en 6 de febrero de 2023,,,"['•Viaje de ocio', '•Grupo', '•Apartamento de 1 dormitorio', '•Estancia de 1 noche', '•Enviado por móvil']",Vitoria
Miguel,España,9.0,Escrito en 6 de febrero de 2023,,,"['•Viaje de ocio', '•Familia con niños pequeños', '•Apartamento de 1 dormitorio', '•Estancia de 2 noches', '•Enviado por móvil']",Vitoria
Cristina,España,10.0,Escrito en 5 de febrero de 2023,,,"['•Viaje de ocio', '•Familia con niños pequeños', '•Apartamento de 1 dormitorio', '•Estancia de 2 noches', '•Enviado por móvil']",Vitoria
Leire,España,10.0,Escrito en 4 de febrero de 2023,,,"['•Viaje de ocio', '•Pareja', '•Apartamento Estudio', '•Estancia de 3 noches', '•Enviado por móvil']",Vitoria
Nazareth,España,10.0,Escrito en 3 de febrero de 2023,,,"['•Viaje de ocio', '•Familia con niños pequeños', '•Apartamento de 1 dormitorio', '•Estancia de 1 noche']",Vitoria
Roberto,España,9.0,Escrito en 3 de febrero de 2023,,,"['•Viaje de negocios', '•Grupo', '•Apartamento de 1 dormitorio', '•Estancia de 4 noches', '•Enviado por móvil']",Vitoria
Itxaso,España,8.0,Escrito en 3 de febrero de 2023,,,"['•Viaje de ocio', '•Grupo', '•Apartamento de 1 dormitorio', '•Estancia de 1 noche', '•Enviado por móvil']",Vitoria
Pablo,España,8.0,Escrito en 3 de febrero de 2023,,,"['•Viaje de ocio', '•Familia con niños pequeños', '•Apartamento de 1 dormitorio', '•Estancia de 8 noches', '•Enviado por móvil']",Vitoria
Iñigo,España,8.0,Escrito en 2 de febrero de 2023,,,"['•Viaje de ocio', '•Familia con niños pequeños', '•Apartamento de 1 dormitorio', '•Estancia de 1 noche', '•Enviado por móvil']",Vitoria
Pablo,España,10.0,Escrito en 1 de febrero de 2023,,,"['•Viaje de ocio', '•Grupo', '•Apartamento de 2 dormitorios', '•Estancia de 1 noche', '•Enviado por móvil']",Vitoria
Fontdegloria,España,10.0,Escrito en 1 de febrero de 2023,,,"['•Viaje de ocio', '•Familia con niños pequeños', '•Apartamento de 1 dormitorio', '•Estancia de 3 noches', '•Enviado por móvil']",Vitoria
Nuria,España,9.0,Escrito en 1 de febrero de 2023,,,"['•Viaje de ocio', '•Familia con niños pequeños', '•Apartamento de 1 dormitorio', '•Estancia de 2 noches', '•Enviado por móvil']",Vitoria
Jorge,España,9.0,Escrito en 31 de enero de 2023,,,"['•Viaje de ocio', '•Grupo', '•Apartamento de 1 dormitorio', '•Estancia de 2 noches', '•Enviado por móvil']",Vitoria
Miren,España,8.0,Escrito en 30 de enero de 2023,,,"['•Viaje de ocio', '•Pareja', '•Apartamento de 1 dormitorio', '•Estancia de 1 noche', '•Enviado por móvil']",Vitoria
Alejandro,España,10.0,Escrito en 30 de enero de 2023,,,"['•Viaje de negocios', '•Persona que viaja sola', '•Apartamento de 1 dormitorio', '•Estancia de 4 noches', '•Enviado por móvil']",Vitoria
Elixabet,España,9.0,Escrito en 29 de enero de 2023,,,"['•Viaje de ocio', '•Familia con niños pequeños', '•Apartamento de 1 dormitorio', '•Estancia de 1 noche', '•Enviado por móvil']",Vitoria
Candel,España,3.0,Escrito en 1 de noviembre de 2025,,,"['•Viaje de ocio', '•Grupo', '•Apartamento de 1 dormitorio', '•Estancia de 5 noches', '•Enviado por móvil']",Vitoria
Jose,España,1.0,Escrito en 19 de octubre de 2025,,,"['•Viaje de negocios', '•Familia con niños pequeños', '•Apartamento de 1 dormitorio', '•Estancia de 4 noches', '•Enviado por móvil']",Vitoria
Cristóbal,España,1.0,Escrito en 30 de septiembre de 2025,,,"['•Viaje de ocio', '•Pareja', '•Apartamento Estudio', '•Estancia de 1 noche', '•Enviado por móvil']",Vitoria
García,España,3.0,Escrito en 4 de septiembre de 2025,,,"['•Familia con niños pequeños', '•Apartamento de 1 dormitorio', '•Estancia de 1 noche', '•Enviado por móvil']",Vitoria
Beteta,España,6.0,Escrito en 18 de agosto de 2025,,,"['•Viaje de ocio', '•Persona que viaja sola', '•Apartamento Estudio', '•Estancia de 4 noches', '•Enviado por móvil']",Vitoria
Cerezo,España,5.0,Escrito en 1 de agosto de 2025,,,"['•Viaje de ocio', '•Familia con niños pequeños', '•Apartamento de 1 dormitorio', '•Estancia de 1 noche', '•Enviado por móvil']",Vitoria
Zaira,España,1.0,Escrito en 3 de julio de 2025,,,"['•Viaje de ocio', '•Grupo', '•Apartamento de 1 dormitorio', '•Estancia de 3 noches', '•Enviado por móvil']",Vitoria
Antonio,España,6.0,Escrito en 4 de junio de 2025,,,"['•Viaje de negocios', '•Persona que viaja sola', '•Apartamento de 1 dormitorio', '•Estancia de 2 noches', '•Enviado por móvil']",Vitoria
Urko,España,6.0,Escrito en 26 de marzo de 2025,,,"['•Viaje de ocio', '•Grupo', '•Apartamento de 1 dormitorio', '•Estancia de 1 noche']",Vitoria
Carmen,España,5.0,Escrito en 9 de febrero de 2025,,,"['•Viaje de ocio', '•Familia con niños pequeños', '•Apartamento Estudio', '•Estancia de 6 noches', '•Enviado por móvil']",Vitoria
Lucia,España,5.0,Escrito en 28 de enero de 2025,,,"['•Viaje de ocio', '•Pareja', '•Apartamento Estudio', '•Estancia de 3 noches', '•Enviado por móvil']",Vitoria
Perez,España,6.0,Escrito en 13 de enero de 2025,,,"['•Viaje de negocios', '•Familia con niños pequeños', '•Apartamento de 1 dormitorio', '•Estancia de 2 noches', '•Enviado por móvil']",Vitoria
Francisco,España,5.0,Escrito en 26 de noviembre de 2024,,,"['•Viaje de ocio', '•Familia con niños pequeños', '•Apartamento de 1 dormitorio', '•Estancia de 2 noches', '•Enviado por móvil']",Vitoria
Bárbara,España,4.0,Escrito en 16 de noviembre de 2024,,,"['•Viaje de ocio', '•Familia con niños pequeños', '•Apartamento con terraza', '•Estancia de 1 noche', '•Enviado por móvil']",Vitoria
Juan,España,6.0,Escrito en 16 de octubre de 2024,,,"['•Viaje de ocio', '•Pareja', '•Apartamento de 1 dormitorio', '•Estancia de 1 noche', '•Enviado por móvil']",Vitoria
Jose,España,5.0,Escrito en 13 de octubre de 2024,,,"['•Viaje de ocio', '•Pareja', '•Apartamento Estudio', '•Estancia de 4 noches']",Vitoria
Aina118,España,6.0,Escrito en 7 de octubre de 2024,,,"['•Viaje de ocio', '•Grupo de amigos', '•Apartamento de 1 dormitorio', '•Estancia de 1 noche', '•Enviado por móvil']",Vitoria
Juan,España,6.0,Escrito en 8 de julio de 2024,,,"['•Viaje de ocio', '•Familia con niños pequeños', '•Apartamento de 1 dormitorio', '•Estancia de 1 noche', '•Enviado por móvil']",Vitoria
Iñaki,San Pedro y Miquelón,5.0,Escrito en 27 de junio de 2024,,,"['•Viaje de ocio', '•Pareja', '•Apartamento de 1 dormitorio', '•Estancia de 3 noches', '•Enviado por móvil']",Vitoria
Antonio,España,6.0,Escrito en 25 de mayo de 2024,,,"['•Viaje de ocio', '•Familia con niños pequeños', '•Apartamento Estudio', '•Estancia de 4 noches', '•Enviado por móvil']",Vitoria
Juan,España,6.0,Escrito en 14 de mayo de 2024,,,"['•Viaje de negocios', '•Familia con niños pequeños', '•Apartamento de 1 dormitorio', '•Estancia de 1 noche', '•Enviado por móvil']",Vitoria
Juan,España,5.0,Escrito en 11 de mayo de 2024,,,"['•Viaje de negocios', '•Grupo', '•Apartamento de 1 dormitorio', '•Estancia de 4 noches', '•Enviado por móvil']",Vitoria
Maria,España,6.0,Escrito en 5 de abril de 2024,,,"['•Viaje de ocio', '•Familia con niños pequeños', '•Apartamento de 1 dormitorio', '•Estancia de 2 noches', '•Enviado por móvil']",Vitoria
Andoni,España,1.0,Escrito en 24 de marzo de 2024,,,"['•Viaje de ocio', '•Grupo', '•Apartamento de 2 dormitorios', '•Estancia de 2 noches', '•Enviado por móvil']",Vitoria
Aitor,España,5.0,Escrito en 5 de marzo de 2024,,,"['•Viaje de ocio', '•Pareja', '•Apartamento de 1 dormitorio', '•Estancia de 1 noche', '•Enviado por móvil']",Vitoria
Sosuke,España,8.0,Escrito en 11 de diciembre de 2025,Bien ubicado y tranquilo,,"['•Viaje de ocio', '•Grupo', '•Habitación Familiar con baño privado', '•Estancia de 1 noche', '•Enviado por móvil']",Donosti
Agur,España,8.0,Escrito en 11 de diciembre de 2025,,"Que no te dejen entrar hasta las 15 horas y que si te dejan antes, a las 13 horas, hay que pagar 15 euros.","['•Viaje de ocio', '•Familia con niños pequeños', '•Habitación Familiar con baño privado', '•Estancia de 1 noche', '•Enviado por móvil']",Donosti
Elena,España,8.0,Escrito en 30 de noviembre de 2025,En general todo bien.,Un poco lejos del centro.,"['•Viaje de ocio', '•Persona que viaja sola', '•Cama en habitación compartida mixta con 6 camas y baño compartido', '•Estancia de 1 noche', '•Enviado por móvil']",Donosti
Alba,España,8.0,Escrito en 18 de noviembre de 2025,"Fácil check in, buena localización a 20 min andando por el paseo de la concha al centro
Habitación grande cómoda y bien dividida, no se escuchaba mucho ruido y eso que estaba lleno
Buenas zonas comunes en la planta 1
Nuestra habitación tenía unas vistas chulisimas
Buen servicio de cafetería y buen ambiente","No es fácil encontrar aparcamiento si llevas coche y es zona verde (de pago, aunque la mañana de un sábado son solo 4 € mucho más económico que un parking)","['•Viaje de ocio', '•Grupo', '•Habitación Familiar con baño privado', '•Estancia de 2 noches', '•Enviado por móvil']",Donosti
Antonio,España,9.0,Escrito en 9 de noviembre de 2025,"Atención del personal
La limpieza",Quizás un poco lejos del centro para ir andando,"['•Viaje de ocio', '•Persona que viaja sola', '•Cama en habitación compartida mixta con 6 camas y baño compartido', '•Estancia de 2 noches', '•Enviado por móvil']",Donosti
Richard,España,7.0,Escrito en 8 de noviembre de 2025,,"A las 05:00 han llegado un grupo haciendo ruido/ bebidos supuestamente. 
Ya no he vuelto a dormir","['•Viaje de negocios', '•Persona que viaja sola', '•Cama en habitación compartida mixta con 6 camas y baño privado', '•Estancia de 1 noche', '•Enviado por móvil']",Donosti
Ana,Guatemala,8.0,Escrito en 6 de noviembre de 2025,Fue simple y practica la reserva y el check in. Es un lugar ordenado y estructurado.,"Para todo aquel que este pensando reservar en este lugar debe saber que este hostal está ubicado encima de una colina y es cansado llegar y salir. Hay transporte urbano cerca pero igual toca subir o bajar la montaña. Pensé que iba a estar en el área comercial y no es así, alrededor hay apartamentos solamente. Al caminar un par de cuadras ya encuentras comercios pero no alrededor inmediato.","['•Viaje de ocio', '•Persona que viaja sola', '•Cama en habitación compartida mixta con 6 camas y baño compartido', '•Estancia de 4 noches', '•Enviado por móvil']",Donosti
Claudia,España,7.0,Escrito en 4 de noviembre de 2025,La relación calidad - precio. Ideal para pasar un par de días entre amigas. A 20 minutos del centro de san Sebastián en autobús. Cómodo y agradable con un desayuno muy bueno relación precio! Recomendable.,"La habitación de 6 era pequeña para dejar maletas, mochilas, etc. y un baño para 6 chicas puede quedarse escaso en ocasiones. El resto todo muy bien!","['•Viaje de ocio', '•Grupo', '•Habitación con baño privado - 6 camas', '•Estancia de 2 noches', '•Enviado por móvil']",Donosti
Aitor,España,9.0,Escrito en 3 de noviembre de 2025,"Habitacion bien, todo limpio y el personal majo.",Todo fue bien,"['•Viaje de ocio', '•Grupo', '•Habitación con baño privado - 8 camas', '•Estancia de 1 noche']",Donosti
Juan,España,9.0,Escrito en 28 de octubre de 2025,Facilidades dadas por el personal,,"['•Viaje de ocio', '•Grupo', '•Habitación Familiar con baño privado', '•Estancia de 3 noches', '•Enviado por móvil']",Donosti
Sánchez,España,8.0,Escrito en 24 de octubre de 2025,El compartir con otros viajeros,,"['•Persona que viaja sola', '•Cama en habitación compartida mixta con 6 camas y baño compartido', '•Estancia de 3 noches', '•Enviado por móvil']",Donosti
Camila,Chile,7.0,Escrito en 22 de octubre de 2025,"El personal, muy amable",Mal olor de los desagües en los baños. Colchón de espuma se aplastaba hasta que terminadas durmiendo sobre la tabla de la cama,"['•Viaje de ocio', '•Pareja', '•Habitación Doble con baño privado - 2 camas', '•Estancia de 2 noches', '•Enviado por móvil']",Donosti
Carlos,España,8.0,Escrito en 20 de octubre de 2025,Estaba muy céntrico. La ubicación es buena aunque hay que subir una cuesta grande para llegar.,Camas incómodas y habitación justita.,"['•Viaje de ocio', '•Pareja', '•Habitación Doble con baño privado - 2 camas', '•Estancia de 3 noches', '•Enviado por móvil']",Donosti
Duron,España,9.0,Escrito en 19 de octubre de 2025,"Ubicación, limpieza, camareros muy bien(Mojar)!!",,"['•Viaje de ocio', '•Persona que viaja sola', '•Cama en habitación compartida mixta de 8 camas con baño privado', '•Estancia de 2 noches', '•Enviado por móvil']",Donosti
Ingold,Uruguay,7.0,Escrito en 17 de octubre de 2025,Buena ubicación. Básicamente p gente joven. Muy amables todos los que trabajan,,"['•Viaje de ocio', '•Pareja', '•Habitación Doble con baño privado - 2 camas', '•Estancia de 1 noche', '•Enviado por móvil']",Donosti
Mariano,España,8.0,Escrito en 15 de octubre de 2025,Hubicacion,,"['•Viaje de ocio', '•Familia con niños pequeños', '•Habitación Familiar con baño privado', '•Estancia de 1 noche', '•Enviado por móvil']",Donosti
David,España,9.0,Escrito en 12 de octubre de 2025,Todo,Nada,"['•Pareja', '•Habitación Doble con baño privado - 2 camas', '•Estancia de 1 noche', '•Enviado por móvil']",Donosti
Ivan,España,8.0,Escrito en 12 de octubre de 2025,Limpieza y buena ubicación. El personal muy amable,,"['•Viaje de ocio', '•Pareja', '•Habitación Doble con baño privado - 2 camas', '•Estancia de 1 noche', '•Enviado por móvil']",Donosti
Elena,España,9.0,Escrito en 10 de octubre de 2025,,Me gustaría que la camas tuvieran cortinas para más intimidad,"['•Viaje de negocios', '•Persona que viaja sola', '•Cama en habitación compartida mixta con 6 camas y baño privado', '•Estancia de 1 noche', '•Enviado por móvil']",Donosti
Luz,Colombia,9.0,Escrito en 10 de octubre de 2025,"La comodidad, el silencio y la vista",,"['•Viaje de ocio', '•Familia con niños pequeños', '•Habitación Familiar con baño privado', '•Estancia de 1 noche', '•Enviado por móvil']",Donosti
Ruiz,España,9.0,Escrito en 2 de octubre de 2025,La atención del personal a cargo... Profesionales responsables,La ubicación física algo lejana,"['•Viaje de ocio', '•Persona que viaja sola', '•Cama en habitación compartida mixta con 6 camas y baño compartido', '•Estancia de 2 noches', '•Enviado por móvil']",Donosti
Daniela,Chile,8.0,Escrito en 27 de septiembre de 2025,"La limpieza, el espacio y el orden del hostel. Los baños siempre limpios.","Que la cama tuviese un poco más de privacidad, de manera que no moleste la luz al entrar o salir los compañeros. El pequeño bloqueo de madera no es suficiente. Sugiero incluir cortinas pequeñas.","['•Viaje de ocio', '•Persona que viaja sola', '•Cama en habitación compartida mixta con 6 camas y baño compartido', '•Estancia de 3 noches']",Donosti
Gomariz,España,9.0,Escrito en 23 de septiembre de 2025,Todo genial y los chicos de recepcion (sofia) y cocina (el rubio) excelentes,La habitación igual es algo estrecha para poder manipular las maletas,"['•Viaje de ocio', '•Persona que viaja sola', '•Cama en habitación compartida mixta con 6 camas y baño compartido', '•Estancia de 2 noches', '•Enviado por móvil']",Donosti
Carmen,España,8.0,Escrito en 22 de septiembre de 2025,Su ubicación y funcionalidad,,"['•Viaje de ocio', '•Familia con niños pequeños', '•Habitación Familiar con baño privado', '•Estancia de 2 noches', '•Enviado por móvil']",Donosti
Nerina,España,7.0,Escrito en 21 de abril de 2025,,"Que tarden tanto tiempo en devolver la fianza, cuando ponen que se hace en 48 horas.","['•Viaje de ocio', '•Grupo de amigos', '•Cama en habitación compartida mixta de 8 camas con baño privado', '•Estancia de 1 noche', '•Enviado por móvil']",Donosti
Eva,España,9.0,Escrito en 19 de abril de 2025,El personal muy amable . Y la habitación familiar amplia .,Los vecinos un poco ruidosos pero a la noche se comportaron .,"['•Viaje de ocio', '•Grupo', '•Habitación Familiar Deluxe con baño privado', '•Estancia de 1 noche', '•Enviado por móvil']",Donosti
Catalina,España,7.0,Escrito en 16 de abril de 2025,La habitación,El desayuno,"['•Viaje de ocio', '•Familia con niños pequeños', '•Habitación Familiar con baño privado', '•Estancia de 1 noche', '•Enviado por móvil']",Donosti
Alejandro,Uruguay,8.0,Escrito en 12 de abril de 2025,Higiene,Todo muy bien,"['•Viaje de ocio', '•Persona que viaja sola', '•Cama en habitación compartida mixta de 8 camas con baño privado', '•Estancia de 1 noche', '•Enviado por móvil']",Donosti
Antonio,España,9.0,Escrito en 7 de abril de 2025,Precio,Baño un poco sucio,"['•Viaje de ocio', '•Grupo', '•Habitación con baño compartido - 6 camas', '•Estancia de 1 noche']",Donosti
Tatiana,España,8.0,Escrito en 31 de marzo de 2025,"La habitación era amplia y limpia. Ubicado en un barrio aparentemente seguro, pero la calle era bastante desierta por la noche. Hay bares y restaurantes cerca de 10 minutos caminando. Las camas no son cómodas. Fue el mejor precio aunque sea un poco caro para un hostel .",,"['•Viaje de ocio', '•Grupo', '•Habitación Cuádruple con baño', '•Estancia de 1 noche', '•Enviado por móvil']",Donosti
Rafael,España,9.0,Escrito en 17 de marzo de 2025,Buenos,Todo bien,"['•Viaje de ocio', '•Familia con niños pequeños', '•Cama en habitación compartida mixta con 6 camas y baño compartido', '•Estancia de 1 noche', '•Enviado por móvil']",Donosti
Leila,España,8.0,Escrito en 16 de marzo de 2025,"El acceso con código, muy cómodo. La habitación estaba bien y dormimos muy bien. La ubicación es ideal si se quiere estar en la zona de Antiguo, pero también es fácil llegar al centro en autobús.",Pasamos calor por la noche porque el aire estaba puesto (creemos que se encendía forma automática porque no encontramos ningún mando).,"['•Viaje de ocio', '•Pareja', '•Habitación Doble con baño privado - 2 camas', '•Estancia de 1 noche']",Donosti
Maria,España,9.0,Escrito en 7 de marzo de 2025,"Buena relación calidad precio, es un lugar con espacios compartidos.",,"['•Viaje de ocio', '•Familia con niños pequeños', '•Habitación Familiar con baño compartido', '•Estancia de 1 noche', '•Enviado por móvil']",Donosti
Gus,España,8.0,Escrito en 4 de marzo de 2025,La ubicación y la limpieza del lugar.,"Camarotes sin cortina y muy pequeños. Los codigos de acceso, con menos digitos seria mejor. Alguno del personal de limpieza de la noche quizas necesite mas motivación laboral y mejorar sus habilidades de comunicación.","['•Viaje de ocio', '•Persona que viaja sola', '•Cama en habitación compartida mixta con 6 camas y baño compartido', '•Estancia de 3 noches']",Donosti
Laura,España,7.0,Escrito en 3 de marzo de 2025,"Las habitaciones son amplias y los colchones cómodos. Las vistas desde la 4a planta eran muy bonitas 
El barrio aunque no es céntrico tiene de todo y es tranquilo",La calefacción la ajustan desde la recepción y el split hace algo de ruido que molesta para dormir,"['•Viaje de ocio', '•Familia con niños pequeños', '•Habitación Familiar con baño privado', '•Estancia de 3 noches', '•Enviado por móvil']",Donosti
Alba,España,8.0,Escrito en 3 de marzo de 2025,Calidad precio buena,"Está un poco lejos, cerca de la playa Ondarreta pero subiendo una cuesta","['•Viaje de ocio', '•Grupo', '•Habitación Familiar con baño privado', '•Estancia de 1 noche', '•Enviado por móvil']",Donosti
Pilar,España,8.0,Escrito en 27 de febrero de 2025,Lo que más me gustó fueron los recepcionistas en especial Mohamed y una chica que no recuerdo el nombre.Muy amables y atentos en todo momento,Más que del alojamiento fueron algunas personas cenando más tarde de las 23h en la cocina hablando casi gritando…,"['•Viaje de ocio', '•Persona que viaja sola', '•Cama en habitación compartida mixta con 6 camas y baño compartido', '•Estancia de 1 noche', '•Enviado por móvil']",Donosti
Marlene,España,9.0,Escrito en 26 de febrero de 2025,La limpieza,Cortinas para las camas individuales que permiten más privacidad.,"['•Viaje de negocios', '•Persona que viaja sola', '•Cama en habitación compartida mixta con 6 camas y baño compartido', '•Estancia de 1 noche', '•Enviado por móvil']",Donosti
Saez,España,7.0,Escrito en 24 de febrero de 2025,La habitación para parejas con baño privado estaba muy bien con todo lo necesario.,"Sin haber hecho el check out, alguien nos abrió la puerta estando en la habitación.","['•Viaje de ocio', '•Pareja', '•Habitación Doble con baño privado - 2 camas', '•Estancia de 2 noches', '•Enviado por móvil']",Donosti
Juan,España,8.0,Escrito en 7 de febrero de 2025,Está bien y entre semana el precio era muy bueno siendo Sanse,"Mucho mensaje,","['•Viaje de ocio', '•Persona que viaja sola', '•Cama en habitación compartida mixta con 6 camas y baño compartido', '•Estancia de 1 noche', '•Enviado por móvil']",Donosti
Oga,España,9.0,Escrito en 3 de febrero de 2025,"Hemos estado genial! Habitación muy limpia, ubicación muy buena, en general calidad - precio excelente!",,"['•Viaje de ocio', '•Familia con niños pequeños', '•Habitación Familiar con baño privado', '•Estancia de 2 noches', '•Enviado por móvil']",Donosti
Carlos,España,9.0,Escrito en 2 de febrero de 2025,Sencillo la forma de trabajar y comodo de uso,Me falto parking,"['•Viaje de ocio', '•Familia con niños pequeños', '•Habitación Familiar con baño privado', '•Estancia de 1 noche', '•Enviado por móvil']",Donosti
Roberto,Honduras,8.0,Escrito en 28 de enero de 2025,Todo,Nada,"['•Viaje de ocio', '•Familia con niños pequeños', '•Habitación Familiar con baño privado', '•Estancia de 2 noches', '•Enviado por móvil']",Donosti
Belen,España,9.0,Escrito en 27 de enero de 2025,Calidad precio,,"['•Viaje de ocio', '•Persona que viaja sola', '•Cama en habitación compartida mixta con 6 camas y baño compartido', '•Estancia de 1 noche', '•Enviado por móvil']",Donosti
Juana,España,8.0,Escrito en 27 de enero de 2025,,"La habitación era muy pequeña,en las fotos parece más amplia","['•Viaje de ocio', '•Familia con niños pequeños', '•Habitación Familiar con baño privado', '•Estancia de 3 noches', '•Enviado por móvil']",Donosti
Martínez,España,8.0,Escrito en 26 de enero de 2025,"El lugar fue conveniente para nuestras necesidades, estaba limpio y el personal es amable","El personal no es muy eficiente para responder las consultas que se hacen a través de la plataforma, nunca respondieron","['•Viaje de ocio', '•Familia con niños pequeños', '•Cama en habitación compartida mixta con 6 camas y baño compartido', '•Estancia de 1 noche', '•Enviado por móvil']",Donosti
Jose,España,8.0,Escrito en 22 de enero de 2025,La disponibilidad horaria y el precio,,"['•Viaje de ocio', '•Persona que viaja sola', '•Cama en habitación compartida mixta con 6 camas y baño compartido', '•Estancia de 1 noche', '•Enviado por móvil']",Donosti
Jusue,España,9.0,Escrito en 20 de enero de 2025,Ambiente nad,Nada,"['•Viaje de ocio', '•Persona que viaja sola', '•Cama en habitación compartida mixta con 6 camas y baño compartido', '•Estancia de 1 noche', '•Enviado por móvil']",Donosti
Cesi,España,9.0,Escrito en 13 de enero de 2025,"Las instalaciones son nuevas y estuvimos muy agusto,  la ciudad muy bonita, solo nos quedamos una noche pero la habitación que éramos 3 eran dos literas y la zona del baño muy espaciosa y todo muy limpio. Pudimos aparcar justo detrás del hotel que es zona azul pero como era sábado tarde no había que pagar","Me gustó todo,","['•Viaje de ocio', '•Grupo', '•Habitación Cuádruple con baño', '•Estancia de 1 noche', '•Enviado por móvil']",Donosti
Lopez,España,10.0,Escrito en 14 de diciembre de 2025,"La situación, limpieza y las instalaciones en general.","La única pega ha sido el sofá cama, un poco incomodo.","['•Viaje de ocio', '•Familia con niños pequeños', '•Estudio', '•Estancia de 1 noche', '•Enviado por móvil']",BilbaoMuseo
B,España,9.0,Escrito en 5 de diciembre de 2025,Ubicación,Terrible el extremo ambientador en la planta baja . Subes a la habitación mareado . Por demás. Acabé con osmofobia y cefalea .,"['•Viaje de negocios', '•Grupo', '•Estudio', '•Estancia de 1 noche', '•Enviado por móvil']",BilbaoMuseo
Karlosmaiden,España,10.0,Escrito en 16 de noviembre de 2025,"La ubicación es una pasada, lo fácil de llegar al párking y a 5 minutos el apartamento, la cerradura del portal se abre con el móvil, entrar y un olor super agradable, abrir la puerta del apartamento y una pasada de chulo, limpio, todo nuevo, aire acondicionado, lavadora, horno microondas, TV plano, todo super bien, mi hija de 12años y mi sobrina de 15 super contentas, 2 cajas de bienvenida con aguas patatas.... gracias por todo",Me gustó todo,"['•Viaje de ocio', '•Familia con niños pequeños', '•Estudio', '•Estancia de 1 noche', '•Enviado por móvil']",BilbaoMuseo
Els,España,7.0,Escrito en 10 de noviembre de 2025,Diseño y emplazamiento.,"Sofa cama muy incómodo, hundido y con ruido de muelles con cada movimiento. Las habitaciones no tienen paredes, solo separación de ambiente con listones de madera en un espacio diáfano con el sala-cocina.","['•Viaje de ocio', '•Familia con niños pequeños', '•Apartamento de 1 dormitorio', '•Estancia de 1 noche', '•Enviado por móvil']",BilbaoMuseo
Martinez,España,10.0,Escrito en 9 de noviembre de 2025,Ubicación y comodidad de las instalaciones,Nada,"['•Viaje de ocio', '•Familia con niños pequeños', '•Apartamento de 1 dormitorio', '•Estancia de 1 noche', '•Enviado por móvil']",BilbaoMuseo
Alejandro,Corea del Sur,10.0,Escrito en 28 de octubre de 2025,,Se escuchaba un goteo por la noche del piso de arriba y la luz roja de la alarma de incendios parpadea y molesta un poco por la noche,"['•Con una mascota', '•Viaje de ocio', '•Pareja', '•Estudio', '•Estancia de 4 noches', '•Enviado por móvil']",BilbaoMuseo
Alvaro,España,8.0,Escrito en 25 de octubre de 2025,La terraza,Q no tenía cama era sofá cama,"['•Viaje de ocio', '•Pareja', '•Estudio', '•Estancia de 2 noches', '•Enviado por móvil']",BilbaoMuseo
Her,Argentina,9.0,Escrito en 19 de octubre de 2025,"Super moderno, muy bien ubicado, en frente del museo. Amplio departamento, hermoso","La atención dejo mucho que desear, sobre todo porque no se le discute al huésped cuando no hay nada que discutir. Uno se puede equivocar, se piden disculpas y listo, pero echarle la culpa al huésped de la propia torpeza no va.  Pedí parking tres veces. Me lo cobraron y todo. Cuando llegue, me dijeron que ""creyeron que no lo quería"" porque un dia antes ""pedi indicaciones para el parking pero claramente nunca confirme que lo quería. O sea, pido parking, me lo cobran, pido indicaciones de como ir, en eso me piden que pase la placa que no llegue a leer, y como no la pase horas antes ""creyeron que no quería el parking y solo quería la dirección del mismo para ir a que...?","['•Viaje de ocio', '•Familia con niños pequeños', '•Estudio', '•Estancia de 2 noches', '•Enviado por móvil']",BilbaoMuseo
Sergio,España,9.0,Escrito en 14 de octubre de 2025,Las vistas increíbles,,"['•Viaje de negocios', '•Familia con niños pequeños', '•Estudio', '•Estancia de 1 noche', '•Enviado por móvil']",BilbaoMuseo
Iván,España,10.0,Escrito en 30 de septiembre de 2025,"Es increíble el lugar y la ubicación, muy recomendable",,"['•Viaje de ocio', '•Familia con niños pequeños', '•Estudio', '•Estancia de 1 noche']",BilbaoMuseo
Silvia,España,10.0,Escrito en 28 de septiembre de 2025,La ubicación. Justo enfrente del museo Guggenheim. Y un apartamento espectacular 😍. Muy moderno y muy completo.,Nada,"['•Viaje de ocio', '•Familia con niños pequeños', '•Estudio', '•Estancia de 2 noches', '•Enviado por móvil']",BilbaoMuseo
Rocío,España,9.0,Escrito en 9 de septiembre de 2025,Ubicación,,"['•Viaje de ocio', '•Familia con niños pequeños', '•Estudio', '•Estancia de 1 noche', '•Enviado por móvil']",BilbaoMuseo
Carmen,España,10.0,Escrito en 5 de septiembre de 2025,"ubicación, limpieza y no faltaba un detalle",,"['•Viaje de ocio', '•Familia con niños pequeños', '•Apartamento de 1 dormitorio', '•Estancia de 1 noche', '•Enviado por móvil']",BilbaoMuseo
Pilar,España,9.0,Escrito en 31 de agosto de 2025,"Ubicación excelente, muy cómodo... pudimos adelantar la entrada a las 12 por una suplemento...",,"['•Viaje de ocio', '•Familia con niños pequeños', '•Estudio', '•Estancia de 1 noche', '•Enviado por móvil']",BilbaoMuseo
Laura,España,9.0,Escrito en 30 de agosto de 2025,"Me gusto Todo, ubicacion, limpieza, decoracion, menaje, comodidad, bonito, situacion. Muy bien, nos gusto mucho. Original, practico, limpio, moderno. Muy bien situado, se puede ir andando a los principales sitios que hay que ver. Te dejan como detalle al entrar, agua, patatas y un folleto con recomendaciones de sitios para ver y comer.",El ascensor...que era lentiiiiiiisimo,"['•Viaje de ocio', '•Familia con niños pequeños', '•Estudio', '•Estancia de 1 noche', '•Enviado por móvil']",BilbaoMuseo
Eduardo,España,9.0,Escrito en 28 de agosto de 2025,Ubicación y todo nuevo,,"['•Viaje de ocio', '•Grupo', '•Apartamento de 1 dormitorio', '•Estancia de 2 noches', '•Enviado por móvil']",BilbaoMuseo
Victorino,España,10.0,Escrito en 25 de agosto de 2025,Todo general,Falta de intimidad en habitación.por poner alguna cosa,"['•Viaje de ocio', '•Familia con niños pequeños', '•Apartamento de 1 dormitorio', '•Estancia de 1 noche', '•Enviado por móvil']",BilbaoMuseo
Ana,España,9.0,Escrito en 24 de agosto de 2025,Ubicación y limpieza,,"['•Viaje de ocio', '•Grupo de amigos', '•Estudio', '•Estancia de 2 noches', '•Enviado por móvil']",BilbaoMuseo
Seila,España,10.0,Escrito en 1 de agosto de 2025,"Todo, pero la ubicación perfecta 🤩",Nada,"['•Viaje de ocio', '•Familia con niños pequeños', '•Estudio', '•Estancia de 1 noche', '•Enviado por móvil']",BilbaoMuseo
Celia,España,9.0,Escrito en 28 de julio de 2025,"Esta muy bien ubicado, tiene buenas vistas, los apartamentos están muy nuevos y bien decorados, es todo muy práctico y tienen todo lo necesario",Todo estuvo muy bien,"['•Viaje de ocio', '•Grupo', '•Estudio', '•Estancia de 2 noches', '•Enviado por móvil']",BilbaoMuseo
Maria,España,8.0,Escrito en 17 de mayo de 2025,"Muy buena ubicación, muy amplio y muy limpio","En general bien dotado pero: no había servilletas ni rollo de cocina, (y poco papel higiénico!).
La ducha y el lavabo no desaguan bien","['•Viaje de ocio', '•Familia con niños pequeños', '•Estudio', '•Estancia de 1 noche', '•Enviado por móvil']",BilbaoMuseo
Daniela,España,7.0,Escrito en 5 de mayo de 2025,"La ubicación es estupenda. Justo en frente del Guggenheim y a minutos de la zona del Río y de muchos restaurantes y cafés. Además, el apartamento es muy nuevo y con vistas al Guggenheim. El baño es amplio y muy cómodo.","Los colchones era muy incómodos y el apartamento habría sido perfecto de tamaño para dos, pero éramos dos adultos y dos niños pequeños y se nos ha hecho un poco pequeño. Tampoco nos ha parecido bien el hecho de abonar 15 euros por acceder al apartamento dos horas antes de la hora de check-in estando el apartamento disponible. Tampoco nos dieron facilidades para dejar las maletas.","['•Viaje de ocio', '•Familia con niños pequeños', '•Estudio', '•Estancia de 3 noches', '•Enviado por móvil']",BilbaoMuseo
Alberto,España,7.0,Escrito en 29 de abril de 2025,La ubicación estaba bien,La tostadora no funciona.  El lavavajillas no funciona. Falta mucho menaje de cocina. El sofá cama bastante incómodo.,"['•Familia con niños pequeños', '•Estudio', '•Estancia de 2 noches', '•Enviado por móvil']",BilbaoMuseo
Maria,España,7.0,Escrito en 21 de abril de 2025,La ubicación y la decoración del apartamento,"Que se oyen todos los ruidos, está muy mal aislado. Que el baño no estaba muy limpio cuando llegamos.","['•Viaje de ocio', '•Familia con niños pequeños', '•Estudio', '•Estancia de 4 noches', '•Enviado por móvil']",BilbaoMuseo
Carla,España,10.0,Escrito en 1 de junio de 2024,"Muy bien ubicado, al lado del Guggenheim, habitación amplia para 4 personas y cómoda. Muy limpio. Desde nuestra habitación podías ver el museo.",Acceso,"['•Viaje de ocio', '•Grupo', '•Estudio', '•Estancia de 1 noche', '•Enviado por móvil']",BilbaoMuseo
Fabiola,Países Bajos,10.0,Escrito en 27 de mayo de 2024,"Todo excelente, la atención y el estudio.","Sólo por quejarme, el extractor del baño y la puerta de baño son muy ruidosos.","['•Viaje de ocio', '•Familia con niños pequeños', '•Estudio', '•Estancia de 3 noches', '•Enviado por móvil']",BilbaoMuseo
Ana,España,10.0,Escrito en 21 de mayo de 2024,"Perfecto, muy buena ubicación , limpio y cómodo.",,"['•Viaje de ocio', '•Familia con niños pequeños', '•Estudio', '•Estancia de 1 noche', '•Enviado por móvil']",BilbaoMuseo
Julia,España,9.0,Escrito en 18 de mayo de 2024,La ubicación,Había una toalla grande mojada usada en el baño.,"['•Viaje de ocio', '•Familia con niños pequeños', '•Estudio', '•Estancia de 1 noche', '•Enviado por móvil']",BilbaoMuseo
Carmen,España,10.0,Escrito en 9 de mayo de 2024,"Una muy buena ubicación , pero en unos apartamentos tranquilos cerca de todo.",,"['•Viaje de ocio', '•Familia con niños pequeños', '•Estudio', '•Estancia de 2 noches', '•Enviado por móvil']",BilbaoMuseo
Judith,España,10.0,Escrito en 24 de abril de 2024,La ubicación la tranquilidad y el buen acceso,Por poner una pega el ascensor demasiado lento agobiaba un poco,"['•Viaje de ocio', '•Familia con niños pequeños', '•Estudio', '•Estancia de 2 noches', '•Enviado por móvil']",BilbaoMuseo
Sandra,España,9.0,Escrito en 8 de abril de 2024,"Ubicación, limpieza y confort","El laborioso check in.Debería haber un cartel con las normas y horario check out en el apartamento","['•Viaje de ocio', '•Grupo', '•Estudio', '•Estancia de 2 noches', '•Enviado por móvil']",BilbaoMuseo
Maria,España,10.0,Escrito en 8 de abril de 2024,Lo que más me gustó fue la ubicación del apartamento y sus vistas al museo.La  limpieza y muy coqueto el apartamento.,"Por decir algo, las almohadas eran muy bajitas, tenía poco relleno. Me hubiera gustado que hubiera alguna almohada un poco más compacta. Por lo demás genial todo.","['•Viaje de ocio', '•Familia con niños pequeños', '•Estudio', '•Estancia de 1 noche', '•Enviado por móvil']",BilbaoMuseo
Ana,España,10.0,Escrito en 5 de abril de 2024,El  apartamento es ideal muy chulo y limpio. La ubicación excelente para ver la ciudad.,,"['•Viaje de ocio', '•Familia con niños pequeños', '•Apartamento de 1 dormitorio', '•Estancia de 2 noches', '•Enviado por móvil']",BilbaoMuseo
David,España,10.0,Escrito en 30 de marzo de 2024,"Ubicación, limpieza y comodidad, perfecto para pasar unos días cerca del centro de bilbao pero alejado del bullicio. 
Destacar que hubo un problema con el lavavajillas y rápidamente un empleado se puso en contacto conmigo para subsanar el problema.",,"['•Viaje de ocio', '•Grupo de amigos', '•Estudio', '•Estancia de 2 noches', '•Enviado por móvil']",BilbaoMuseo
Paulacc,España,10.0,Escrito en 27 de marzo de 2024,"La ubicación es inmejorable. El apartamento tiene todo lo indispensable para pasar unos días estupendos. Está bien equipado y con muchos detalles. La decoración es muy funcional y está puesto todo, con mucho gusto.","Por decir algo, mi hijo se quejó del colchón del sofá cama, cosa bastante habitual en este tipo de colchones que son más finos de lo normal.","['•Viaje de ocio', '•Familia con niños pequeños', '•Estudio', '•Estancia de 3 noches', '•Enviado por móvil']",BilbaoMuseo
Melquiades,España,10.0,Escrito en 9 de marzo de 2024,"Bien situado, agradable, decoración funcional y bonita, practico",Me gustó todo,"['•Viaje de ocio', '•Grupo', '•Estudio', '•Estancia de 1 noche', '•Enviado por móvil']",BilbaoMuseo
Alfonso,España,9.0,Escrito en 5 de marzo de 2024,"Comodidad y la cocina completa. El detalle de bienvenida es un puntazo. Limpio, bien ubicado. Piso reformado con gusto.",Nada,"['•Viaje de ocio', '•Familia con niños pequeños', '•Estudio', '•Estancia de 1 noche', '•Enviado por móvil']",BilbaoMuseo
Mónica,España,10.0,Escrito en 3 de marzo de 2024,La ubicación. El apartamento entero estaba genial,No había mesa para comer las 4 personas que éramos.No había platos algo muy extraño.Nos pusieron toallas solo para tres.,"['•Familia con niños pequeños', '•Apartamento de 1 dormitorio', '•Estancia de 1 noche', '•Enviado por móvil']",BilbaoMuseo
Cristina,España,10.0,Escrito en 3 de marzo de 2024,"Todo fenomenal, limpieza, ubicación, muy nuevo…","El check out era a las 11 de la mañana y a esa misma hora ya nos estaban picando la puerta para que saliéramos, no dieron ni unos minutos de cortesía…","['•Viaje de ocio', '•Grupo', '•Estudio', '•Estancia de 1 noche', '•Enviado por móvil']",BilbaoMuseo
Elizabeth,España,9.0,Escrito en 3 de marzo de 2024,"La ubicación ,nuestro balcón daba al museo, íbamos con dos niños y lo primero que hacían por la mañana era ver a Puppy. 
 La limpieza genial 
El diseño del apartamento, moderno y cómodo","Eché en falta una escoba y fregona . 
El ruido exterior de los vecinos y la luz que se enciende automáticamente y se nota en la habitación . 
Tuve algunas dudas y tardaron en responderme , haciéndolo de forma automática con el mismo mensaje .","['•Viaje de ocio', '•Familia con niños pequeños', '•Estudio', '•Estancia de 2 noches', '•Enviado por móvil']",BilbaoMuseo
Alberto,España,9.0,Escrito en 18 de febrero de 2024,"Muy bien el apartamento, situación excelente, muy completo, con todos detalles,limpio, tranquilo...muy bien. Un detallazo la cama y comederos para la mascota.","El proceso de cheking no es complicado pero no me gusta que haya que morir al palo de todo por internet.  La activación de la llave, es decir, la entrada al apartamento ES MUY TARDE, a las 15 h.","['•Viaje de ocio', '•Familia con niños pequeños', '•Estudio', '•Estancia de 1 noche', '•Enviado por móvil']",BilbaoMuseo
Jorge,España,9.0,Escrito en 13 de febrero de 2024,Ubicacion,Aislamiento acustico,"['•Viaje de ocio', '•Familia con niños pequeños', '•Estudio', '•Estancia de 1 noche', '•Enviado por móvil']",BilbaoMuseo
Ana,España,10.0,Escrito en 9 de febrero de 2024,"La ubicación fantástica al lado del Museo Guggenheim y a 7 minutos de la parada de metro. El apartamento muy cuidado y con todo lo necesario para pasar unos días: utensilios cocina, lavadora..",Todo genial aunque la cama del sofá cama era un poco incómoda y creo que podrían ofrecer algunas almohadas  y edredones. Pero por lo demás todo genial,"['•Viaje de ocio', '•Familia con niños pequeños', '•Estudio', '•Estancia de 2 noches', '•Enviado por móvil']",BilbaoMuseo
Santamaría,España,9.0,Escrito en 8 de febrero de 2024,La distribución y la sitúa,En general todo me gustó,"['•Viaje de ocio', '•Familia con niños pequeños', '•Estudio', '•Estancia de 2 noches', '•Enviado por móvil']",BilbaoMuseo
Medel,España,8.0,Escrito en 21 de enero de 2024,"Amplitud, luz y vistas",Qué no hubiera puertas en las habitaciones.,"['•Viaje de ocio', '•Grupo de amigos', '•Apartamento de 1 dormitorio', '•Estancia de 2 noches', '•Enviado por móvil']",BilbaoMuseo
Chafik,España,10.0,Escrito en 19 de enero de 2024,Todo,Salida alas 11 alas 12 mejor,"['•Pareja', '•Estudio', '•Estancia de 1 noche', '•Enviado por móvil']",BilbaoMuseo
Edecio,España,10.0,Escrito en 13 de enero de 2024,"Excelente ubicación, fácil acceso, todo impecable y ágil reserva","Nada, todo estuvo muy bien","['•Viaje de ocio', '•Familia con niños pequeños', '•Apartamento de 1 dormitorio', '•Estancia de 1 noche', '•Enviado por móvil']",BilbaoMuseo
Rosa,España,8.0,Escrito en 8 de enero de 2024,"Ubicación, limpieza, muy bien organizado check in y check out virtual.","Eché de menos un microondas, y algo de mantenimiento: la manilla del baño estaba suelta y se caía todo el rato.","['•Viaje de ocio', '•Familia con niños pequeños', '•Estudio', '•Estancia de 1 noche', '•Enviado por móvil']",BilbaoMuseo
Luciana,España,10.0,Escrito en 8 de enero de 2024,Todo me parecio muy acogedor,"La limpieza delBaño, habian pelos porTodos lados","['•Viaje de ocio', '•Grupo', '•Estudio', '•Estancia de 2 noches', '•Enviado por móvil']",BilbaoMuseo
Lebega,España,6.0,Escrito en 14 de noviembre de 2025,"El apartamento tiene una apariencia moderna y muy chula. El ventanal daba al museo y nos gustó mucho en éste sentido. Tiene una ubicación espectácular. Al lado del museo y la ría. Y si tienes perrito, muy cerca se encuentra el parque Casilda en el que se ven muchísimos perritos jugando. El mío se lo pasó genial :)
Al llegar al apartamento, al perrito le dejarón una bolsita de galletas, bebedero, comedero y camita :)","Aunque me gustaron muchas cosas del apartamento, hay otras que no me han gustado nada. 
En primer lugar, las fotos del estudio no era exactas a lo que vimos en el anuncio. En mi caso, quería la habitación algo separada de la entrada como venía en las fotos y, al entrar, lo primero que hay es la cama en un espacio diáfano. La puerta del baño no cerraba bien y la cama era incómoda y ruidosa. Además eché en falta una escoba y fregona.
Había un ruido muy molesto de las bajantes del edificio cada dos por tres. Por las noche, al irte a dormir, se volvía insoportable. 
Y, por último, deberían poner en el anuncio del apartamento el precio de la mascotas. Es verdad que indican que hay un suplemento pero no me esperaba los 20€ AL DÍA. En mi caso, 100€ por 5 días. Me enteré al coger ya el apartamento y no pude cancelarlo porque lo cogí sin cancelación. Para considerarse petfriendly me parece abusivo. Y si éste es el precio, al menos, que se informe. Y podamos decidir con toda la información. 
En definitiva, no volvería a repetir porque no he llegado a salir muy contenta :(","['•Viaje de ocio', '•Pareja', '•Estudio', '•Estancia de 5 noches', '•Enviado por móvil']",BilbaoMuseo
Teresa,España,2.0,Escrito en 6 de octubre de 2025,La ubicación,"Deficiencias importantes el el apartamento, interruptores colgando, no tenia luz excepto en el baño que no se apagaba, increíble y conocían las deficiencias, nos dejaron cartel.","['•Viaje de ocio', '•Familia con niños pequeños', '•Estudio', '•Estancia de 2 noches', '•Enviado por móvil']",BilbaoMuseo
Gabriela,Chile,6.0,Escrito en 3 de septiembre de 2025,Las instalaciones,"La reserva era para tres y no tenía la cama hecha para la tercera ( tuvimos que abrir un pesado sofá ) sin toallas para todos. La vista muy linda al museo estaba obstaculizada por reparaciones ( esto no fue notificado) Había mucha suciedad en la entrada.","['•Viaje de ocio', '•Familia con niños pequeños', '•Estudio', '•Estancia de 1 noche', '•Enviado por móvil']",BilbaoMuseo
Sergio,España,2.0,Escrito en 22 de abril de 2025,Ubicación,"Mal trato on line, no me dejaron dejar las maletas una hora antes hasta que no pague en early check in pero sin embargo pude tener la lavadora rota más de un día con mis cosas atrapadas dentro y solo enviaron a alguien a arreglarlo el día posterior una hora antes de tener que abandonar el apartamento","['•Viaje de ocio', '•Familia con niños pequeños', '•Estudio', '•Estancia de 3 noches', '•Enviado por móvil']",BilbaoMuseo
Maria,España,6.0,Escrito en 9 de abril de 2025,"Perfecta ubicación y limpio, pero para el descanso muy incómodo, colchones muy finos donde dormir bien era imposible.",,"['•Viaje de ocio', '•Familia con niños pequeños', '•Estudio', '•Estancia de 4 noches', '•Enviado por móvil']",BilbaoMuseo
Marta,España,6.0,Escrito en 25 de febrero de 2025,"La ubicación es muy buena y muy fácil de hacer el Check-in. 
Las toallas agradables y kit de bienvenida.",El sofá cama es de lo más incómodo que he visto nunca.,"['•Viaje de ocio', '•Familia con niños pequeños', '•Apartamento de 1 dormitorio', '•Estancia de 2 noches', '•Enviado por móvil']",BilbaoMuseo
Tamara,España,4.0,Escrito en 16 de febrero de 2025,La ubicación,"Húmedad en las paredes del baño ,rejilla de la ducha suelta y silicona del suelo levantada ,la cama y el sofá cama no eran nada cómodos","['•Viaje de ocio', '•Familia con niños pequeños', '•Estudio', '•Estancia de 1 noche', '•Enviado por móvil']",BilbaoMuseo
Marina,España,3.0,Escrito en 30 de enero de 2025,"La ubicación. El apartamento estaba limpio, aunque podrían repasar las paredes que están llenas de manchas de otros huéspedes. Te dejan dos cápsulas de café y dos botellas de agua, aunque éramos 4 personas. Buena comunicación con el responsable.","Para que te den las claves de acceso para entrar al apartamento, hay que hacer un check in MUY tedioso. Hay que seguir bastantes pasos. Cuando crees que los has completado todos, antes de entrar para que te den la clave te piden 200€ de fianza obligatorios, QUE NO APARECE EN NINGUNA PARTE. El Precio es bastante elevado teniendo en cuenta que el apartamento de 4 personas es una cama y un sofá cama, muy muy muy incómodo, te clavas los muelles constantemente, por no decir el ruido que hacen los muelles. Insonorización con otras habitaciones muy mala.","['•Viaje de ocio', '•Grupo', '•Estudio', '•Estancia de 2 noches', '•Enviado por móvil']",BilbaoMuseo
Oyuelitos,España,1.0,Escrito en 20 de enero de 2025,El apartamento está bien.,"Nos han cobrado una penalización directamente de 150 euros por “fumar”  cosa que no hicimos, solo una fuma iqos y es un vapper.","['•Viaje de negocios', '•Grupo de amigos', '•Estudio', '•Estancia de 2 noches', '•Enviado por móvil']",BilbaoMuseo
Marina,España,6.0,Escrito en 27 de diciembre de 2024,"La ubicación. El autobús del aeropuerto para muy cerca, 3 minutos hasta el apartamento. Muy limpio. Supermercados varios al lado. Bien equipado para cocinar.","No había instrucciones para: el code de wifi, el funcionamiento de la calefacción (una vez activada se regulaba muy bien, pero lento) En el cuarto no hay ventanas. Bonita decoración. Baño agradable con calefacción...","['•Viaje de ocio', '•Familia con niños pequeños', '•Apartamento de 1 dormitorio', '•Estancia de 4 noches', '•Enviado por móvil']",BilbaoMuseo
Asier,España,4.0,Escrito en 13 de diciembre de 2024,La ubicación,"Ruidoso por la mala ventana que tenía la habitación, frío porque no funcionaba la calefacción y pequeño porque el sofá cama no dejaba espacio para pasar entre la habitación y la cocina","['•Viaje de ocio', '•Familia con niños pequeños', '•Estudio', '•Estancia de 2 noches', '•Enviado por móvil']",BilbaoMuseo
Estibalitz,España,3.0,Escrito en 13 de noviembre de 2024,,Pagamos 170€ por algo que realmente no merecía tanto… la cocina escondida tras armarios que se mueven que hay que darse cuenta para moverlos u abrirlos… entraba la claridad de la mañana a través de las cortinas que supuestamente tapan el sol,"['•Viaje de ocio', '•Pareja', '•Apartamento de 1 dormitorio', '•Estancia de 1 noche', '•Enviado por móvil']",BilbaoMuseo
María,España,1.0,Escrito en 16 de octubre de 2024,"No llegue a hospedarme,,, ya que me negaron la entrada aun teniendo la confirmación de que aceptaban mascotas",Demasiados protocolos para hacerse llamar especialmente alojamiento para mascotas,"['•Viaje de ocio', '•Familia con niños pequeños', '•Estudio', '•Estancia de 1 noche', '•Enviado por móvil']",BilbaoMuseo
Marina,España,4.0,Escrito en 6 de octubre de 2024,La ubicación,"No parecía muy limpio; el sofá cama solo tiene muelles; no está bien aislado del ruido, ni de la calle ni de las habitaciones contiguas; la habitación no tiene pared por lo que cada vez que del salón íbamos al baño despertábamos a los que dormian en la habitación porque tienen 0 privacidad","['•Viaje de ocio', '•Familia con niños pequeños', '•Estudio', '•Estancia de 1 noche', '•Enviado por móvil']",BilbaoMuseo
Javier,España,4.0,Escrito en 11 de julio de 2024,"El grifo de la ducha con sus diferentes opciones de agua. Y la lavadora secadora, muy práctica.","La verdad que la cerradura por móvil me dio bastantes problemas. Y el colchón de la cama estaba para renovar, mal descanso.","['•Viaje de ocio', '•Familia con niños pequeños', '•Estudio', '•Estancia de 2 noches', '•Enviado por móvil']",BilbaoMuseo
Maite,España,5.0,Escrito en 30 de diciembre de 2023,"Creo q nada ,.. el paseo mañanero por la ria??,,","*Terrible el check in.. 3 h mas tarde No trabajan el checking s traves de apo de booking El personal de ls central pasota más bien *digitalmente no está preparado , aunque es lo q te venden*Demasiado sostenible… te quedas sin luz si no t mueves antes de 4 minutos… lo cronometramos,.. hasta en la ducha(,, te quedas con el acondicionador sin aclarar con la luz apagada),,,… imposible oensar en leer un libro relajadamente… ni jns luz d mesa se mantiene .*El parking tampoco está tal y como t dicen,,, tuenes q hacer mas de 1,5 km para entrar en coche*limpieza un 6… horno y baño muy mejorable","['•Viaje de ocio', '•Familia con niños pequeños', '•Apartamento de 1 dormitorio', '•Estancia de 1 noche', '•Enviado por móvil']",BilbaoMuseo
Ines,España,5.0,Escrito en 28 de diciembre de 2023,Es precioso muy elegante y buena situacion,"Éramos  4 y pusieron dos aguas y dos cápsulas café
No había mantas para echar encima
La calefacción no funcionaba y pasamos frio por la noche
Para hacer cheki-in te tiras un rato","['•Viaje de ocio', '•Grupo', '•Apartamento de 1 dormitorio', '•Estancia de 1 noche', '•Enviado por móvil']",BilbaoMuseo
Daniela,Argentina,4.0,Escrito en 18 de octubre de 2023,Me gusto la ubicación,"No me gusto el sofá cama se sentían todos los resortes y hacía muchísimo ruido al querer intentar moverse.
Lo peor fue el olor que arroja el baño , no se si tienen problemas de tuberías pero era espantoso . Mi madre no ha podido dormir del olor ya que estaba en la cama al lado del baño. 
El precio me parece elevado para lo que es más teniendo en cuenta que con ese aroma tampoco era viable comer ahí y aprovechar que tienen cocina.","['•Viaje de ocio', '•Familia con niños pequeños', '•Estudio', '•Estancia de 2 noches', '•Enviado por móvil']",BilbaoMuseo
Maria,España,6.0,Escrito en 11 de octubre de 2023,Ubicación,"Contraté dos apartamentos. Uno tenía la amplitud necesaria para cuatro personas, pero el otro (el 103), era mucho más pequeño (el apartamento parecía que era para dos personas, pues solo disponía de dos sillas y el espacio era insuficiente), aún así, el precio que pagué por ambos fue el mismo.","['•Viaje de ocio', '•Familia con niños pequeños', '•Estudio', '•Estancia de 4 noches', '•Enviado por móvil']",BilbaoMuseo
Esther,España,6.0,Escrito en 15 de agosto de 2023,La ubicación,La limpieza y las camas,"['•Viaje de ocio', '•Familia con niños pequeños', '•Estudio', '•Estancia de 1 noche', '•Enviado por móvil']",BilbaoMuseo
Mónica,España,5.0,Escrito en 5 de agosto de 2023,Muy limpio y muy cómodo y bien situado.,No pudimos dormir del calor qué hacía. No funcionaba el aire acondicionado y al abrir la ventana entraba mucho ruido.,"['•Viaje de ocio', '•Familia con niños pequeños', '•Estudio', '•Estancia de 1 noche', '•Enviado por móvil']",BilbaoMuseo
Daria,España,1.0,Escrito en 2 de abril de 2023,-,"1)viajamos con un perro y nos dieron una habitación absolutamente muerta, rayada y con moho.  nuestros padres, para quienes también reservé una habitación, la recibieron en perfectas condiciones.  esto es una falta de respeto para los dueños de perros, ¡es mejor no permitir animales en absoluto!  entonces habríamos encontrado un lugar mejor para vivir que esta pesadilla.  No entiendo por qué pagué tanto por una habitación destrozada sin cama en la esquina sin ventanas.  es terrible, vergüenza.  
2)en el sitio nos cobraron 200 euros más que en Booking.com.  Pasé mucho tiempo averiguando que era una fianza que regresaría.
3)el desayuno también es terrible, solo una lonchera con comida seca, encontraremos mejor en el supermercado cercano.  
Nunca voy a volver allí de nuevo.","['•Viaje de ocio', '•Familia con niños pequeños', '•Estudio', '•Estancia de 2 noches', '•Enviado por móvil']",BilbaoMuseo
Anónimo,España,8.0,Escrito en 20 de octubre de 2025,"La ubicación era perfecta, las instalaciones limpias y muy comodo.","Hechamos en falta algunos utensilios de cocina, como unas tijeras o un cuchillo para poder cocinar en la cocina. En el baño, no teníamos jabón de cuerpo.","['•Viaje de ocio', '•Grupo', '•Estudio', '•Estancia de 2 noches', '•Enviado por móvil']",BilbaoMuseo
Alberto,España,10.0,Escrito en 12 de diciembre de 2025,,,"['•Viaje de ocio', '•Persona que viaja sola', '•Apartamento de 1 dormitorio', '•Estancia de 3 noches', '•Enviado por móvil']",BilbaoMuseo
Carlos,España,7.0,Escrito en 26 de octubre de 2025,,,"['•Familia con niños pequeños', '•Estudio', '•Estancia de 2 noches', '•Enviado por móvil']",BilbaoMuseo
Ana,España,10.0,Escrito en 5 de octubre de 2023,,,"['•Viaje de negocios', '•Grupo', '•Apartamento de 1 dormitorio', '•Estancia de 1 noche', '•Enviado por móvil']",BilbaoMuseo
Santceloni,España,10.0,Escrito en 20 de septiembre de 2023,,,"['•Familia con niños pequeños', '•Estudio', '•Estancia de 1 noche', '•Enviado por móvil']",BilbaoMuseo
Edita,España,10.0,Escrito en 17 de septiembre de 2023,,,"['•Viaje de ocio', '•Familia con niños pequeños', '•Estudio', '•Estancia de 1 noche', '•Enviado por móvil']",BilbaoMuseo
Manolo,España,9.0,Escrito en 7 de septiembre de 2023,,,"['•Viaje de ocio', '•Familia con niños pequeños', '•Estudio', '•Estancia de 1 noche']",BilbaoMuseo
Tomás,España,8.0,Escrito en 5 de septiembre de 2023,,,"['•Viaje de ocio', '•Grupo', '•Estudio', '•Estancia de 2 noches']",BilbaoMuseo
Nicolás,España,9.0,Escrito en 30 de agosto de 2023,,,"['•Viaje de ocio', '•Familia con niños pequeños', '•Estudio', '•Estancia de 2 noches', '•Enviado por móvil']",BilbaoMuseo
Beatriz,España,9.0,Escrito en 28 de agosto de 2023,,,"['•Viaje de ocio', '•Grupo', '•Estudio', '•Estancia de 3 noches']",BilbaoMuseo
Estefania,España,10.0,Escrito en 31 de julio de 2023,,,"['•Viaje de ocio', '•Familia con niños pequeños', '•Estudio', '•Estancia de 1 noche', '•Enviado por móvil']",BilbaoMuseo
Maria,España,8.0,Escrito en 21 de julio de 2023,,,"['•Viaje de ocio', '•Familia con niños pequeños', '•Estudio', '•Estancia de 2 noches', '•Enviado por móvil']",BilbaoMuseo
Paula,España,9.0,Escrito en 7 de julio de 2023,,,"['•Viaje de ocio', '•Familia con niños pequeños', '•Estudio', '•Estancia de 2 noches']",BilbaoMuseo
Victoria,España,10.0,Escrito en 6 de julio de 2023,,,"['•Viaje de ocio', '•Familia con niños pequeños', '•Estudio', '•Estancia de 1 noche', '•Enviado por móvil']",BilbaoMuseo
Joaquina,España,8.0,Escrito en 29 de junio de 2023,,,"['•Viaje de ocio', '•Familia con niños pequeños', '•Apartamento de 1 dormitorio', '•Estancia de 1 noche', '•Enviado por móvil']",BilbaoMuseo
Alba,España,10.0,Escrito en 28 de junio de 2023,,,"['•Viaje de ocio', '•Pareja', '•Estudio', '•Estancia de 1 noche', '•Enviado por móvil']",BilbaoMuseo
Ines,España,9.0,Escrito en 25 de junio de 2023,,,"['•Viaje de ocio', '•Grupo de amigos', '•Estudio', '•Estancia de 1 noche', '•Enviado por móvil']",BilbaoMuseo
Teresa,España,10.0,Escrito en 23 de junio de 2023,,,"['•Viaje de ocio', '•Familia con niños pequeños', '•Estudio', '•Estancia de 1 noche', '•Enviado por móvil']",BilbaoMuseo
Lidia,España,8.0,Escrito en 23 de junio de 2023,,,"['•Viaje de ocio', '•Familia con niños pequeños', '•Estudio', '•Estancia de 1 noche']",BilbaoMuseo
Franxiscote,España,7.0,Escrito en 20 de junio de 2023,,,"['•Viaje de ocio', '•Grupo de amigos', '•Estudio', '•Estancia de 1 noche', '•Enviado por móvil']",BilbaoMuseo
Mar,España,10.0,Escrito en 17 de junio de 2023,,,"['•Viaje de ocio', '•Grupo', '•Estudio', '•Estancia de 1 noche', '•Enviado por móvil']",BilbaoMuseo
Arantxa,España,9.0,Escrito en 4 de junio de 2023,,,"['•Viaje de ocio', '•Familia con niños pequeños', '•Estudio', '•Estancia de 2 noches', '•Enviado por móvil']",BilbaoMuseo
García,España,10.0,Escrito en 1 de junio de 2023,,,"['•Viaje de ocio', '•Familia con niños pequeños', '•Estudio', '•Estancia de 1 noche', '•Enviado por móvil']",BilbaoMuseo
Gaspar,España,8.0,Escrito en 31 de mayo de 2023,,,"['•Viaje de ocio', '•Familia con niños pequeños', '•Estudio', '•Estancia de 2 noches', '•Enviado por móvil']",BilbaoMuseo
Lyuben,España,10.0,Escrito en 30 de mayo de 2023,,,"['•Familia con niños pequeños', '•Estudio', '•Estancia de 1 noche', '•Enviado por móvil']",BilbaoMuseo
Conde,España,8.0,Escrito en 24 de mayo de 2023,,,"['•Viaje de ocio', '•Familia con niños pequeños', '•Apartamento de 1 dormitorio', '•Estancia de 2 noches', '•Enviado por móvil']",BilbaoMuseo
Baena,España,8.0,Escrito en 15 de mayo de 2023,,,"['•Viaje de ocio', '•Familia con niños pequeños', '•Estudio', '•Estancia de 3 noches', '•Enviado por móvil']",BilbaoMuseo
Staback,España,10.0,Escrito en 6 de mayo de 2023,,,"['•Viaje de ocio', '•Familia con niños pequeños', '•Estudio', '•Estancia de 1 noche', '•Enviado por móvil']",BilbaoMuseo
Julia,Brasil,8.0,Escrito en 2 de enero de 2026,La cama y los muebles  y la ducha,Lo malo que es para aparcar,"['•Familia con niños pequeños', '•Apartamento de 2 dormitorios', '•Estancia de 1 noche', '•Enviado por móvil']",BilbaolaVieja
Margarita,España,9.0,Escrito en 29 de diciembre de 2025,Está muy cerca andando de la zona de la ría y la atención es inmediata a las consultas y dudas vía email o teléfono. Estuvimos cómodos y bien en los apartamentos que cogimos.,,"['•Viaje de ocio', '•Familia con niños pequeños', '•Apartamento con terraza', '•Estancia de 2 noches', '•Enviado por móvil']",BilbaolaVieja
Londoño,España,9.0,Escrito en 25 de diciembre de 2025,"La habitación era excepcional, con una buena vista desde la terraza y completa.","No me gustó el vecindario en el que estaba ubicado, parecía un poco peligroso de noche","['•Viaje de ocio', '•Grupo', '•Apartamento con terraza', '•Estancia de 1 noche', '•Enviado por móvil']",BilbaolaVieja
Jon,España,8.0,Escrito en 19 de diciembre de 2025,Sencilla y cómoda para pasar una noche,La ubicación es un poco chunga. Me dió por ir andando hasta el centro y en esas calles vi peleas y policías. No es una buena zona,"['•Familia con niños pequeños', '•Estudio', '•Estancia de 1 noche', '•Enviado por móvil']",BilbaolaVieja
Jaime,España,9.0,Escrito en 11 de diciembre de 2025,"El apartamento estaba muy limpio y nuevo. Se encuentra en buena zona, cerca del centro.",No hay zona gratuita para aparcar cerca pero no sale muy caro el estacionamiento.,"['•Viaje de ocio', '•Grupo', '•Apartamento de 2 dormitorios', '•Estancia de 1 noche']",BilbaolaVieja
Selva,España,8.0,Escrito en 8 de diciembre de 2025,Tiene en 20 m cuadrados todo lo necesario para estar confortable,Las subidas ( de las calles y escaleras) para poder llegar caminando,"['•Viaje de ocio', '•Pareja', '•Estudio', '•Estancia de 2 noches', '•Enviado por móvil']",BilbaolaVieja
Anna,España,9.0,Escrito en 19 de noviembre de 2025,"La ubicación es perfecta, estabamoa a 10 minutos andando del centro del casco viejo de Bilbao y al igual del rio Nervion, una maravilla.
Dentro del estudio fue todo perfecto, esta bien equipado para cocinar, lavar... sin necesidad de moverse del estudio",,"['•Viaje de ocio', '•Pareja', '•Estudio', '•Estancia de 5 noches', '•Enviado por móvil']",BilbaolaVieja
Lorena,España,8.0,Escrito en 27 de octubre de 2025,Estaba muy limpio todo y nuevas las instalaciones. Fuimos 6 personas y la perrita y el apartamento era amplio.,"El sofá cama muy incómodo. Y se fue la luz unas cuantas veces por la tarde noche al igual que a los vecinos de al lado. 
Además no nos dejaron papel higiénico en ningún baño, por lo demás bien estaba muy limpio y cuidado todo.","['•Viaje de ocio', '•Grupo', '•Apartamento de 2 dormitorios', '•Estancia de 1 noche', '•Enviado por móvil']",BilbaolaVieja
Maria,España,7.0,Escrito en 5 de octubre de 2025,"Muy buena ubicación y servicios, muy limpio , todo muy completo , el sofá cama no es cómodo , las camas de las habitaciones muy bien",Sofá cama no es cómodo para dormir,"['•Viaje de ocio', '•Familia con niños pequeños', '•Apartamento de 2 dormitorios', '•Estancia de 1 noche', '•Enviado por móvil']",BilbaolaVieja
Cristina,España,8.0,Escrito en 25 de agosto de 2025,Es cómodo y muy limpio.,"Para llegar con maletas andando, la zona está en cuesta. Pero el apartamento tiene ascensor y es cómodo.","['•Viaje de ocio', '•Grupo de amigos', '•Apartamento de 2 dormitorios', '•Estancia de 1 noche', '•Enviado por móvil']",BilbaolaVieja
Alberto,España,9.0,Escrito en 13 de agosto de 2025,"Limpio,bien aprovechado el espacio y bien ubicado",Al ser un estudio se quedaba un poco pequeño para dos personas y una mascota.,"['•Viaje de ocio', '•Familia con niños pequeños', '•Estudio', '•Estancia de 2 noches', '•Enviado por móvil']",BilbaolaVieja
M,España,8.0,Escrito en 20 de julio de 2025,"Tiene un par de supermercados alrededor, en pocos minutos a pie tienes el Mercado de la Ribera y el casco viejo, y también al otro lado el Bilbao Arena.",El sofá cama es horrible como sofá. Como cama no lo probamos. Está en el borde de una zona un poco regular con mucha inmigración.,"['•Viaje de ocio', '•Familia con niños pequeños', '•Apartamento de 2 dormitorios', '•Estancia de 6 noches', '•Enviado por móvil']",BilbaolaVieja
Isabel,España,7.0,Escrito en 14 de julio de 2025,"Apartamento limpio y cerca del centro,bien equipado","El sofá cama era horrible, imposible dormir en él. La localización es buena pero no el barrio en el q se encuentra. Vimos una pelea con barra de metal, gritos, vecinos tirando basura a la calle.....hay q tener cuidado por la zona","['•Viaje de ocio', '•Familia con niños pequeños', '•Apartamento de 2 dormitorios', '•Estancia de 4 noches', '•Enviado por móvil']",BilbaolaVieja
Marta,España,7.0,Escrito en 29 de junio de 2025,,El sofá-cama es un poco incómodo,"['•Viaje de ocio', '•Grupo de amigos', '•Apartamento de 2 dormitorios', '•Estancia de 1 noche', '•Enviado por móvil']",BilbaolaVieja
Alejandro,España,9.0,Escrito en 24 de junio de 2025,Todo correcto buena ubicación,Lo complicado de aparcar si vienes con coche,"['•Familia con niños pequeños', '•Estudio', '•Estancia de 2 noches', '•Enviado por móvil']",BilbaolaVieja
Francisca,España,7.0,Escrito en 11 de junio de 2025,Comodidad,No tenía platos para poder comer y las instalaciones estaban sucias.,"['•Viaje de ocio', '•Pareja', '•Estudio', '•Estancia de 1 noche', '•Enviado por móvil']",BilbaolaVieja
Pablo,Panamá,7.0,Escrito en 9 de junio de 2025,me gusto que hayan considerado los perritos que al final no los lleve.pero habian preparado todo,"el sofa cama muy malo, siendo 4 personas solo nos dejaron 2 capsulas de cafe","['•Viaje de ocio', '•Grupo', '•Apartamento de 2 dormitorios', '•Estancia de 1 noche']",BilbaolaVieja
Almudena,España,8.0,Escrito en 22 de mayo de 2025,La limpieza y la ubicación,Las sartenes que tenían no eran aptas para la vitro y no pudimos cocinar,"['•Viaje de ocio', '•Grupo', '•Apartamento de 2 dormitorios', '•Estancia de 2 noches']",BilbaolaVieja
Mónica,España,7.0,Escrito en 18 de mayo de 2025,"Limpieza del apartamento.
Habitaciones amplias y 2 baños",Ubicación y poco sitio para aparcar,"['•Viaje de ocio', '•Familia con niños pequeños', '•Apartamento de 2 dormitorios', '•Estancia de 1 noche', '•Enviado por móvil']",BilbaolaVieja
Marina,España,9.0,Escrito en 1 de mayo de 2025,"La limpieza 
La localización 
Los detalles de regalo
La gestión de check in y check out",Las almohadas,"['•Viaje de ocio', '•Familia con niños pequeños', '•Apartamento de 2 dormitorios', '•Estancia de 1 noche', '•Enviado por móvil']",BilbaolaVieja
Marina,España,7.0,Escrito en 30 de marzo de 2025,,"El sofá cama era MUY incomodo, y las camas no tanto pero tambien","['•Viaje de ocio', '•Grupo', '•Apartamento con terraza', '•Estancia de 2 noches', '•Enviado por móvil']",BilbaolaVieja
José,España,8.0,Escrito en 17 de marzo de 2025,"Es un piso funcional para hacer turismo de ciudad y la entrada es autónoma.
Habitaciones cómodas pero el sofá cama no lo recomiendo",Sofá cama no lo recomiendo.,"['•Viaje de ocio', '•Grupo de amigos', '•Apartamento de 2 dormitorios', '•Estancia de 1 noche', '•Enviado por móvil']",BilbaolaVieja
Esmeralda,España,9.0,Escrito en 6 de marzo de 2025,"Apartamento cómodo, camas muy cómodas. Estaba todo limpio y está ubicado muy cerca del casco viejo.",,"['•Viaje de ocio', '•Familia con niños pequeños', '•Apartamento de 2 dormitorios', '•Estancia de 1 noche', '•Enviado por móvil']",BilbaolaVieja
Francisco,España,9.0,Escrito en 1 de marzo de 2025,Su limpieza y comodidad.,Todo nos gustó.,"['•Viaje de ocio', '•Familia con niños pequeños', '•Apartamento de 2 dormitorios', '•Estancia de 6 noches', '•Enviado por móvil']",BilbaolaVieja
Laura,España,8.0,Escrito en 15 de diciembre de 2025,"El patio, la decoración, el nórdico súper calentito. Las instalaciones nuevas y muy cordobesas :)","Que el baño estuviera dentro de la habitación y que no hubiera cortinas en las literas (al menos en las de abajo), falta de privacidad... La entrada está en un callejón que, por la noche, no da mucha confianza.","['•Viaje de negocios', '•Persona que viaja sola', '•Cama Individual en habitación compartida femenina', '•Estancia de 1 noche', '•Enviado por móvil']",CordobaPatio
Amparo,España,8.0,Escrito en 13 de diciembre de 2025,"Instalaciones muy nuevas. Ubicación muy céntrica. El desayuno tipo bufé es básico pero con fruta fresca, leche con opciones vegetales, zumo, dos tipos de pan muy buenos, cruasán, y fiambre.  bastante bueno para el precio de 6€.",,"['•Viaje de ocio', '•Persona que viaja sola', '•Cama Individual en habitación compartida femenina', '•Estancia de 2 noches', '•Enviado por móvil']",CordobaPatio
Rosa,España,10.0,Escrito en 9 de diciembre de 2025,Las instalaciones y la ubicación,,"['•Pareja', '•Habitación Cuádruple con baño privado', '•Estancia de 2 noches', '•Enviado por móvil']",CordobaPatio
Diego,España,8.0,Escrito en 7 de diciembre de 2025,La ubicación y las instalaciones,El no decirle al resto de huéspedes el respeto para el descanso nocturno,"['•Viaje de ocio', '•Persona que viaja sola', '•Cama en habitación compartida mixta de 8 camas', '•Estancia de 3 noches', '•Enviado por móvil']",CordobaPatio
Bemuse,España,8.0,Escrito en 4 de diciembre de 2025,La ubicación es bastante buena. Y las instalaciones muy cuidadas y limpias. El personal muy agradable.,"Lo único malo (aunque no es una cuestión del alojamiento) es que cuando estás en habitaciones para compartir la gente se olvida eso de no hacer ruido de noche.
Además sigo echando en falta el tema de la separación con cortinas en las camas en la mayoría de hosteles.","['•Viaje de ocio', '•Persona que viaja sola', '•Cama en habitación compartida mixta de 6 camas', '•Estancia de 1 noche', '•Enviado por móvil']",CordobaPatio
Diaz,Colombia,8.0,Escrito en 3 de diciembre de 2025,"El hostal es precioso, muy bonito, esta bien ubicado. Marina y todos los de la recepción super amables.","La segunda noche cuando llegué, la habitación olía inmundo, era por un huésped que no se bañaba e hizo que todo el cuarto oliera así. No es un tema del hostal pero a tener en cuenta. Me cambiaron de cuarto y en el otro habia un señor que convirtió su cama en un tendedero de ropa. En general temas de hostales y el hecho que no hubiera cortinas o algo para dar más privacidad le quita puntos","['•Viaje de ocio', '•Persona que viaja sola', '•Cama en habitación compartida mixta de 10 camas', '•Estancia de 2 noches', '•Enviado por móvil']",CordobaPatio
Mohammed,España,10.0,Escrito en 2 de diciembre de 2025,"Excelente lugar, muy limpio, moderno, espacioso y con todos los servicios. Está ubicado en el centro de la ciudad, cerca de todo. También quiero agradecer al personal; son excepcionales, respetuosos y amables. Te sientes como en casa. Lo recomiendo ampliamente; es el mejor lugar disponible actualmente.",Todo es excelente,"['•Viaje de ocio', '•Persona que viaja sola', '•Cama en habitación compartida mixta de 10 camas', '•Estancia de 1 noche', '•Enviado por móvil']",CordobaPatio
María,Argentina,8.0,Escrito en 1 de diciembre de 2025,"El edificio antiguo es hermosísimo, muy bien decorado y mantenido. Me encantó. El personal muy amable.","El desayuno era regular, con pocas opciones.","['•Viaje de ocio', '•Persona que viaja sola', '•Cama Individual en habitación compartida femenina', '•Estancia de 2 noches']",CordobaPatio
Antonio,España,8.0,Escrito en 28 de noviembre de 2025,"El lugar es como un convento reformado o algo así. Desde fuera sólo se ve una puerta. Hay que tocar el timbre y te abren. La recepción está dentro y el personal es muy muy amable. Hay una sala común con nevera donde puedes guardar tu comida y comer. Por la mañana ahí hacen el desayuno. Las habitaciones está bien, modernas, y las camas son cómodas, aunque no son muy grandes. La calle es muy tranquila.","El sitio está bien, pero por fuera no se ve más que una puerta, y no vimos el timbre, así que estuvimos un rato hasta que salió alguien. Pero fue despiste nuestro: llamen al timbre que les atenderán, son muy amables. Y otra cosa: las camas de arriba de las literas no tienen barandillas (o nosotros no las vimos), cuidado con los niños.","['•Viaje de ocio', '•Familia con niños pequeños', '•Habitación Familiar Estándar', '•Estancia de 1 noche']",CordobaPatio
Mary,Argentina,10.0,Escrito en 27 de noviembre de 2025,"Ambiente agradable, espacioso y tranquilo",Le faltaría algún lugar de apoyo en las habitaciones ( yo estuve en la de seis),"['•Viaje de ocio', '•Persona que viaja sola', '•Cama Individual en habitación compartida femenina', '•Estancia de 4 noches', '•Enviado por móvil']",CordobaPatio
Vicente,España,10.0,Escrito en 24 de noviembre de 2025,"Lo que más me gustó es la amplitud de la habitación, las camas son cómodas y la ubicación está genial",Por poner alguna pega que tienes que dejar la habiatacion a las 11:00h y te la dan a las 15:00h,"['•Viaje de ocio', '•Familia con niños pequeños', '•Habitación Familiar Estándar', '•Estancia de 1 noche', '•Enviado por móvil']",CordobaPatio
Garcia,España,8.0,Escrito en 23 de noviembre de 2025,La amabilidad,La entrada,"['•Viaje de ocio', '•Familia con niños pequeños', '•Habitación Familiar con baño privado', '•Estancia de 2 noches', '•Enviado por móvil']",CordobaPatio
Daniel,España,9.0,Escrito en 20 de noviembre de 2025,Me gustó mucho el patio de luces y la ubicación.,Las literas eran un poco incómodas para subir,"['•Viaje de ocio', '•Persona que viaja sola', '•Cama en habitación compartida mixta de 10 camas', '•Estancia de 3 noches', '•Enviado por móvil']",CordobaPatio
Jara,España,10.0,Escrito en 18 de noviembre de 2025,"Increíble… todo limpio, cómodo y acogedor.  Y tiene piscina!!","Que no haya nadie presente en el alojamiento, o por lo menos cuando llegamos.","['•Viaje de ocio', '•Persona que viaja sola', '•Cama en habitación compartida mixta de 10 camas', '•Estancia de 1 noche', '•Enviado por móvil']",CordobaPatio
Nuria,España,10.0,Escrito en 16 de noviembre de 2025,Las instalaciones y la facilidad para realizar todo el proceso de check-in y check-out.,,"['•Viaje de ocio', '•Persona que viaja sola', '•Cama Individual en habitación compartida femenina', '•Estancia de 1 noche', '•Enviado por móvil']",CordobaPatio
Marie,España,10.0,Escrito en 15 de noviembre de 2025,Todo hermoso y limpio,,"['•Viaje de ocio', '•Persona que viaja sola', '•Cama Individual en habitación compartida femenina', '•Estancia de 2 noches', '•Enviado por móvil']",CordobaPatio
Pablo,Chile,10.0,Escrito en 14 de noviembre de 2025,"Me gusto mucho la calma del hostal, es ideal, muy bien ubicado, el personal muy amable, instalaciones impecables, buenas camas.","Creo que a las camas les falta una cortina blackout para que no molesten cuando se enciende la luz de la habitación, solo como una opción de mejora","['•Viaje de ocio', '•Persona que viaja sola', '•Cama en habitación compartida con 4 camas', '•Estancia de 2 noches']",CordobaPatio
Lorena,España,10.0,Escrito en 9 de noviembre de 2025,"La ubicación, el diseño y la tranquilidad",El chekin tan tarde,"['•Viaje de ocio', '•Pareja', '•Habitación Familiar Estándar', '•Estancia de 2 noches', '•Enviado por móvil']",CordobaPatio
Benjumea,España,10.0,Escrito en 9 de noviembre de 2025,Limpio y buena ubicación,Nada,"['•Grupo de amigos', '•Habitación Familiar con baño privado', '•Estancia de 1 noche', '•Enviado por móvil']",CordobaPatio
Martinez,España,8.0,Escrito en 30 de octubre de 2025,El edificio.,Se echa de menos algún espejo grande.,"['•Pareja', '•Habitación Familiar Estándar', '•Estancia de 1 noche', '•Enviado por móvil']",CordobaPatio
Dayanne,España,10.0,Escrito en 27 de octubre de 2025,"Limpio, tranquilo y muy bien organizado",Un chaval que roncava hahhahah,"['•Viaje de ocio', '•Persona que viaja sola', '•Cama en habitación compartida mixta de 10 camas', '•Estancia de 2 noches', '•Enviado por móvil']",CordobaPatio
Eloisa,Argentina,8.0,Escrito en 27 de octubre de 2025,Limpieza y privacidad,"Haria la parte del lavamanos del baño con una puerta porque si alguien se va temprano del cuarto, se escucha todo y despiertan a los demas","['•Viaje de ocio', '•Persona que viaja sola', '•Cama Individual en habitación compartida femenina', '•Estancia de 1 noche', '•Enviado por móvil']",CordobaPatio
Walter,Uruguay,10.0,Escrito en 26 de octubre de 2025,Lindo lugar bien atendido y prolijamente cuidado. Me gustó mucho.,"No tengo nada que resaltar en forma negativa , por lo que no tengo nada para expresar.","['•Viaje de ocio', '•Persona que viaja sola', '•Cama en habitación compartida mixta de 10 camas', '•Estancia de 2 noches', '•Enviado por móvil']",CordobaPatio
Patricia,Perú,9.0,Escrito en 25 de octubre de 2025,"El personal de calidad, linda la instalación",,"['•Viaje de ocio', '•Persona que viaja sola', '•Cama en habitación compartida mixta de 10 camas', '•Estancia de 1 noche', '•Enviado por móvil']",CordobaPatio
Alejandro,España,9.0,Escrito en 25 de agosto de 2025,"Excelentes instalaciones y un ambiente muy acogedor. Muy buena ubicación y gran facilidad para acceder al lugar.
La piscina un súper plus para el calor del verano y para relajarse un rato, sin embargo, sí estaba un poco turbo el agua. Le hacía falta un poco de limpieza
En general muy bien para el precio del hospedaje",,"['•Viaje de ocio', '•Persona que viaja sola', '•Cama en habitación compartida mixta de 6 camas', '•Estancia de 1 noche', '•Enviado por móvil']",CordobaPatio
Lola,España,10.0,Escrito en 23 de agosto de 2025,"La organización y la limpieza eran muy buenos.
Los empleados muy atentos.
Las zonas comunes muy buenas, limpias y respetando el descanso de los visitantes.",,"['•Viaje de ocio', '•Persona que viaja sola', '•Cama Individual en habitación compartida femenina', '•Estancia de 3 noches', '•Enviado por móvil']",CordobaPatio
Pascal,España,10.0,Escrito en 23 de agosto de 2025,Millones agradecimientos mantenimiento camareras de pisos recepcionistas y la CEO por ser solidarios Es importante compartir,El no poder gastar mas en helados,"['•Viaje de negocios', '•Persona que viaja sola', '•Cama en habitación compartida mixta de 10 camas', '•Estancia de 10 noches', '•Enviado por móvil']",CordobaPatio
Mateco,España,10.0,Escrito en 19 de agosto de 2025,muy bonito y el personal muy atento. Encantada además de que acepten tan bien a mi perro,Me gustó todo pero hay que tener en cuenta de que las literas no son aptas para cualquier forma física jajajaja,"['•Grupo de amigos', '•Habitación Familiar Estándar', '•Estancia de 1 noche', '•Enviado por móvil']",CordobaPatio
Amelia,España,10.0,Escrito en 19 de agosto de 2025,El edificio,Nada,"['•Viaje de ocio', '•Familia con niños pequeños', '•Habitación Familiar Estándar', '•Estancia de 1 noche', '•Enviado por móvil']",CordobaPatio
Eva,España,9.0,Escrito en 19 de agosto de 2025,La limpieza y el personal de recepción.,Los accesos. Imposible acercar el vehículo a la entrada. Contratamos parking y estaba bastante lejos del alojamiento.,"['•Viaje de ocio', '•Familia con niños pequeños', '•Habitación Cuádruple con baño privado', '•Estancia de 1 noche', '•Enviado por móvil']",CordobaPatio
Plata,España,8.0,Escrito en 18 de agosto de 2025,"Lo fresquita que era la habitación. Con el calor que hacía en Córdoba, no lo notamos nada por la noche . Cuando llegamos teníamos puesto el aire acondicionado lo que se agradece 😄 
La piscina tb estaba bien. Sin masificación de gente",Si tengo que decir algo es que no se podía acceder en coche a la puerta del hotel porque era zona restringida. Pero no fue problema porque aparcamos el coche a 2min,"['•Familia con niños pequeños', '•Habitación Cuádruple con baño privado', '•Estancia de 1 noche', '•Enviado por móvil']",CordobaPatio
Itxaso,España,9.0,Escrito en 18 de agosto de 2025,"La habitación las camas muy cómodas, la ubicación y el personal",La limpieza de la piscina de podría mejorat,"['•Viaje de ocio', '•Familia con niños pequeños', '•Habitación Cuádruple con baño privado', '•Estancia de 2 noches', '•Enviado por móvil']",CordobaPatio
Bayona,España,10.0,Escrito en 17 de agosto de 2025,"La cercanía al centro, la limpieza y el trato",,"['•Viaje de ocio', '•Persona que viaja sola', '•Habitación Cuádruple con baño privado', '•Estancia de 3 noches', '•Enviado por móvil']",CordobaPatio
Adrián,España,10.0,Escrito en 16 de agosto de 2025,"Calidad/precio es inmejorable, atención perfecta, muy limpio, tranquilo, ubicación perfecta y también con piscina!",Me gustó todo!,"['•Viaje de ocio', '•Persona que viaja sola', '•Cama en habitación compartida mixta de 8 camas', '•Estancia de 1 noche', '•Enviado por móvil']",CordobaPatio
Beatriz,España,10.0,Escrito en 15 de agosto de 2025,Súper recomendable,,"['•Viaje de ocio', '•Familia con niños pequeños', '•Habitación Familiar Estándar', '•Estancia de 1 noche', '•Enviado por móvil']",CordobaPatio
Nuria,España,10.0,Escrito en 15 de agosto de 2025,"Está súper céntrico, super limpio, nuevo, bonito y muy cómodo y la piscina un plus para refrescarse con el calor que hace en verano en Córdoba!",Es difícil aparcar por la zona y según como sea tu vehículo imposible en el parking que tienen pero la zona azul está bien de precio y en festivos es gratis,"['•Viaje de ocio', '•Familia con niños pequeños', '•Habitación Familiar Estándar', '•Estancia de 1 noche', '•Enviado por móvil']",CordobaPatio
Palacios,Argentina,10.0,Escrito en 14 de agosto de 2025,"Todo! Tiene pileta,  tiene un sistema de claves, que esta buenísimo,  la habitación de 10 tiene dos baños y dos duchas, todos pequeños. La cama super cómoda, la limpieza excelente,  los de la recepción muy atentos y amables. La verdad que fue de paso mi noche ahi, pero si volvería!!! Esta cerca de todo",,"['•Viaje de ocio', '•Persona que viaja sola', '•Cama en habitación compartida mixta de 10 camas', '•Estancia de 1 noche', '•Enviado por móvil']",CordobaPatio
Sofia,España,9.0,Escrito en 13 de agosto de 2025,"Buena relación calidad-precio, personal muy amable y ubicación",La piscina no estaba muy limpia,"['•Viaje de ocio', '•Familia con niños pequeños', '•Habitación Familiar Estándar', '•Estancia de 1 noche', '•Enviado por móvil']",CordobaPatio
Fermín,España,10.0,Escrito en 11 de agosto de 2025,"La ubicación, la amplitud y limpieza de la habitación y el trato y la atención del personal",El aire acondicionado a la llegada no funcionaba. Pero contactamos con el personal y lo arreglaron inmediatamente,"['•Viaje de ocio', '•Familia con niños pequeños', '•Habitación Familiar Estándar', '•Estancia de 1 noche', '•Enviado por móvil']",CordobaPatio
Felipe,España,8.0,Escrito en 10 de agosto de 2025,"Ubicación y tranquilidad. El chico que había en recepción cuando llegamos y cuando dejamos la habitación se portó genial. Nos aconsejo muy bien.","Al estar 4 noches, que no pasasen hacer la habitación ningún día.","['•Viaje de ocio', '•Familia con niños pequeños', '•Habitación Familiar Estándar', '•Estancia de 4 noches', '•Enviado por móvil']",CordobaPatio
Oscar,España,10.0,Escrito en 8 de agosto de 2025,El personal súper atento y 24/7 disponibles.,,"['•Viaje de ocio', '•Persona que viaja sola', '•Cama en habitación compartida mixta de 8 camas', '•Estancia de 4 noches', '•Enviado por móvil']",CordobaPatio
Javier,España,10.0,Escrito en 7 de agosto de 2025,"El diseño de la habitación le encantó a mí hijo mayor, al ser camas literas y no ser habitual en habitaciones de hotel.
Muy limpio y de estilo moderno.",Nada,"['•Viaje de ocio', '•Pareja', '•Habitación Familiar Estándar', '•Estancia de 1 noche', '•Enviado por móvil']",CordobaPatio
Pineda,España,10.0,Escrito en 6 de agosto de 2025,Me encanto calidad precio y todo muy limpio y bonito,Nada,"['•Viaje de ocio', '•Persona que viaja sola', '•Cama en habitación compartida mixta de 10 camas', '•Estancia de 1 noche', '•Enviado por móvil']",CordobaPatio
Gabay,Argentina,10.0,Escrito en 5 de agosto de 2025,"Que te atienda Javier. Le pedís que te consiga comida para un elefante y lo  hace, capaz predispuesto un capo.",,"['•Viaje de ocio', '•Persona que viaja sola', '•Cama en habitación compartida mixta de 8 camas', '•Estancia de 1 noche', '•Enviado por móvil']",CordobaPatio
Constanza,Argentina,10.0,Escrito en 4 de agosto de 2025,"Todo fantástico, l@s chic@s que atienden son muy amables, el hostal es grande y cómodo, las camas también. La piscina es un super plus!",Nada,"['•Viaje de ocio', '•Persona que viaja sola', '•Cama en habitación compartida mixta de 8 camas', '•Estancia de 3 noches', '•Enviado por móvil']",CordobaPatio
Cristian,España,9.0,Escrito en 3 de agosto de 2025,La facilidad de hacer el check-in y el check-out,La piscina estaba bien pero el agua se veía muy turbia,"['•Viaje de ocio', '•Pareja', '•Habitación Doble', '•Estancia de 1 noche', '•Enviado por móvil']",CordobaPatio
Chiara,Italia,8.0,Escrito en 2 de agosto de 2025,Un patio hermoso. Encontré todo limpio y con buenos conforts. Además el personal fue muy amable ya que pude dejar mi mochila guardada después del check-out.,"Mi habitación era mixta pero solo había hombres y la ducha no se cierra con seguro. No me lo esperaba, pero igualmente los chicos fueron muy amables conmigo para hacerme sentir lo más cómoda posible.","['•Viaje de ocio', '•Persona que viaja sola', '•Cama en habitación compartida mixta de 8 camas', '•Estancia de 1 noche', '•Enviado por móvil']",CordobaPatio
Celia,España,9.0,Escrito en 2 de agosto de 2025,"Todo fenomenal, muy cómodo, está nuevo y muy limpio.","Para mi gusto almohadas demasiado finas, pero es una opinión personal.","['•Viaje de ocio', '•Familia con niños pequeños', '•Habitación Familiar con baño privado', '•Estancia de 1 noche', '•Enviado por móvil']",CordobaPatio
Moises,España,8.0,Escrito en 1 de agosto de 2025,La habitación,Demasiada gente en la piscina que no cumplían las normas,"['•Viaje de ocio', '•Familia con niños pequeños', '•Habitación Familiar Estándar', '•Estancia de 1 noche', '•Enviado por móvil']",CordobaPatio
Daniel,España,10.0,Escrito en 11 de diciembre de 2025,"Cómodo, limpio, las vistas a plaza hermosas. Muy bien ubicado. Me gustó mucho.","El código no servía cuando llegué, pero me atendieron muy rápido por llamada y me ayudaron. El TV no es smart TV","['•Viaje de ocio', '•Pareja', '•Apartamento de 1 dormitorio con balcón', '•Estancia de 2 noches', '•Enviado por móvil']",GranadaCatedral
Pac01969,España,10.0,Escrito en 9 de diciembre de 2025,"Muy bien, la cafetería nos trato muy bien y la tostada eran grandes.",No hubo nada.,"['•Viaje de ocio', '•Familia con niños pequeños', '•Apartamento con terraza', '•Estancia de 3 noches']",GranadaCatedral
Soledad,España,9.0,Escrito en 30 de noviembre de 2025,"Me encantó la ubicación, la limpieza y que dispone de todo lo necesario para la estancia. El sitio es precioso y justo debajo está la plaza Bibrambla, llena de bares , restaurantes, tiendas... a pesar de estar tan céntrico nada de ruido en El apartamento.  Todo genial.",No me gustó mucho que cuando abres el sofá cama no queda espacio para pasar. Es la única pega que Le pongo. Lo demás de lujo.,"['•Viaje de ocio', '•Familia con niños pequeños', '•Apartamento de 1 dormitorio con balcón', '•Estancia de 1 noche', '•Enviado por móvil']",GranadaCatedral
Alessio,España,10.0,Escrito en 15 de noviembre de 2025,Genial tanto el piso como la ubicación. Todo muy bien.,No había sartenes ni ollas para cocinar.,"['•Viaje de ocio', '•Pareja', '•Estudio con balcón', '•Estancia de 2 noches', '•Enviado por móvil']",GranadaCatedral
Montse,España,9.0,Escrito en 25 de octubre de 2025,"La localización, la limpieza. Para dos personas es ideal.","Quizás eché de menos una persona con la que hablar físicamente, pero es verdad que al no surgir ningún contratiempo no fue necesario, quizás es solo que soy antigua.","['•Viaje de ocio', '•Familia con niños pequeños', '•Apartamento de 1 dormitorio con balcón', '•Estancia de 3 noches', '•Enviado por móvil']",GranadaCatedral
M,España,8.0,Escrito en 23 de octubre de 2025,El detalle de bienvenida y la limpieza,"El descargar una aplicación para poder hacerlo, meter los DNI y datos varias veces","['•Viaje de ocio', '•Grupo', '•Estudio con balcón', '•Estancia de 1 noche', '•Enviado por móvil']",GranadaCatedral
Maria,Argentina,10.0,Escrito en 22 de octubre de 2025,Excelente,Algo ruidoso,"['•Viaje de ocio', '•Pareja', '•Apartamento de 1 dormitorio con balcón', '•Estancia de 2 noches', '•Enviado por móvil']",GranadaCatedral
Sergio,Argentina,10.0,Escrito en 13 de octubre de 2025,"Muy bien ubicado, en el corazón de las peatonales, seguro y asi mismo silencioso. Pudimos hacer caminando casi todo",,"['•Viaje de ocio', '•Pareja', '•Estudio con balcón', '•Estancia de 3 noches']",GranadaCatedral
Labella,Argentina,8.0,Escrito en 11 de octubre de 2025,"La ubicación, ñas dimensiones e instalaciones son excelentes","Al estar en pleno centro histórico de Granada, se escucha bastante el bullicio de la gente, esto dificulta el tiempo de descanzo","['•Viaje de ocio', '•Familia con niños pequeños', '•Estudio con balcón', '•Estancia de 3 noches', '•Enviado por móvil']",GranadaCatedral
Elena,España,10.0,Escrito en 29 de septiembre de 2025,Es un apartamento precioso y súper limpio.,,"['•Viaje de ocio', '•Pareja', '•Estudio con balcón', '•Estancia de 1 noche', '•Enviado por móvil']",GranadaCatedral
Nelson,Argentina,10.0,Escrito en 23 de septiembre de 2025,"La verdad que muy buena la ubicación , céntrica y accesible a todo los lugares turísticos de Granada. El piso muy moderno y con todo lo q  senecesita para estar unos días en Granada.","No tengo nada de negativo , al contrario , súper positivo en todo.","['•Viaje de ocio', '•Familia con niños pequeños', '•Apartamento de 1 dormitorio con balcón', '•Estancia de 2 noches', '•Enviado por móvil']",GranadaCatedral
Maria,España,10.0,Escrito en 20 de septiembre de 2025,"Todo me gustó. La ubicación, el apartamento, la atencion",Todo me gustó,"['•Viaje de ocio', '•Pareja', '•Estudio con balcón', '•Estancia de 1 noche', '•Enviado por móvil']",GranadaCatedral
Adrian,España,9.0,Escrito en 14 de septiembre de 2025,"La ubicación muy céntrica para poder moverte caminando a cualquier lado del centro y de servicios como restaurantes etc.Todo muy renovado y como de nueva construcción.Cocina con lo necesario para poder cocinar.Muy buena limpieza.","Tanto el edificio como el apartamento demasiado pequeño con tal de aprovechar el espacio.No puedes dejar las maletas en ningún lugar, teniendo que buscar una consigna.","['•Viaje de ocio', '•Familia con niños pequeños', '•Apartamento de 1 dormitorio con balcón', '•Estancia de 1 noche']",GranadaCatedral
Jessica,España,10.0,Escrito en 9 de septiembre de 2025,Me encantó la comodidad y sobretodo la terraza me encantó,Que el aire acondicionado de fuera hace ruido y no llega a enfriar del todo.,"['•Viaje de ocio', '•Pareja', '•Apartamento con terraza', '•Estancia de 2 noches', '•Enviado por móvil']",GranadaCatedral
Annabel,España,8.0,Escrito en 2 de septiembre de 2025,"La ubicación es muy buena, la entrada y la salida muy cómodas y fáciles. Todo muy nuevo y muy limpio. Lo recomiendo para una o dos personas.","Para 4 personas es un poco justo, al abrir el sofá cama se corta el paso a la habitación y había que hacer malabarismos para pasar.","['•Con una mascota', '•Viaje de ocio', '•Familia con niños pequeños', '•Apartamento de 1 dormitorio con balcón', '•Estancia de 1 noche']",GranadaCatedral
Virtudes,España,8.0,Escrito en 27 de agosto de 2025,"Ubicación inmejorable, en pleno centro, al lado de la Catedral y a 12 minutos caminando de El Albaicín.
También un parking público próximo.
Limpísimo, un olor super agradable, todo nuevo, detalles cuidados al máximo, como la colocación de toallas, secador del pelo con difusor.
Silencioso.
La única objeción que las habitaciones eran muy pequeñas y con el sofá cama abierto tenías que hacer malabares para pasar.
También considero como punto negativo la distribución, ya que el para acceder al baño desde el dormitorio tienes que cruzar la Sala de estar con el Sofá cama y molestas a quien está durmiendo.
Por último, el mando a distancia del aire acondicionado del dormitorio no funcionaba, teníamos que compartir el mando de la otra Sala.
Se agradece la caja de bienvenida con agua snacks y demás detalles.
Repetiría pero en un apartamento más amplio, por lo demás perfecto.","El tamaño pequeño de las habitaciones, la distribución y que no funcionase el mando a distancia del aire acondicionado.","['•Viaje de ocio', '•Familia con niños pequeños', '•Apartamento de 1 dormitorio con balcón', '•Estancia de 1 noche', '•Enviado por móvil']",GranadaCatedral
Nicolas,España,9.0,Escrito en 23 de agosto de 2025,La ubicación,,"['•Viaje de ocio', '•Familia con niños pequeños', '•Apartamento de 1 dormitorio con balcón', '•Estancia de 1 noche', '•Enviado por móvil']",GranadaCatedral
Inma,España,8.0,Escrito en 20 de agosto de 2025,Su ubicación y la limpieza,Había goteras,"['•Viaje de ocio', '•Familia con niños pequeños', '•Apartamento de 1 dormitorio con balcón', '•Estancia de 1 noche', '•Enviado por móvil']",GranadaCatedral
Sheila,España,8.0,Escrito en 12 de agosto de 2025,"Admite mascotas, buena ubicación,cómodo y limpio.",Que la mascota no pueda quedar sola en la habitación.,"['•Viaje de ocio', '•Familia con niños pequeños', '•Apartamento de 1 dormitorio con balcón', '•Estancia de 1 noche', '•Enviado por móvil']",GranadaCatedral
Alba,España,8.0,Escrito en 8 de agosto de 2025,"El alojamiento estupendo, bien situado y limpio",,"['•Viaje de ocio', '•Familia con niños pequeños', '•Apartamento de 1 dormitorio con balcón', '•Estancia de 2 noches', '•Enviado por móvil']",GranadaCatedral
Maitecita,España,9.0,Escrito en 2 de agosto de 2025,"La ubicación, cerca de todo y cómodo para moverse a cualquier sitio. Los detalles y amenitis para nosotros y nuestra mascota","Viaje con una mascota y me pareció excesivo el precio por día, en la inmensa mayoría de los sitios donde hemos ido, se pagaba menos de la mitad.","['•Viaje de ocio', '•Pareja', '•Apartamento de 1 dormitorio con balcón', '•Estancia de 2 noches', '•Enviado por móvil']",GranadaCatedral
Berto,España,9.0,Escrito en 1 de agosto de 2025,"Bien situado,en mismo centro",Todo bien,"['•Viaje de ocio', '•Pareja', '•Apartamento de 1 dormitorio con balcón', '•Estancia de 1 noche', '•Enviado por móvil']",GranadaCatedral
Cristhian,España,10.0,Escrito en 31 de julio de 2025,"Está muy bien situado,cerca de tiendas,restaurantes,etc",,"['•Viaje de ocio', '•Pareja', '•Apartamento de 1 dormitorio con balcón', '•Estancia de 4 noches', '•Enviado por móvil']",GranadaCatedral
Jhon,España,10.0,Escrito en 31 de julio de 2025,Nos a gustado todo.,La almohada un poco bajas.,"['•Viaje de ocio', '•Familia con niños pequeños', '•Apartamento de 1 dormitorio con balcón', '•Estancia de 1 noche', '•Enviado por móvil']",GranadaCatedral
Lirios,España,10.0,Escrito en 11 de julio de 2024,"Atención al cliente inmejorable. Viajábamos con perritos y fueron súper atentos con sus camitas, bebederos y comederos. Apartamento completo y equipado. Ubicación inmejorable.",,"['•Viaje de ocio', '•Pareja', '•Apartamento de 1 dormitorio con balcón', '•Estancia de 1 noche', '•Enviado por móvil']",GranadaCatedral
Lirios,España,10.0,Escrito en 11 de julio de 2024,"Atención al cliente inmejorable. Viajábamos con perritos y fueron súper atentos con sus camitas, bebederos y comederos. Apartamento completo y equipado. Ubicación inmejorable.",,"['•Viaje de ocio', '•Pareja', '•Apartamento de 1 dormitorio con balcón', '•Estancia de 1 noche', '•Enviado por móvil']",GranadaCatedral
Alejandra,España,10.0,Escrito en 11 de julio de 2024,"Ubicación excelente, apartamentos hermosos y un servicio al cliente muy rápido!",,"['•Viaje de ocio', '•Grupo', '•Apartamento con terraza', '•Estancia de 1 noche', '•Enviado por móvil']",GranadaCatedral
Isabel,España,9.0,Escrito en 7 de julio de 2024,"Ubicación muy buena, cómodo, opción de late check out. Muy limpio y con detalle de bienvenida","Mucho ruido, aunque te dan tapones","['•Viaje de ocio', '•Pareja', '•Estudio con balcón', '•Estancia de 1 noche', '•Enviado por móvil']",GranadaCatedral
Rafael,Colombia,10.0,Escrito en 30 de junio de 2024,"La ubicación excelente y el apartamento con todo como nuevo y muy bien tenido. Limpieza full
Definitivamente volvere",La cama del sofa cama es buena pero un poco más rígida sería mejor,"['•Viaje de ocio', '•Familia con niños pequeños', '•Apartamento de 1 dormitorio con balcón', '•Estancia de 1 noche', '•Enviado por móvil']",GranadaCatedral
María,España,10.0,Escrito en 26 de junio de 2024,"Amplio, moderno, luminoso, las vistas des de la terraza, es un apartamento bonito con todo lo necesario para pasar una buena estancia. La ubicación es muy buena, cerca de la catedral y restaurantes.",,"['•Viaje de ocio', '•Familia con niños pequeños', '•Apartamento con terraza', '•Estancia de 1 noche', '•Enviado por móvil']",GranadaCatedral
Solaz,España,10.0,Escrito en 24 de junio de 2024,"Todo ha estado muy bien en general, sobre todo la ubicación",,"['•Viaje de ocio', '•Familia con niños pequeños', '•Apartamento de 1 dormitorio con balcón', '•Estancia de 1 noche', '•Enviado por móvil']",GranadaCatedral
Sara,España,9.0,Escrito en 20 de junio de 2024,"Alojamiento muy bien situado para conocer Granada, en pleno centro, muy limpio con fácil check-in, check-out. Se peude llegar andando a casi todos los lugares de la ciudad. Si volvemos, repetiríamos.",-,"['•Viaje de ocio', '•Pareja', '•Estudio con balcón', '•Estancia de 3 noches']",GranadaCatedral
María,España,9.0,Escrito en 16 de junio de 2024,"Súper bien situado, muy cómodo y limpio.un apartamento ideal.","Los q durmieron en el sofá cama pasaron frío solo con la sábana. No había ni una colcha, mantita ni nada para echarse. Mi hija se tuvo q tapar con una toalla. Había algo debajo de la cama del dormitorio, pero estaba candado😳","['•Viaje de ocio', '•Familia con niños pequeños', '•Apartamento de 1 dormitorio con balcón', '•Estancia de 1 noche', '•Enviado por móvil']",GranadaCatedral
Victor,España,10.0,Escrito en 8 de junio de 2024,Lo céntrico que está y muy mono.,Es un poco pequeño pero muy bien arreglado.,"['•Viaje de ocio', '•Familia con niños pequeños', '•Apartamento de 1 dormitorio con balcón', '•Estancia de 1 noche', '•Enviado por móvil']",GranadaCatedral
Elías,España,8.0,Escrito en 29 de mayo de 2024,"La ubicación, la higiene, los muebles",Nada,"['•Viaje de ocio', '•Pareja', '•Estudio con balcón', '•Estancia de 1 noche', '•Enviado por móvil']",GranadaCatedral
Toni,Andorra,8.0,Escrito en 27 de mayo de 2024,,El sofá cama está muy destrozado y es muy incomodo dormir en el,"['•Viaje de ocio', '•Familia con niños pequeños', '•Apartamento de 1 dormitorio con balcón', '•Estancia de 1 noche', '•Enviado por móvil']",GranadaCatedral
Chiara,Paraguay,10.0,Escrito en 26 de mayo de 2024,El departamento fue lindo! La atencion y la ubicación espectacular!,Todo fue perfecto!,"['•Viaje de ocio', '•Pareja', '•Apartamento de 1 dormitorio con balcón', '•Estancia de 3 noches', '•Enviado por móvil']",GranadaCatedral
Pedro,España,10.0,Escrito en 7 de mayo de 2024,la ubicación,,"['•Viaje de negocios', '•Grupo', '•Apartamento de 1 dormitorio con balcón', '•Estancia de 1 noche']",GranadaCatedral
Marisela,México,10.0,Escrito en 27 de abril de 2024,Cama comoda,,"['•Viaje de ocio', '•Familia con niños pequeños', '•Apartamento de 1 dormitorio con balcón', '•Estancia de 4 noches', '•Enviado por móvil']",GranadaCatedral
Mario,Argentina,8.0,Escrito en 23 de abril de 2024,Que desayuno??????,"Que funcione la cocina, mas silencio a la mañana cuando han limpiado, anticipar la clave del cheeck-in.","['•Viaje de ocio', '•Persona que viaja sola', '•Apartamento de 1 dormitorio con balcón', '•Estancia de 4 noches']",GranadaCatedral
Gudrun,España,9.0,Escrito en 20 de abril de 2024,"Ubicación perfecta, acceso a través del móvil muy cómodo.","Parece que había una avería de agua en el baño, faltaban losetas y el techo necesita reparación. Por un precio tan elevado no me parece bien alquilarlo sin arreglarlo.","['•Viaje de ocio', '•Familia con niños pequeños', '•Estudio con balcón', '•Estancia de 4 noches', '•Enviado por móvil']",GranadaCatedral
Elena,España,8.0,Escrito en 15 de abril de 2024,"La ubicación
Limpieza","Falta algún cuchillo de cocina, abridor de botellas, por ejemplo. 
El sistema de jabón del baño algo incomodo si no tienes fuerza, y sin mampara se pone todo lleno de agua.","['•Viaje de ocio', '•Familia con niños pequeños', '•Estudio con balcón', '•Estancia de 3 noches', '•Enviado por móvil']",GranadaCatedral
Maria,España,10.0,Escrito en 14 de abril de 2024,La situación,Nada todo muy bien!,"['•Viaje de ocio', '•Familia con niños pequeños', '•Apartamento de 1 dormitorio con balcón', '•Estancia de 1 noche', '•Enviado por móvil']",GranadaCatedral
Aroa,España,10.0,Escrito en 8 de abril de 2024,Lo cómodo como y amplio que el apartamento. Está situado en el corazón de granada. Es el mejor sitio donde te puede quedar,"El aparcamiento, tienes q buscar un parking lejano para poner aparcar, los parking se la zona están todos completos.","['•Viaje de ocio', '•Grupo de amigos', '•Apartamento de 1 dormitorio con balcón', '•Estancia de 1 noche', '•Enviado por móvil']",GranadaCatedral
Ramon,España,9.0,Escrito en 7 de abril de 2024,,El calentador de agua no llega para 4 personas.,"['•Viaje de ocio', '•Familia con niños pequeños', '•Apartamento de 1 dormitorio con balcón', '•Estancia de 1 noche', '•Enviado por móvil']",GranadaCatedral
Gloria,España,8.0,Escrito en 31 de marzo de 2024,Ubicación,,"['•Viaje de ocio', '•Familia con niños pequeños', '•Apartamento de 1 dormitorio con balcón', '•Estancia de 2 noches', '•Enviado por móvil']",GranadaCatedral
Alberto,España,8.0,Escrito en 22 de marzo de 2024,La ubicación,"La habitación no estaba bien insonorizada. He dormido regular porque secescuchaban los ruidos de la calle: cafeterías y bares, camión de suministros, etc.","['•Viaje de ocio', '•Persona que viaja sola', '•Apartamento de 1 dormitorio con balcón', '•Estancia de 2 noches', '•Enviado por móvil']",GranadaCatedral
Laetitia,España,8.0,Escrito en 9 de marzo de 2024,"La ubicación en el centro, justo al lado de la plaza Bib-Rambla
El apartemento super bien equipado, distribuido y limpio.
Te dejan una cajita con agua, un paquete de patata y 2 cápsulas para hacer café. 
La comodidad de poder entrar con un código e incluso con el movil.","Tengo solo 2 puntos negativos.
El primero que la puerta del edificio se queda bastante tiempo abierta después de entrar.
El segundo, el cuarto de baño. La puerta de la ducha no cierra correctamente, entonces el agua se sale. El techo no esta en buena condiciones.","['•Viaje de ocio', '•Pareja', '•Estudio con balcón', '•Estancia de 1 noche', '•Enviado por móvil']",GranadaCatedral
Fran,España,8.0,Escrito en 6 de marzo de 2024,"Limpieza , ubicación , justo en en pleno centro , muy bonito .
Debido al inconveniente de la entrada tardía al apartamento nos dejaron hacer el Check out en vez de las 11 a las 14. Muy bien por ellos.","Pequeño , el aire acondicionado caliente no funcionaba,  dejaron los cepillos y la escoba de barrer en mitad del baño , para entrar al apartamento una odisea , ya que la entrada era a las 15 hasta las 15.48 no pudimos acceder .","['•Viaje de ocio', '•Pareja', '•Apartamento de 1 dormitorio con balcón', '•Estancia de 1 noche', '•Enviado por móvil']",GranadaCatedral
Ignaciomp,España,9.0,Escrito en 27 de febrero de 2023,Excelente ubicación. Cerca de todo lo que buscabamos.,nada.,"['•Viaje de ocio', '•Familia con niños pequeños', '•Apartamento de 1 dormitorio con balcón', '•Estancia de 2 noches']",GranadaCatedral
Susana,España,8.0,Escrito en 26 de febrero de 2023,"la ubicación del aparmento, muy céntrico. Todo muy nuevo","La insonorización, al estar en el centro y encima de un bar se oye ruido cuando cierran el bar","['•Viaje de ocio', '•Pareja', '•Estudio con balcón', '•Estancia de 1 noche']",GranadaCatedral
Raquel,España,9.0,Escrito en 23 de febrero de 2023,"Me gustó todo, como de un espacio pequeño han aprovechado cada rincón con su buena distribución. La localización súper buena, pleno centro  y no hemos escuchado nada de ruido en la calle a la hora de dormir. Volveremos seguro.","La única pega que puedo poner es que para mi gusto las almohadas me han resultado un poco incómodas, por lo demás todo genial.","['•Viaje de ocio', '•Pareja', '•Estudio con balcón', '•Estancia de 1 noche', '•Enviado por móvil']",GranadaCatedral
Emilia,España,9.0,Escrito en 22 de febrero de 2023,En general bien,La almohada muy de muy mala calidad y el colchón demasiado duró sobre todo si sufres alguna enfermedad de espalda o dolencias. Por cortesía suelen dejar aunque sea una botellita de agua ..... El mandó del aire habitación no funciona bien. Emos tenido que utilizar el del salón. La televisión tampoco ya que llegamos pensando en echar un ratito antes de acostarnos viendo una película.,"['•Viaje de ocio', '•Familia con niños pequeños', '•Apartamento con terraza', '•Estancia de 1 noche', '•Enviado por móvil']",GranadaCatedral
Maria,España,10.0,Escrito en 19 de febrero de 2023,Todo. Repetiremos sin duda,No tengo nada que decir,"['•Viaje de ocio', '•Grupo', '•Apartamento de 1 dormitorio con balcón', '•Estancia de 1 noche', '•Enviado por móvil']",GranadaCatedral
Teresa,España,10.0,Escrito en 17 de febrero de 2023,"El apartamento está muy céntrico, a escasos minutos andando de todo además de muy limpio. 
Aunque es pequeño resulta bastante cómodo y tiene todo lo necesario para la estancia.","Había cafetera pero no café, tampoco aceite, pimienta o sal que suelen incluirse en otros apartamentos. 
En general todo muy recomendable, repetiría sin duda.","['•Viaje de ocio', '•Pareja', '•Estudio con balcón', '•Estancia de 1 noche', '•Enviado por móvil']",GranadaCatedral
Rosa,España,8.0,Escrito en 14 de febrero de 2023,,"El checking fue algo complicado, no nos dieron muchas facilidades, y el checkout justo justo a las 11h, pero bueno.","['•Viaje de ocio', '•Familia con niños pequeños', '•Apartamento con terraza', '•Estancia de 2 noches', '•Enviado por móvil']",GranadaCatedral
Nuria,España,10.0,Escrito en 13 de febrero de 2023,"La ubicación era perfecta y el apartamento precioso, todo súper nuevo y muy limpio.",,"['•Viaje de ocio', '•Pareja', '•Estudio con balcón', '•Estancia de 1 noche', '•Enviado por móvil']",GranadaCatedral
Ana,España,8.0,Escrito en 12 de febrero de 2023,"La cama muy cómoda. Todo muy limpio. Ducha perfectaLa ubicación es perfecta",,"['•Viaje de ocio', '•Grupo', '•Apartamento de 1 dormitorio con balcón', '•Estancia de 1 noche', '•Enviado por móvil']",GranadaCatedral
Alicia,España,9.0,Escrito en 12 de febrero de 2023,"La ubicación excelente, muy limpio y muy cómoda la cama. Bonito y completo. Te atienden súper rápido a pesar de ser todo online pero en mi caso lo prefiero. Todo en la recepción muy bien explicado incluso para el wifi",Un poco ruido pero con tapones sé solucionó,"['•Viaje de ocio', '•Familia con niños pequeños', '•Apartamento de 1 dormitorio con balcón', '•Estancia de 1 noche']",GranadaCatedral
Alicia,España,10.0,Escrito en 12 de febrero de 2023,"La ubicación excelente, muy limpio y muy cómoda la cama.Bonito y completo.Te atienden súper rápido a pesar de ser todo online pero en mi caso lo prefiero.Todo en la recepción muy bien explicado incluso para el wifi","Nos tocó el apartamento de la esquina y daba a dos calles por lo que en fin de semana se oía un poco de ruido de la calle, nada que no se solucione con tapones de oído.","['•Viaje de ocio', '•Familia con niños pequeños', '•Apartamento de 1 dormitorio con balcón', '•Estancia de 1 noche']",GranadaCatedral
Claudia,España,8.0,Escrito en 9 de febrero de 2023,"piso muy moderno, y cama muy cómoda","éramos 4 y cuando se duchaba 1 persona ya el agua se quedaba fría, y el sofá cama al abrirlo no quedaba espacio para entrar y salir de una habitación a otra, por lo demás todo muy bien","['•Viaje de ocio', '•Grupo', '•Apartamento de 1 dormitorio con balcón', '•Estancia de 4 noches', '•Enviado por móvil']",GranadaCatedral
Diana,España,10.0,Escrito en 8 de febrero de 2023,Todo estaba lindo cómodo y ordenado,"El tiempo, hicimos el check in a las 15:00 y a las 11:00 teníamos que hacer el check out","['•Viaje de ocio', '•Familia con niños pequeños', '•Apartamento de 1 dormitorio con balcón', '•Estancia de 2 noches', '•Enviado por móvil']",GranadaCatedral
Azucena,España,8.0,Escrito en 8 de febrero de 2023,acogedor,"la ubicación ideal.. lo único, que la zona en donde está es una zona de bares y pub, transitada por la noche por adolescentes y demás y me costó bastante dormirme con el ruido.. es la única pega que le pondría.","['•Viaje de ocio', '•Pareja', '•Estudio con balcón', '•Estancia de 1 noche', '•Enviado por móvil']",GranadaCatedral
Lola,España,9.0,Escrito en 8 de febrero de 2023,Esta bien situado y es limpio y confortable,"La asistencia virtual debería simplificarse, es difícil para las personas mayores que nos gusta viajar","['•Viaje de ocio', '•Pareja', '•Estudio con balcón', '•Estancia de 4 noches', '•Enviado por móvil']",GranadaCatedral
Demófilo,España,9.0,Escrito en 6 de febrero de 2023,"Apartamento con dos terrazas en niveles diferentes con vistas y ubicación excepcionales, en pleno centro de Granada. Buen diseño y equipamiento. Cama principal confortable.",Las salidas de las ventilaciones no están bien resueltas y molestan un poco en las terrazas.,"['•Viaje de ocio', '•Familia con niños pequeños', '•Apartamento con terraza', '•Estancia de 1 noche']",GranadaCatedral
Maite,España,9.0,Escrito en 5 de febrero de 2023,"La ubicación, el sitio es estupendo. También la limpieza y la decoración sencilla y moderna. El precio genial.",El salón es un poco pequeño. En cuanto de abre el sofá cama el paso al dormitorio es complicado..,"['•Viaje de ocio', '•Familia con niños pequeños', '•Apartamento de 1 dormitorio con balcón', '•Estancia de 1 noche', '•Enviado por móvil']",GranadaCatedral
Aurora,España,10.0,Escrito en 3 de febrero de 2023,"Ubicación, limpieza, insonorización y calefacción",,"['•Viaje de ocio', '•Grupo', '•Apartamento de 1 dormitorio con balcón', '•Estancia de 2 noches', '•Enviado por móvil']",GranadaCatedral
Ana,España,10.0,Escrito en 28 de enero de 2023,todo pero sobre todo la cama,"a las 6 de la mañana los del apartamento de al lado llegaron gritando y dando portazos, por este motivo nos despertamos y fue casi imposible volver a dormir","['•Viaje de ocio', '•Pareja', '•Estudio con balcón', '•Estancia de 1 noche', '•Enviado por móvil']",GranadaCatedral
José,España,8.0,Escrito en 22 de enero de 2023,"Es un edificio de reciente construcción, todo se realiza digitalmente. El check-in se hace mediante una página web que te pide todos los datos de los alojados y el pago anticipado, una vez hecho esto te mandan un código para introducir en la puerta del portal y en el apartamento. Ciertamente resulta muy cómodo no llevar llave encima, por si la pierdes.
El apartamento está nuevo, limpio y con todo lo necesario. Cocina pequeña pero con utensilios. Baño de buen tamaño y muy cómodo, equipado con secador. Salón con sofá cama incómodo y pequeño armario (es el único) que guarda una plancha y una mini tabla de planchar. Dormitorio con cama de matrimonio cómoda. Hay varios ventanales sin persianas pero con cortinas opacas, cosa que no evita que entre la luz. Consolas de aire acondicionado en salón y dormitorio.
Tiene ascensor.
Ubicación excelente.","El sofá cama no tenía sábanas ni almohada, sólo edredón.
La información sobre el alojamiento (check-in, número de apartamento...) te la dan por correo electrónico unas pocas horas antes de alojarte. 
Entra luz en todo el apartamento porque no tiene persianas y las cortinas no son suficientes para tapar.","['•Viaje de ocio', '•Grupo de amigos', '•Apartamento de 1 dormitorio con balcón', '•Estancia de 1 noche', '•Enviado por móvil']",GranadaCatedral
Msensses,España,10.0,Escrito en 12 de enero de 2023,"Ubicación, limpio y todo nuevo",Un poco pequeño cuando abres el. Sofa cama se queda todo embutido sin poder casi moverte,"['•Viaje de ocio', '•Familia con niños pequeños', '•Apartamento de 1 dormitorio con balcón', '•Estancia de 1 noche', '•Enviado por móvil']",GranadaCatedral
Narciso,España,9.0,Escrito en 9 de enero de 2023,"La ubicación del apartamento está genial, está justo en el centro de Granada","El aparcamiento es imposible, la única forma de acceso al apartamento es en taxi, si vas en coche debes dejar el coche en un parking y tomar un taxi hasta la plaza del ayuntamiento","['•Viaje de ocio', '•Familia con niños pequeños', '•Apartamento con terraza', '•Estancia de 1 noche', '•Enviado por móvil']",GranadaCatedral
Eric,España,9.0,Escrito en 2 de enero de 2023,"En el centro de Granada, muy tecnológico todo y calidad precio bastante bien, lo recomendamos.","Un “pelín” pequeño, pero ninguna pega.","['•Viaje de ocio', '•Grupo', '•Apartamento de 1 dormitorio con balcón', '•Estancia de 1 noche', '•Enviado por móvil']",GranadaCatedral
Gabriel,España,10.0,Escrito en 31 de diciembre de 2022,"Moderno,céntrico,limpio. Muy acogedor con muchos detalles. Las camas son comodísimas",,"['•Viaje de ocio', '•Familia con niños pequeños', '•Apartamento de 1 dormitorio con balcón', '•Estancia de 3 noches', '•Enviado por móvil']",GranadaCatedral
Chica,"Abjasia, ​Georgia",10.0,Escrito en 15 de diciembre de 2022,Muy cómodo y espacioso,,"['•Viaje de ocio', '•Familia con niños pequeños', '•Estudio con balcón', '•Estancia de 1 noche', '•Enviado por móvil']",GranadaCatedral
Ramón,España,5.0,Escrito en 19 de febrero de 2023,,No había agua caliente.,"['•Viaje de ocio', '•Familia con niños pequeños', '•Apartamento de 1 dormitorio con balcón', '•Estancia de 1 noche', '•Enviado por móvil']",GranadaCatedral
Reyes,España,5.0,Escrito en 16 de febrero de 2023,El baño y buena calefacción.Camas confortables,,"['•Viaje de ocio', '•Familia con niños pequeños', '•Apartamento de 1 dormitorio con balcón', '•Estancia de 1 noche', '•Enviado por móvil']",GranadaCatedral
Natalia,España,7.0,Escrito en 5 de febrero de 2023,"Ubicación Comodidad de la cama","Es un apartamento muy pequeño para 4 personasSolo pudieron ducharse dos porque se acabo el agua caliente","['•Viaje de ocio', '•Grupo', '•Apartamento de 1 dormitorio con balcón', '•Estancia de 1 noche', '•Enviado por móvil']",GranadaCatedral
Mariola,España,6.0,Escrito en 26 de diciembre de 2022,"La ubicación es perfecta. Todo estaba muy limpio. Muy bien si vas en pareja, pero para 4 personas es decepcionante. Es pet-friendly, pero con suplemento de 15 euros por perro, que incluye cama, comedero y bebedero y una bolsita con snacks para perro.","Cuando reservas, te dice que pueden ir 4 personas. Pero es un piso muy pequeño, que el sofá cama al abrirse topa con la puerta corredera de la habitación. Da literalmente en la puerta corredera de la habitación, por lo que el sofá cama queda encajado una vez lo abres y los del cuarto no pueden salir sin tener que saltarte encima. Y el cuarto de baño, si quieren utilizarlo los que estén usando la habitación, al ser un cuarto de baño, si los del cuarto necesitasen ir en mitad de la noche, tendrían que saltarnos por encima literalmente, para poder ir al baño. 
Por otro lado, por la noche es bastante ruidoso, escuchas a la gente pasar y hablar y te despiertas en varias ocasiones. No volvería a ir si vamos 4 personas. Está bien si vais una pareja o un par de personas, pero desde luego no 4 personas.","['•Viaje de ocio', '•Familia con niños pequeños', '•Apartamento de 1 dormitorio con balcón', '•Estancia de 1 noche', '•Enviado por móvil']",GranadaCatedral
Enrique,España,5.0,Escrito en 19 de diciembre de 2022,Ubicación muy céntrica,Los muebles del salón estaban desencajados. No se podían utilizar ni las sillas ni la mesa del comedor.,"['•Viaje de ocio', '•Familia con niños pequeños', '•Apartamento de 1 dormitorio con balcón', '•Estancia de 3 noches']",GranadaCatedral
Anónimo,España,9.0,Escrito en 28 de junio de 2025,Ubicacion excelente …y unas vistas maravillosas,,"['•Viaje de ocio', '•Familia con niños pequeños', '•Apartamento de 1 dormitorio con balcón', '•Estancia de 3 noches']",GranadaCatedral
Anónimo,España,5.0,Escrito en 29 de octubre de 2025,Ubicación muy buena,"MUCHO RUIDOEMPEZARON A TRABAJAR A LAS 2 DE LA MADRUGADA","['•Viaje de ocio', '•Pareja', '•Apartamento de 1 dormitorio con balcón', '•Estancia de 4 noches', '•Enviado por móvil']",GranadaCatedral
Anónimo,España,3.0,Escrito en 27 de octubre de 2025,"La ubicación perfecta y la limpieza buena.El desayuno es mas barato pagándolo directamente en el local, a parte de no poder elegir nada.","El apartamento fue decepcionante, no tiene nada que ver con la oferta (abrías la puerta y tropezabas con la cama), en el pack de bienvenida había unos tapones para la falta de insonorización de las ventanas (parecía estar las personas de la calle en la habitación). Los servicios como el desayuno son mas caros que en el local, el alojamiento no te avisa que si vas con vehículo propio no puedes acceder a descargar las maletas y si accedes te multaran y el alojamiento no gestiona tu matricula como alojado en sus instalaciones para evitar la multa como hacen en muchos alojamientos/hoteles y muchas ciudades.","['•Viaje de ocio', '•Pareja', '•Estudio con balcón', '•Estancia de 3 noches']",GranadaCatedral
Anónimo,España,7.0,Escrito en 15 de agosto de 2025,La distribución del espacio y la localización es muy buena. El mobiliario es nuevo.,"El alojamiento no disponía de platos, a pesar de tener una cocina. No tenía los utensilios de cocina suficiente para cocinar. La luz del dormitorio parpadea y tuvimos que usar la lamparita de noche.","['•Viaje de ocio', '•Pareja', '•Estudio con balcón', '•Estancia de 1 noche', '•Enviado por móvil']",GranadaCatedral
Tamba,España,10.0,Escrito en 2 de diciembre de 2025,,,"['•Viaje de ocio', '•Familia con niños pequeños', '•Apartamento con terraza', '•Estancia de 5 noches', '•Enviado por móvil']",GranadaCatedral
José,España,9.0,Escrito en 29 de noviembre de 2025,,,"['•Viaje de ocio', '•Pareja', '•Estudio con balcón', '•Estancia de 3 noches', '•Enviado por móvil']",GranadaCatedral
Andrea,España,8.0,Escrito en 3 de noviembre de 2025,,,"['•Viaje de ocio', '•Grupo', '•Apartamento de 1 dormitorio con balcón', '•Estancia de 2 noches', '•Enviado por móvil']",GranadaCatedral
Roberto,España,8.0,Escrito en 2 de noviembre de 2025,,,"['•Viaje de ocio', '•Grupo de amigos', '•Apartamento de 1 dormitorio con balcón', '•Estancia de 2 noches', '•Enviado por móvil']",GranadaCatedral
Héctor,Argentina,10.0,Escrito en 31 de octubre de 2025,,,"['•Viaje de ocio', '•Familia con niños pequeños', '•Estudio con balcón', '•Estancia de 2 noches', '•Enviado por móvil']",GranadaCatedral
Tomas,España,10.0,Escrito en 17 de octubre de 2025,,,"['•Viaje de ocio', '•Familia con niños pequeños', '•Apartamento de 1 dormitorio con balcón', '•Estancia de 1 noche', '•Enviado por móvil']",GranadaCatedral
Nieves,España,10.0,Escrito en 13 de octubre de 2025,,,"['•Viaje de ocio', '•Pareja', '•Apartamento de 1 dormitorio con balcón', '•Estancia de 1 noche', '•Enviado por móvil']",GranadaCatedral
Ana,España,10.0,Escrito en 6 de octubre de 2025,,,"['•Viaje de ocio', '•Pareja', '•Estudio con balcón', '•Estancia de 1 noche', '•Enviado por móvil']",GranadaCatedral
Maria,España,10.0,Escrito en 21 de septiembre de 2025,,,"['•Viaje de ocio', '•Familia con niños pequeños', '•Apartamento de 1 dormitorio con balcón', '•Estancia de 1 noche', '•Enviado por móvil']",GranadaCatedral
Rossana,Chile,9.0,Escrito en 20 de septiembre de 2025,,,"['•Viaje de ocio', '•Familia con niños pequeños', '•Apartamento de 1 dormitorio con balcón', '•Estancia de 1 noche', '•Enviado por móvil']",GranadaCatedral
Ana,España,10.0,Escrito en 7 de septiembre de 2025,,,"['•Viaje de ocio', '•Familia con niños pequeños', '•Apartamento de 1 dormitorio con balcón', '•Estancia de 3 noches', '•Enviado por móvil']",GranadaCatedral
Maria,España,10.0,Escrito en 4 de septiembre de 2025,,,"['•Viaje de negocios', '•Persona que viaja sola', '•Estudio con balcón', '•Estancia de 3 noches', '•Enviado por móvil']",GranadaCatedral
Milloux,Francia,9.0,Escrito en 3 de septiembre de 2025,,,"['•Viaje de ocio', '•Familia con niños pequeños', '•Estudio con balcón', '•Estancia de 1 noche', '•Enviado por móvil']",GranadaCatedral
Candela,España,10.0,Escrito en 1 de septiembre de 2025,,,"['•Viaje de ocio', '•Pareja', '•Estudio con balcón', '•Estancia de 1 noche']",GranadaCatedral
Manuel,España,10.0,Escrito en 19 de agosto de 2025,,,"['•Viaje de ocio', '•Familia con niños pequeños', '•Apartamento de 1 dormitorio con balcón', '•Estancia de 1 noche', '•Enviado por móvil']",GranadaCatedral
Gloria,España,8.0,Escrito en 16 de agosto de 2025,,,"['•Viaje de ocio', '•Grupo', '•Apartamento de 1 dormitorio con balcón', '•Estancia de 1 noche', '•Enviado por móvil']",GranadaCatedral
María,España,10.0,Escrito en 7 de julio de 2024,,,"['•Viaje de ocio', '•Grupo de amigos', '•Apartamento de 1 dormitorio con balcón', '•Estancia de 1 noche', '•Enviado por móvil']",GranadaCatedral
Aitana,España,10.0,Escrito en 1 de junio de 2024,,,"['•Viaje de ocio', '•Grupo de amigos', '•Apartamento de 1 dormitorio con balcón', '•Estancia de 1 noche', '•Enviado por móvil']",GranadaCatedral
Sonia,España,10.0,Escrito en 25 de mayo de 2024,,,"['•Viaje de ocio', '•Grupo', '•Apartamento de 1 dormitorio con balcón', '•Estancia de 1 noche', '•Enviado por móvil']",GranadaCatedral
Rosa,España,8.0,Escrito en 11 de mayo de 2024,,,"['•Viaje de ocio', '•Grupo', '•Apartamento de 1 dormitorio con balcón', '•Estancia de 1 noche', '•Enviado por móvil']",GranadaCatedral
Carmen,España,10.0,Escrito en 6 de mayo de 2024,,,"['•Viaje de ocio', '•Familia con niños pequeños', '•Apartamento de 1 dormitorio con balcón', '•Estancia de 1 noche', '•Enviado por móvil']",GranadaCatedral
Maria,España,10.0,Escrito en 28 de abril de 2024,,,"['•Viaje de ocio', '•Pareja', '•Estudio con balcón', '•Estancia de 4 noches', '•Enviado por móvil']",GranadaCatedral
Fuensanta,España,9.0,Escrito en 25 de abril de 2024,,,"['•Viaje de ocio', '•Familia con niños pequeños', '•Estudio con balcón', '•Estancia de 1 noche', '•Enviado por móvil']",GranadaCatedral
Mora,España,10.0,Escrito en 14 de abril de 2024,,,"['•Viaje de ocio', '•Familia con niños pequeños', '•Apartamento de 1 dormitorio con balcón', '•Estancia de 2 noches', '•Enviado por móvil']",GranadaCatedral
Ana,España,8.0,Escrito en 14 de abril de 2024,,,"['•Viaje de ocio', '•Familia con niños pequeños', '•Estudio con balcón', '•Estancia de 1 noche', '•Enviado por móvil']",GranadaCatedral
Fernández,España,9.0,Escrito en 6 de marzo de 2024,,,"['•Viaje de ocio', '•Familia con niños pequeños', '•Apartamento de 1 dormitorio con balcón', '•Estancia de 2 noches', '•Enviado por móvil']",GranadaCatedral
Marina,España,10.0,Escrito en 28 de febrero de 2024,,,"['•Viaje de ocio', '•Familia con niños pequeños', '•Apartamento de 1 dormitorio con balcón', '•Estancia de 1 noche', '•Enviado por móvil']",GranadaCatedral
Vanya,España,10.0,Escrito en 17 de febrero de 2024,,,"['•Viaje de ocio', '•Pareja', '•Estudio con balcón', '•Estancia de 3 noches', '•Enviado por móvil']",GranadaCatedral
Itxaso,España,10.0,Escrito en 4 de febrero de 2024,,,"['•Viaje de ocio', '•Pareja', '•Estudio con balcón', '•Estancia de 1 noche', '•Enviado por móvil']",GranadaCatedral
Manu,España,9.0,Escrito en 3 de febrero de 2024,,,"['•Viaje de ocio', '•Familia con niños pequeños', '•Apartamento de 1 dormitorio con balcón', '•Estancia de 2 noches', '•Enviado por móvil']",GranadaCatedral
Marta,España,10.0,Escrito en 16 de enero de 2024,,,"['•Viaje de ocio', '•Familia con niños pequeños', '•Apartamento con terraza', '•Estancia de 4 noches', '•Enviado por móvil']",GranadaCatedral
Susana,España,8.0,Escrito en 1 de enero de 2024,,,"['•Familia con niños pequeños', '•Apartamento de 1 dormitorio con balcón', '•Estancia de 3 noches', '•Enviado por móvil']",GranadaCatedral
Vegas,España,10.0,Escrito en 12 de diciembre de 2023,,,"['•Viaje de ocio', '•Pareja', '•Estudio con balcón', '•Estancia de 2 noches', '•Enviado por móvil']",GranadaCatedral
Vanesa,España,9.0,Escrito en 6 de diciembre de 2023,,,"['•Familia con niños pequeños', '•Apartamento de 1 dormitorio con balcón', '•Estancia de 2 noches', '•Enviado por móvil']",GranadaCatedral
Jose,España,8.0,Escrito en 6 de diciembre de 2023,,,"['•Viaje de ocio', '•Grupo de amigos', '•Apartamento de 1 dormitorio con balcón', '•Estancia de 1 noche', '•Enviado por móvil']",GranadaCatedral
Elena,España,10.0,Escrito en 21 de noviembre de 2023,,,"['•Viaje de ocio', '•Familia con niños pequeños', '•Apartamento de 1 dormitorio con balcón', '•Estancia de 3 noches', '•Enviado por móvil']",GranadaCatedral
Neus,España,8.0,Escrito en 10 de noviembre de 2023,,,"['•Viaje de ocio', '•Pareja', '•Estudio con balcón', '•Estancia de 2 noches', '•Enviado por móvil']",GranadaCatedral
Zina,España,10.0,Escrito en 8 de noviembre de 2023,,,"['•Viaje de ocio', '•Pareja', '•Estudio con balcón', '•Estancia de 2 noches', '•Enviado por móvil']",GranadaCatedral
Esperanza,España,9.0,Escrito en 4 de noviembre de 2023,,,"['•Viaje de ocio', '•Familia con niños pequeños', '•Apartamento de 1 dormitorio con balcón', '•Estancia de 1 noche', '•Enviado por móvil']",GranadaCatedral
Juan,España,8.0,Escrito en 29 de octubre de 2023,,,"['•Viaje de ocio', '•Familia con niños pequeños', '•Estudio con balcón', '•Estancia de 3 noches', '•Enviado por móvil']",GranadaCatedral
Santos,España,10.0,Escrito en 23 de octubre de 2023,,,"['•Pareja', '•Estudio con balcón', '•Estancia de 1 noche', '•Enviado por móvil']",GranadaCatedral
Teresa,España,7.0,Escrito en 29 de agosto de 2025,,,"['•Viaje de ocio', '•Familia con niños pequeños', '•Apartamento de 1 dormitorio con balcón', '•Estancia de 2 noches', '•Enviado por móvil']",GranadaCatedral
Ana,España,7.0,Escrito en 21 de agosto de 2025,,,"['•Viaje de ocio', '•Pareja', '•Estudio con balcón', '•Estancia de 1 noche', '•Enviado por móvil']",GranadaCatedral
Puri,España,6.0,Escrito en 18 de julio de 2025,,,"['•Familia con niños pequeños', '•Apartamento de 1 dormitorio con balcón', '•Estancia de 3 noches', '•Enviado por móvil']",GranadaCatedral
Fernandez,España,2.0,Escrito en 26 de abril de 2025,,,"['•Viaje de ocio', '•Grupo', '•Estudio con balcón', '•Estancia de 2 noches', '•Enviado por móvil']",GranadaCatedral
Rosa,España,7.0,Escrito en 9 de marzo de 2025,,,"['•Viaje de ocio', '•Familia con niños pequeños', '•Estudio con balcón', '•Estancia de 1 noche', '•Enviado por móvil']",GranadaCatedral
Rocio,España,1.0,Escrito en 7 de marzo de 2025,,,"['•Viaje de ocio', '•Pareja', '•Apartamento de 1 dormitorio con balcón', '•Estancia de 1 noche', '•Enviado por móvil']",GranadaCatedral
Olimpia,España,7.0,Escrito en 12 de julio de 2024,,,"['•Familia con niños pequeños', '•Apartamento de 1 dormitorio con balcón', '•Estancia de 2 noches', '•Enviado por móvil']",GranadaCatedral
Francisco,España,7.0,Escrito en 24 de junio de 2024,,,"['•Viaje de ocio', '•Pareja', '•Estudio con balcón', '•Estancia de 1 noche', '•Enviado por móvil']",GranadaCatedral
Natalia,España,7.0,Escrito en 23 de diciembre de 2023,,,"['•Viaje de ocio', '•Grupo de amigos', '•Apartamento de 1 dormitorio con balcón', '•Estancia de 2 noches', '•Enviado por móvil']",GranadaCatedral
Javier,España,7.0,Escrito en 18 de noviembre de 2023,,,"['•Familia con niños pequeños', '•Apartamento de 1 dormitorio con balcón', '•Estancia de 1 noche', '•Enviado por móvil']",GranadaCatedral
Álvaro,España,7.0,Escrito en 7 de julio de 2023,,,"['•Viaje de ocio', '•Familia con niños pequeños', '•Apartamento de 1 dormitorio con balcón', '•Estancia de 1 noche', '•Enviado por móvil']",GranadaCatedral
Miguel,España,1.0,Escrito en 27 de marzo de 2023,,,"['•Viaje de ocio', '•Grupo', '•Apartamento de 1 dormitorio con balcón', '•Estancia de 1 noche', '•Enviado por móvil']",GranadaCatedral
Javi,España,5.0,Escrito en 12 de marzo de 2023,,,"['•Viaje de ocio', '•Grupo', '•Apartamento de 1 dormitorio con balcón', '•Estancia de 1 noche', '•Enviado por móvil']",GranadaCatedral
Anna,Polonia,1.0,Escrito en 27 de diciembre de 2022,,,"['•Viaje de ocio', '•Grupo', '•Apartamento de 1 dormitorio con balcón', '•Estancia de 1 noche', '•Enviado por móvil']",GranadaCatedral
Anónimo,España,9.0,Escrito en 23 de noviembre de 2025,,,"['•Viaje de ocio', '•Grupo', '•Apartamento de 1 dormitorio con balcón', '•Estancia de 1 noche', '•Enviado por móvil']",GranadaCatedral
Diaz,España,8.0,Escrito en 14 de diciembre de 2025,La situación y la comodidad del apartamento,"Una consigna casi minuscula, que hace casi imposible dejar el equipaje, en una ciudad como Madrid eso es casi vital.
La colocacion del desayuno durante el fin de semana se retraso casi 30 minutos... obligandonos a cambiar el itinerario de algunas actividades.","['•Familia con niños pequeños', '•Estudio', '•Estancia de 3 noches', '•Enviado por móvil']",MadridPalacioReal
Naiara,España,9.0,Escrito en 9 de diciembre de 2025,"La ubicacion lo mejor y el acceso a lugares para visitar pudiendo hacerlo a pie o en metro,cerca hay muchas estaciones","Lo unico que destacaria fue que al ser un espacio tan diafano,sin separaciòn ninguna si alguno se despierta por la noche y enciende una luz iluminas toda la estancia,nosotros viajamos con nuestras hijas que dormian abajo,pero daba igual la luz del baño de arriba o las mesillas daban luz a todo el apartamento y para nosotros ha resultado un poco molesto junto con el ruido de la calle por la noche,que aun estando en 2 planta se oia mucho,aun asi estuvimos bien,el apartamento muy limpio y espacioso,todo hay que decirlo h la chica que atendia el buffet del desayuno un 10","['•Viaje de ocio', '•Familia con niños pequeños', '•Estudio Deluxe', '•Estancia de 3 noches', '•Enviado por móvil']",MadridPalacioReal
Marcos,España,8.0,Escrito en 8 de diciembre de 2025,La ubicación,Precio elevado,"['•Viaje de ocio', '•Familia con niños pequeños', '•Estudio Deluxe', '•Estancia de 3 noches', '•Enviado por móvil']",MadridPalacioReal
Marcos,España,9.0,Escrito en 24 de noviembre de 2025,Ubicación,,"['•Viaje de ocio', '•Familia con niños pequeños', '•Estudio Deluxe', '•Estancia de 2 noches', '•Enviado por móvil']",MadridPalacioReal
Ml,España,9.0,Escrito en 31 de octubre de 2025,"La ubicación es excelente. El desayuno es muy completo. Destaco el trato del personal especialmente de quien estuvo a cargo de los desayunos. Su trato ha sido impecable, muy cordial y siempre atenta.","Lamentablemente me ha tocado trabajar los 3 días y solo diría que al ser un dúplex y tener los techos altos en el salón, me ha parecido que faltaba un poco de luz para poder trabajar.","['•Viaje de ocio', '•Familia con niños pequeños', '•Estudio Deluxe', '•Estancia de 3 noches', '•Enviado por móvil']",MadridPalacioReal
Javier,Venezuela,8.0,Escrito en 23 de octubre de 2025,Excelente y céntrico,El ruido del portón principal,"['•Viaje de ocio', '•Familia con niños pequeños', '•Estudio Deluxe', '•Estancia de 1 noche', '•Enviado por móvil']",MadridPalacioReal
Hugo,Chile,9.0,Escrito en 22 de octubre de 2025,"Alojamiento limpio y amplio, con cafetera (se agradece).","Todo bien. Solo diría que no pude usar la app para abrir la puerta del departamento con el teléfono (solo me funcionó para la puerta principal del edificio a la calle), pero el resto todo muy bien.","['•Viaje de ocio', '•Persona que viaja sola', '•Estudio', '•Estancia de 2 noches', '•Enviado por móvil']",MadridPalacioReal
Samuel,España,9.0,Escrito en 6 de octubre de 2025,La localización y amplitud del apartamento,"Los aires acondicionados se encendían automáticamente por las tardes,a 16 grados frío,y cd llegábamos por las noches el apartamento estaba helado.
Está muy cerca de discotecas con lo que es una zona muy ruidosa,el propio apartamento como conoce ese problema te regala unos tapones para el ruido.","['•Viaje de ocio', '•Familia con niños pequeños', '•Estudio Deluxe', '•Estancia de 3 noches', '•Enviado por móvil']",MadridPalacioReal
Javier,España,9.0,Escrito en 21 de septiembre de 2025,Localización.,Sofá cama un poco incómodo,"['•Familia con niños pequeños', '•Estudio Dúplex', '•Estancia de 1 noche', '•Enviado por móvil']",MadridPalacioReal
Javier,Venezuela,8.0,Escrito en 17 de septiembre de 2025,La ubicación en el centro de madrid,La puerta principal muy ruidosa para las habitaciones cercanas,"['•Viaje de ocio', '•Familia con niños pequeños', '•Estudio Deluxe', '•Estancia de 11 noches', '•Enviado por móvil']",MadridPalacioReal
Ablgm,España,7.0,Escrito en 8 de septiembre de 2025,"Ubicación
Limpieza
Amplitud 
Atención personal desayuno","Al ser un edificio de apartamentos no hay persona (excepto en desayunos),  con lo que si tienes una necesidad, la atención es por WhatsApp y en nuestro caso no se llegó a atender.
Escalera del ""dúplex"" no aptas para personas mayores. No fue nuestro caso, pero algo peligrosas.","['•Viaje de ocio', '•Familia con niños pequeños', '•Estudio Deluxe', '•Estancia de 2 noches', '•Enviado por móvil']",MadridPalacioReal
Jerónimo,Argentina,8.0,Escrito en 30 de agosto de 2025,"Muy bien ubicado, cómodo y limpio.","Le falta más ventilación, luz y la televisión no tenía Netflix.","['•Viaje de ocio', '•Pareja', '•Estudio', '•Estancia de 2 noches', '•Enviado por móvil']",MadridPalacioReal
Magabmdq,Argentina,8.0,Escrito en 22 de agosto de 2025,Muy buena ubicación a un paso de Gran Via. Lugares para comer variado en la zona. Lo mismo todo cerca si vas de compras. Y también mercados si querés ahorrar y no comer siempre afuera.,El duplex que nos tocó era lindo y luminoso decorado con gusto pero un poco chico para 4 personas.  Además el sillón cama no es muy cómodo.,"['•Viaje de ocio', '•Familia con niños pequeños', '•Estudio Deluxe', '•Estancia de 3 noches', '•Enviado por móvil']",MadridPalacioReal
Isabel,España,9.0,Escrito en 20 de agosto de 2025,Ubicación perfecta,"La cocina muy pequeñita, la usamos poco pero no había sitio de encimera, aun así recomiendo el alojamiento sin duda alguna","['•Viaje de ocio', '•Familia con niños pequeños', '•Estudio Deluxe', '•Estancia de 4 noches', '•Enviado por móvil']",MadridPalacioReal
Vanessa,España,9.0,Escrito en 19 de julio de 2025,Apartamento bonito y muy buena ubicación,Algo elevado el precio para la fecha,"['•Viaje de ocio', '•Familia con niños pequeños', '•Estudio Dúplex', '•Estancia de 1 noche', '•Enviado por móvil']",MadridPalacioReal
Mercedes,España,8.0,Escrito en 10 de julio de 2025,La habitación,"Poco personal, solo en desayuno. La chica muy maja","['•Viaje de ocio', '•Familia con niños pequeños', '•Estudio Deluxe', '•Estancia de 4 noches', '•Enviado por móvil']",MadridPalacioReal
Liliana,Argentina,9.0,Escrito en 7 de julio de 2025,"Las instalaciones impecables, la ubicación excelente. Nos robaron los pasaportes en el metro y la gente del alojamiento fue muy amable y solidaria.
Lo recomiendo",Nada,"['•Viaje de ocio', '•Pareja', '•Estudio', '•Estancia de 2 noches', '•Enviado por móvil']",MadridPalacioReal
Daniel,Argentina,8.0,Escrito en 30 de junio de 2025,"Tanto la Ubicación muy cerca de todo.,El desayuno completo muy bueno. La habitación amplia y completa",,"['•Viaje de ocio', '•Pareja', '•Estudio', '•Estancia de 3 noches']",MadridPalacioReal
Juan,España,7.0,Escrito en 25 de junio de 2025,La ubicación,La hora de entrada es un poco tarde,"['•Viaje de ocio', '•Familia con niños pequeños', '•Estudio', '•Estancia de 1 noche']",MadridPalacioReal
Eduardo,Argentina,9.0,Escrito en 6 de junio de 2025,La ubicación.  Las comodidades.,Que carecieran de un conversor de divisas. Tuve que recurrir a una persona amiga para pagar 15 euros  por un late check out. No existía para la persona que me atendió por teléfono absolutamente ninguna otra manera de abonar ese importe. Mis tarjetas argentinas están monetizadas al dolar. Libere rechazaba el pago. De alli que recurri a  un amigo para abonar ese gasto menor vía tarjeta. El  resto del personal excelente.,"['•Viaje de ocio', '•Pareja', '•Estudio', '•Estancia de 14 noches', '•Enviado por móvil']",MadridPalacioReal
Danielsen,España,9.0,Escrito en 5 de junio de 2025,La habitación era espaciosa con buenos armarios. Muy buena ubicación.,,"['•Viaje de ocio', '•Familia con niños pequeños', '•Estudio Deluxe', '•Estancia de 2 noches', '•Enviado por móvil']",MadridPalacioReal
Soledad,Argentina,8.0,Escrito en 4 de junio de 2025,"Excelente ubicación nos constó encontrarlo pero muy céntrico a 200 mts de la estación de metro callao , gran via , llegamo a pie a todos lados","Mucho ruido afuera , no pudimos descansar bien y eso que me quedé un lunes , pero si están muy cansados casi no es problema , pero si si mucho ruido afuera","['•Viaje de ocio', '•Familia con niños pequeños', '•Estudio Deluxe', '•Estancia de 1 noche', '•Enviado por móvil']",MadridPalacioReal
Ander,España,8.0,Escrito en 22 de abril de 2025,Ubicación excepcional. Colchón cómodo. Apartamento amplio.,Relación calidad-precio muy caro. No tiene lavavajillas. En nuestro apartamento la TV no se podía ver desde la cama. Solo había una butaca para ver la TV. El plato de ducha pequeño. El lavabo pequeño. Las ventanas no cerraban bien.,"['•Viaje de ocio', '•Familia con niños pequeños', '•Estudio', '•Estancia de 7 noches']",MadridPalacioReal
Oscar,España,7.0,Escrito en 10 de abril de 2025,"Instalaciones muy buenas
La protección de datos deja mucho que desear 
Piden autorizaciónes del smartphone que no son nada recomendables",,"['•Viaje de negocios', '•Persona que viaja sola', '•Estudio', '•Estancia de 1 noche', '•Enviado por móvil']",MadridPalacioReal
Ramirez,Chile,7.0,Escrito en 26 de mayo de 2023,Lo céntrico,"Habitación con pendiente fuerte del techo,  lo que NO permite desplazarse libremente en la habitación","['•Viaje de ocio', '•Familia con niños pequeños', '•Estudio', '•Estancia de 3 noches', '•Enviado por móvil']",MadridPalacioReal
Federico,Argentina,8.0,Escrito en 25 de mayo de 2023,Bien ubicado si lo que se quiere es llegar a zonas del centro a pie. Cocina completa puedes comer si eso quieres en tu habitación.,Cerca de la propiedad hay muchos bares y por la noche puede resultar un poco ruidoso si la prioridad es descansar.,"['•Viaje de ocio', '•Persona que viaja sola', '•Estudio', '•Estancia de 7 noches', '•Enviado por móvil']",MadridPalacioReal
Leonardobv,México,9.0,Escrito en 16 de mayo de 2023,"Es un estudio muy cómodo, la ubicación es sensacional y el restaurante que está a la vuelta es mexicano y es delicioso.",Que no hay un bote de basura en la sala de estar.,"['•Viaje de ocio', '•Familia con niños pequeños', '•Estudio', '•Estancia de 2 noches', '•Enviado por móvil']",MadridPalacioReal
Rebecca,Argentina,9.0,Escrito en 9 de mayo de 2023,"La habitación hermosa, muy limpia, con todas las comodidades. la ubicación inmejorable.","Muchísimo ruido de noche, nos despertamos varias veces ya que hay una discoteca en frente. 
Incluiría plancha.","['•Viaje de ocio', '•Familia con niños pequeños', '•Estudio', '•Estancia de 1 noche', '•Enviado por móvil']",MadridPalacioReal
Ana,España,7.0,Escrito en 7 de mayo de 2023,Muy buena ubicación y todo muy cómodo. La cama era genial.,"En el baño a veces se filtraban olores al abrir los grifos y la ducha tenía muy muy poca presión.
Quizá coincidió, pero al ser la habitación en el último piso y ser un ático el techo de la habitación se hacía incómodo (muy bajo) para poder pasar al otro lado de la cama.","['•Viaje de ocio', '•Pareja', '•Apartamento de 1 dormitorio', '•Estancia de 3 noches', '•Enviado por móvil']",MadridPalacioReal
Guillermo,Colombia,9.0,Escrito en 7 de mayo de 2023,"muy agradable el lugar, todo es atraves de la app de ellos.",el cobro por dejar el equipaje,"['•Viaje de ocio', '•Pareja', '•Estudio', '•Estancia de 1 noche', '•Enviado por móvil']",MadridPalacioReal
Gabriela,Argentina,8.0,Escrito en 3 de mayo de 2023,El diseño de la habitación y la ubicacion,"Que cobren por dejar el equipaje , que me hagan esperar para entregarlo. Que no haya baño en la recepción. Que no haya té o café de cortesía para poder usar los electrodomésticos. En el baño un único jabón líquido muy incómodo a la hora de ducharse","['•Con una mascota', '•Viaje de ocio', '•Familia con niños pequeños', '•Estudio Deluxe', '•Estancia de 1 noche']",MadridPalacioReal
Marcelo,Chile,7.0,Escrito en 24 de abril de 2023,"Excelente ubicación, lindo barrio. Duplex bien  equipado, es interesante como para conocer Madrid en pocos días. Muy cerca del centro, de la Gran Vía y de todo lo que eso significa.","La cocina estaba bien equipada, pero algunos utensilios y loza muy sucios. Les hace falta tener mas cuidados en los detalles, un poco ruidoso por las noches y la mañana, se produce tráfico temprano.","['•Viaje de negocios', '•Pareja', '•Estudio Deluxe', '•Estancia de 3 noches', '•Enviado por móvil']",MadridPalacioReal
Emiliano,Uruguay,8.0,Escrito en 23 de abril de 2023,La ubicación y la comodidad de la habitación,Nos quedamos una semana y no hubo cambio de toallas,"['•Viaje de ocio', '•Pareja', '•Estudio', '•Estancia de 6 noches']",MadridPalacioReal
Oscar,España,7.0,Escrito en 17 de abril de 2023,Ubicación.,"El concepto de no tener personal de cara al público… demasiado frío, aún cuando hay un sistema de atención online que, por suerte, no llegamos a necesitar mas allá del registro. 
Se le nota algo batallero.","['•Viaje de ocio', '•Pareja', '•Estudio', '•Estancia de 2 noches', '•Enviado por móvil']",MadridPalacioReal
Patricia,España,8.0,Escrito en 4 de abril de 2023,,Ruido en la habitación de fuera,"['•Viaje de ocio', '•Familia con niños pequeños', '•Estudio Deluxe', '•Estancia de 3 noches', '•Enviado por móvil']",MadridPalacioReal
Gonzalo,Uruguay,7.0,Escrito en 3 de abril de 2023,,El desayuno un desastre. Regalado es caro.,"['•Viaje de ocio', '•Pareja', '•Estudio', '•Estancia de 3 noches', '•Enviado por móvil']",MadridPalacioReal
Cinthia,Argentina,9.0,Escrito en 29 de marzo de 2023,,"la puerta del baño tiene deja una hendija abierta Fe por los menos 1 cm, lo que da una intimidad nula. No es demasiado cómodo para 3 adultos","['•Viaje de ocio', '•Familia con niños pequeños', '•Estudio Deluxe', '•Estancia de 12 noches', '•Enviado por móvil']",MadridPalacioReal
Joanna,España,7.0,Escrito en 26 de marzo de 2023,El sistema automatizado me pareció excelente. Me parece super práctico que por pagar el suplemento de mascota coloquen en la habitación platitos y una camita.,"No me gusto la distribución de la habitación, la mesa para trabajar era grande pero el espacio muy pequeño, en en resumen nada cómoda para 2 personas.","['•Viaje de ocio', '•Pareja', '•Estudio', '•Estancia de 3 noches']",MadridPalacioReal
Javi,España,9.0,Escrito en 23 de marzo de 2023,"ubicación, la limpieza, la amplitud, dos baños ventanales luz que entraba muchas toallas secador nevera vitro",el colchón del sofá cama y las almohadas de la cama de arriba,"['•Viaje de ocio', '•Familia con niños pequeños', '•Estudio Dúplex', '•Estancia de 1 noche', '•Enviado por móvil']",MadridPalacioReal
Esteban,España,9.0,Escrito en 19 de marzo de 2023,"Comodidad, colchón y almohadas perfectas",Las campanas matinales,"['•Viaje de ocio', '•Pareja', '•Estudio', '•Estancia de 1 noche', '•Enviado por móvil']",MadridPalacioReal
Saray,Chile,8.0,Escrito en 12 de marzo de 2023,"Estaba muy bien ubicado, a pocos minutos de la estación de metro callao y sol.","El baño no era cómodo, habian piezas del porcelanato rotas en el plato de la ducha. Los platos no estaban bien lavados.","['•Viaje de ocio', '•Familia con niños pequeños', '•Estudio', '•Estancia de 4 noches', '•Enviado por móvil']",MadridPalacioReal
Wix,España,9.0,Escrito en 6 de marzo de 2023,"Esta genial, muy comodo, practico, minimalista, limpio… En cuanto al apartamento todo genial!","La comunicación con el personal es un poco complicada, no hay nadie físicamente para atenderte y el timbre llama como a una centralita, en mas de una ocasion se me corto la llamada y vuelta a empezar a contarlo todo de 0… Pero el personal es muy amable.","['•Viaje de ocio', '•Grupo', '•Estudio', '•Estancia de 1 noche', '•Enviado por móvil']",MadridPalacioReal
Itziar,España,7.0,Escrito en 25 de febrero de 2023,"Ubicación excelente. El apartamento ubicado en la última planta. Muy tranquilo y cómodo. Como era abuardillado, la zona común un poco oscura, pero agradable y la habitación muy confortable.","No es económico, pero la ubicación es muy buena y el apartamento cómodo","['•Viaje de ocio', '•Familia con niños pequeños', '•Apartamento de 1 dormitorio', '•Estancia de 2 noches', '•Enviado por móvil']",MadridPalacioReal
Gonzalo,Argentina,8.0,Escrito en 19 de febrero de 2023,,el ruido de noche era muy intenso,"['•Viaje de ocio', '•Pareja', '•Estudio', '•Estancia de 4 noches', '•Enviado por móvil']",MadridPalacioReal
Juan,España,8.0,Escrito en 5 de febrero de 2023,localização,escalones para llegar a elevador,"['•Viaje de negocios', '•Pareja', '•Estudio', '•Estancia de 2 noches', '•Enviado por móvil']",MadridPalacioReal
María,España,8.0,Escrito en 24 de enero de 2023,"Ubicación ideal, habitación amplia y camas cómodas.","MUY ruidoso, se escucha durante toda la madrugada el trasiego de personas y coches en la calle, una pena.","['•Viaje de ocio', '•Pareja', '•Estudio', '•Estancia de 3 noches', '•Enviado por móvil']",MadridPalacioReal
Roberto,España,9.0,Escrito en 2 de enero de 2023,,"Creo que faltó un pequeño kit para cocinar, como aceite y sal, ya que comprar un litro de aceite y un paquete de sal es excesivo para un fin de semana","['•Viaje de ocio', '•Pareja', '•Estudio', '•Estancia de 2 noches', '•Enviado por móvil']",MadridPalacioReal
Valeria,Argentina,8.0,Escrito en 15 de diciembre de 2022,"La ubicación y el departamento muy cómodos, son lindos. Es igual a lo que muestran las imágenes.  Genial que me dijeron un cama, comedero y bebedero para mi perro.","Que no haya NADIE para recibirte, si bien dsp de que tuve inconvenientes con el check in alguien apareció muy amable, pero igual, alguien que te ayude con las valijas sería bueno. Tampoco me gusto para nada que al ser un hotel apto mascota, salí menos de 1 hora sola, dejando a mi perro un rato solo y me enviaron un email que los vecinos se quejaban de que ladraba, yo tengo una cámara que uso cuando lo dejo solo y solo ladró unos segundos después que me fui, luego se calmo y durmió. Me dijeron recién ahí que no podía dejarlo más de 2 horas solo... deberían avisar cuando confirman la reserva y eso que yo notifiqué que iba con un perro antes de reservar. Los que llevan mascotas, q lo tengan en cuenta. Tampoco me gusto el sistema para ingresar al edificio, fallaba bastante y no permitía colocar la clave que te dan y pasaba unos minutos afuera muerta de frío hasta q conseguía que alguien me atendiera por teléfono. Esas cosas me incomodaron.","['•Con una mascota', '•Viaje de ocio', '•Persona que viaja sola', '•Estudio', '•Estancia de 3 noches']",MadridPalacioReal
Leticia,España,10.0,Escrito en 15 de diciembre de 2025,"En pleno centro de Madrid , limpísimo. Decoración exquisita , con dos balcones a la Plaza de San Martin con mucha luz natural . Perfecto",,"['•Viaje de ocio', '•Grupo', '•Estudio Dúplex', '•Estancia de 1 noche', '•Enviado por móvil']",MadridPalacioReal
Mariajose,España,5.0,Escrito en 18 de abril de 2024,La ubicación genial,"Muy ruidoso,camas incomodas","['•Viaje de ocio', '•Grupo', '•Estudio Dúplex', '•Estancia de 1 noche', '•Enviado por móvil']",MadridPalacioReal
Ignacio,España,10.0,Escrito en 28 de marzo de 2024,El espacio y la habitación y el detalle al llegar y el kit de limpieza en la cocina,Había un papel de chocolatina en el suelo,"['•Viaje de ocio', '•Familia con niños pequeños', '•Estudio Deluxe', '•Estancia de 1 noche', '•Enviado por móvil']",MadridPalacioReal
Amaia,España,6.0,Escrito en 19 de marzo de 2024,"Nos tocó ell último piso, el apartamento bien. La única pega el cuarto de baño, no tenía ventilación y olía a tuberías.",El olor del cuarto de baño.,"['•Viaje de ocio', '•Pareja', '•Estudio', '•Estancia de 2 noches']",MadridPalacioReal
Cristina,España,10.0,Escrito en 9 de marzo de 2024,Nos encantó el espacio abierto que tenía el apartamento. Estaba todo muy limpio. Dejaron detallitos para nosotros y nuestra perrita.,El colchón del sofá cama era mejorable. Por la noche se escucha el ruido de la gente que sale del pub de abajo y se quedan en la calle.,"['•Viaje de ocio', '•Familia con niños pequeños', '•Estudio Dúplex', '•Estancia de 2 noches', '•Enviado por móvil']",MadridPalacioReal
Marta,España,5.0,Escrito en 19 de febrero de 2024,Localización,"Mucho ruido de la calle, las ventanas no cierran bien, pasa el frío y se escuchan las conversaciones . hace frío la. Calefacción es por split nunca llega a calentarse .","['•Viaje de ocio', '•Familia con niños pequeños', '•Estudio Deluxe', '•Estancia de 2 noches', '•Enviado por móvil']",MadridPalacioReal
Anna,España,10.0,Escrito en 15 de febrero de 2024,"Mucho, nos encanto. Posición súper ideal, muy acogedor.","El baño, creo que para lo bonita que es la habitación el baño habría que valorarlo de alguna manera","['•Viaje de ocio', '•Pareja', '•Estudio', '•Estancia de 1 noche', '•Enviado por móvil']",MadridPalacioReal
Isabel,España,5.0,Escrito en 24 de enero de 2024,Ubicacion,Poca limpieza. Ruido fuerte,"['•Familia con niños pequeños', '•Estudio', '•Estancia de 1 noche', '•Enviado por móvil']",MadridPalacioReal
Glenda,España,10.0,Escrito en 22 de enero de 2024,"La habitación con todo lo necesario y limpio. Además con una mini terraza, muy agradable",,"['•Viaje de ocio', '•Familia con niños pequeños', '•Estudio', '•Estancia de 2 noches', '•Enviado por móvil']",MadridPalacioReal
Enrique,Países Bajos,6.0,Escrito en 12 de enero de 2024,"Limpiar las habitaciones diario, y cambiar las toallas diario",,"['•Viaje de ocio', '•Persona que viaja sola', '•Estudio', '•Estancia de 2 noches', '•Enviado por móvil']",MadridPalacioReal
Jfr2011,España,1.0,Escrito en 3 de enero de 2024,"La ubicación, la idea de self check in","Por lo bonito q parece, Evita este alojamiento para ahorrarte tu dinero y estres. Primero, han publicado fotos que no era el que hemos reservado, y al avisarles q hemos reservado un suite con la mejor distribucion (que costaba mas), han cambiado las fotos publicados con la explicacion de las fotos no suelen reflejar los suites exactamente. Encima, nos dijo que el que estuvimos era ya un upgrade, mejor que la original..y claramente no era ni lo que eligio basado en las fotos.
Pues si era el suite mejor pq tenia el televisor roto? Al avisar tampoco lo arreglaron. Ademas, la calefacción no funciona, paredes finos, luces antiguos, mantas/almohadas sucias, decoración de calidad básica como de un estudiante..
Comunicación del personal es escaso e impersonal- por teléfono era una mujer muy borde y un hombre inutil. Mejor comunicar con los agente online, pero como dicho antes, Dan escusas y no hacen un seguimiento de las problemas del suite que he comunicado.
He alquilando varias veces los SMART checkins y funciona muy bien, pero en este caso parece una excusa para ser vago en el tratamiento de los huespedes.
Casi 700€ para 4 noches (ya descontado por ser Genius 3 en Booking), he podido haber gastado en un sitio mejor para asegurar que la visita de mis padres sea al minimo funcional...","['•Viaje de ocio', '•Familia con niños pequeños', '•Estudio Dúplex', '•Estancia de 4 noches', '•Enviado por móvil']",MadridPalacioReal
David,España,6.0,Escrito en 25 de diciembre de 2023,LIMPIEZA,"CAMAS, INCOMODAS Y PEQUEÑAS","['•Viaje de ocio', '•Familia con niños pequeños', '•Estudio Dúplex', '•Estancia de 2 noches']",MadridPalacioReal
Guillermo,España,10.0,Escrito en 5 de diciembre de 2023,"El alojamiento es exactamente lo que publicita en todos los aspectos. Céntrico, funcional y con atención por parte del personal tanto telefónico como presencial verdaderamente exquisita.","No tengo quejas del establecimiento. Como en cualquier alojamiento, depende del azar que coincidas con clientes poco educados y ruidosos.","['•Con una mascota', '•Viaje de ocio', '•Familia con niños pequeños', '•Estudio', '•Estancia de 8 noches']",MadridPalacioReal
Miguel,Estados Unidos,10.0,Escrito en 30 de noviembre de 2023,The location and the privacy,Es muy impersonal. No dan ningún amenities como complemento a sus huespedes.,"['•Viaje de ocio', '•Persona que viaja sola', '•Estudio Deluxe', '•Estancia de 6 noches', '•Enviado por móvil']",MadridPalacioReal
Luis,Uruguay,10.0,Escrito en 16 de noviembre de 2023,"Muy cómodo, buena relación calidad precio",,"['•Viaje de ocio', '•Familia con niños pequeños', '•Estudio', '•Estancia de 1 noche', '•Enviado por móvil']",MadridPalacioReal
Luis,Alemania,5.0,Escrito en 9 de noviembre de 2023,"La ubicación definitivamente es muy buena en cuanto a los restaurantes, puntos de interés y compras. Todo a minutos caminando.","Ruido durante toda la noche, nula insonorización de las ventanas que dan a la calle hace que dormir sea imposible, escuchas todas las platicas de las personas que circundan la plaza colindante. Es una lástima porque el departamento esta muy bien equipado, pero con niños pequeños es complicado lograr que duerman bien.","['•Con una mascota', '•Viaje de ocio', '•Familia con niños pequeños', '•Estudio Dúplex', '•Estancia de 1 noche']",MadridPalacioReal
Mª,España,10.0,Escrito en 19 de octubre de 2023,"La luz, la limpieza, la distribución, la atención...","Lo que menos el precio, sobre todo si usas muy escasamente el servicio de cocina.","['•Viaje de ocio', '•Familia con niños pequeños', '•Estudio', '•Estancia de 3 noches', '•Enviado por móvil']",MadridPalacioReal
Hugo,España,10.0,Escrito en 14 de octubre de 2023,Muy bonito muy cómodo volvería a repetir,,"['•Viaje de ocio', '•Familia con niños pequeños', '•Estudio', '•Estancia de 2 noches', '•Enviado por móvil']",MadridPalacioReal
Ana,España,10.0,Escrito en 3 de octubre de 2023,Excelente ubicación. Apartamento muy cómodo y confortable. El acceso muy fácil con las instrucciones indicadas. Repetiremos,,"['•Viaje de ocio', '•Familia con niños pequeños', '•Estudio', '•Estancia de 4 noches', '•Enviado por móvil']",MadridPalacioReal
Noemi,España,10.0,Escrito en 1 de octubre de 2023,Era muy amplio y estaba muy céntrico,Tienes que esperar hasta la hora exacta debido a que no suele haber nadie al ser automatico,"['•Viaje de ocio', '•Pareja', '•Estudio', '•Estancia de 2 noches', '•Enviado por móvil']",MadridPalacioReal
Maria,México,10.0,Escrito en 30 de septiembre de 2023,La ubicación es extraordinaria y el personal de lo más amable,No nos agradó que la limpieza se hiciera cada semana. Aunque sean departamentos es necesario que la limpieza se haga de manera regular y más que estuvimos 12 dias,"['•Viaje de ocio', '•Familia con niños pequeños', '•Estudio', '•Estancia de 13 noches', '•Enviado por móvil']",MadridPalacioReal
Rodrigo,Chile,3.0,Escrito en 24 de septiembre de 2023,La habitación no estaba mal,"Lo peor el desayuno, horrible las instalaciones para el desayuno, el cuál fue muy pobre. Nada de personal para asistir a los pasajeros, no lo recomendaría a nadie.","['•Viaje de ocio', '•Pareja', '•Estudio', '•Estancia de 1 noche']",MadridPalacioReal
Arce,Argentina,10.0,Escrito en 21 de septiembre de 2023,"Todo impecable, super lindom y la ubicación inmejorable.","Lo único que puedo criticar es el colchón del sofá cama... para dos.adultos, es muy finito y por ello incómodo.  Todo lo demás, de 10","['•Viaje de ocio', '•Familia con niños pequeños', '•Estudio Dúplex', '•Estancia de 2 noches', '•Enviado por móvil']",MadridPalacioReal
Rafael,Colombia,10.0,Escrito en 19 de septiembre de 2023,"Todo excelente, muy limpio, muy cómodo y la ubicación genial",,"['•Viaje de ocio', '•Pareja', '•Estudio', '•Estancia de 2 noches', '•Enviado por móvil']",MadridPalacioReal
Sol,España,5.0,Escrito en 14 de septiembre de 2023,Limpieza,"Se escuchaba tanto a los vecinos del otro apartamento , así como todo el ruido de la gente de la discoteca de enfrente .  También de que trate de comunicarme con el mismo hotel dos veces preguntando sobre una estancia larga y no me hicieron caso.  Además que te envían mensajes para hacer tu check out desde muy temprano a cada momento y no tienes opción de entrar al hotel si no es la hora que la App te indique lo que en la reserva no te lo indica.","['•Viaje de negocios', '•Persona que viaja sola', '•Estudio Deluxe', '•Estancia de 1 noche', '•Enviado por móvil']",MadridPalacioReal
Josue,España,3.0,Escrito en 10 de septiembre de 2023,La hubicacion,"Las fotos parecen otra cosa, el sofa cama es malísimo el colchón , y fuimos varias familias y todos igual… y la limpieza no vienen si quieres algún día que te hagan la cama o cambien sabanas 22 eur extra.","['•Viaje de ocio', '•Familia con niños pequeños', '•Estudio Deluxe', '•Estancia de 3 noches', '•Enviado por móvil']",MadridPalacioReal
Pere,España,8.0,Escrito en 22 de julio de 2024,,,"['•Viaje de negocios', '•Persona que viaja sola', '•Estudio', '•Estancia de 1 noche']",MadridPalacioReal
David,España,8.0,Escrito en 17 de julio de 2024,,,"['•Viaje de ocio', '•Pareja', '•Estudio', '•Estancia de 1 noche', '•Enviado por móvil']",MadridPalacioReal
Rosa,España,9.0,Escrito en 8 de julio de 2024,,,"['•Viaje de ocio', '•Grupo', '•Estudio', '•Estancia de 2 noches', '•Enviado por móvil']",MadridPalacioReal
Amunategui,Chile,8.0,Escrito en 8 de junio de 2024,,,"['•Viaje de ocio', '•Pareja', '•Estudio', '•Estancia de 1 noche', '•Enviado por móvil']",MadridPalacioReal
Nerea,España,8.0,Escrito en 7 de junio de 2024,,,"['•Viaje de ocio', '•Familia con niños pequeños', '•Estudio', '•Estancia de 3 noches', '•Enviado por móvil']",MadridPalacioReal
Alex,España,9.0,Escrito en 2 de junio de 2024,,,"['•Viaje de negocios', '•Grupo', '•Estudio', '•Estancia de 1 noche', '•Enviado por móvil']",MadridPalacioReal
Juan,España,9.0,Escrito en 27 de mayo de 2024,,,"['•Viaje de ocio', '•Familia con niños pequeños', '•Estudio Deluxe', '•Estancia de 2 noches']",MadridPalacioReal
Noel,España,7.0,Escrito en 20 de mayo de 2024,,,"['•Viaje de negocios', '•Persona que viaja sola', '•Estudio', '•Estancia de 1 noche']",MadridPalacioReal
Leslie,España,9.0,Escrito en 23 de abril de 2024,,,"['•Viaje de ocio', '•Familia con niños pequeños', '•Estudio', '•Estancia de 2 noches', '•Enviado por móvil']",MadridPalacioReal
Emi,Argentina,9.0,Escrito en 14 de febrero de 2024,,,"['•Viaje de ocio', '•Persona que viaja sola', '•Estudio', '•Estancia de 6 noches']",MadridPalacioReal
Johngarvaz,España,9.0,Escrito en 25 de enero de 2024,,,"['•Viaje de ocio', '•Pareja', '•Estudio Deluxe', '•Estancia de 1 noche']",MadridPalacioReal
Ebs2120,Uruguay,9.0,Escrito en 20 de enero de 2024,,,"['•Viaje de ocio', '•Familia con niños pequeños', '•Estudio Deluxe', '•Estancia de 5 noches', '•Enviado por móvil']",MadridPalacioReal
Ejaviers,Uruguay,8.0,Escrito en 18 de noviembre de 2023,,,"['•Viaje de ocio', '•Pareja', '•Estudio', '•Estancia de 2 noches', '•Enviado por móvil']",MadridPalacioReal
Tomas,España,9.0,Escrito en 29 de octubre de 2023,,,"['•Viaje de ocio', '•Pareja', '•Estudio', '•Estancia de 2 noches', '•Enviado por móvil']",MadridPalacioReal
Alejandro,España,9.0,Escrito en 22 de octubre de 2023,,,"['•Viaje de ocio', '•Pareja', '•Estudio', '•Estancia de 1 noche', '•Enviado por móvil']",MadridPalacioReal
Silvia,España,7.0,Escrito en 15 de octubre de 2023,,,"['•Viaje de ocio', '•Pareja', '•Estudio', '•Estancia de 3 noches', '•Enviado por móvil']",MadridPalacioReal
Francisco,España,8.0,Escrito en 27 de septiembre de 2023,,,"['•Viaje de ocio', '•Pareja', '•Estudio', '•Estancia de 1 noche', '•Enviado por móvil']",MadridPalacioReal
Daniel,España,9.0,Escrito en 24 de septiembre de 2023,,,"['•Viaje de ocio', '•Pareja', '•Estudio', '•Estancia de 3 noches', '•Enviado por móvil']",MadridPalacioReal
Jorge,Colombia,9.0,Escrito en 23 de septiembre de 2023,,,"['•Viaje de ocio', '•Pareja', '•Estudio', '•Estancia de 31 noches']",MadridPalacioReal
Eva,España,8.0,Escrito en 20 de septiembre de 2023,,,"['•Familia con niños pequeños', '•Estudio', '•Estancia de 1 noche', '•Enviado por móvil']",MadridPalacioReal
Lissette,Chile,8.0,Escrito en 21 de agosto de 2023,,,"['•Viaje de ocio', '•Grupo', '•Estudio', '•Estancia de 4 noches']",MadridPalacioReal
Francisco,España,8.0,Escrito en 13 de agosto de 2023,,,"['•Viaje de ocio', '•Pareja', '•Estudio', '•Estancia de 2 noches', '•Enviado por móvil']",MadridPalacioReal
Sergio,Chile,8.0,Escrito en 11 de agosto de 2023,,,"['•Viaje de ocio', '•Grupo', '•Estudio Deluxe', '•Estancia de 3 noches']",MadridPalacioReal
Tamara,España,9.0,Escrito en 24 de julio de 2023,,,"['•Viaje de ocio', '•Grupo', '•Estudio Deluxe', '•Estancia de 1 noche', '•Enviado por móvil']",MadridPalacioReal
Rosa,España,8.0,Escrito en 12 de julio de 2023,,,"['•Viaje de ocio', '•Familia con niños pequeños', '•Estudio', '•Estancia de 1 noche', '•Enviado por móvil']",MadridPalacioReal
Marcelo,Argentina,10.0,Escrito en 27 de junio de 2023,,,"['•Viaje de ocio', '•Persona que viaja sola', '•Estudio', '•Estancia de 1 noche']",MadridPalacioReal
Rosmery,España,10.0,Escrito en 20 de junio de 2023,,,"['•Viaje de ocio', '•Pareja', '•Estudio', '•Estancia de 1 noche', '•Enviado por móvil']",MadridPalacioReal
Emilio,España,6.0,Escrito en 19 de junio de 2023,,,"['•Viaje de ocio', '•Pareja', '•Estudio Deluxe', '•Estancia de 1 noche', '•Enviado por móvil']",MadridPalacioReal
María,Suiza,10.0,Escrito en 13 de junio de 2023,,,"['•Viaje de ocio', '•Pareja', '•Estudio Dúplex', '•Estancia de 1 noche', '•Enviado por móvil']",MadridPalacioReal
Carlos,Ecuador,10.0,Escrito en 6 de junio de 2023,,,"['•Viaje de ocio', '•Familia con niños pequeños', '•Estudio', '•Estancia de 2 noches', '•Enviado por móvil']",MadridPalacioReal
Juan,España,10.0,Escrito en 4 de junio de 2023,,,"['•Viaje de ocio', '•Familia con niños pequeños', '•Estudio Dúplex', '•Estancia de 2 noches', '•Enviado por móvil']",MadridPalacioReal
Esteban,España,10.0,Escrito en 15 de mayo de 2023,,,"['•Viaje de negocios', '•Pareja', '•Estudio', '•Estancia de 1 noche', '•Enviado por móvil']",MadridPalacioReal
Manuel,España,5.0,Escrito en 13 de mayo de 2023,,,"['•Viaje de ocio', '•Familia con niños pequeños', '•Estudio', '•Estancia de 3 noches', '•Enviado por móvil']",MadridPalacioReal
Torres,España,10.0,Escrito en 9 de mayo de 2023,,,"['•Viaje de negocios', '•Persona que viaja sola', '•Estudio', '•Estancia de 1 noche', '•Enviado por móvil']",MadridPalacioReal
Orlando,Venezuela,10.0,Escrito en 13 de abril de 2023,,,"['•Viaje de ocio', '•Familia con niños pequeños', '•Estudio Deluxe', '•Estancia de 1 noche', '•Enviado por móvil']",MadridPalacioReal
Olga,España,6.0,Escrito en 13 de abril de 2023,,,"['•Viaje de ocio', '•Familia con niños pequeños', '•Estudio Dúplex', '•Estancia de 1 noche']",MadridPalacioReal
Rodrigo,España,6.0,Escrito en 3 de abril de 2023,,,"['•Viaje de ocio', '•Pareja', '•Estudio', '•Estancia de 3 noches']",MadridPalacioReal
Juzape93,España,4.0,Escrito en 7 de marzo de 2023,,,"['•Viaje de negocios', '•Grupo', '•Apartamento de 1 dormitorio', '•Estancia de 7 noches']",MadridPalacioReal
Rossy,España,10.0,Escrito en 14 de febrero de 2023,,,"['•Viaje de ocio', '•Pareja', '•Estudio', '•Estancia de 1 noche', '•Enviado por móvil']",MadridPalacioReal
Juan,España,10.0,Escrito en 13 de febrero de 2023,,,"['•Viaje de ocio', '•Pareja', '•Estudio Deluxe', '•Estancia de 1 noche', '•Enviado por móvil']",MadridPalacioReal
Francesca,España,10.0,Escrito en 1 de febrero de 2023,,,"['•Pareja', '•Estudio Deluxe', '•Estancia de 4 noches', '•Enviado por móvil']",MadridPalacioReal
Alicia,España,10.0,Escrito en 22 de enero de 2023,,,"['•Viaje de ocio', '•Pareja', '•Estudio Deluxe', '•Estancia de 1 noche', '•Enviado por móvil']",MadridPalacioReal
Manuel,España,10.0,Escrito en 18 de enero de 2023,,,"['•Viaje de ocio', '•Pareja', '•Estudio', '•Estancia de 1 noche', '•Enviado por móvil']",MadridPalacioReal
Diego,España,10.0,Escrito en 13 de enero de 2023,,,"['•Viaje de negocios', '•Persona que viaja sola', '•Estudio', '•Estancia de 1 noche']",MadridPalacioReal
Correcaminos___,España,5.0,Escrito en 7 de enero de 2023,,,"['•Viaje de ocio', '•Familia con niños pequeños', '•Estudio Dúplex', '•Estancia de 2 noches', '•Enviado por móvil']",MadridPalacioReal
Angel,Alemania,1.0,Escrito en 25 de diciembre de 2022,,,"['•Viaje de ocio', '•Pareja', '•Estudio', '•Estancia de 1 noche', '•Enviado por móvil']",MadridPalacioReal
Anónimo,España,10.0,Escrito en 22 de agosto de 2025,,,"['•Viaje de ocio', '•Pareja', '•Estudio Deluxe', '•Estancia de 1 noche', '•Enviado por móvil']",MadridPalacioReal
Anónimo,España,10.0,Escrito en 8 de junio de 2025,,,"['•Viaje de ocio', '•Pareja', '•Estudio', '•Estancia de 1 noche', '•Enviado por móvil']",MadridPalacioReal
Cornelia,España,7.0,Escrito en 27 de octubre de 2025,La ubicacion,"Necesita reforma, en general esta bien, solo usamos el apartamento para dormir. Necesita reformase un poco. Fuimos en octubre y hacia mucho ruido, no me quiero imaginar los meses de temporada alta","['•Viaje de ocio', '•Grupo', '•Apartamento de 3 dormitorios', '•Estancia de 2 noches']",MalagaLaMerced
Carolina,Argentina,9.0,Escrito en 20 de septiembre de 2025,"El departamento para 2 es hermoso. Cómodo. La ubicación es excelente. Bien equipado (plancha, caja fuerte, microondas, pava eléctrica). Bien el aire acondicionado. Dan kit de bienvenida. Si bien no contactamos con nadie del apartamento, las instrucciones fueron muy claras.","La primera noche casi no pudimos dormir de los ruidos. La segunda estuvo muchísimo mejor. Calculo que también es cuestión de suerte, pero es real que las paredes no aíslan nada acústicamente.","['•Viaje de ocio', '•Pareja', '•Estudio', '•Estancia de 2 noches', '•Enviado por móvil']",MalagaLaMerced
Ezequiel,Argentina,8.0,Escrito en 26 de agosto de 2025,Bueno,Muy ruidoso.,"['•Viaje de ocio', '•Pareja', '•Estudio', '•Estancia de 3 noches', '•Enviado por móvil']",MalagaLaMerced
Pedro,España,7.0,Escrito en 22 de agosto de 2025,La ubicación del apartamento es muy buena en pleno centro de Málaga,"Es un apartamento extremadamente pequeño para 4 personas, la única puerta que existe en el apartamento es la de entrada y si está abierto el sofá cama ya no hay acceso ni a la otra cama ni a la terraza","['•Viaje de ocio', '•Grupo de amigos', '•Estudio con terraza', '•Estancia de 4 noches', '•Enviado por móvil']",MalagaLaMerced
Iván,España,7.0,Escrito en 25 de julio de 2025,,"El alojamiento es para dos personas. Para cuatro fue muy incómodo dormir en el sofá cama, además del poco espacio","['•Viaje de ocio', '•Grupo', '•Estudio con terraza', '•Estancia de 1 noche', '•Enviado por móvil']",MalagaLaMerced
Cuevas,España,9.0,Escrito en 14 de julio de 2025,Muy cómoda,Un poco de ruido y la televisión se enciende sola al conectarse otros huéspedes a netflix o aplicaciones similares.,"['•Viaje de negocios', '•Persona que viaja sola', '•Estudio', '•Estancia de 3 noches', '•Enviado por móvil']",MalagaLaMerced
Manuel,España,9.0,Escrito en 11 de julio de 2025,"Prácticamente, todo, ubicación, comodidad, limpieza","Aunque no sea culpa de los gestores, tengo que decirlo, por la noche hay mucho mal educado por la calle, gritos, insultos, en fin, gentuza","['•Viaje de ocio', '•Pareja', '•Estudio', '•Estancia de 4 noches', '•Enviado por móvil']",MalagaLaMerced
Mesa,España,9.0,Escrito en 8 de junio de 2025,"Buena ubicación, muy bien equipado y muy cómoda",El aire no tiraba mucho .,"['•Viaje de ocio', '•Pareja', '•Estudio', '•Estancia de 1 noche', '•Enviado por móvil']",MalagaLaMerced
Jared,España,7.0,Escrito en 1 de junio de 2025,Muy central. el tamaño del apartamento esta bien.,No esta bien aislado del ruido.,"['•Viaje de negocios', '•Pareja', '•Estudio', '•Estancia de 1 noche']",MalagaLaMerced
Jose,España,8.0,Escrito en 15 de abril de 2025,Ubicación,El sofá un poco incomodo,"['•Viaje de ocio', '•Pareja', '•Estudio con terraza', '•Estancia de 1 noche', '•Enviado por móvil']",MalagaLaMerced
Valeriia,España,9.0,Escrito en 3 de abril de 2025,"El apartamento está ubicado en una zona súper cómoda para conocer la ciudad y llegar caminando a todos los sitios. El parking está justo al lado, y con la app entrar al apartamento fue facilísimo. La verdad es que quedé muy contenta con todo.","Deberían promover un poco más el uso de la app, porque yo entré introduciendo el código, y solo después me di cuenta de que se pueden abrir todas las puertas con el móvil a través de la aplicación.No tengo ninguna queja importante, en general todo me gustó mucho. Es cierto que hay bastante ruido en la zona donde está el apartamento, pero los tapones que vienen en el ""Welcome kit"" al llegar son un buen detalle.","['•Viaje de ocio', '•Familia con niños pequeños', '•Estudio con terraza', '•Estancia de 1 noche']",MalagaLaMerced
Luz,Estados Unidos,8.0,Escrito en 17 de marzo de 2025,Ubicación y estética del apartamento,Faltaban amenidades de  cocina y la comunicación con el personal no fue gran buena,"['•Viaje de ocio', '•Grupo', '•Apartamento de 3 dormitorios', '•Estancia de 1 noche', '•Enviado por móvil']",MalagaLaMerced
Mari,España,7.0,Escrito en 21 de febrero de 2025,El sitio muy centrico,"Hay mucho ruido, no esta bien insonorizado y al estar en pleno centro se nota","['•Viaje de negocios', '•Familia con niños pequeños', '•Estudio', '•Estancia de 1 noche', '•Enviado por móvil']",MalagaLaMerced
Manuel,España,8.0,Escrito en 24 de diciembre de 2024,La limpieza y ubicacion,No esta insonorizado nada se oye una mosca que pase por la calle,"['•Viaje de ocio', '•Familia con niños pequeños', '•Apartamento de 3 dormitorios', '•Estancia de 1 noche', '•Enviado por móvil']",MalagaLaMerced
Eulalia,España,8.0,Escrito en 22 de diciembre de 2024,La ubicacion es perfecta. En el centro de Malaga y con parking a 2 minutos del apartamento,"Mucho ruido y , aunque te dejan tapones para los oidos no sirven. La calle es muy centrica y hay mucho ruido. El apartamento no esta bien insonorizado. El sofa cama tambien es incomodo y,abierto impide el paso al baño de los que duermen en cama principal","['•Viaje de ocio', '•Pareja', '•Estudio con terraza', '•Estancia de 1 noche', '•Enviado por móvil']",MalagaLaMerced
Jorge,España,9.0,Escrito en 22 de diciembre de 2024,"la ubicación, está en pleno centro, y la habitación muy acogedora",,"['•Viaje de ocio', '•Pareja', '•Estudio', '•Estancia de 2 noches', '•Enviado por móvil']",MalagaLaMerced
Anastasia,España,8.0,Escrito en 12 de diciembre de 2024,La ubicación,"No me gustó que entraron al apartamento sin avisar, para dejar un papel para rellenar. Tampoco me gustó que el apartamento no se cierra por dentro. Si han entrado mientras que estábamos fuera, me hace pensar que pueden entrar de noche mientras que estamos dormidos, no sé.","['•Viaje de ocio', '•Familia con niños pequeños', '•Estudio con terraza', '•Estancia de 1 noche', '•Enviado por móvil']",MalagaLaMerced
Sheila,España,8.0,Escrito en 10 de diciembre de 2024,"Ubicacion perfecta, todo limpio",La cama algo incomoda,"['•Viaje de ocio', '•Pareja', '•Estudio', '•Estancia de 1 noche', '•Enviado por móvil']",MalagaLaMerced
Rafael,España,8.0,Escrito en 10 de diciembre de 2024,La ubicación.,Poco aislamiento de ruido.,"['•Viaje de ocio', '•Familia con niños pequeños', '•Estudio con terraza', '•Estancia de 1 noche', '•Enviado por móvil']",MalagaLaMerced
Jose,España,8.0,Escrito en 10 de diciembre de 2024,Muy bien la situación y el apartamento detallazo de bienvenida con agua y cápsulas de café y tapones para los oídos para el ruido que claro lo hacían los varenderos,Por poner algo las ventanas no quitan el ruido que entra de la calle,"['•Viaje de ocio', '•Grupo de amigos', '•Apartamento de 3 dormitorios', '•Estancia de 1 noche', '•Enviado por móvil']",MalagaLaMerced
Carmen,España,7.0,Escrito en 9 de diciembre de 2024,"La ubicacion es excelente, el apartamento estaba limpio y muy fácil de hacer el check in. Tuvimos un problema con un objeto que nos dejamos en el apartamento y el personal fue muy rápido y amable.","Al abrir el sofá cama, no queda espacio para pasar a la zona del dormitorio y tienes que pasar por encima de la cama. Además de que nos pareció algo ruidoso","['•Viaje de ocio', '•Familia con niños pequeños', '•Estudio con terraza', '•Estancia de 1 noche', '•Enviado por móvil']",MalagaLaMerced
Cristina,España,9.0,Escrito en 7 de diciembre de 2024,"La ubicación es estupenda. El apartamento estaba muy limpio. La forma de acceder al check in, cómoda y fácil. Abrimos la puerta con tan sólo acercar el móvil. El edificio tiene ascensor. La cama firme y cómoda para mi gusto.","Es una zona de tránsito de gente,  algo ruidosa. Pero a partir de la medianoche ya no hay tanto trasiego y ya no se oye nada.","['•Viaje de ocio', '•Pareja', '•Estudio', '•Estancia de 1 noche', '•Enviado por móvil']",MalagaLaMerced
Jose,España,8.0,Escrito en 4 de noviembre de 2024,"La ubicación, estaba limpio y era cómodo",La aplicación para poder entrar en el apartamento no funcionaba,"['•Viaje de ocio', '•Pareja', '•Estudio', '•Estancia de 4 noches', '•Enviado por móvil']",MalagaLaMerced
Giulietti,España,9.0,Escrito en 1 de agosto de 2024,"Limpio, bien distribuido","Alto el precio 
A la noche se escucha mucho la gente","['•Viaje de ocio', '•Pareja', '•Estudio', '•Estancia de 2 noches', '•Enviado por móvil']",MalagaLaMerced
M,España,10.0,Escrito en 11 de agosto de 2023,Muy cómodo muy tranquilo todo yo y mi pareja estuvimos súper bien  y mi mascota también gracias,Aparcamiento muy difícil pero si arregla,"['•Pareja', '•Estudio', '•Estancia de 1 noche', '•Enviado por móvil']",MalagaLaMerced
Rosa,España,10.0,Escrito en 29 de junio de 2023,"Perfecta ubicación, limpio y cama súper cómoda",Todo genial,"['•Pareja', '•Estudio', '•Estancia de 2 noches', '•Enviado por móvil']",MalagaLaMerced
Luis,Colombia,5.0,Escrito en 20 de junio de 2023,,"Se me cobro por un error en la reserva por lo cual debí pagar nuevamente, no obstante haber informado que se trataba de un error y no de cambio en la reserva. al solicitar que se considerara un cambio justificado de la reserva me respondieron que no era posible por falta de cupo, afirmación falsa, tal como quedo demostrado, lo que refleja un abuso de posición dominante.","['•Viaje de ocio', '•Persona que viaja sola', '•Estudio', '•Estancia de 1 noche', '•Enviado por móvil']",MalagaLaMerced
Rafael,España,3.0,Escrito en 29 de mayo de 2023,,La cerradura del portal no abrió bien. Tuve que intentar varias veces metiendo los números del codigo. La gente en la calle se oía mucho después de las 12 de la noche y también algun otro inquilino. El agua de la ducha se salía hacia el suelo del baño porque el sumidero no desaguaba bien.,"['•Viaje de negocios', '•Persona que viaja sola', '•Estudio', '•Estancia de 1 noche']",MalagaLaMerced
Angeles,España,3.0,Escrito en 25 de mayo de 2023,la situación.,"Me enviaron un link para hacer el enlace.
No funcionaba. Mesicen que lo haga al llegar. No funcionaba.
Tuve que esperar a una persona para que me abriera la puerta. iba muy cargada y no se molesto para ayudarme. Le dijo que no hay ascensor !! me contesta que si,pero no funciona.
se va sin decir adios.
La puntuación es de un cero .","['•Viaje de ocio', '•Pareja', '•Estudio', '•Estancia de 1 noche', '•Enviado por móvil']",MalagaLaMerced
Miguel,España,3.0,Escrito en 8 de mayo de 2023,La ubicación,"Falta de insonorizacioón del apartamento, ruidos insoportables de un almacén de vevidas desde la 6 de la mañana, olor de cañerías en el cuarto  de baño y no tener un teléfono donde llamar","['•Viaje de ocio', '•Pareja', '•Estudio', '•Estancia de 3 noches']",MalagaLaMerced
Ana,España,10.0,Escrito en 3 de mayo de 2023,"La habitación es muy bonita y funcional, me encantó el detalle de la cama y comederos para mascotas. La cocina tenía de todo. La forma de acceder con código es muy cómoda y la ubicación es ideal.","Un poco alto el precio, pero se entendía por las fechas que eran.","['•Viaje de ocio', '•Pareja', '•Estudio', '•Estancia de 4 noches']",MalagaLaMerced
Mónica,España,5.0,Escrito en 23 de febrero de 2023,,No me gustó el ruido y que no había una segunda cama cñómoda,"['•Viaje de ocio', '•Grupo', '•Estudio con terraza', '•Estancia de 1 noche']",MalagaLaMerced
María,España,5.0,Escrito en 23 de enero de 2023,buena ubicación,"no había agua caliente, se había estropeado la caldera y no fue posible arreglarlo durante mi estancia , que fue un fin de semana , me descontaron un 15%del precio por esto","['•Viaje de ocio', '•Pareja', '•Estudio', '•Estancia de 1 noche', '•Enviado por móvil']",MalagaLaMerced
Ariza,España,6.0,Escrito en 18 de enero de 2023,"la cocina, la habitación",el salón,"['•Viaje de ocio', '•Pareja', '•Estudio', '•Estancia de 2 noches', '•Enviado por móvil']",MalagaLaMerced
Maria,España,4.0,Escrito en 8 de enero de 2023,La ubicacion,El ruido y no poder dormir por los ruidos.no pudimos descansar,"['•Viaje de ocio', '•Familia con niños pequeños', '•Estudio con terraza', '•Estancia de 2 noches', '•Enviado por móvil']",MalagaLaMerced
Eduardo,España,8.0,Escrito en 17 de octubre de 2025,,,"['•Viaje de ocio', '•Pareja', '•Estudio con terraza', '•Estancia de 1 noche']",MalagaLaMerced
Francisco,España,8.0,Escrito en 7 de junio de 2025,,,"['•Viaje de ocio', '•Pareja', '•Estudio', '•Estancia de 1 noche', '•Enviado por móvil']",MalagaLaMerced
Francisco,España,9.0,Escrito en 27 de enero de 2025,,,"['•Viaje de negocios', '•Grupo de amigos', '•Estudio', '•Estancia de 1 noche', '•Enviado por móvil']",MalagaLaMerced
Yolanda,España,8.0,Escrito en 31 de diciembre de 2024,,,"['•Viaje de ocio', '•Pareja', '•Estudio', '•Estancia de 1 noche', '•Enviado por móvil']",MalagaLaMerced
Ruben,España,8.0,Escrito en 25 de diciembre de 2024,,,"['•Viaje de ocio', '•Pareja', '•Estudio', '•Estancia de 1 noche', '•Enviado por móvil']",MalagaLaMerced
Alejandro,España,9.0,Escrito en 20 de agosto de 2024,,,"['•Viaje de ocio', '•Grupo de amigos', '•Estudio con terraza', '•Estancia de 1 noche', '•Enviado por móvil']",MalagaLaMerced
Rosa,España,7.0,Escrito en 16 de julio de 2024,,,"['•Viaje de ocio', '•Pareja', '•Estudio', '•Estancia de 1 noche', '•Enviado por móvil']",MalagaLaMerced
Massa,Argentina,8.0,Escrito en 17 de junio de 2024,,,"['•Viaje de ocio', '•Familia con niños pequeños', '•Estudio con terraza', '•Estancia de 2 noches', '•Enviado por móvil']",MalagaLaMerced
Manuel,España,7.0,Escrito en 24 de mayo de 2024,,,"['•Viaje de negocios', '•Persona que viaja sola', '•Estudio', '•Estancia de 2 noches']",MalagaLaMerced
Diego,España,8.0,Escrito en 17 de diciembre de 2023,,,"['•Viaje de ocio', '•Pareja', '•Estudio', '•Estancia de 1 noche']",MalagaLaMerced
Ana,España,9.0,Escrito en 4 de noviembre de 2023,,,"['•Viaje de ocio', '•Pareja', '•Estudio', '•Estancia de 1 noche', '•Enviado por móvil']",MalagaLaMerced
Saavedra,España,9.0,Escrito en 8 de mayo de 2023,,,"['•Viaje de ocio', '•Pareja', '•Estudio', '•Estancia de 1 noche', '•Enviado por móvil']",MalagaLaMerced
Marger2008,España,9.0,Escrito en 27 de febrero de 2023,,,"['•Viaje de ocio', '•Familia con niños pequeños', '•Estudio', '•Estancia de 1 noche']",MalagaLaMerced
Ana,España,9.0,Escrito en 23 de noviembre de 2025,"La ubicación excelente..el apartamento todo genial, muy limpio y camas comodas incluido el sofá cama(hemos dormido dos adultos sin problema). La atención por  telefóno tambien excelente y muy agradable y atentos.",El no tener taquillas,"['•Viaje de ocio', '•Grupo de amigos', '•Apartamento de 1 dormitorio', '•Estancia de 1 noche', '•Enviado por móvil']",MalagaTeatroRomano
Idoia,España,9.0,Escrito en 31 de agosto de 2025,"La ubicación excelente pero a pesar de estar en pleno centro es tranquilo y genial para descansar . Las vistas desde la cama espectaculares . Mucha luz , amplio y bonita decoración.",Me gustó mucho pero por sacar una pega me hubiese gustado tener una cafetera Nespresso,"['•Viaje de ocio', '•Familia con niños pequeños', '•Estudio Dúplex', '•Estancia de 2 noches', '•Enviado por móvil']",MalagaTeatroRomano
Evaristo,España,7.0,Escrito en 31 de mayo de 2025,Situación. Limpieza.,"Toda la burocracia informática. Insufrible la entrada. Y me han cargado dos veces el costo. 2X 148,72. Espero que me devuelvan una, aunque no confío nada en su diligencia en devolver. Si en cobrar.","['•Viaje de ocio', '•Pareja', '•Apartamento de 1 dormitorio', '•Estancia de 1 noche', '•Enviado por móvil']",MalagaTeatroRomano
Susana,España,8.0,Escrito en 4 de mayo de 2025,La ubicación era genial!,El sofá era muy incómodo,"['•Viaje de negocios', '•Familia con niños pequeños', '•Apartamento de 1 dormitorio', '•Estancia de 1 noche', '•Enviado por móvil']",MalagaTeatroRomano
Miguel,España,7.0,Escrito en 2 de mayo de 2025,"Muy bien ubicado, a pesar de estar en pleno centro no se oía ruido de la calle, era muy espacioso y cuidado el diseño","En la zona del dormitorio había un ruido continuo de maquinaria, algo molesto para dormir.","['•Viaje de ocio', '•Grupo', '•Estudio Dúplex', '•Estancia de 1 noche', '•Enviado por móvil']",MalagaTeatroRomano
Javier,España,9.0,Escrito en 16 de marzo de 2025,"muy buena ubicación todo perfecto, volveré pronto",,"['•Viaje de ocio', '•Familia con niños pequeños', '•Apartamento de 1 dormitorio', '•Estancia de 1 noche', '•Enviado por móvil']",MalagaTeatroRomano
Aleksey,España,7.0,Escrito en 26 de diciembre de 2024,Las vistas desde el apartamento,"La puerta del baño no se cierra del todo, si viajas con amigos es un poco incomodo ya que se te ve por una raja y no puedes sentrate tranquilo sin saber que nadie te mirará o que no se escuche un pedo :D","['•Viaje de ocio', '•Grupo', '•Apartamento de 1 dormitorio', '•Estancia de 1 noche']",MalagaTeatroRomano
Vicente,España,7.0,Escrito en 22 de diciembre de 2024,"Ubicación, limpieza, salón con sofá. Inmejorable",único pero cama ruidosa y gastada,"['•Viaje de ocio', '•Pareja', '•Apartamento de 1 dormitorio', '•Estancia de 1 noche']",MalagaTeatroRomano
María,España,9.0,Escrito en 26 de noviembre de 2024,ubicación comodidad,horario de entrada tarde te parte el día y la comida,"['•Viaje de ocio', '•Pareja', '•Estudio', '•Estancia de 1 noche', '•Enviado por móvil']",MalagaTeatroRomano
Cristina,España,8.0,Escrito en 27 de octubre de 2024,"la ubicación y la decoración del apartamento,cama comoda! te dejan una cajita de bienvenida con agua,unas patatas y unos tapones,un detalle.",por las mañanas hay ruido desde temprano.,"['•Viaje de ocio', '•Pareja', '•Apartamento de 1 dormitorio', '•Estancia de 1 noche', '•Enviado por móvil']",MalagaTeatroRomano
Belén,España,8.0,Escrito en 28 de julio de 2024,"Ubicación excelente y muy bonito , con regalo de bienvenida y muy atentos con los animales tenía cama y comederos",Se escuchaba todo lo de fuera,"['•Viaje de ocio', '•Pareja', '•Estudio', '•Estancia de 2 noches', '•Enviado por móvil']",MalagaTeatroRomano
Paloma,España,7.0,Escrito en 21 de junio de 2024,La ubicación,El desayuno. Excesivamente caro para lo que es ...,"['•Viaje de negocios', '•Persona que viaja sola', '•Estudio', '•Estancia de 1 noche', '•Enviado por móvil']",MalagaTeatroRomano
Manuel,España,9.0,Escrito en 31 de mayo de 2024,Excelente ubicación. El diseño .,,"['•Viaje de ocio', '•Pareja', '•Estudio', '•Estancia de 1 noche', '•Enviado por móvil']",MalagaTeatroRomano
Maria,España,7.0,Escrito en 14 de abril de 2024,La Ubicación.Es muy bonito,"La iluminación escasa, pocos productos de baño, sofá incómodo.","['•Viaje de negocios', '•Pareja', '•Apartamento de 1 dormitorio', '•Estancia de 1 noche', '•Enviado por móvil']",MalagaTeatroRomano
Fidel,España,7.0,Escrito en 19 de marzo de 2024,La ubicación,"No hay nadie para recibir a los huéspedes, ningún teléfono de contacto, necesito mi factura y no hay un lugar donde reclamarla porque no hay comunicación con los clientes","['•Viaje de negocios', '•Persona que viaja sola', '•Apartamento de 1 dormitorio', '•Estancia de 4 noches', '•Enviado por móvil']",MalagaTeatroRomano
José,España,7.0,Escrito en 8 de febrero de 2024,Emplazamiento y amplitud espacio y tamaño de cama,Falta de mobiliario y ruido poco aislamiento acústico entre habitaciones,"['•Viaje de negocios', '•Persona que viaja sola', '•Estudio', '•Estancia de 1 noche', '•Enviado por móvil']",MalagaTeatroRomano
Pilar,España,8.0,Escrito en 26 de enero de 2024,"Me ha gustado mucho la estancia, muy agradable, estupenda ubicación y el apartamento precioso. El servicio de atención al público dia telefónica, estupendo.",Añadiría lamparitas de lectura a cada lado de la cama y tabla de planchar y plancha ;-) Por lo demás el apartamento es estupendo.,"['•Viaje de ocio', '•Pareja', '•Estudio', '•Estancia de 1 noche']",MalagaTeatroRomano
Hind,España,9.0,Escrito en 14 de enero de 2024,Ubicación excelente. Limpio y cómodo.,Había pedido una cama doble y me dieron dos individuales,"['•Viaje de negocios', '•Familia con niños pequeños', '•Estudio', '•Estancia de 1 noche', '•Enviado por móvil']",MalagaTeatroRomano
Francisco,España,8.0,Escrito en 9 de enero de 2024,Muy bien buena ubicación,La ducha,"['•Viaje de ocio', '•Familia con niños pequeños', '•Apartamento de 1 dormitorio', '•Estancia de 1 noche', '•Enviado por móvil']",MalagaTeatroRomano
Jesús,España,7.0,Escrito en 4 de enero de 2024,La ubicación,"La atención y la falta de personal físico , cuando llegamos al apartamento después de mucho tiempo intentando acceder por internet, la recepción fue de un perro ladrando justo en la puerta de al lado , si hubiese sabido que aceptaban mascotas no hubiese ido","['•Viaje de ocio', '•Familia con niños pequeños', '•Apartamento de 1 dormitorio', '•Estancia de 1 noche', '•Enviado por móvil']",MalagaTeatroRomano
Carmen,España,8.0,Escrito en 2 de enero de 2024,La ubicación,Todo fue correcto,"['•Viaje de ocio', '•Familia con niños pequeños', '•Apartamento de 1 dormitorio', '•Estancia de 1 noche', '•Enviado por móvil']",MalagaTeatroRomano
Norma,España,8.0,Escrito en 10 de diciembre de 2023,Ubicación inmejorable,Muy caro y la limpieza mejorable (habia comida de huespedes anteriores en la nevera). Es incomodo que el baño este en la planta de abajo y el dormitorio arriba. Fue muy caro,"['•Viaje de ocio', '•Familia con niños pequeños', '•Estudio Dúplex', '•Estancia de 2 noches', '•Enviado por móvil']",MalagaTeatroRomano
Francisco,España,9.0,Escrito en 10 de diciembre de 2023,"La ubicación, la amplitud y la limpieza de la habitación; es tal cual aparece en las fotos o incluso mejor. También el hecho de poder acceder con libertad sin necesidad de lidiar con personal.","Solicité cama doble por ocasión especial, pero no se me facilitó. La hora de salida a las 11 de la mañana la retrasaría un poco. Medio te obligan a contratar el late check out.","['•Viaje de ocio', '•Familia con niños pequeños', '•Estudio', '•Estancia de 1 noche', '•Enviado por móvil']",MalagaTeatroRomano
Juan,España,9.0,Escrito en 7 de diciembre de 2023,"Ubicación, decoración, sistema de entrar con la aplicación, presión  y caudal agua caliente, camas cómodas, vistas….",El olor a desagüe del baño.,"['•Viaje de ocio', '•Pareja', '•Estudio', '•Estancia de 2 noches', '•Enviado por móvil']",MalagaTeatroRomano
Lola,España,5.0,Escrito en 29 de julio de 2023,"Edificio bonito, muy céntrico, limpio y bien conservado","La televisión del apartamento no se corresponde con la que figura en las fotos, era una televisión pequeñita.
Una de las noches saltó la alarma y estuvo soñando ininterrumpidamente durante una hora.","['•Viaje de ocio', '•Pareja', '•Estudio', '•Estancia de 4 noches', '•Enviado por móvil']",MalagaTeatroRomano
Ana,España,6.0,Escrito en 22 de julio de 2023,"La ubicación excepcional. Centro de Málaga, cerca de todo tipo de comercios y restaurantes",Control de los huéspedes. Tuvimos una piara de guiris poniendo música y metiendo gritos en el rellano desde las 5 de la mañana hasta las 8.,"['•Viaje de ocio', '•Familia con niños pequeños', '•Apartamento de 1 dormitorio', '•Estancia de 1 noche', '•Enviado por móvil']",MalagaTeatroRomano
Antonio,España,10.0,Escrito en 19 de julio de 2023,La ubicación,Un balcón o terraza,"['•Viaje de ocio', '•Familia con niños pequeños', '•Apartamento de 1 dormitorio', '•Estancia de 3 noches', '•Enviado por móvil']",MalagaTeatroRomano
Pedro,España,10.0,Escrito en 17 de julio de 2023,Situación,Algo de ruido x la noche en la calle,"['•Viaje de ocio', '•Familia con niños pequeños', '•Estudio', '•Estancia de 1 noche', '•Enviado por móvil']",MalagaTeatroRomano
Belen,España,10.0,Escrito en 16 de julio de 2023,Ubicación perfecta en pleno centro de Málaga y todo muy nuevo con decoración bonita y además muy limpio. Nos encantó. Fácil check in con llave digital en tu móvil.,,"['•Viaje de ocio', '•Pareja', '•Estudio', '•Estancia de 1 noche', '•Enviado por móvil']",MalagaTeatroRomano
Maria,España,10.0,Escrito en 14 de julio de 2023,Situación y limpieza,Me gustó todo,"['•Viaje de ocio', '•Familia con niños pequeños', '•Estudio', '•Estancia de 4 noches', '•Enviado por móvil']",MalagaTeatroRomano
Monica,España,6.0,Escrito en 9 de mayo de 2023,la ubicación es buena ya que está en centro turistico de Málaga.,"sobre todo las ventanas de los miradores,  dos de ellas no cerraban bien y se oia todo el ruido   sobre todo el nocturno por estar en centro de ocio de bares y restaurantes (muy dificil dormir ) tampoco tenia contraventanas un mirador por lo que entraba   la luz. Lo demás está bien salvo el armario muy pequeño y solo con barra ,","['•Viaje de ocio', '•Pareja', '•Estudio', '•Estancia de 4 noches']",MalagaTeatroRomano
Natalia,España,10.0,Escrito en 22 de abril de 2023,Todo,,"['•Familia con niños pequeños', '•Apartamento de 1 dormitorio', '•Estancia de 1 noche', '•Enviado por móvil']",MalagaTeatroRomano
Julio,España,10.0,Escrito en 9 de abril de 2023,La amabilidad del personal,Nada,"['•Viaje de ocio', '•Grupo de amigos', '•Estudio', '•Estancia de 1 noche', '•Enviado por móvil']",MalagaTeatroRomano
Eva,España,6.0,Escrito en 3 de abril de 2023,El desayuno fantástico,Sofá cama para los niños,"['•Viaje de ocio', '•Familia con niños pequeños', '•Apartamento de 1 dormitorio', '•Estancia de 2 noches', '•Enviado por móvil']",MalagaTeatroRomano
Tirado,España,10.0,Escrito en 27 de marzo de 2023,la ubicación la limpieza,,"['•Viaje de ocio', '•Pareja', '•Estudio Dúplex', '•Estancia de 1 noche', '•Enviado por móvil']",MalagaTeatroRomano
Jose,España,6.0,Escrito en 18 de marzo de 2023,no. Nada que ver con fotos,Ruidoso. incómodo. Agobiante,"['•Viaje de ocio', '•Pareja', '•Apartamento de 1 dormitorio', '•Estancia de 2 noches', '•Enviado por móvil']",MalagaTeatroRomano
Javier,España,3.0,Escrito en 8 de marzo de 2023,"Esta muy bien ubicado y todo muy limpio,tiene muchas toallas extra y menaje","No dispone de portero automático, solo entras con código y si viene alguien tienes que bajar a abrirle o darle el código , un verdadero fastidio","['•Viaje de ocio', '•Persona que viaja sola', '•Apartamento de 1 dormitorio', '•Estancia de 1 noche', '•Enviado por móvil']",MalagaTeatroRomano
Fabio,España,1.0,Escrito en 4 de marzo de 2023,,,"['•Viaje de ocio', '•Pareja', '•Estudio', '•Estancia de 1 noche', '•Enviado por móvil']",MalagaTeatroRomano
Maria,España,5.0,Escrito en 26 de febrero de 2023,,"No hemos podido descansar por el ruido de la calle, íbamos con niños y era imposible   ya que el salón era un botellon hasta las 6 de la mañana. En la habitación se escuchaba bastante menos pero en el salón imposible.","['•Viaje de ocio', '•Familia con niños pequeños', '•Apartamento de 1 dormitorio', '•Estancia de 1 noche', '•Enviado por móvil']",MalagaTeatroRomano
Anónimo,España,10.0,Escrito en 2 de noviembre de 2025,,La ducha perdía agua y se mojó bastante el baño. Para estancia de una noche no fue un problema mayor,"['•Viaje de ocio', '•Pareja', '•Apartamento de 1 dormitorio', '•Estancia de 1 noche', '•Enviado por móvil']",MalagaTeatroRomano
Anónimo,España,10.0,Escrito en 29 de julio de 2023,"Las instalaciones, la limpieza y la ubicación perfecto.","No me ha gustado la recepción, era todo digital y cuando quería hacer consultas tenía que llamar .","['•Viaje de ocio', '•Familia con niños pequeños', '•Apartamento de 1 dormitorio', '•Estancia de 1 noche', '•Enviado por móvil']",MalagaTeatroRomano
Albert,España,9.0,Escrito en 10 de diciembre de 2025,,,"['•Viaje de ocio', '•Persona que viaja sola', '•Estudio', '•Estancia de 1 noche', '•Enviado por móvil']",MalagaTeatroRomano
Fernando,España,9.0,Escrito en 2 de diciembre de 2025,,,"['•Viaje de ocio', '•Familia con niños pequeños', '•Apartamento de 1 dormitorio', '•Estancia de 1 noche', '•Enviado por móvil']",MalagaTeatroRomano
Virginia,España,9.0,Escrito en 8 de noviembre de 2025,,,"['•Viaje de ocio', '•Familia con niños pequeños', '•Apartamento de 1 dormitorio', '•Estancia de 1 noche', '•Enviado por móvil']",MalagaTeatroRomano
Angel,España,9.0,Escrito en 19 de octubre de 2025,,,"['•Familia con niños pequeños', '•Apartamento de 1 dormitorio', '•Estancia de 1 noche', '•Enviado por móvil']",MalagaTeatroRomano
Jose,España,7.0,Escrito en 31 de julio de 2025,,,"['•Viaje de negocios', '•Persona que viaja sola', '•Apartamento de 1 dormitorio', '•Estancia de 2 noches', '•Enviado por móvil']",MalagaTeatroRomano
Margarita,España,8.0,Escrito en 4 de mayo de 2025,,,"['•Viaje de ocio', '•Familia con niños pequeños', '•Apartamento de 1 dormitorio', '•Estancia de 1 noche', '•Enviado por móvil']",MalagaTeatroRomano
Maria,España,9.0,Escrito en 30 de marzo de 2025,,,"['•Viaje de ocio', '•Pareja', '•Estudio', '•Estancia de 1 noche', '•Enviado por móvil']",MalagaTeatroRomano
Rojas,España,9.0,Escrito en 24 de marzo de 2025,,,"['•Viaje de ocio', '•Familia con niños pequeños', '•Apartamento de 1 dormitorio', '•Estancia de 1 noche', '•Enviado por móvil']",MalagaTeatroRomano
Ines,España,10.0,Escrito en 23 de febrero de 2023,,,"['•Viaje de ocio', '•Pareja', '•Apartamento de 1 dormitorio', '•Estancia de 2 noches', '•Enviado por móvil']",MalagaTeatroRomano
Denisas,España,10.0,Escrito en 11 de febrero de 2023,,,"['•Viaje de ocio', '•Familia con niños pequeños', '•Estudio', '•Estancia de 3 noches', '•Enviado por móvil']",MalagaTeatroRomano
Anónimo,España,8.0,Escrito en 27 de agosto de 2025,,,"['•Viaje de ocio', '•Pareja', '•Estudio', '•Estancia de 1 noche']",MalagaTeatroRomano
Jose,España,9.0,Escrito en 15 de diciembre de 2025,Mucho,La manera de reservar como éramos seis fue algo tediosa pero todo genial,"['•Viaje de ocio', '•Familia con niños pequeños', '•Apartamento de 2 dormitorios', '•Estancia de 2 noches', '•Enviado por móvil']",PamplonaYamaguchi
Fernando,España,9.0,Escrito en 14 de diciembre de 2025,Bien ubicado y muy limpio,Un poco apretado el apartamento,"['•Viaje de ocio', '•Familia con niños pequeños', '•Apartamento de 1 dormitorio', '•Estancia de 2 noches', '•Enviado por móvil']",PamplonaYamaguchi
Gabriel,Argentina,9.0,Escrito en 14 de diciembre de 2025,"La ubicación, el equipamiento y la decoración",Pequeño para 4 personas,"['•Viaje de negocios', '•Grupo', '•Apartamento de 1 dormitorio', '•Estancia de 6 noches']",PamplonaYamaguchi
Montserrat,España,9.0,Escrito en 11 de diciembre de 2025,La funcionalidad del apartamento,Nada,"['•Pareja', '•Estudio', '•Estancia de 1 noche', '•Enviado por móvil']",PamplonaYamaguchi
Benja,España,10.0,Escrito en 9 de diciembre de 2025,Ubicacion muy tranquila y la calidad del apartamento,,"['•Viaje de ocio', '•Pareja', '•Estudio', '•Estancia de 5 noches', '•Enviado por móvil']",PamplonaYamaguchi
Carmen,España,9.0,Escrito en 7 de diciembre de 2025,"La estética del apartamento, limpio",El sofá cama era incomodo ⁰,"['•Grupo de amigos', '•Apartamento de 2 dormitorios', '•Estancia de 1 noche', '•Enviado por móvil']",PamplonaYamaguchi
Edurne,España,10.0,Escrito en 6 de diciembre de 2025,,"Una pequeña pega, el colchón, por lo demás todo de 10.","['•Viaje de ocio', '•Familia con niños pequeños', '•Apartamento de 1 dormitorio', '•Estancia de 1 noche', '•Enviado por móvil']",PamplonaYamaguchi
Caxarel,España,8.0,Escrito en 3 de diciembre de 2025,estudio comodo con habitacion y cama comfort bien equipado,hacer todo el check in y check out yo mismo a una perdona mayor es imposible tambien 100%vertual si no lees bien como la hora de salida vence el codigo y te quedas fuera,"['•Pareja', '•Apartamento de 1 dormitorio', '•Estancia de 1 noche', '•Enviado por móvil']",PamplonaYamaguchi
Yanet,España,9.0,Escrito en 27 de noviembre de 2025,La limpieza y la pulcritud,"Check in complicado
Falta más utensilios en la cocina","['•Viaje de ocio', '•Pareja', '•Estudio', '•Estancia de 1 noche', '•Enviado por móvil']",PamplonaYamaguchi
Hernan,Panamá,10.0,Escrito en 23 de noviembre de 2025,Ubicación y comodidad,Nada,"['•Viaje de ocio', '•Persona que viaja sola', '•Estudio', '•Estancia de 8 noches', '•Enviado por móvil']",PamplonaYamaguchi
Callupe,Perú,10.0,Escrito en 23 de noviembre de 2025,Equipamiento.,Faltaron algunos implementos de cocina como tazones para preparar ensaladas.,"['•Viaje de ocio', '•Pareja', '•Apartamento de 1 dormitorio', '•Estancia de 3 noches', '•Enviado por móvil']",PamplonaYamaguchi
Adelina,España,10.0,Escrito en 12 de noviembre de 2025,"Un poco lejos del centro, apartamentl muy bien equipado y nuevo.",El sofa cama a mejorar muy incomodo para niño de 13 años.,"['•Viaje de ocio', '•Grupo de amigos', '•Apartamento de 1 dormitorio', '•Estancia de 4 noches', '•Enviado por móvil']",PamplonaYamaguchi
Ivette,Estados Unidos,9.0,Escrito en 12 de noviembre de 2025,"Esta super bien ubicada, muy confortable y muy bonitas instalaciones","Que no dejaron suficiente papel del baño, 2 rollos a medias para una estancia de 5 dias, no tienen plancha y como concepto de apartamento o apartahotel podrían dejar lo mínimo para cocinar, sal, pimienta y aceite.","['•Viaje de ocio', '•Persona que viaja sola', '•Estudio', '•Estancia de 5 noches', '•Enviado por móvil']",PamplonaYamaguchi
Mireia,España,8.0,Escrito en 8 de noviembre de 2025,Todo,Que sea todo con tecnología,"['•Viaje de ocio', '•Pareja', '•Estudio', '•Estancia de 1 noche', '•Enviado por móvil']",PamplonaYamaguchi
L,España,9.0,Escrito en 5 de noviembre de 2025,Todo muy limpio,,"['•Viaje de ocio', '•Pareja', '•Estudio', '•Estancia de 7 noches', '•Enviado por móvil']",PamplonaYamaguchi
Luis,España,9.0,Escrito en 3 de noviembre de 2025,"El alojamiento en sí y la ubicación, fenomenales","Las plazas de parking son estrechas, si tu coche es grandes, sufres; pero es verdad que es un problema muy común hoy en día vayas donde vayas al fabricarse hoy en día coches más grandes que antes","['•Viaje de ocio', '•Pareja', '•Apartamento de 1 dormitorio', '•Estancia de 2 noches', '•Enviado por móvil']",PamplonaYamaguchi
Gimena,Argentina,10.0,Escrito en 26 de octubre de 2025,"Todo es muy lindo, desde la entrada, no hay recepción. El departamento es muy amplio y comodo, te viene un kit de bienvenida, el lavarropas tiene secadora incluida. Todo muy cómodo y funcionando perfectamente.",,"['•Viaje de ocio', '•Grupo de amigos', '•Apartamento de 1 dormitorio', '•Estancia de 1 noche', '•Enviado por móvil']",PamplonaYamaguchi
Maria,España,10.0,Escrito en 22 de octubre de 2025,"Perfecto, solo nos alojamos una noche porque fuimos a la clínica universitaria. El apartamento se encuentra a 10 minutos andando.",,"['•Pareja', '•Estudio', '•Estancia de 1 noche', '•Enviado por móvil']",PamplonaYamaguchi
Ana,España,9.0,Escrito en 19 de octubre de 2025,Comodidad y limpio,Faltaban detergente y trapos de cocina,"['•Grupo de amigos', '•Apartamento de 2 dormitorios', '•Estancia de 1 noche', '•Enviado por móvil']",PamplonaYamaguchi
Ricardo,España,8.0,Escrito en 12 de octubre de 2025,"Situación , limpieza , amabilidad del personal",Solamente que Se oía ruido por la noche de la calle : coches y gente hablando . Te despertaba . No buena insonorización,"['•Viaje de ocio', '•Familia con niños pequeños', '•Apartamento de 2 dormitorios', '•Estancia de 1 noche', '•Enviado por móvil']",PamplonaYamaguchi
Sofía,Países Bajos,10.0,Escrito en 5 de octubre de 2025,"Súper recomendable! Nos encantó, muy cómodo y bien ubicado",,"['•Viaje de ocio', '•Pareja', '•Estudio', '•Estancia de 2 noches', '•Enviado por móvil']",PamplonaYamaguchi
Jannett,España,10.0,Escrito en 2 de octubre de 2025,"Todo perfecto y  la habitación es maravillosa para ir a pasar unos días, además desde recepción necesite su ayuda en una ocasión y fue todo perfecto, repetiría sin duda",Todo perfecto,"['•Viaje de ocio', '•Pareja', '•Estudio', '•Estancia de 3 noches', '•Enviado por móvil']",PamplonaYamaguchi
Alejandro,España,8.0,Escrito en 28 de septiembre de 2025,La distribución del apartamento,Parking caro y las zonas cercanas para aparcar son de pago,"['•Viaje de ocio', '•Pareja', '•Apartamento de 1 dormitorio', '•Estancia de 1 noche']",PamplonaYamaguchi
Antonio,España,10.0,Escrito en 24 de septiembre de 2025,"La ubicación está genial, las instalaciones y la limpieza, en fin todo fue muy bueno",,"['•Viaje de ocio', '•Pareja', '•Estudio', '•Estancia de 1 noche', '•Enviado por móvil']",PamplonaYamaguchi
Maria,España,8.0,Escrito en 31 de mayo de 2025,"El apartamento tiene todo lo necesario para que una pareja esté cómoda. Tiene lavadora-secadora, lavavajillas lo cual es un punto a favor para pasar varios días.
Aire acondicionado.
La ubicación es perfecta, parada de buses cerca, tiendas, restaurantes y al pie de un parque precioso.
También valoro que la habitación esté separada de la cocina, aunque el espacio sea pequeño.
Tiene parking bajo disponibilidad, 15€ diarios que, aunque parezca caro, sumado al coste del apartamento sigue teniendo un precio razonable.","Que no tuviese escoba y recogedor.
Y que el sofá- cama no era muy cómodo.","['•Viaje de ocio', '•Pareja', '•Apartamento de 1 dormitorio', '•Estancia de 5 noches', '•Enviado por móvil']",PamplonaYamaguchi
López,España,10.0,Escrito en 29 de mayo de 2025,El apartamento es acogedor y confortable. Tiene todo lo necesario.,Todo perfecto.,"['•Familia con niños pequeños', '•Apartamento de 1 dormitorio', '•Estancia de 1 noche', '•Enviado por móvil']",PamplonaYamaguchi
Maite,España,9.0,Escrito en 25 de mayo de 2025,"La atención del personal tanto vía wathaps,como personal.
Limpieza y estado del apartamento","El sofá cama no era cómodo y menos para dos personas,se hundía en la mitad","['•Viaje de ocio', '•Grupo de amigos', '•Apartamento de 1 dormitorio', '•Estancia de 1 noche', '•Enviado por móvil']",PamplonaYamaguchi
Manuel,Venezuela,10.0,Escrito en 14 de mayo de 2025,Todo Excelente,Todo Excelente,"['•Viaje de ocio', '•Familia con niños pequeños', '•Apartamento de 1 dormitorio', '•Estancia de 7 noches', '•Enviado por móvil']",PamplonaYamaguchi
Ana,Perú,8.0,Escrito en 10 de mayo de 2025,"La ubicación, a 10 minutos caminando de la Universidad de Navarra",El cuarto es limpio y bonito pero no para más de 2 personas a pesar de tener un sillón cama. Los espacios son muy pequeños.,"['•Viaje de ocio', '•Familia con niños pequeños', '•Apartamento de 1 dormitorio', '•Estancia de 5 noches', '•Enviado por móvil']",PamplonaYamaguchi
Graziana,España,10.0,Escrito en 6 de mayo de 2025,Todo,El ambientador,"['•Viaje de ocio', '•Familia con niños pequeños', '•Apartamento de 1 dormitorio', '•Estancia de 1 noche', '•Enviado por móvil']",PamplonaYamaguchi
Raul,España,8.0,Escrito en 1 de mayo de 2025,"La ubicación, con vistas al parque. Un apartamento muy moderno. Me tocó el dia del apagón y el personal muy muy atentos a todo. Les felicito.",El mando a distancia del TV no tenía pilas. Lo comunique a recepción online y en cuestión de minutos lo arreglaron.,"['•Grupo de amigos', '•Apartamento de 1 dormitorio', '•Estancia de 4 noches', '•Enviado por móvil']",PamplonaYamaguchi
Librada,España,10.0,Escrito en 30 de abril de 2025,"Un apartamento muy chulo, nuevo, limpio, sin humo, con todas las comodidades, nos dieron un detalle de bienvenida muy bueno, todo una sorpresa, me encantó el kit de limpieza, todo muy recomendable.","Nos liamos un poco con la entrada del aparcamiento, por las indicaciones pero nada con importancia.","['•Viaje de ocio', '•Pareja', '•Apartamento de 1 dormitorio', '•Estancia de 2 noches', '•Enviado por móvil']",PamplonaYamaguchi
Ana,España,10.0,Escrito en 29 de abril de 2025,"Ubicación perfecta para moverte por toda Pamplona sin vehículo. Ubicado junto a un parque precioso y rodeado de todos los servicios básicos como supermercados y bares, si no quieres mucho jaleo.
Fácil acceso desde el móvil.
Apartamento súper completo, más de lo que esperábamos, moderno y limpio.
Volveremos sin duda!!","El nuestro no tenía terraza, hubiera sido perfecto con el buen tiempo que tuvimos.","['•Viaje de ocio', '•Pareja', '•Apartamento de 1 dormitorio', '•Estancia de 2 noches', '•Enviado por móvil']",PamplonaYamaguchi
Maria,España,9.0,Escrito en 27 de abril de 2025,"Muy nuevo, limpio, cómodo confortable.
Cafeterías muy cerca para poder desayunar",,"['•Viaje de ocio', '•Familia con niños pequeños', '•Apartamento de 1 dormitorio', '•Estancia de 1 noche', '•Enviado por móvil']",PamplonaYamaguchi
Pilar,España,10.0,Escrito en 26 de abril de 2025,El personal es muy amable. Atendieron rápido lo que pedimos.,La habitación nos pareció pequeña.,"['•Viaje de ocio', '•Pareja', '•Apartamento Deluxe', '•Estancia de 5 noches', '•Enviado por móvil']",PamplonaYamaguchi
Jlzte,España,9.0,Escrito en 24 de abril de 2025,Situación. Está nuevo y limpio. Cocina muy equipada,No hay consigna para dejar maleta. Check in online muy engorroso. Check out muy pronto. Solo personal presencial por la mañana,"['•Familia con niños pequeños', '•Estudio', '•Estancia de 3 noches', '•Enviado por móvil']",PamplonaYamaguchi
Gustavo,España,10.0,Escrito en 20 de abril de 2025,Todo,Nada,"['•Pareja', '•Apartamento de 1 dormitorio', '•Estancia de 1 noche', '•Enviado por móvil']",PamplonaYamaguchi
Pilar,España,10.0,Escrito en 13 de abril de 2025,"Todo me gustó!!!! La pena es que lo disfrute por o tiempo, pero volveremos para aumentar la experiencia","Nada, todo era perfecto","['•Viaje de ocio', '•Grupo', '•Apartamento de 2 dormitorios', '•Estancia de 1 noche', '•Enviado por móvil']",PamplonaYamaguchi
Jorge,España,8.0,Escrito en 9 de abril de 2025,,Poca luz,"['•Viaje de negocios', '•Persona que viaja sola', '•Estudio', '•Estancia de 3 noches', '•Enviado por móvil']",PamplonaYamaguchi
Julia,España,8.0,Escrito en 24 de marzo de 2025,"Alojamiento muy limpio y cómodo. La ubicación perfecta, ubicada en una plaza tranquila y estás cerca de todo. Al lado tienes el parque de Yamaguchi, es precioso y puedes ir con los perretes. Recomendable.","Para mejorar, en nuestro caso las almohadas, eran muy finas. Y tendrían que cambiar las sartenes.","['•Viaje de ocio', '•Pareja', '•Estudio', '•Estancia de 3 noches', '•Enviado por móvil']",PamplonaYamaguchi
Paula,España,10.0,Escrito en 17 de marzo de 2025,"La limpieza, comodidad, luminosidad y ubicación","Las almohadas son demasiado bajitas
El gel y champú del baño podría venir por separado","['•Viaje de ocio', '•Pareja', '•Estudio', '•Estancia de 2 noches', '•Enviado por móvil']",PamplonaYamaguchi
Maixa,España,9.0,Escrito en 16 de marzo de 2025,Apartamento muy luminoso en una zona muy tranquila y bien ubicada.,"Hubo un detalle que nos llamó la atención y no nos gusto. Eramos cinco huéspedes y el kit de bienvenida era únicamente para dos.
2 botellines de agua y 2cápsulas de café....","['•Viaje de ocio', '•Grupo de amigos', '•Apartamento de 2 dormitorios', '•Estancia de 1 noche', '•Enviado por móvil']",PamplonaYamaguchi
Donina,España,9.0,Escrito en 16 de marzo de 2025,"Lugar cómodo, práctico y nos dejaron un detalle de bienvenida",,"['•Con una mascota', '•Viaje de ocio', '•Familia con niños pequeños', '•Apartamento de 1 dormitorio', '•Estancia de 1 noche', '•Enviado por móvil']",PamplonaYamaguchi
Ruben,España,9.0,Escrito en 11 de marzo de 2025,"Un apartamento amplio, con todo nuevo y bonitas vistas al parque.",El uso de códigos tan largos para la entrada al portal y al parking se hace engorroso y complicado,"['•Viaje de ocio', '•Persona que viaja sola', '•Apartamento de 1 dormitorio', '•Estancia de 1 noche']",PamplonaYamaguchi
Zuriñe,España,9.0,Escrito en 10 de marzo de 2025,,"No he podido valorar el personal, porque no hay d","['•Viaje de ocio', '•Pareja', '•Apartamento de 1 dormitorio', '•Estancia de 1 noche', '•Enviado por móvil']",PamplonaYamaguchi
Diaz,España,9.0,Escrito en 8 de marzo de 2025,"Ubicación. Limpieza Todo muy cómodo y nuevo Vistas a un parque","Faltaba una escoba y recogedor, en 4 días al final siempre hay que barrer un poco Y alguna pastilla más de lavavajillas","['•Viaje de ocio', '•Familia con niños pequeños', '•Apartamento de 1 dormitorio', '•Estancia de 4 noches', '•Enviado por móvil']",PamplonaYamaguchi
Cristina,España,10.0,Escrito en 25 de febrero de 2025,Estaba todo nuevo y muy limpio.,,"['•Viaje de ocio', '•Familia con niños pequeños', '•Apartamento de 1 dormitorio', '•Estancia de 1 noche', '•Enviado por móvil']",PamplonaYamaguchi
Moreno,España,8.0,Escrito en 11 de febrero de 2025,Estaba todo muy nuevo y bien cuidado,Que no podíamos ni siquiera barrer el suelo porque no había ni escoba ni recogedor y en todos los días no pasaron a limpiar y le dijimos a la chica de la limpieza que nos dejara un momento para barrer y nos dijo que no,"['•Familia con niños pequeños', '•Apartamento con terraza', '•Estancia de 7 noches', '•Enviado por móvil']",PamplonaYamaguchi
Amenos,España,8.0,Escrito en 8 de febrero de 2025,"El apartamento en sí está muy bien
 Limpio, cómodo y tranquilo.",El check in a las 15.00 y la imposibilidad de dejar el equipaje en algún sitio hasta entonces es un inconveniente.,"['•Viaje de negocios', '•Persona que viaja sola', '•Estudio', '•Estancia de 1 noche', '•Enviado por móvil']",PamplonaYamaguchi
Judith,España,10.0,Escrito en 2 de octubre de 2024,"Me encantó la facilidad de manejarlo todo por la app. En cuanto tuvimos alguna duda, nos atendieron muy amablemente y de manera rápida y eficaz por el chat. Está decorado con mucho gusto y es muy cómodo!",El párking cumplió su función pero era ajustado y las plazas muy estrechas,"['•Viaje de ocio', '•Grupo', '•Apartamento de 2 dormitorios', '•Estancia de 2 noches', '•Enviado por móvil']",PamplonaYamaguchi
Oihane,España,10.0,Escrito en 2 de octubre de 2024,El apartamento tenía todo lo necesario para pasar una estancia estupenda. Era bastante amplio y las persianas eran automáticas mediante un botón. Las instalaciones estaban muy bien. Relación calidad/precio inmejorable.,"Quizá el único aspecto negativo que pudimos notar fue el tema del aparcamiento. Te ofrecen por 15€ la noche uno, pero si eliges no pagarlo, todo el alrededor era zona de OTA y nos fue complicado encontrar sitio.","['•Viaje de ocio', '•Pareja', '•Apartamento Deluxe', '•Estancia de 1 noche', '•Enviado por móvil']",PamplonaYamaguchi
Beatriz,España,10.0,Escrito en 1 de octubre de 2024,"El apartamento estaba impecable y era muy cómodo. Tenía todo lo necesario, incluido un pequeño kit de limpieza que me pareció muy práctico y que en otros alojamientos del estilo he echado en falta.","Todo bien. No está muy cerca del centro, pero se puede llegar dando un paseo.","['•Viaje de ocio', '•Pareja', '•Estudio', '•Estancia de 1 noche', '•Enviado por móvil']",PamplonaYamaguchi
Alejandro,España,9.0,Escrito en 30 de septiembre de 2024,Calidad precio,,"['•Viaje de ocio', '•Grupo', '•Apartamento con terraza', '•Estancia de 1 noche', '•Enviado por móvil']",PamplonaYamaguchi
Aintzanejimenez,España,10.0,Escrito en 30 de septiembre de 2024,"El apartamento era precioso, con el espacio muy bien aprovechado y en una buena ubicación. Te dejan un kit de bienvenida y otro de limpieza que está genial. Tiene muchísima iluminación y está completamente equipado.","En la pared que estaba en frente a la tele del salón estaba llena de bichitos que no sabíamos qué eran, no sabemos si estaban muertos porque no se movían pero era un poco desagradable.","['•Viaje de ocio', '•Grupo de amigos', '•Estudio', '•Estancia de 1 noche', '•Enviado por móvil']",PamplonaYamaguchi
Jaime,España,10.0,Escrito en 25 de septiembre de 2024,La ubicación junto a supermercado bares entre otros.,Todo bien.,"['•Viaje de negocios', '•Persona que viaja sola', '•Apartamento con terraza', '•Estancia de 1 noche', '•Enviado por móvil']",PamplonaYamaguchi
Alberto,España,10.0,Escrito en 23 de septiembre de 2024,Todo nuevo y limpio,,"['•Viaje de ocio', '•Grupo', '•Apartamento de 2 dormitorios', '•Estancia de 1 noche', '•Enviado por móvil']",PamplonaYamaguchi
Alejandra,España,10.0,Escrito en 23 de septiembre de 2024,"El edificio,las instalaciones e iluminación, la terraza superior y las vistas,muy buena ubicación. Fácil comunicación con el personal las 24 hrs. El colchón muy cómodo","Me gustó todo pero me equivoqué en la elección del apto porque el apto de una habitación es perfecto  para dos pero éramos cuatro adultos y el espacio  fue justo,deberíamos haber elegido uno más grande.","['•Grupo de amigos', '•Apartamento de 1 dormitorio', '•Estancia de 1 noche', '•Enviado por móvil']",PamplonaYamaguchi
Aguilar,España,8.0,Escrito en 21 de septiembre de 2024,"La ubicación y todas las comodidades del apartamento, es muy cómodo y práctico y la relación calidad precio está fenomenal. Aire acondicionado muy útil. No conocía esta cadena pero la volveré a buscar.","No hay recepción y esto lo hace un poco más complicado, pero es cierto que algún problema que tuvimos con el código de entrada al garaje lo resolvieron rápidamente por teléfono.","['•Viaje de ocio', '•Grupo', '•Apartamento con terraza', '•Estancia de 4 noches']",PamplonaYamaguchi
Otilia,Perú,9.0,Escrito en 21 de septiembre de 2024,"Muy contentos con este alojamiento, tenía todo lo necesario para una estadía cómoda. Bien ubicado, limpio, bonito y moderno. 
Comunicación permanente por wathsapp para recibir ayuda.
Gracias!",,"['•Viaje de ocio', '•Pareja', '•Estudio', '•Estancia de 1 noche', '•Enviado por móvil']",PamplonaYamaguchi
Txeko,España,8.0,Escrito en 20 de septiembre de 2024,"Apartamento muy limpio,cama cómoda.","Nuestro apartamento era para 2 personas,no tiene mesa para comer ni sillas,poco menaje de cocina,sofá un poco incomodo.","['•Viaje de ocio', '•Pareja', '•Estudio', '•Estancia de 1 noche', '•Enviado por móvil']",PamplonaYamaguchi
Josep,España,8.0,Escrito en 17 de septiembre de 2024,La ubicación sitio perfecto,"El ruido de coches o no teníamos sillas, i poca información sobre la basura de orgànica y resta, porque los contenedores del ajuntamiento era con tarjeta i no teníamos por lo demás bien","['•Viaje de ocio', '•Familia con niños pequeños', '•Estudio', '•Estancia de 6 noches', '•Enviado por móvil']",PamplonaYamaguchi
Esther,España,9.0,Escrito en 17 de septiembre de 2024,"La ubicación en la zona nueva de Pamplona y a un paseo caminando del casco viejo es genial, ya que te permite conocer no solo la parte turistica de la ciudad.","La estancia dentro del apartamento fué muy comoda, pero si hubiera algo que cambiar serían las almohadas por unas mas altas, ya que eran como hojas de papel","['•Viaje de ocio', '•Pareja', '•Estudio', '•Estancia de 3 noches', '•Enviado por móvil']",PamplonaYamaguchi
Martinez,España,10.0,Escrito en 16 de septiembre de 2024,"Todo nuevo,  acogedor, el detalle del kit de limpieza con 2 cápsulas de café.
La situación es perfecta para hacer turismo por la ciudad y aceptan mascotas.","La forma de realizar el Check-In todo atraves del móvil y con código digital.
El horario del Check-out a las 11 , una hora antes de lo habitual.
Los ruidos de los demás apartamentos del edificio","['•Viaje de ocio', '•Pareja', '•Estudio', '•Estancia de 1 noche', '•Enviado por móvil']",PamplonaYamaguchi
Miren,España,9.0,Escrito en 16 de septiembre de 2024,"me gusto todo mucho.TODO LIMPIO Y NUEVO","Solo eche de menos azúcar para poder tomar las capsulas de regalo que había.Muchas gracias","['•Viaje de ocio', '•Familia con niños pequeños', '•Apartamento de 1 dormitorio', '•Estancia de 1 noche']",PamplonaYamaguchi
Daria,España,10.0,Escrito en 16 de septiembre de 2024,"Apartamentos limpios y modernos.  Me gustó la cama y los grandes ventanas.  Aparcamiento.  Cerca hay un parque. Se preparó una cama, platos y una bolsa de comida para nuestro perro.  Sí, pagamos por el animal, pero esta atención fue muy linda.","En nuestro caso viajamos con perro y el precio por animal fue de 20 euros, que es caro.  Pero esto es normal en Pamplona.","['•Viaje de ocio', '•Pareja', '•Estudio', '•Estancia de 1 noche', '•Enviado por móvil']",PamplonaYamaguchi
Ander,España,9.0,Escrito en 15 de septiembre de 2024,El apartamento está nuevo y es muy confortable y acogedor. Muy bien equipado y la cama muy cómoda. La ubicación tb muy buena. Nos ha gustado mucho y hemos estado muy a gusto.,,"['•Viaje de ocio', '•Familia con niños pequeños', '•Apartamento Deluxe', '•Estancia de 1 noche']",PamplonaYamaguchi
Marta,España,10.0,Escrito en 15 de septiembre de 2024,"Todo muy nuevo y muy limpio, súper espacioso y con todo lujo de detalle.","El sofá cama era horrible, imposible dormir en el","['•Viaje de ocio', '•Familia con niños pequeños', '•Apartamento Deluxe', '•Estancia de 1 noche', '•Enviado por móvil']",PamplonaYamaguchi
Carolina,Suiza,10.0,Escrito en 14 de septiembre de 2024,"Hermoso apartamento, muy limpio y hermoso decorado. Muy eficiente el check in sino hay nadie",,"['•Viaje de ocio', '•Familia con niños pequeños', '•Apartamento de 1 dormitorio', '•Estancia de 1 noche', '•Enviado por móvil']",PamplonaYamaguchi
Claudia,España,10.0,Escrito en 7 de septiembre de 2024,"Muy bien ubicado, limpio, moderno y lo mejor el personal que te atiende es muy amable y eficiente !",,"['•Viaje de ocio', '•Grupo', '•Apartamento de 1 dormitorio', '•Estancia de 9 noches', '•Enviado por móvil']",PamplonaYamaguchi
M,España,9.0,Escrito en 6 de septiembre de 2024,Para pocos días bueno,Para 4 personas un poco incómodo,"['•Viaje de ocio', '•Familia con niños pequeños', '•Apartamento con terraza', '•Estancia de 4 noches', '•Enviado por móvil']",PamplonaYamaguchi
Martín,España,10.0,Escrito en 6 de septiembre de 2024,"Muy modernos, decoración fina y ubicación excelente. Con 2 baños. La zona es muy tranquila y estás a 20 minutos paseando del centro. Totalmente recomendable",,"['•Viaje de negocios', '•Grupo', '•Apartamento Deluxe', '•Estancia de 1 noche']",PamplonaYamaguchi
Francisco,España,8.0,Escrito en 2 de septiembre de 2024,no utilicé,"nadie te explica los servicios del hotel, no se si había maquina de bebidas, comidas. etc... cafetería?>El parking muy apretado para coches grandes, deberían avisarlo","['•Viaje de ocio', '•Familia con niños pequeños', '•Apartamento Deluxe', '•Estancia de 2 noches']",PamplonaYamaguchi
Maria,España,9.0,Escrito en 30 de agosto de 2024,Si,Las vistas,"['•Viaje de negocios', '•Familia con niños pequeños', '•Apartamento de 1 dormitorio', '•Estancia de 13 noches', '•Enviado por móvil']",PamplonaYamaguchi
Iñaki,España,8.0,Escrito en 28 de agosto de 2024,Situación,Pequeño para 4 personas,"['•Viaje de ocio', '•Familia con niños pequeños', '•Apartamento de 1 dormitorio', '•Estancia de 2 noches', '•Enviado por móvil']",PamplonaYamaguchi
Jose,España,9.0,Escrito en 8 de abril de 2024,"Todo correcto.Transparencia en la información y veracidad. 
Limpieza, comodidad de la cama y almohadas.  Todo domotizado, rapidez en respuesta si tienes un problema, con lo cual experiencia de usuario un 10. Espacio no es muy grande pero está muy bien diseñado para que haya todo lo necesario sin agobiarte en el espacio. Buena iluminación. No hay ruido y además hay una plaza y parque maravilloso con bares, restaurantes y mucha naturaleza. Sí viajas con perrete lo valoras enormemente.","Aunque ya lo indica en la web, lo que echamos en falta con respecto a otros apartamentos donde hemos estado es ese punto de hospitalidad y de sentirte como en casa cuando incluye (aceite, azúcar, sal, cápsulas de café...) esas pequeñas facilidades que mejoran tu estancia pero que ya en la web lo indica, con lo cual lo sabes de antemano. Lo único que no nos gustó es que hubiera sólo un cubierto o un plato por persona.(Había un tenedor, una cuchara, un cuchillo, una cuchara de postre, un plato de postre, un plato hondo, un plato llano)  Eso te obliga a estar lavando a mano constantemente o poner el lavavajillas al final con pocas cosas, que es poco eficiente con el medioambiente.","['•Viaje de ocio', '•Pareja', '•Estudio', '•Estancia de 1 noche', '•Enviado por móvil']",PamplonaYamaguchi
Maite,España,8.0,Escrito en 6 de abril de 2024,Bonita decoración minimalista y funcional. Limpieza impecable. Silencioso. Buena ubicación.  Entorno ideal para pasear a nuestra perrita. Parking público en la zona a menos de 5 euros el día. Restaurantes con ambiente y hasta un cine en la plaza donde está ubicado.,,"['•Viaje de ocio', '•Pareja', '•Estudio', '•Estancia de 3 noches', '•Enviado por móvil']",PamplonaYamaguchi
Aitor,España,10.0,Escrito en 1 de abril de 2024,Desayuno regular,"El baño taza estaba medio rotaNo teníamos escoba ni pala","['•Viaje de ocio', '•Familia con niños pequeños', '•Apartamento de 1 dormitorio', '•Estancia de 1 noche', '•Enviado por móvil']",PamplonaYamaguchi
Paotero,España,8.0,Escrito en 31 de marzo de 2024,"El apartamento es cómodo y de fácil acceso (entrada autónoma).
A pesar de ser un apartamento con cama y sofá cama para 4 personas, el espacio era correcto. 
Muy fácil encontrar aparcamiento por la zona (importante destacar que si son días laborables, hay que pagar).","Las almohadas no son del todo cómodas. 
Hubo un incidente con las alarmas de incendios de madrugada, que habiendo una persona física en recepción hubiese proporcionado calma.","['•Viaje de ocio', '•Grupo de amigos', '•Apartamento de 1 dormitorio', '•Estancia de 4 noches', '•Enviado por móvil']",PamplonaYamaguchi
Nuria,España,10.0,Escrito en 30 de marzo de 2024,"Apartamento bien situado a solo dos minutos en coche del centró. Tranquilo y bien equipado.
La atención on line perfecta.
Salvo un inciso  que se resolvió rápidamente y de forma eficaz.
Volveremos seguro.",,"['•Viaje de ocio', '•Grupo de amigos', '•Apartamento con terraza', '•Estancia de 2 noches', '•Enviado por móvil']",PamplonaYamaguchi
Carlos,España,10.0,Escrito en 27 de marzo de 2024,Es un lugar súper acogedor y con unas vistas excelentes.,Falta un juego de escoba y recogedor.,"['•Viaje de ocio', '•Familia con niños pequeños', '•Apartamento con terraza', '•Estancia de 1 noche', '•Enviado por móvil']",PamplonaYamaguchi
Marta,España,9.0,Escrito en 25 de marzo de 2024,"El apartamento es muy moderno y luminoso, y tiene todo lo necesario para pasar unos días. A destacar la ubicación, está justo en la plaza Yamaguchi, una muy buena zona.","La lavadora estaba estropeada. Sin embargo, cuando avisamos nos atendieron inmediatamente.","['•Viaje de ocio', '•Pareja', '•Estudio', '•Estancia de 4 noches', '•Enviado por móvil']",PamplonaYamaguchi
Gorka,España,8.0,Escrito en 25 de marzo de 2024,"Todo limpio y nuevo 
Y el detalle de bienvenidos.","Sin trato con empleados ( porque no lo hay)
Haces el cheking y el checkout online. Si no se te da bien lo de internet puedes tener problemas para entrar .","['•Viaje de ocio', '•Familia con niños pequeños', '•Apartamento con terraza', '•Estancia de 1 noche', '•Enviado por móvil']",PamplonaYamaguchi
Irene,España,10.0,Escrito en 25 de marzo de 2024,La equipación del apartamento,Nada,"['•Viaje de ocio', '•Grupo de amigos', '•Apartamento de 2 dormitorios', '•Estancia de 1 noche', '•Enviado por móvil']",PamplonaYamaguchi
Jorge,Perú,9.0,Escrito en 23 de marzo de 2024,"Ubicación correcta, y en un sitio muy bonito. El departamento es funcional.","Dejar 2 o 3 jabones para el lavavajilla, y para la lavandería. También 4 platos y no dos de cada cosa.","['•Viaje de ocio', '•Familia con niños pequeños', '•Estudio', '•Estancia de 3 noches']",PamplonaYamaguchi
Encarni,España,10.0,Escrito en 21 de marzo de 2024,"Limpieza excelente y huele muy bien al entrar, que es algo que resulta muy agradable cuando llegas a un sitio",La colocación del cubo de basura no me gusta en el mismo armario que los cubiertos,"['•Pareja', '•Estudio', '•Estancia de 1 noche', '•Enviado por móvil']",PamplonaYamaguchi
Glenda,Panamá,10.0,Escrito en 20 de marzo de 2024,excelente ubicación 1000% recomendado,,"['•Viaje de ocio', '•Pareja', '•Apartamento Deluxe', '•Estancia de 8 noches']",PamplonaYamaguchi
Sanae,España,9.0,Escrito en 15 de marzo de 2024,La ubicación es perfecta,No me gusto que no haya una escoba y algún producto desinfectante para el baño,"['•Viaje de ocio', '•Familia con niños pequeños', '•Apartamento de 2 dormitorios', '•Estancia de 2 noches', '•Enviado por móvil']",PamplonaYamaguchi
Rizwan,España,10.0,Escrito en 15 de marzo de 2024,me gusta muy bien este lugar me encantado,casi todo estaba muy bien,"['•Grupo de amigos', '•Apartamento con terraza', '•Estancia de 1 noche', '•Enviado por móvil']",PamplonaYamaguchi
Bibiana,España,8.0,Escrito en 11 de marzo de 2024,Cama cómoda y apartamento limpio,El baño era diminuto y la habitación tiene una mesa redonda muy chiquitita que no es nada cómoda para trabajar,"['•Viaje de negocios', '•Persona que viaja sola', '•Estudio', '•Estancia de 1 noche']",PamplonaYamaguchi
Gonzalez,España,8.0,Escrito en 9 de marzo de 2024,Moderno,Cocina pequeña,"['•Pareja', '•Apartamento de 2 dormitorios', '•Estancia de 1 noche', '•Enviado por móvil']",PamplonaYamaguchi
Virginia,España,8.0,Escrito en 9 de marzo de 2024,"Que estaba todo muy limpio, la ubicación y la rápida atención en caso de improvisto.",Por decir algo que éramos 2 personas y solo teníamos una toalla de baño.,"['•Viaje de ocio', '•Pareja', '•Estudio', '•Estancia de 1 noche', '•Enviado por móvil']",PamplonaYamaguchi
Patricia,España,8.0,Escrito en 5 de marzo de 2024,La ubicación era bastante buena por que tenía cerca muchos comercios,La lavadora secadora tarda muchísimo 5 horas y aún asin no te deja la ropa seca,"['•Viaje de ocio', '•Familia con niños pequeños', '•Apartamento de 1 dormitorio', '•Estancia de 7 noches', '•Enviado por móvil']",PamplonaYamaguchi
Esteban,España,10.0,Escrito en 4 de marzo de 2024,Instalación,Hora de entrada,"['•Viaje de ocio', '•Pareja', '•Estudio', '•Estancia de 1 noche', '•Enviado por móvil']",PamplonaYamaguchi
Héctor,España,9.0,Escrito en 3 de marzo de 2024,Prácticamente todo. El edificio está totalmente automatizado y es una pasada.,,"['•Viaje de ocio', '•Familia con niños pequeños', '•Apartamento de 1 dormitorio', '•Estancia de 2 noches', '•Enviado por móvil']",PamplonaYamaguchi
María,España,9.0,Escrito en 25 de febrero de 2024,El minimalismo de la decoración y a la par completo.,No conseguí que funcionara la elección de canales y el volumen de la tv. Debería haber instrucciones.,"['•Viaje de negocios', '•Persona que viaja sola', '•Apartamento Deluxe', '•Estancia de 4 noches', '•Enviado por móvil']",PamplonaYamaguchi
Jose,España,9.0,Escrito en 23 de febrero de 2024,Ok,,"['•Pareja', '•Estudio', '•Estancia de 3 noches', '•Enviado por móvil']",PamplonaYamaguchi
Sergio,Perú,9.0,Escrito en 23 de febrero de 2024,Fácil acceso,No tiene parking,"['•Viaje de ocio', '•Familia con niños pequeños', '•Apartamento de 1 dormitorio', '•Estancia de 1 noche', '•Enviado por móvil']",PamplonaYamaguchi
Mariavi,España,8.0,Escrito en 22 de febrero de 2024,"Muy bonito en general, bien situado",Las almohadas muy bajas y el colchón duro.,"['•Viaje de ocio', '•Familia con niños pequeños', '•Apartamento de 2 dormitorios', '•Estancia de 1 noche', '•Enviado por móvil']",PamplonaYamaguchi
Ignacio,España,10.0,Escrito en 20 de febrero de 2024,"Es la tercera vez que me quedo en Libere y, como siempre, la limpieza, comodidad y tranquilidad del lugar. Y también la ubicación justo al lado de la plaza de Yamaguchi con muy buen ambiente de bares con sus terrazas.",,"['•Viaje de ocio', '•Pareja', '•Apartamento de 1 dormitorio', '•Estancia de 2 noches']",PamplonaYamaguchi
Nadia,Estados Unidos,9.0,Escrito en 11 de septiembre de 2023,"Muy funcional y completo. También la limpieza, estaba impecable.",El colchón no era cómodo,"['•Viaje de ocio', '•Familia con niños pequeños', '•Apartamento de 1 dormitorio', '•Estancia de 7 noches', '•Enviado por móvil']",PamplonaYamaguchi
Alfonso,España,10.0,Escrito en 4 de septiembre de 2023,Comodidad,Nada,"['•Viaje de ocio', '•Familia con niños pequeños', '•Apartamento de 1 dormitorio', '•Estancia de 2 noches', '•Enviado por móvil']",PamplonaYamaguchi
Carmen,España,9.0,Escrito en 4 de septiembre de 2023,Mucho,Nada que decir,"['•Viaje de negocios', '•Persona que viaja sola', '•Estudio', '•Estancia de 5 noches', '•Enviado por móvil']",PamplonaYamaguchi
Carmen,España,9.0,Escrito en 4 de septiembre de 2023,Ubicación y comodidad.,Nada,"['•Viaje de negocios', '•Persona que viaja sola', '•Estudio', '•Estancia de 5 noches', '•Enviado por móvil']",PamplonaYamaguchi
Elena,España,10.0,Escrito en 3 de septiembre de 2023,"Cocina muy bien equipada, apartamento cómodo para familia y bien climatizado. Buena comunicación por bus con el centro de Pamplona. Ubicado en zona buena y tranquila de la ciudad.","Por comentar algo, el colchón del sofá cama era un poco incómodo para utilizar varias noches continuas.","['•Viaje de ocio', '•Familia con niños pequeños', '•Apartamento de 1 dormitorio', '•Estancia de 7 noches', '•Enviado por móvil']",PamplonaYamaguchi
Rocio,España,10.0,Escrito en 3 de septiembre de 2023,todo muy limpio y nuevo. zona tranquila.,todo me gusto,"['•Viaje de ocio', '•Familia con niños pequeños', '•Apartamento de 1 dormitorio', '•Estancia de 6 noches', '•Enviado por móvil']",PamplonaYamaguchi
Cristina,España,9.0,Escrito en 1 de septiembre de 2023,La limpieza,Nada,"['•Grupo de amigos', '•Apartamento de 2 dormitorios', '•Estancia de 1 noche', '•Enviado por móvil']",PamplonaYamaguchi
Jaime,España,9.0,Escrito en 31 de agosto de 2023,Muy limpio,"El parking, un poco incomodo, ajustado, pero mejor que dejarlo en la calle","['•Viaje de ocio', '•Familia con niños pequeños', '•Apartamento con terraza', '•Estancia de 1 noche', '•Enviado por móvil']",PamplonaYamaguchi
Irati,España,9.0,Escrito en 29 de agosto de 2023,"Pequeño apartamento, limpio, bien situado con todo lo necesario y unas vistas preciosas al parque","Por poner una pega, para mi gusto, las almohadas eran muy finas","['•Familia con niños pequeños', '•Apartamento con terraza', '•Estancia de 1 noche', '•Enviado por móvil']",PamplonaYamaguchi
Agustín,España,8.0,Escrito en 27 de agosto de 2023,Apartamentos bastante nuevos en una situación excelente.,Las almohadas eran muy blandas.,"['•Viaje de ocio', '•Familia con niños pequeños', '•Apartamento Deluxe', '•Estancia de 6 noches']",PamplonaYamaguchi
Tiinita,España,9.0,Escrito en 26 de agosto de 2023,La forma del apartamento,No sé,"['•Viaje de ocio', '•Pareja', '•Estudio', '•Estancia de 2 noches', '•Enviado por móvil']",PamplonaYamaguchi
Roberto,España,9.0,Escrito en 25 de agosto de 2023,Ubicación y moderno,Saltaba la alarma de incendios y no sabíamos cómo actuar,"['•Viaje de ocio', '•Familia con niños pequeños', '•Apartamento Deluxe', '•Estancia de 5 noches', '•Enviado por móvil']",PamplonaYamaguchi
Ana,España,9.0,Escrito en 25 de agosto de 2023,La comodidad.,A mejorar la comodidad del sofá cama. El resto todo perfecto.,"['•Viaje de ocio', '•Familia con niños pequeños', '•Apartamento con terraza', '•Estancia de 1 noche', '•Enviado por móvil']",PamplonaYamaguchi
Carlos,España,10.0,Escrito en 24 de agosto de 2023,me encantó la ubicación tenía acceso a bares supermercado,todo me gustó del sitio,"['•Viaje de ocio', '•Pareja', '•Estudio', '•Estancia de 6 noches', '•Enviado por móvil']",PamplonaYamaguchi
Maria,España,9.0,Escrito en 23 de agosto de 2023,La tranquilidad y estar cerca de un parque muy bonito,La tv se iba el sonido y solo se veía la imagen,"['•Viaje de ocio', '•Pareja', '•Apartamento de 1 dormitorio', '•Estancia de 2 noches', '•Enviado por móvil']",PamplonaYamaguchi
Ramon,España,10.0,Escrito en 22 de agosto de 2023,Todo nuevo y muy limpio. Menaje de cocina con detalle y nuevo. Para repetir.,,"['•Viaje de ocio', '•Familia con niños pequeños', '•Apartamento de 1 dormitorio', '•Estancia de 1 noche', '•Enviado por móvil']",PamplonaYamaguchi
De,España,8.0,Escrito en 21 de agosto de 2023,"El entorno ideal, muy tranquilo","El aire acondionado no funcionaba, y con ola de calor hace muy dificil el descanso","['•Viaje de ocio', '•Familia con niños pequeños', '•Apartamento de 2 dormitorios', '•Estancia de 3 noches', '•Enviado por móvil']",PamplonaYamaguchi
Fernando,España,9.0,Escrito en 19 de agosto de 2023,"La tranquilidad del entorno, integrado en un parque.",un poco lejos para ir andando al centro ciudad.,"['•Viaje de ocio', '•Pareja', '•Estudio', '•Estancia de 3 noches']",PamplonaYamaguchi
Juan,España,10.0,Escrito en 18 de agosto de 2023,"Todo, la ubicación, las instalaciones , el apartamento es perfecto, tiene todo lo necesario para una estancia perfecta.",,"['•Viaje de ocio', '•Pareja', '•Estudio', '•Estancia de 3 noches', '•Enviado por móvil']",PamplonaYamaguchi
Aroa,España,10.0,Escrito en 16 de agosto de 2023,Lo que más nos gustó fue la ubicación al lado de un parque espectacular donde pasear con nuestra perrita y bares cercanos donde cenar y desayunar súper bien,No fuimos capaces de saber si teníamos acceso a la terraza o no y al estar cerrada no la pudimos ver,"['•Viaje de ocio', '•Pareja', '•Estudio', '•Estancia de 2 noches', '•Enviado por móvil']",PamplonaYamaguchi
Laura,España,8.0,Escrito en 10 de agosto de 2023,Está todo súper nuevo,,"['•Viaje de ocio', '•Familia con niños pequeños', '•Apartamento Deluxe', '•Estancia de 1 noche', '•Enviado por móvil']",PamplonaYamaguchi
Miguel,España,8.0,Escrito en 6 de agosto de 2023,,Carece de congelador.....y escobilla de taza de baño.....,"['•Pareja', '•Estudio', '•Estancia de 3 noches', '•Enviado por móvil']",PamplonaYamaguchi
Jorge,España,10.0,Escrito en 29 de julio de 2023,"Apartamento muy equipado, limpio, nuevo y en una zona muy tranquila a los pies de un parque",,"['•Viaje de ocio', '•Familia con niños pequeños', '•Apartamento con terraza', '•Estancia de 3 noches', '•Enviado por móvil']",PamplonaYamaguchi
Piedad,España,9.0,Escrito en 28 de julio de 2023,Acogedor,La falta de una mesa auxiliar de centro en la zona de estar. No hubo respuesta certera a un incidente con la TV.,"['•Viaje de ocio', '•Pareja', '•Apartamento de 1 dormitorio', '•Estancia de 2 noches', '•Enviado por móvil']",PamplonaYamaguchi
Javier,España,10.0,Escrito en 25 de julio de 2023,,El colchón de la cMa sofá me calvd los muelles,"['•Viaje de ocio', '•Familia con niños pequeños', '•Apartamento Deluxe', '•Estancia de 2 noches', '•Enviado por móvil']",PamplonaYamaguchi
Antoniordp,España,10.0,Escrito en 4 de marzo de 2023,"Apartamento cómodo y práctico. Cocina completa, incluso lavadora y lavavajillas. Te dejan un kit de limpieza. Camas muy cómodas. Check-in fácil y la llave en el móvil una comodidad.
Recomendable.",,"['•Viaje de ocio', '•Pareja', '•Estudio', '•Estancia de 2 noches', '•Enviado por móvil']",PamplonaYamaguchi
Mª,España,8.0,Escrito en 28 de febrero de 2023,,No me gustó que la basura estuviera tan cerca de los cubiertos. Me parece que no tiene nada de higiénico,"['•Viaje de ocio', '•Pareja', '•Apartamento de 2 dormitorios', '•Estancia de 3 noches', '•Enviado por móvil']",PamplonaYamaguchi
Domingo,España,10.0,Escrito en 27 de febrero de 2023,"Todo el apartamento es fantástico. La terraza que da al parque es maravillosa. Está muy bien distribuido, todo muy cómodo, desde la cocina, al baño, el dormitorio con su pequeña terraza,…..","Nada, todo fue maravilloso","['•Viaje de ocio', '•Familia con niños pequeños', '•Apartamento con terraza', '•Estancia de 2 noches']",PamplonaYamaguchi
Ivan,España,10.0,Escrito en 27 de febrero de 2023,"El apartamento estaba muy limpio, y calentito cuando llegamos. A mí perra le habían dejado cuencos, chuches y una camita ❤️
Totalmente equipado y a 15 min del centro andando.","Llegué de noche y cerca de las 00:30 salto la alarma de incendios en todo el edificio (alguien estaría fumando) tuvimos que ser los huéspedes los que nos cercionasemos de que no ocurría nada  yendo planta por planta y viendo por los exteriores.
Ni después de la alarma ni al día siguiente apareció nadie, ni ninguna circular, ni ningún mensaje explicado el porqué de la alarma.","['•Viaje de ocio', '•Pareja', '•Estudio', '•Estancia de 2 noches', '•Enviado por móvil']",PamplonaYamaguchi
Mayte,España,8.0,Escrito en 27 de febrero de 2023,"El apartamento es muy amplio (para 4 personas), bonito, moderno y con menaje completo. Me encantó poder hacer el check in/out a través de App. La terraza en el ático es perfecta.","El sofá-cama. Dormir dos noches seguidas me va a costar una sesión de fisioterapia, ¡incomodísimo!
La zona donde está es muy agradable y tiene todos los servicios, no tardas demasiado en llegar al centro. Pero si vas en coche, todo el barrio es de distintos pagos (azul, naranja, rojo). El parking del apartamento sale más caro.","['•Viaje de ocio', '•Familia con niños pequeños', '•Apartamento Deluxe', '•Estancia de 2 noches', '•Enviado por móvil']",PamplonaYamaguchi
Sara,España,9.0,Escrito en 27 de febrero de 2023,estaba limpio y muy bien decorado,los extras como el desayuno hubieran sido un detalle por el precio del alojamiento,"['•Viaje de ocio', '•Pareja', '•Estudio', '•Estancia de 2 noches', '•Enviado por móvil']",PamplonaYamaguchi
Jose,España,10.0,Escrito en 26 de febrero de 2023,"Muy acogedor, amplio, limpio y cómodo.",Me gustó todo.,"['•Pareja', '•Estudio', '•Estancia de 1 noche', '•Enviado por móvil']",PamplonaYamaguchi
Sara,España,8.0,Escrito en 24 de febrero de 2023,,"No me gustó, que no tenía ningún paño de cocina por decir algo y luego que saltó una alarma una de las noches y tardaron entre 10/15 minutos en solucionarlo. Pero la verdad que sin duda para futuros viajes contaríamos con el mismo alojamiento","['•Viaje de ocio', '•Familia con niños pequeños', '•Apartamento de 1 dormitorio', '•Estancia de 3 noches', '•Enviado por móvil']",PamplonaYamaguchi
Teresa,España,10.0,Escrito en 23 de febrero de 2023,"Muy limpio, cómodo,  con todos los servicios  y dos baños.  Muy buena ubicación, en zona tranquila,junto al parque y plaza, muy cerca de la Clínica Universitaria de Navarra y de un Carrefour Express. Sin duda, lo recomiendo.","Por decir algo, que no pudimos contratar el check-in temprano, ni había consignas cercanas.","['•Familia con niños pequeños', '•Apartamento Deluxe', '•Estancia de 3 noches', '•Enviado por móvil']",PamplonaYamaguchi
Diana,España,10.0,Escrito en 23 de febrero de 2023,"Los apartamentos tienen todo lo necesario para tener una buena estancia, es muy moderno y las camas son muy cómodas. La ducha es una maravilla.",Éramos 4 y solo hubieron toallas para 3.,"['•Viaje de negocios', '•Grupo de amigos', '•Apartamento de 1 dormitorio', '•Estancia de 1 noche', '•Enviado por móvil']",PamplonaYamaguchi
Manuel,España,10.0,Escrito en 22 de febrero de 2023,La decoración y la tranquilidad,"Sería bueno disponer de un trapo o papel de cocina.
La tostadora no funcionaba","['•Viaje de ocio', '•Pareja', '•Estudio', '•Estancia de 3 noches', '•Enviado por móvil']",PamplonaYamaguchi
Pablo,España,8.0,Escrito en 21 de febrero de 2023,,"Se estropeó elSistema a las 2 de la mañana regresando al hotelY no podía contactar con nadie de la recepción  on line, meLa tuve que ingeniar para acceder al recinto. Se excusan en caída delSistemaInformático pero nadie responde a losteléfonos de madrugada","['•Viaje de ocio', '•Pareja', '•Estudio', '•Estancia de 2 noches', '•Enviado por móvil']",PamplonaYamaguchi
Gian,España,9.0,Escrito en 21 de febrero de 2023,"limpieza, cercanía..,.estilo minimalista .
contaba con parking propio…hay q reservarlo previamente pues es pequeño .",el desayuno que no pertenece al apartamento es muy malo…mejor no ofrecerlo.,"['•Viaje de ocio', '•Familia con niños pequeños', '•Apartamento de 1 dormitorio', '•Estancia de 2 noches', '•Enviado por móvil']",PamplonaYamaguchi
Gema,España,10.0,Escrito en 21 de febrero de 2023,"Todo. Esta muy nuevo y cuidado hasta el más mínimo detalle. Muy limpio y camas, sabanas, utensilios,etc de calidad. El entorno precioso, con vistas al parque y con restaurantes en la misma plaza. Fácil acceso.","Solo comentar que en el apartamento 202 chirría un poquito la.puerta del baño, pero que lo pongo aquí para que  se solucione sin problema. Estaba todo perfecto y cuidado.","['•Viaje de ocio', '•Pareja', '•Apartamento Deluxe', '•Estancia de 1 noche', '•Enviado por móvil']",PamplonaYamaguchi
Gomez,España,10.0,Escrito en 21 de febrero de 2023,"La comodidad, el diseño y la limpieza",Todo fenomenal,"['•Viaje de ocio', '•Familia con niños pequeños', '•Apartamento Deluxe', '•Estancia de 2 noches']",PamplonaYamaguchi
Cristina,España,9.0,Escrito en 20 de febrero de 2023,"En general el apartamento está muy bien, era pequeño pero para una pareja más que suficiente. Muy Moderno y muy cómodo, todo muy limpio. 
La situación muy buena, en una plaza en la que tienes bares y restaurantes, y muy cerca de supermercados.","En el apartamento echamos en falta papel o trapo de cocina y lo básico por sí tienes que cocinar, sal y aceite. Y del dormitorio las almohada eran muy bajas, pero eso va en gustos. 
De las instalaciones, que todo el aparcamiento cercano es de pago. Sería un 10 si tuviese parking propio.","['•Viaje de ocio', '•Pareja', '•Estudio', '•Estancia de 4 noches', '•Enviado por móvil']",PamplonaYamaguchi
Eugenio,España,9.0,Escrito en 20 de febrero de 2023,"Bien ,desayuno bien tb",Cierre y apertura de terraza comunitaria y a las 11:00 al hacer el check Out la tarjeta del garaje se desactivo y tuvimos que buscar a la persona que estaba allí que rápidamente nos abrió muy amable,"['•Viaje de ocio', '•Familia con niños pequeños', '•Estudio', '•Estancia de 2 noches', '•Enviado por móvil']",PamplonaYamaguchi
Elisa,España,10.0,Escrito en 18 de febrero de 2023,"Es muy acogedor, agradable y tiene todo lo que te puedas imaginar para hacerte la estancia lo más cómoda posible.",,"['•Familia con niños pequeños', '•Apartamento Deluxe', '•Estancia de 1 noche', '•Enviado por móvil']",PamplonaYamaguchi
Estefania,España,8.0,Escrito en 17 de febrero de 2023,,Las almohadas un horror y no hay amenities de baño ni de cocina.,"['•Familia con niños pequeños', '•Apartamento de 1 dormitorio', '•Estancia de 1 noche', '•Enviado por móvil']",PamplonaYamaguchi
Elena,España,8.0,Escrito en 13 de febrero de 2023,"todo muy bien
fue rápido pero merece la pena","el checking no es cómodo
si llegas a de noche con frío y tienes estar dando numeritos en una puerta, con una persona mayor o niños… no es operativo
Conozco muchos sitios como este y ha sido el más incómodo","['•Pareja', '•Apartamento de 1 dormitorio', '•Estancia de 1 noche', '•Enviado por móvil']",PamplonaYamaguchi
Cristina,España,10.0,Escrito en 13 de febrero de 2023,todo,no tengo queja,"['•Viaje de negocios', '•Pareja', '•Estudio', '•Estancia de 1 noche', '•Enviado por móvil']",PamplonaYamaguchi
Andoni,España,10.0,Escrito en 11 de febrero de 2023,Muy bien en todo,,"['•Viaje de ocio', '•Persona que viaja sola', '•Apartamento de 1 dormitorio', '•Estancia de 1 noche', '•Enviado por móvil']",PamplonaYamaguchi
Sandra,España,10.0,Escrito en 10 de febrero de 2023,"Limpio, ubicación perfecta, tranquilo sin ruidos, cama comodisima.",Nada,"['•Viaje de negocios', '•Pareja', '•Apartamento de 1 dormitorio', '•Estancia de 4 noches', '•Enviado por móvil']",PamplonaYamaguchi
Montserrat,España,10.0,Escrito en 7 de febrero de 2023,La comodidad y práctico,Nada,"['•Familia con niños pequeños', '•Apartamento Deluxe', '•Estancia de 1 noche', '•Enviado por móvil']",PamplonaYamaguchi
Macarena,España,8.0,Escrito en 6 de febrero de 2023,"Cómodo, limpio, buenas vistas. Admite mascotas. Le dejan manita y vajilla para ellos.",El trato del personal a la hora de entrar y dejar el apartamento.,"['•Viaje de ocio', '•Pareja', '•Estudio', '•Estancia de 2 noches', '•Enviado por móvil']",PamplonaYamaguchi
Victor,España,7.0,Escrito en 11 de noviembre de 2024,Limpieza,Cama supletoria muy muy incomoda,"['•Viaje de ocio', '•Grupo', '•Apartamento de 1 dormitorio', '•Estancia de 1 noche', '•Enviado por móvil']",PamplonaYamaguchi
Caridad,España,7.0,Escrito en 5 de noviembre de 2024,,"La cama, era dura y se notaban los muelles. Así como la almohada","['•Viaje de ocio', '•Pareja', '•Apartamento de 1 dormitorio', '•Estancia de 1 noche', '•Enviado por móvil']",PamplonaYamaguchi
Alvaro,España,6.0,Escrito en 30 de octubre de 2024,La ubicación,"Minimo equipamiento de cocina y limpieza (escoba y recogedor como minimoFalta luz en el comedorFalta luz para maquillarse en los cuartos de bañoFalta una estanteria en las duchas","['•Viaje de ocio', '•Pareja', '•Apartamento Deluxe', '•Estancia de 4 noches']",PamplonaYamaguchi
Alicia,España,7.0,Escrito en 28 de octubre de 2024,"El alojamiento es un 10,
Moderno y funcional, esta súper limpio y huele genial","No me gusto Q no hay recepción, tuvimos un problema con la ducha no tragaba el desagüe y se nos inundó el baño, tuve q secar el suelo con la mitad de las toallas y al ponerme en contacto virtual con la recepción me dieron la solución de coger más toallas.., cuando lo q necesitaba era una fregona y ducharme. No le pongo un diez por esto… una pena, como tengas un problema búscate la vida.","['•Familia con niños pequeños', '•Apartamento de 1 dormitorio', '•Estancia de 1 noche', '•Enviado por móvil']",PamplonaYamaguchi
Alfonso,España,1.0,Escrito en 24 de octubre de 2024,,"Pagamos 3 plazas de parking y cuando llegamos por la noche, solo pudimos aparcar dos coches, el resto ocupado, llamamos por telefono y nadie contesta. El sofá cama no pusieron almohadas.El desayuno, si quieres como nosotros que mas de una persona quería tortilla, solo te dan lo que queda, no hacen mas, porque aparte es una cafeteria para la gente que no es del hotel","['•Viaje de ocio', '•Familia con niños pequeños', '•Apartamento de 2 dormitorios', '•Estancia de 1 noche']",PamplonaYamaguchi
Francisco,España,5.0,Escrito en 20 de octubre de 2024,Ubicación y sistema de entrada,"Apartamento muy muy pequeño para 4 personas y las plazas de parking, también, muy complicado aparcar","['•Viaje de ocio', '•Familia con niños pequeños', '•Apartamento de 1 dormitorio', '•Estancia de 2 noches', '•Enviado por móvil']",PamplonaYamaguchi
Jose,España,7.0,Escrito en 10 de octubre de 2024,Ubicación  y equipamiento,"Cama estrecha para dos personas
1 cuarto de baño para 4 personas","['•Familia con niños pequeños', '•Apartamento de 2 dormitorios', '•Estancia de 2 noches', '•Enviado por móvil']",PamplonaYamaguchi
Naigle,España,6.0,Escrito en 1 de octubre de 2024,"todo muy práctico cuidan muchos los detalles te dejan agua de cortesía artículos para el aseo de la cocina, unas patatas de bolsa ricas, cápsulas del café de cortesía y de verdad que insuperable excelente ubicación caminando a parques 25,30min centro 25,30min a ritmo normal. son bastante pequeños pero bueno para una estancia corta va bien particularmente lo necesitábamos para ir al hospital clínico universidad de navarra y super cerca.","no me gustó que no había aire acondicionado de verdad que pase un calor INSOPORTABLE, afuera hacia buen clima pero bueno mi estancia requería que estuviera dentro del departamento descansando y el tener que pasar calor porque en Pamplona tenían calefacción por el hecho del clima creo que deberían evaluar ese tema porque de verdad pasamos calor.. del resto todo muy bien. gracias","['•Viaje de ocio', '•Grupo de amigos', '•Apartamento de 1 dormitorio', '•Estancia de 2 noches', '•Enviado por móvil']",PamplonaYamaguchi
Ekaitz,España,6.0,Escrito en 16 de septiembre de 2024,La ducha,La cama,"['•Viaje de ocio', '•Pareja', '•Estudio', '•Estancia de 1 noche', '•Enviado por móvil']",PamplonaYamaguchi
Eduardo,España,6.0,Escrito en 12 de septiembre de 2024,La ubicación,La cama era dura muy dura casi imposible descansar. La tele era complicada porque había una voz de i.a...también había polvo en la manta no hay aire acondicionado,"['•Viaje de ocio', '•Pareja', '•Apartamento de 1 dormitorio', '•Estancia de 1 noche', '•Enviado por móvil']",PamplonaYamaguchi
William,España,7.0,Escrito en 31 de agosto de 2024,,"Las muchas dificultades con registrar on line. Sin la recepcionista, que trabaja de 10.00 a 17.00,  no hubiéramos  podido entrar a pesar de haber pagado la estancia.","['•Viaje de ocio', '•Pareja', '•Estudio', '•Estancia de 2 noches', '•Enviado por móvil']",PamplonaYamaguchi
Eva,España,7.0,Escrito en 30 de julio de 2024,"Buena ubicación. El kit de bienvenida con unos cafés, agua y material para limpieza se agradece.","Era un espacio muy pequeño para una familia con dos niños (bebes) sin embargo, te recomienda la opción a la hora de reservar. El sofá cama hace mucho ruido. La limpieza regular.","['•Viaje de ocio', '•Familia con niños pequeños', '•Apartamento de 1 dormitorio', '•Estancia de 2 noches', '•Enviado por móvil']",PamplonaYamaguchi
Enrique,España,7.0,Escrito en 17 de junio de 2024,La ubicación y que era nuevo. El ático,La despersonalización,"['•Pareja', '•Estudio', '•Estancia de 1 noche', '•Enviado por móvil']",PamplonaYamaguchi
Aitziber,España,7.0,Escrito en 26 de mayo de 2024,,Que no hubiera una escoba y recogedor,"['•Grupo de amigos', '•Apartamento de 1 dormitorio', '•Estancia de 6 noches', '•Enviado por móvil']",PamplonaYamaguchi
Carmen,España,7.0,Escrito en 16 de mayo de 2024,La ubicacion,Las fotos Dan una idea equivocada del apartamento. No terraza y es mucho más pequeño. El baño es muy pequeño,"['•Viaje de ocio', '•Pareja', '•Estudio', '•Estancia de 1 noche', '•Enviado por móvil']",PamplonaYamaguchi
Salomé,España,7.0,Escrito en 21 de abril de 2024,Habitación agradable con todas las comodidades.,"Lo que no nos gustó fue sobretodo la comunicación - todo se hace a distancia - tuvimos en algún momento un problema para abrir la puerta de nuestra habitación con el código que nos dieron y el encargado no nos supo ayudar a distancia.El coste del parking es adicional y no figura en ningun lado, tuvimos que llamar varias veces para averiguarlo y reservarlo. Una de las cosas que nos llamó la atención al elegir el hotel era la preciosa terraza que ponen en todas las fotos - en realidad solo está abierta en horarios muy restringidos (cuando está abierta en los horarios que te indican, que una vez más hay que pedir por teléfono). Fue una decepción ya que nos esperábamos poder pasar el rato por la mañana o por la tarde ahí, viendo por ejemplo el atardecer con vistas al Parque Yamaguchi, pero imposible.Si hubiera recepción podríamos haber hecho estos comentarios a la persona física, pero como todo se hace digitalmente los dejamos aquí. Para resumir, el precio me parece elevado para lo que ofrece comparado con otras ofertas en Pamplona. Y merecería la pena invertir una parte de los beneficios en un servicio de conserjería/recepción adecuado.","['•Viaje de negocios', '•Pareja', '•Estudio', '•Estancia de 3 noches', '•Enviado por móvil']",PamplonaYamaguchi
Maria,España,5.0,Escrito en 11 de abril de 2024,"Hoy he sido diagnosticada con SARNA .
El.apartamento no estaba muy limpio ( el baño sí), los picores comenzaron la misma noche en que me metí en la cama. Al día siguiente ronchas que se han ido agravando.
Un pésimo recuerdo de nuestra estancia!
No volveremos ni lo recomiendo.","La poca limpieza de la habitación.
Desayuno externo a los apartamentos, cerca y bueno , pero no in situ.","['•Viaje de ocio', '•Familia con niños pequeños', '•Apartamento de 1 dormitorio', '•Estancia de 2 noches', '•Enviado por móvil']",PamplonaYamaguchi
David,España,7.0,Escrito en 7 de abril de 2024,Bn,Bn,"['•Viaje de ocio', '•Pareja', '•Estudio', '•Estancia de 1 noche', '•Enviado por móvil']",PamplonaYamaguchi
Giovanna,España,4.0,Escrito en 6 de abril de 2024,Buenas instalaciones,"No funcionaba la calefacción de la habitación y teníamos frío.
En plena noche sonó la alarma de incendios.","['•Viaje de ocio', '•Grupo', '•Apartamento con terraza', '•Estancia de 1 noche', '•Enviado por móvil']",PamplonaYamaguchi
Gomez,España,5.0,Escrito en 27 de marzo de 2024,"La ubicación , las chicas de limpieza y el personal de recepción.","Las almohadas súper incómodas, dos utensilios de cocina de cada, al hacer la comida tenías que lavarlos para poder comer, un microondas grill pero no hay bandeja para cocinar, un lavavajillas tan grande pero al no haber loza suficiente no se puede usar, mejor uno mas pequeño y más loza, sin escobilla en el baño y sin repisa para colocar los geles de baño. Poca luz en la zona de comedor, no se podía trabajar con el ordenador ni leer, por lo menos una lámpara. Para estancias de uno o dos días pasable pero para estancias largas insuficiente.","['•Familia con niños pequeños', '•Estudio', '•Estancia de 31 noches', '•Enviado por móvil']",PamplonaYamaguchi
Antonio,España,5.0,Escrito en 24 de marzo de 2024,,"La cama supletoria incómodaEra un apartamento Deluxe y no lo parecía","['•Viaje de ocio', '•Grupo', '•Apartamento Deluxe', '•Estancia de 1 noche', '•Enviado por móvil']",PamplonaYamaguchi
Maria,España,6.0,Escrito en 16 de marzo de 2024,"El desayuno, aunque solo 2 de los 4 q estábamos pudimos desayunar, porque hasta último momento no supimos q abrían a las 9","La ducha, q se inunda el baño","['•Viaje de ocio', '•Familia con niños pequeños', '•Apartamento con terraza', '•Estancia de 1 noche', '•Enviado por móvil']",PamplonaYamaguchi
Carlos,España,7.0,Escrito en 28 de febrero de 2024,La ubicación y limpieza,"-Por las noches había un sonido al lado de la cama de las cañerías (agua corriendo) algo molesto. 
-Se perdió un juguete de mi hija. me compensaron aunque no por el valor del objeto :(
- Encontré chinches detrás de la cortina de la habitación y en las toallas del baño.
- Poca flexibilidad. Después de dos meses de estar alojada pedí cambiar de habitación a una más grande. En principio me dijeron que no había problema pero luego no me hicieron el cambio aunque en la web se veo que había disponibilidad.","['•Viaje de ocio', '•Familia con niños pequeños', '•Estudio', '•Estancia de 30 noches', '•Enviado por móvil']",PamplonaYamaguchi
Enrique,España,6.0,Escrito en 15 de febrero de 2024,"Bien situado y bien cuidado, cómodo y silencioso","Muy incómodo y largo el proceso de registro, no tienen consigna, lo que hace muy complicada la estancia si viajas en avión, a las 11:00 toca. A la puerta para echarte, poca flexibilidad. Se puede comprar early check in, pero bajo desponibilidad, por precio adicional, y solo desde las 13 horas. Se necesita una consigna","['•Viaje de ocio', '•Familia con niños pequeños', '•Apartamento Deluxe', '•Estancia de 2 noches', '•Enviado por móvil']",PamplonaYamaguchi
Alba,España,7.0,Escrito en 14 de enero de 2024,"Lo mejor la facilidad para entrar al alojamiento, pisos modernos y la ubicación.","No hay nadie físicamente y tardan mucho en contestar a las peticiones del cliente.Deberían incluir dejar un cepillo y recogedor, no hay en los apartamentos y son necesarios, más cuando viajamos con nuestro perro","['•Viaje de ocio', '•Familia con niños pequeños', '•Apartamento de 1 dormitorio', '•Estancia de 4 noches', '•Enviado por móvil']",PamplonaYamaguchi
Idoia,España,8.0,Escrito en 20 de octubre de 2025,,,"['•Viaje de ocio', '•Grupo', '•Apartamento de 1 dormitorio', '•Estancia de 1 noche', '•Enviado por móvil']",PamplonaYamaguchi
Fernandez,España,10.0,Escrito en 15 de octubre de 2025,,,"['•Viaje de negocios', '•Pareja', '•Apartamento de 1 dormitorio', '•Estancia de 1 noche', '•Enviado por móvil']",PamplonaYamaguchi
Julia,España,10.0,Escrito en 13 de octubre de 2025,,,"['•Viaje de ocio', '•Pareja', '•Estudio', '•Estancia de 2 noches', '•Enviado por móvil']",PamplonaYamaguchi
Carlos,España,10.0,Escrito en 9 de octubre de 2025,,,"['•Viaje de ocio', '•Pareja', '•Estudio', '•Estancia de 1 noche', '•Enviado por móvil']",PamplonaYamaguchi
Isidro,España,8.0,Escrito en 6 de octubre de 2025,,,"['•Persona que viaja sola', '•Apartamento de 1 dormitorio', '•Estancia de 13 noches', '•Enviado por móvil']",PamplonaYamaguchi
Elena,España,9.0,Escrito en 6 de octubre de 2025,,,"['•Viaje de ocio', '•Pareja', '•Estudio', '•Estancia de 2 noches', '•Enviado por móvil']",PamplonaYamaguchi
Rebeca,España,10.0,Escrito en 6 de octubre de 2025,,,"['•Viaje de ocio', '•Grupo', '•Apartamento de 1 dormitorio', '•Estancia de 1 noche']",PamplonaYamaguchi
Yon,España,10.0,Escrito en 29 de septiembre de 2025,,,"['•Viaje de ocio', '•Pareja', '•Apartamento de 1 dormitorio', '•Estancia de 1 noche', '•Enviado por móvil']",PamplonaYamaguchi
Feijoo,Argentina,9.0,Escrito en 20 de septiembre de 2025,,,"['•Viaje de ocio', '•Grupo de amigos', '•Apartamento de 1 dormitorio', '•Estancia de 1 noche', '•Enviado por móvil']",PamplonaYamaguchi
María,España,8.0,Escrito en 20 de septiembre de 2025,,,"['•Viaje de negocios', '•Pareja', '•Estudio', '•Estancia de 5 noches', '•Enviado por móvil']",PamplonaYamaguchi
Koldobika,España,10.0,Escrito en 20 de septiembre de 2025,,,"['•Viaje de ocio', '•Grupo', '•Apartamento de 1 dormitorio', '•Estancia de 2 noches', '•Enviado por móvil']",PamplonaYamaguchi
Mª,España,9.0,Escrito en 11 de septiembre de 2025,,,"['•Viaje de ocio', '•Pareja', '•Apartamento de 1 dormitorio', '•Estancia de 1 noche']",PamplonaYamaguchi
Acosta,Argentina,10.0,Escrito en 7 de septiembre de 2025,,,"['•Viaje de ocio', '•Familia con niños pequeños', '•Apartamento de 2 dormitorios', '•Estancia de 14 noches', '•Enviado por móvil']",PamplonaYamaguchi
Águeda,España,9.0,Escrito en 3 de septiembre de 2025,,,"['•Viaje de ocio', '•Grupo de amigos', '•Apartamento con terraza', '•Estancia de 2 noches', '•Enviado por móvil']",PamplonaYamaguchi
Enia,España,10.0,Escrito en 31 de agosto de 2025,,,"['•Viaje de ocio', '•Pareja', '•Apartamento de 1 dormitorio', '•Estancia de 4 noches', '•Enviado por móvil']",PamplonaYamaguchi
Marco,España,8.0,Escrito en 30 de agosto de 2025,,,"['•Viaje de ocio', '•Familia con niños pequeños', '•Apartamento Deluxe', '•Estancia de 2 noches', '•Enviado por móvil']",PamplonaYamaguchi
Horacio,España,8.0,Escrito en 30 de agosto de 2025,,,"['•Viaje de ocio', '•Familia con niños pequeños', '•Apartamento de 2 dormitorios', '•Estancia de 4 noches', '•Enviado por móvil']",PamplonaYamaguchi
Francisco,España,9.0,Escrito en 29 de agosto de 2025,,,"['•Viaje de ocio', '•Familia con niños pequeños', '•Apartamento de 1 dormitorio', '•Estancia de 1 noche', '•Enviado por móvil']",PamplonaYamaguchi
Carlos,España,10.0,Escrito en 28 de agosto de 2025,,,"['•Viaje de ocio', '•Familia con niños pequeños', '•Apartamento de 2 dormitorios', '•Estancia de 1 noche', '•Enviado por móvil']",PamplonaYamaguchi
Julen,España,8.0,Escrito en 28 de agosto de 2025,,,"['•Viaje de ocio', '•Pareja', '•Apartamento Deluxe', '•Estancia de 1 noche', '•Enviado por móvil']",PamplonaYamaguchi
Claudia,Argentina,10.0,Escrito en 21 de agosto de 2025,,,"['•Viaje de ocio', '•Pareja', '•Estudio', '•Estancia de 6 noches', '•Enviado por móvil']",PamplonaYamaguchi
Maryam,España,10.0,Escrito en 20 de agosto de 2025,,,"['•Viaje de ocio', '•Familia con niños pequeños', '•Apartamento de 2 dormitorios', '•Estancia de 1 noche', '•Enviado por móvil']",PamplonaYamaguchi
Pablo,España,9.0,Escrito en 19 de agosto de 2025,,,"['•Viaje de ocio', '•Grupo de amigos', '•Apartamento de 2 dormitorios', '•Estancia de 2 noches', '•Enviado por móvil']",PamplonaYamaguchi
Xavier,España,9.0,Escrito en 18 de agosto de 2025,,,"['•Viaje de ocio', '•Grupo', '•Apartamento de 2 dormitorios', '•Estancia de 2 noches', '•Enviado por móvil']",PamplonaYamaguchi
Linares,España,10.0,Escrito en 17 de agosto de 2025,,,"['•Viaje de ocio', '•Grupo', '•Apartamento de 2 dormitorios', '•Estancia de 2 noches', '•Enviado por móvil']",PamplonaYamaguchi
Aida,España,9.0,Escrito en 14 de febrero de 2025,,,"['•Viaje de ocio', '•Familia con niños pequeños', '•Apartamento de 2 dormitorios', '•Estancia de 1 noche', '•Enviado por móvil']",PamplonaYamaguchi
Naigle,España,10.0,Escrito en 14 de febrero de 2025,,,"['•Viaje de ocio', '•Grupo de amigos', '•Apartamento Deluxe', '•Estancia de 2 noches', '•Enviado por móvil']",PamplonaYamaguchi
Manuel,España,9.0,Escrito en 12 de febrero de 2025,,,"['•Viaje de ocio', '•Pareja', '•Estudio', '•Estancia de 1 noche', '•Enviado por móvil']",PamplonaYamaguchi
Isabel,España,8.0,Escrito en 27 de enero de 2025,,,"['•Viaje de ocio', '•Familia con niños pequeños', '•Apartamento de 1 dormitorio', '•Estancia de 1 noche', '•Enviado por móvil']",PamplonaYamaguchi
María,España,10.0,Escrito en 23 de enero de 2025,,,"['•Viaje de ocio', '•Familia con niños pequeños', '•Apartamento Deluxe', '•Estancia de 1 noche', '•Enviado por móvil']",PamplonaYamaguchi
Joselinha,España,8.0,Escrito en 22 de enero de 2025,,,"['•Viaje de negocios', '•Pareja', '•Estudio', '•Estancia de 1 noche', '•Enviado por móvil']",PamplonaYamaguchi
Amaia,España,10.0,Escrito en 5 de enero de 2025,,,"['•Viaje de ocio', '•Pareja', '•Apartamento de 1 dormitorio', '•Estancia de 1 noche', '•Enviado por móvil']",PamplonaYamaguchi
Rodriguez,España,8.0,Escrito en 5 de enero de 2025,,,"['•Viaje de ocio', '•Familia con niños pequeños', '•Apartamento de 1 dormitorio', '•Estancia de 9 noches', '•Enviado por móvil']",PamplonaYamaguchi
Elena,España,10.0,Escrito en 3 de enero de 2025,,,"['•Viaje de ocio', '•Grupo de amigos', '•Apartamento de 1 dormitorio', '•Estancia de 1 noche', '•Enviado por móvil']",PamplonaYamaguchi
Alberto,España,9.0,Escrito en 26 de diciembre de 2024,,,"['•Viaje de ocio', '•Familia con niños pequeños', '•Apartamento de 1 dormitorio', '•Estancia de 10 noches', '•Enviado por móvil']",PamplonaYamaguchi
Estefanía,España,10.0,Escrito en 22 de diciembre de 2024,,,"['•Viaje de ocio', '•Grupo', '•Apartamento de 1 dormitorio', '•Estancia de 1 noche', '•Enviado por móvil']",PamplonaYamaguchi
Teresa,España,10.0,Escrito en 15 de diciembre de 2024,,,"['•Viaje de negocios', '•Persona que viaja sola', '•Apartamento de 1 dormitorio', '•Estancia de 1 noche', '•Enviado por móvil']",PamplonaYamaguchi
Aratz,España,8.0,Escrito en 8 de diciembre de 2024,,,"['•Viaje de ocio', '•Grupo', '•Apartamento de 2 dormitorios', '•Estancia de 1 noche', '•Enviado por móvil']",PamplonaYamaguchi
Sandra,España,10.0,Escrito en 6 de diciembre de 2024,,,"['•Viaje de negocios', '•Pareja', '•Estudio', '•Estancia de 3 noches', '•Enviado por móvil']",PamplonaYamaguchi
Angel,España,8.0,Escrito en 2 de diciembre de 2024,,,"['•Viaje de ocio', '•Pareja', '•Estudio', '•Estancia de 5 noches', '•Enviado por móvil']",PamplonaYamaguchi
Pablo,España,10.0,Escrito en 30 de noviembre de 2024,,,"['•Viaje de negocios', '•Pareja', '•Apartamento de 1 dormitorio', '•Estancia de 1 noche', '•Enviado por móvil']",PamplonaYamaguchi
Goia,España,8.0,Escrito en 27 de noviembre de 2024,,,"['•Viaje de ocio', '•Grupo de amigos', '•Apartamento de 2 dormitorios', '•Estancia de 1 noche', '•Enviado por móvil']",PamplonaYamaguchi
Myryam,España,9.0,Escrito en 27 de noviembre de 2024,,,"['•Viaje de ocio', '•Pareja', '•Estudio', '•Estancia de 1 noche', '•Enviado por móvil']",PamplonaYamaguchi
Alicia,España,8.0,Escrito en 24 de noviembre de 2024,,,"['•Viaje de ocio', '•Grupo', '•Apartamento de 1 dormitorio', '•Estancia de 1 noche', '•Enviado por móvil']",PamplonaYamaguchi
Marina,España,9.0,Escrito en 18 de noviembre de 2024,,,"['•Pareja', '•Apartamento de 1 dormitorio', '•Estancia de 2 noches', '•Enviado por móvil']",PamplonaYamaguchi
Gumersindo,España,9.0,Escrito en 15 de noviembre de 2024,,,"['•Viaje de ocio', '•Pareja', '•Estudio', '•Estancia de 3 noches', '•Enviado por móvil']",PamplonaYamaguchi
Ana,España,8.0,Escrito en 11 de noviembre de 2024,,,"['•Viaje de ocio', '•Familia con niños pequeños', '•Apartamento de 1 dormitorio', '•Estancia de 4 noches']",PamplonaYamaguchi
Raquel,España,10.0,Escrito en 9 de noviembre de 2024,,,"['•Viaje de ocio', '•Pareja', '•Apartamento de 1 dormitorio', '•Estancia de 1 noche', '•Enviado por móvil']",PamplonaYamaguchi
Rosa,España,10.0,Escrito en 8 de noviembre de 2024,,,"['•Viaje de ocio', '•Pareja', '•Estudio', '•Estancia de 1 noche', '•Enviado por móvil']",PamplonaYamaguchi
Monica,España,9.0,Escrito en 4 de noviembre de 2024,,,"['•Viaje de ocio', '•Familia con niños pequeños', '•Estudio', '•Estancia de 1 noche', '•Enviado por móvil']",PamplonaYamaguchi
Araceli,España,10.0,Escrito en 4 de julio de 2024,,,"['•Viaje de ocio', '•Pareja', '•Estudio', '•Estancia de 2 noches', '•Enviado por móvil']",PamplonaYamaguchi
Beatriz,España,8.0,Escrito en 2 de julio de 2024,,,"['•Viaje de ocio', '•Pareja', '•Apartamento con terraza', '•Estancia de 3 noches', '•Enviado por móvil']",PamplonaYamaguchi
José,España,9.0,Escrito en 28 de junio de 2024,,,"['•Viaje de ocio', '•Grupo de amigos', '•Apartamento de 1 dormitorio', '•Estancia de 2 noches', '•Enviado por móvil']",PamplonaYamaguchi
Alejandro,España,10.0,Escrito en 26 de junio de 2024,,,"['•Familia con niños pequeños', '•Apartamento Deluxe', '•Estancia de 3 noches', '•Enviado por móvil']",PamplonaYamaguchi
Carmen,España,9.0,Escrito en 20 de junio de 2024,,,"['•Viaje de negocios', '•Pareja', '•Estudio', '•Estancia de 13 noches', '•Enviado por móvil']",PamplonaYamaguchi
Silvestre,España,10.0,Escrito en 20 de junio de 2024,,,"['•Pareja', '•Estudio', '•Estancia de 1 noche', '•Enviado por móvil']",PamplonaYamaguchi
Jaione,España,9.0,Escrito en 17 de junio de 2024,,,"['•Viaje de ocio', '•Pareja', '•Estudio', '•Estancia de 1 noche', '•Enviado por móvil']",PamplonaYamaguchi
Gabriela,México,10.0,Escrito en 14 de junio de 2024,,,"['•Pareja', '•Estudio', '•Estancia de 3 noches', '•Enviado por móvil']",PamplonaYamaguchi
Roi,España,9.0,Escrito en 9 de junio de 2024,,,"['•Viaje de negocios', '•Persona que viaja sola', '•Estudio', '•Estancia de 5 noches', '•Enviado por móvil']",PamplonaYamaguchi
Gotzon,España,8.0,Escrito en 5 de junio de 2024,,,"['•Viaje de ocio', '•Familia con niños pequeños', '•Apartamento con terraza', '•Estancia de 1 noche', '•Enviado por móvil']",PamplonaYamaguchi
Francia,España,10.0,Escrito en 1 de junio de 2024,,,"['•Viaje de ocio', '•Pareja', '•Estudio', '•Estancia de 1 noche', '•Enviado por móvil']",PamplonaYamaguchi
Jorge,España,10.0,Escrito en 15 de mayo de 2024,,,"['•Pareja', '•Apartamento de 1 dormitorio', '•Estancia de 4 noches', '•Enviado por móvil']",PamplonaYamaguchi
M,España,9.0,Escrito en 14 de mayo de 2024,,,"['•Pareja', '•Estudio', '•Estancia de 4 noches', '•Enviado por móvil']",PamplonaYamaguchi
María,España,8.0,Escrito en 13 de mayo de 2024,,,"['•Persona que viaja sola', '•Apartamento de 1 dormitorio', '•Estancia de 2 noches', '•Enviado por móvil']",PamplonaYamaguchi
María,España,10.0,Escrito en 9 de mayo de 2024,,,"['•Viaje de ocio', '•Familia con niños pequeños', '•Apartamento de 1 dormitorio', '•Estancia de 8 noches']",PamplonaYamaguchi
Jose,España,9.0,Escrito en 4 de mayo de 2024,,,"['•Viaje de negocios', '•Grupo', '•Apartamento con terraza', '•Estancia de 1 noche', '•Enviado por móvil']",PamplonaYamaguchi
Maider,España,10.0,Escrito en 3 de mayo de 2024,,,"['•Pareja', '•Apartamento de 1 dormitorio', '•Estancia de 4 noches', '•Enviado por móvil']",PamplonaYamaguchi
Maria,España,10.0,Escrito en 27 de abril de 2024,,,"['•Viaje de ocio', '•Pareja', '•Estudio', '•Estancia de 3 noches', '•Enviado por móvil']",PamplonaYamaguchi
Lvb,España,9.0,Escrito en 23 de abril de 2024,,,"['•Viaje de negocios', '•Grupo', '•Estudio', '•Estancia de 1 noche']",PamplonaYamaguchi
Maria,España,8.0,Escrito en 19 de abril de 2024,,,"['•Viaje de ocio', '•Pareja', '•Apartamento de 1 dormitorio', '•Estancia de 2 noches', '•Enviado por móvil']",PamplonaYamaguchi
Miquel88,España,10.0,Escrito en 5 de abril de 2024,,,"['•Viaje de ocio', '•Pareja', '•Apartamento con terraza', '•Estancia de 3 noches']",PamplonaYamaguchi
Serena,España,9.0,Escrito en 4 de abril de 2024,,,"['•Viaje de ocio', '•Grupo de amigos', '•Apartamento con terraza', '•Estancia de 2 noches', '•Enviado por móvil']",PamplonaYamaguchi
Sonia,España,10.0,Escrito en 2 de abril de 2024,,,"['•Viaje de ocio', '•Persona que viaja sola', '•Apartamento Deluxe', '•Estancia de 5 noches', '•Enviado por móvil']",PamplonaYamaguchi
Mònica,España,9.0,Escrito en 1 de abril de 2024,,,"['•Viaje de ocio', '•Familia con niños pequeños', '•Apartamento Deluxe', '•Estancia de 3 noches', '•Enviado por móvil']",PamplonaYamaguchi
Jose,España,10.0,Escrito en 30 de marzo de 2024,,,"['•Viaje de ocio', '•Pareja', '•Estudio', '•Estancia de 2 noches', '•Enviado por móvil']",PamplonaYamaguchi
Alba,España,10.0,Escrito en 26 de septiembre de 2023,,,"['•Viaje de ocio', '•Grupo de amigos', '•Apartamento de 2 dormitorios', '•Estancia de 1 noche', '•Enviado por móvil']",PamplonaYamaguchi
Laura,España,9.0,Escrito en 25 de septiembre de 2023,,,"['•Viaje de ocio', '•Pareja', '•Apartamento de 1 dormitorio', '•Estancia de 1 noche', '•Enviado por móvil']",PamplonaYamaguchi
Joaquin,España,10.0,Escrito en 24 de septiembre de 2023,,,"['•Familia con niños pequeños', '•Apartamento Deluxe', '•Estancia de 2 noches', '•Enviado por móvil']",PamplonaYamaguchi
Dovale,España,8.0,Escrito en 22 de septiembre de 2023,,,"['•Viaje de negocios', '•Pareja', '•Estudio', '•Estancia de 2 noches', '•Enviado por móvil']",PamplonaYamaguchi
Marta,España,10.0,Escrito en 20 de septiembre de 2023,,,"['•Viaje de ocio', '•Pareja', '•Apartamento de 1 dormitorio', '•Estancia de 4 noches', '•Enviado por móvil']",PamplonaYamaguchi
Juanjosem_,España,10.0,Escrito en 17 de septiembre de 2023,,,"['•Viaje de ocio', '•Pareja', '•Estudio', '•Estancia de 1 noche', '•Enviado por móvil']",PamplonaYamaguchi
Pablo,España,9.0,Escrito en 17 de septiembre de 2023,,,"['•Viaje de ocio', '•Pareja', '•Apartamento con terraza', '•Estancia de 1 noche', '•Enviado por móvil']",PamplonaYamaguchi
Maria,España,10.0,Escrito en 16 de septiembre de 2023,,,"['•Viaje de ocio', '•Persona que viaja sola', '•Estudio', '•Estancia de 12 noches', '•Enviado por móvil']",PamplonaYamaguchi
Javier,España,10.0,Escrito en 9 de septiembre de 2023,,,"['•Viaje de ocio', '•Pareja', '•Estudio', '•Estancia de 1 noche', '•Enviado por móvil']",PamplonaYamaguchi
Adrián,España,8.0,Escrito en 8 de septiembre de 2023,,,"['•Viaje de ocio', '•Familia con niños pequeños', '•Apartamento de 2 dormitorios', '•Estancia de 3 noches', '•Enviado por móvil']",PamplonaYamaguchi
Laura,España,9.0,Escrito en 7 de septiembre de 2023,,,"['•Viaje de ocio', '•Pareja', '•Estudio', '•Estancia de 6 noches']",PamplonaYamaguchi
Susana,España,9.0,Escrito en 5 de septiembre de 2023,,,"['•Viaje de ocio', '•Pareja', '•Estudio', '•Estancia de 4 noches', '•Enviado por móvil']",PamplonaYamaguchi
Anita,España,8.0,Escrito en 4 de septiembre de 2023,,,"['•Viaje de ocio', '•Pareja', '•Estudio', '•Estancia de 2 noches', '•Enviado por móvil']",PamplonaYamaguchi
Rocio,España,10.0,Escrito en 3 de septiembre de 2023,,,"['•Viaje de ocio', '•Familia con niños pequeños', '•Apartamento de 2 dormitorios', '•Estancia de 1 noche', '•Enviado por móvil']",PamplonaYamaguchi
Sonia,España,10.0,Escrito en 2 de septiembre de 2023,,,"['•Pareja', '•Estudio', '•Estancia de 4 noches', '•Enviado por móvil']",PamplonaYamaguchi
Diaz,España,8.0,Escrito en 2 de septiembre de 2023,,,"['•Viaje de ocio', '•Familia con niños pequeños', '•Apartamento de 1 dormitorio', '•Estancia de 3 noches', '•Enviado por móvil']",PamplonaYamaguchi
Gema,España,10.0,Escrito en 1 de septiembre de 2023,,,"['•Viaje de ocio', '•Pareja', '•Estudio', '•Estancia de 1 noche', '•Enviado por móvil']",PamplonaYamaguchi
Barbara,España,8.0,Escrito en 31 de agosto de 2023,,,"['•Viaje de ocio', '•Grupo de amigos', '•Apartamento de 2 dormitorios', '•Estancia de 2 noches', '•Enviado por móvil']",PamplonaYamaguchi
María,España,10.0,Escrito en 31 de agosto de 2023,,,"['•Familia con niños pequeños', '•Estudio', '•Estancia de 2 noches', '•Enviado por móvil']",PamplonaYamaguchi
Susana,España,10.0,Escrito en 31 de agosto de 2023,,,"['•Viaje de ocio', '•Pareja', '•Estudio', '•Estancia de 3 noches', '•Enviado por móvil']",PamplonaYamaguchi
Andrés,Italia,10.0,Escrito en 28 de agosto de 2023,,,"['•Viaje de ocio', '•Pareja', '•Estudio', '•Estancia de 1 noche', '•Enviado por móvil']",PamplonaYamaguchi
Alejandro,España,9.0,Escrito en 28 de agosto de 2023,,,"['•Viaje de ocio', '•Persona que viaja sola', '•Estudio', '•Estancia de 1 noche', '•Enviado por móvil']",PamplonaYamaguchi
Marcos,España,8.0,Escrito en 22 de agosto de 2023,,,"['•Viaje de negocios', '•Pareja', '•Estudio', '•Estancia de 2 noches', '•Enviado por móvil']",PamplonaYamaguchi
Maite,Francia,10.0,Escrito en 22 de agosto de 2023,,,"['•Viaje de ocio', '•Familia con niños pequeños', '•Apartamento de 2 dormitorios', '•Estancia de 1 noche', '•Enviado por móvil']",PamplonaYamaguchi
María,España,9.0,Escrito en 19 de agosto de 2023,,,"['•Viaje de ocio', '•Familia con niños pequeños', '•Apartamento de 1 dormitorio', '•Estancia de 1 noche', '•Enviado por móvil']",PamplonaYamaguchi
Ana,España,10.0,Escrito en 12 de abril de 2023,,,"['•Viaje de ocio', '•Familia con niños pequeños', '•Estudio', '•Estancia de 2 noches']",PamplonaYamaguchi
Andrea,España,8.0,Escrito en 11 de abril de 2023,,,"['•Viaje de ocio', '•Familia con niños pequeños', '•Apartamento de 1 dormitorio', '•Estancia de 1 noche']",PamplonaYamaguchi
Sonia,España,9.0,Escrito en 7 de abril de 2023,,,"['•Viaje de ocio', '•Persona que viaja sola', '•Estudio', '•Estancia de 6 noches', '•Enviado por móvil']",PamplonaYamaguchi
Panamos,España,9.0,Escrito en 16 de marzo de 2023,,,"['•Viaje de ocio', '•Pareja', '•Estudio', '•Estancia de 2 noches']",PamplonaYamaguchi
Antonio,España,8.0,Escrito en 12 de marzo de 2023,,,"['•Viaje de ocio', '•Familia con niños pequeños', '•Apartamento de 1 dormitorio', '•Estancia de 1 noche', '•Enviado por móvil']",PamplonaYamaguchi
David,España,10.0,Escrito en 12 de marzo de 2023,,,"['•Viaje de ocio', '•Pareja', '•Estudio', '•Estancia de 1 noche', '•Enviado por móvil']",PamplonaYamaguchi
Mª,España,8.0,Escrito en 12 de marzo de 2023,,,"['•Viaje de ocio', '•Familia con niños pequeños', '•Apartamento con terraza', '•Estancia de 3 noches', '•Enviado por móvil']",PamplonaYamaguchi
Judith,España,9.0,Escrito en 8 de marzo de 2023,,,"['•Viaje de ocio', '•Grupo de amigos', '•Estudio', '•Estancia de 1 noche', '•Enviado por móvil']",PamplonaYamaguchi
Ana,Italia,8.0,Escrito en 1 de marzo de 2023,,,"['•Viaje de ocio', '•Pareja', '•Apartamento de 1 dormitorio', '•Estancia de 3 noches', '•Enviado por móvil']",PamplonaYamaguchi
Francisco,España,9.0,Escrito en 27 de febrero de 2023,,,"['•Viaje de negocios', '•Familia con niños pequeños', '•Apartamento con terraza', '•Estancia de 1 noche']",PamplonaYamaguchi
Sergio,España,10.0,Escrito en 27 de febrero de 2023,,,"['•Viaje de ocio', '•Pareja', '•Estudio', '•Estancia de 1 noche', '•Enviado por móvil']",PamplonaYamaguchi
Julio,España,9.0,Escrito en 27 de febrero de 2023,,,"['•Viaje de ocio', '•Grupo', '•Apartamento Deluxe', '•Estancia de 3 noches', '•Enviado por móvil']",PamplonaYamaguchi
Leticia,España,9.0,Escrito en 26 de febrero de 2023,,,"['•Viaje de ocio', '•Familia con niños pequeños', '•Apartamento con terraza', '•Estancia de 1 noche', '•Enviado por móvil']",PamplonaYamaguchi
Evaperiquin,España,10.0,Escrito en 22 de febrero de 2023,,,"['•Viaje de ocio', '•Pareja', '•Estudio', '•Estancia de 1 noche', '•Enviado por móvil']",PamplonaYamaguchi
Shivaroff,España,10.0,Escrito en 22 de febrero de 2023,,,"['•Viaje de negocios', '•Grupo', '•Apartamento con terraza', '•Estancia de 2 noches', '•Enviado por móvil']",PamplonaYamaguchi
Miguel,España,8.0,Escrito en 20 de febrero de 2023,,,"['•Viaje de ocio', '•Pareja', '•Estudio', '•Estancia de 2 noches', '•Enviado por móvil']",PamplonaYamaguchi
Paula,España,8.0,Escrito en 19 de febrero de 2023,,,"['•Viaje de ocio', '•Familia con niños pequeños', '•Apartamento de 1 dormitorio', '•Estancia de 1 noche', '•Enviado por móvil']",PamplonaYamaguchi
Santiago,España,8.0,Escrito en 18 de febrero de 2023,,,"['•Pareja', '•Estudio', '•Estancia de 1 noche', '•Enviado por móvil']",PamplonaYamaguchi
Natalia,España,8.0,Escrito en 16 de febrero de 2023,,,"['•Persona que viaja sola', '•Estudio', '•Estancia de 2 noches', '•Enviado por móvil']",PamplonaYamaguchi
Julia,España,10.0,Escrito en 10 de febrero de 2023,,,"['•Viaje de ocio', '•Pareja', '•Apartamento con terraza', '•Estancia de 9 noches', '•Enviado por móvil']",PamplonaYamaguchi
Jose,España,9.0,Escrito en 10 de febrero de 2023,,,"['•Viaje de negocios', '•Familia con niños pequeños', '•Estudio', '•Estancia de 1 noche', '•Enviado por móvil']",PamplonaYamaguchi
Ignacio,España,9.0,Escrito en 6 de febrero de 2023,,,"['•Viaje de ocio', '•Familia con niños pequeños', '•Apartamento de 2 dormitorios', '•Estancia de 1 noche']",PamplonaYamaguchi
Felix,España,9.0,Escrito en 6 de febrero de 2023,,,"['•Viaje de ocio', '•Familia con niños pequeños', '•Apartamento Deluxe', '•Estancia de 1 noche', '•Enviado por móvil']",PamplonaYamaguchi
Enrique,España,9.0,Escrito en 5 de febrero de 2023,,,"['•Viaje de ocio', '•Familia con niños pequeños', '•Apartamento Deluxe', '•Estancia de 1 noche', '•Enviado por móvil']",PamplonaYamaguchi
Álvaro,España,8.0,Escrito en 2 de febrero de 2023,,,"['•Viaje de ocio', '•Pareja', '•Estudio', '•Estancia de 1 noche', '•Enviado por móvil']",PamplonaYamaguchi
Algora,Burkina Faso,7.0,Escrito en 4 de octubre de 2024,,,"['•Viaje de ocio', '•Grupo de amigos', '•Apartamento Deluxe', '•Estancia de 1 noche', '•Enviado por móvil']",PamplonaYamaguchi
Mari,España,6.0,Escrito en 20 de septiembre de 2024,,,"['•Viaje de negocios', '•Persona que viaja sola', '•Apartamento de 1 dormitorio', '•Estancia de 2 noches', '•Enviado por móvil']",PamplonaYamaguchi
Juan,España,6.0,Escrito en 1 de mayo de 2024,,,"['•Viaje de ocio', '•Pareja', '•Apartamento de 1 dormitorio', '•Estancia de 2 noches', '•Enviado por móvil']",PamplonaYamaguchi
Elixabete,España,5.0,Escrito en 16 de marzo de 2024,,,"['•Viaje de ocio', '•Grupo de amigos', '•Apartamento de 1 dormitorio', '•Estancia de 1 noche', '•Enviado por móvil']",PamplonaYamaguchi
Iker,España,1.0,Escrito en 6 de marzo de 2024,,,"['•Viaje de ocio', '•Grupo de amigos', '•Apartamento de 1 dormitorio', '•Estancia de 2 noches', '•Enviado por móvil']",PamplonaYamaguchi
María,España,6.0,Escrito en 1 de marzo de 2024,,,"['•Viaje de ocio', '•Familia con niños pequeños', '•Apartamento de 1 dormitorio', '•Estancia de 3 noches', '•Enviado por móvil']",PamplonaYamaguchi
Ariadna,España,7.0,Escrito en 4 de febrero de 2024,,,"['•Grupo de amigos', '•Apartamento de 2 dormitorios', '•Estancia de 2 noches', '•Enviado por móvil']",PamplonaYamaguchi
Nuria,España,7.0,Escrito en 13 de octubre de 2023,,,"['•Viaje de ocio', '•Pareja', '•Apartamento de 1 dormitorio', '•Estancia de 2 noches', '•Enviado por móvil']",PamplonaYamaguchi
Matilde,España,7.0,Escrito en 27 de agosto de 2023,,,"['•Viaje de ocio', '•Familia con niños pequeños', '•Apartamento con terraza', '•Estancia de 2 noches', '•Enviado por móvil']",PamplonaYamaguchi
Sonia,España,7.0,Escrito en 19 de agosto de 2023,,,"['•Viaje de ocio', '•Grupo de amigos', '•Apartamento Deluxe', '•Estancia de 1 noche', '•Enviado por móvil']",PamplonaYamaguchi
Ximo,España,7.0,Escrito en 20 de julio de 2023,,,"['•Viaje de ocio', '•Grupo', '•Apartamento Deluxe', '•Estancia de 2 noches']",PamplonaYamaguchi
Gil,España,6.0,Escrito en 8 de julio de 2023,,,"['•Viaje de ocio', '•Pareja', '•Apartamento con terraza', '•Estancia de 1 noche', '•Enviado por móvil']",PamplonaYamaguchi
Fernando,España,7.0,Escrito en 3 de julio de 2023,,,"['•Viaje de ocio', '•Grupo de amigos', '•Apartamento con terraza', '•Estancia de 1 noche', '•Enviado por móvil']",PamplonaYamaguchi
David,España,6.0,Escrito en 15 de mayo de 2023,,,"['•Viaje de negocios', '•Persona que viaja sola', '•Apartamento de 1 dormitorio', '•Estancia de 3 noches', '•Enviado por móvil']",PamplonaYamaguchi
Elena,España,7.0,Escrito en 7 de mayo de 2023,,,"['•Viaje de ocio', '•Pareja', '•Estudio', '•Estancia de 1 noche', '•Enviado por móvil']",PamplonaYamaguchi
Mikel,España,7.0,Escrito en 24 de abril de 2023,,,"['•Viaje de ocio', '•Pareja', '•Estudio', '•Estancia de 4 noches', '•Enviado por móvil']",PamplonaYamaguchi
Coralia,España,5.0,Escrito en 16 de abril de 2023,,,"['•Viaje de ocio', '•Grupo', '•Apartamento Deluxe', '•Estancia de 1 noche', '•Enviado por móvil']",PamplonaYamaguchi
Manuel,España,2.0,Escrito en 26 de marzo de 2023,,,"['•Viaje de ocio', '•Pareja', '•Estudio', '•Estancia de 1 noche', '•Enviado por móvil']",PamplonaYamaguchi
Lucia,España,7.0,Escrito en 21 de marzo de 2023,,,"['•Viaje de ocio', '•Grupo de amigos', '•Apartamento de 2 dormitorios', '•Estancia de 1 noche', '•Enviado por móvil']",PamplonaYamaguchi
Molina,España,7.0,Escrito en 20 de febrero de 2023,,,"['•Grupo de amigos', '•Apartamento de 2 dormitorios', '•Estancia de 1 noche', '•Enviado por móvil']",PamplonaYamaguchi
Andoni,España,5.0,Escrito en 27 de diciembre de 2022,,,"['•Viaje de ocio', '•Grupo', '•Estudio', '•Estancia de 1 noche']",PamplonaYamaguchi
Anónimo,España,10.0,Escrito en 4 de septiembre de 2025,,,"['•Viaje de ocio', '•Familia con niños pequeños', '•Apartamento de 1 dormitorio', '•Estancia de 4 noches', '•Enviado por móvil']",PamplonaYamaguchi
Anónimo,España,10.0,Escrito en 17 de julio de 2025,,,"['•Viaje de ocio', '•Pareja', '•Estudio', '•Estancia de 1 noche', '•Enviado por móvil']",PamplonaYamaguchi
Anónimo,España,9.0,Escrito en 20 de julio de 2023,,,"['•Viaje de ocio', '•Pareja', '•Apartamento con terraza', '•Estancia de 2 noches', '•Enviado por móvil']",PamplonaYamaguchi
Anónimo,España,10.0,Escrito en 18 de junio de 2023,,,"['•Pareja', '•Estudio', '•Estancia de 1 noche', '•Enviado por móvil']",PamplonaYamaguchi
Claudia,España,8.0,Escrito en 14 de diciembre de 2025,La limpieza.,El colchón del sofá cama y que no había jabón en la ducha,"['•Viaje de ocio', '•Grupo de amigos', '•Apartamento de 2 dormitorios con balcón', '•Estancia de 1 noche', '•Enviado por móvil']",ValenciaAbastos
Juanjo62,España,9.0,Escrito en 4 de diciembre de 2025,"La ubicación, la cama y la limpieza",,"['•Pareja', '•Estudio', '•Estancia de 1 noche', '•Enviado por móvil']",ValenciaAbastos
Fuentes,España,8.0,Escrito en 4 de noviembre de 2025,Todo muy bien,Para aparcar está bastante mal y los parking cercanos son muy caros,"['•Viaje de ocio', '•Persona que viaja sola', '•Estudio', '•Estancia de 1 noche', '•Enviado por móvil']",ValenciaAbastos
Karla,México,8.0,Escrito en 20 de octubre de 2025,La decoración,,"['•Viaje de ocio', '•Grupo', '•Apartamento de 2 dormitorios con terraza', '•Estancia de 1 noche', '•Enviado por móvil']",ValenciaAbastos
María,España,8.0,Escrito en 9 de octubre de 2025,la ubicación me encantó,,"['•Viaje de ocio', '•Familia con niños pequeños', '•Estudio', '•Estancia de 1 noche']",ValenciaAbastos
Genoveva,España,9.0,Escrito en 25 de septiembre de 2025,"Situación buena,cerca del centro tanto andando como en autobús.El apartamento fenomenal.","No me gusta tener que hacer todo tan impersonal(entrada y salida),solo a través de una pantalla.","['•Familia con niños pequeños', '•Estudio', '•Estancia de 1 noche', '•Enviado por móvil']",ValenciaAbastos
Nuria,España,8.0,Escrito en 24 de septiembre de 2025,"El alojamiento está muy bien en general, cómodo, con buena ubicación. 
Esta última vez que nos hemos quedado nos dieron un kit de bienvenida con cosas básicas como estropajo, balletas  y cosas de limpieza que se agradecen, ya que cogemos un apartamento.","Había algunos bichitos, pero supongo por la estación del año. 
El sofá si está algo sucio.","['•Pareja', '•Apartamento de 1 dormitorio con terraza', '•Estancia de 2 noches', '•Enviado por móvil']",ValenciaAbastos
Victoria,España,8.0,Escrito en 19 de septiembre de 2025,Que es pet friendly,,"['•Viaje de ocio', '•Pareja', '•Estudio', '•Estancia de 1 noche', '•Enviado por móvil']",ValenciaAbastos
Carmen,España,8.0,Escrito en 9 de septiembre de 2025,"Salón/Cocina
Colchon",,"['•Viaje de ocio', '•Grupo de amigos', '•Apartamento de 2 dormitorios con balcón', '•Estancia de 2 noches', '•Enviado por móvil']",ValenciaAbastos
Sol,España,7.0,Escrito en 28 de agosto de 2025,La ubicación,"El aire acondicionado estaba sucio por dentro, tenia moho, al menos por la noche pasamos hasta frio teniendo todo cerrado. 
Se escuchaba mucho el ruido de una habitación a otra
En la habitación habia varias moscas pequeñas y las mesitas de noche estaban sucias. 
Pero el resto bien","['•Viaje de ocio', '•Pareja', '•Estudio', '•Estancia de 2 noches', '•Enviado por móvil']",ValenciaAbastos
Maria,España,9.0,Escrito en 13 de agosto de 2025,Esta muy bien situado y fue una estancia muy agradable.,,"['•Viaje de ocio', '•Familia con niños pequeños', '•Apartamento de 2 dormitorios con balcón', '•Estancia de 1 noche', '•Enviado por móvil']",ValenciaAbastos
Ignacio,Venezuela,9.0,Escrito en 31 de julio de 2025,Estaba limpio y estaba bien equipado con respecto a lencería de cuartos y baños y equipos de cocina,El sofá cama era un poco incómodo porque se hundía.,"['•Viaje de ocio', '•Familia con niños pequeños', '•Apartamento de 2 dormitorios con terraza', '•Estancia de 1 noche', '•Enviado por móvil']",ValenciaAbastos
Iris,España,8.0,Escrito en 20 de julio de 2025,La llegada autónoma es fácil y respondieron rápido,El sofá cama para dos personas es incómodo,"['•Viaje de ocio', '•Grupo', '•Apartamento de 2 dormitorios con terraza', '•Estancia de 1 noche', '•Enviado por móvil']",ValenciaAbastos
Gertrudis,Italia,9.0,Escrito en 20 de julio de 2025,"La atención del personal, la limpieza y el regalo de agua, café y snack de bienvenida.No llegué a utilizar la ocina, porque la estancia fue muy corta, pero estaba muy completa y limpia. El colchón perfecto también. Hay un alquiler de bicicletas cerca. (Viajo muchísimo y llevo sin dar una puntuación tan alta desde hace siglos...).","Los alrededores: el personal de las cafeterías cercanas fue muy antipático, al final fui a comprar un refresco y desayuno al supermercado cercano. No recomiendo ir con coche, yo fui en taxi.","['•Viaje de ocio', '•Persona que viaja sola', '•Estudio', '•Estancia de 1 noche', '•Enviado por móvil']",ValenciaAbastos
Pablo,España,8.0,Escrito en 3 de julio de 2025,"El desayuno normalito en un bar cercano.No fué lo mejor del mundo..La ubicación está bastante bien. Hay una parada de autobus cerca de la puerta","la posibilidad de entrar antes de la hora,que no estaba disponible...","['•Viaje de ocio', '•Grupo', '•Apartamento de 2 dormitorios con terraza', '•Estancia de 1 noche']",ValenciaAbastos
Alicia,España,7.0,Escrito en 27 de junio de 2025,Limpieza,"Ruidoso. El personal del apartamento recoge la ropa sucia a las 12 de la noche arrastrando  unos carros que hacen  un ruido espantoso. Nos despertaron todas las nochesEl colchon  no era muy comodo.","['•Viaje de ocio', '•Familia con niños pequeños', '•Estudio', '•Estancia de 4 noches', '•Enviado por móvil']",ValenciaAbastos
Javier,España,9.0,Escrito en 23 de junio de 2025,"La estancia era agradable y limpia, amplia y cómoda.",El check in fue un poco complicado aunque nos ayudaron por teléfono.,"['•Viaje de ocio', '•Grupo', '•Apartamento de 2 dormitorios con balcón', '•Estancia de 3 noches', '•Enviado por móvil']",ValenciaAbastos
Sebastian,Argentina,7.0,Escrito en 10 de junio de 2025,La ubicación,Solicite en dos oportunidades las toallas porque éramos 5 personas y solo dejaron para tres.,"['•Viaje de ocio', '•Pareja', '•Apartamento de 2 dormitorios con balcón', '•Estancia de 1 noche', '•Enviado por móvil']",ValenciaAbastos
Maria,España,9.0,Escrito en 1 de junio de 2025,"El apartamento estaba muy bien y el sitio tambien. Limpio, cama cómoda.  Al final por una noche me parece caro pero en comparación de otros este era el que estaba mejor de todos.",No me parece bien no poder entrar hasta las 15h y q luego tengas q dejarlo a las 11h. Podias entrar antes pero eran 15€ más,"['•Pareja', '•Apartamento de 1 dormitorio con terraza', '•Estancia de 1 noche', '•Enviado por móvil']",ValenciaAbastos
Nuria,España,9.0,Escrito en 22 de mayo de 2025,"El apartamento estaba muy limpio y bien ubicado, además te dejan un detalle y los productos de lavavajillas son individuales por alojamiento lo cual está muy bien. Además el personal es muy atento a cualquier problema que surja y responden rápido a las dudas.",Solo podría poner una pega y es que había un par de luces fundidas.,"['•Grupo de amigos', '•Apartamento de 2 dormitorios con balcón', '•Estancia de 1 noche', '•Enviado por móvil']",ValenciaAbastos
Natividad,España,8.0,Escrito en 28 de abril de 2025,"La ubicación es muy buena, el barrio tranquilo y con comercios alrededor. El alojamiento está muy limpio y bien equipado. Las estancias son amplias y con mucha iluminación. Tuvieron el detalle de darnos un pack de bienvenida con patatas, cápsulas de café y agua.","Nos dejaron entrar a las 15.00h, sin embargo para salir fue a las 11.00h. Desde mi punto fueron exigentes en este punto, les dijimos de entrar sobre las 13.30 y nos dijeron que teníamos que pagar 15 euros más, lo que me pareció excesivo, teniendo en cuenta el precio que tenía el alojamiento. Las camas no eran muy cómodas. El kit de limpieza me pareció escaso, podrían incluir más pastillas del lavavajillas.","['•Viaje de ocio', '•Grupo', '•Apartamento de 2 dormitorios con terraza', '•Estancia de 2 noches', '•Enviado por móvil']",ValenciaAbastos
Lucia,España,9.0,Escrito en 8 de abril de 2025,Sitio muy cerca del centro con todas las comodidades y todo el menaje necesario para una muy buena estancia,,"['•Viaje de ocio', '•Pareja', '•Estudio', '•Estancia de 2 noches', '•Enviado por móvil']",ValenciaAbastos
Alicia,España,8.0,Escrito en 2 de abril de 2025,"Las habitaciones, todo nuevo","El sofá cama, éramos dos parejas y nos tocó dormir en un sofá cama muy incómodo","['•Viaje de ocio', '•Grupo', '•Apartamento de 2 dormitorios con balcón', '•Estancia de 1 noche', '•Enviado por móvil']",ValenciaAbastos
Andrea,España,9.0,Escrito en 6 de marzo de 2025,"Cerca del centro de la ciudad, puedes caminar 15 min y estar en la plaza del Ayuntamiento.",,"['•Viaje de ocio', '•Pareja', '•Estudio', '•Estancia de 1 noche', '•Enviado por móvil']",ValenciaAbastos
Cardoso,España,8.0,Escrito en 26 de agosto de 2023,"La atención al detalle, aunque no lo pedí me dejaron 2 cunas y la posibilidad de extender la estancia por 3 horas me vino bastante bien.","Para 2 noches de verano bien, de invierno puede que sea frio y oscuro.","['•Viaje de ocio', '•Familia con niños pequeños', '•Estudio', '•Estancia de 2 noches', '•Enviado por móvil']",ValenciaAbastos
Sara,España,8.0,Escrito en 20 de julio de 2023,El apartamento estaba muy bien equipado,Era un bajo,"['•Viaje de ocio', '•Grupo', '•Estudio', '•Estancia de 2 noches', '•Enviado por móvil']",ValenciaAbastos
Martha,España,7.0,Escrito en 10 de julio de 2023,La ubicación y la limpieza. El precio bastante bueno para ser una reserva de último minuto.,"Que todo es online, a través de una plataforma, y que si necesitas consultar cualquier cosa hablas con un bot. En la oferta decía que se pagaba en el establecimiento, pero nos cargaron todo a la tarjeta que pusimos al reservar, no vino nadie a cobrarnos. Nos faltó un poco de contacto personal. El hecho que eramos varios, nos obligó a depender que cada uno metiera sus datos en la aplicación y hasta que no lo hiceran todos, no podías obtener la llave, un poco engorroso ese proceso, al igual que la reserva del parking que era extra pero sin embargo no nos dejaba generar código hasta pagarlo.","['•Viaje de ocio', '•Familia con niños pequeños', '•Apartamento de 2 dormitorios con terraza', '•Estancia de 1 noche']",ValenciaAbastos
Piedrahita,Estados Unidos,8.0,Escrito en 16 de junio de 2023,el apartamento muy cómodo y limpio,en los baños se levanta mucho olor a  alcantarillado había que cerrar las puertas de los baños para  no oler,"['•Viaje de ocio', '•Familia con niños pequeños', '•Estudio', '•Estancia de 1 noche', '•Enviado por móvil']",ValenciaAbastos
Linda,España,8.0,Escrito en 6 de junio de 2023,Muy cómodo y decorado de muy buen gusto. Todo muy limpio y no nos faltaba nada en la cocina. Detalles para la perrita 👍,Sólo teníamos una llave digital entre los 4.....a lo mejor una explicación más de cómo usar el sistema de interfono...estamos tan acostumbrados a usar una llave normal o una tarjeta😬,"['•Viaje de ocio', '•Grupo de amigos', '•Apartamento de 2 dormitorios con terraza', '•Estancia de 2 noches', '•Enviado por móvil']",ValenciaAbastos
Jonathan,España,9.0,Escrito en 2 de junio de 2023,"La llegada fue bastante simple, el código que te envían por correo dos días antes y fuera. Tuvimos un problema con el código de acceso el segundo día aunque el servicio de Atencion al cliente nos lo resolvió bastante rápido. Viajamos con mascota y nos recibieron con una cama para el perro, dos cuencos para comida y agua y dos bolsas de chuches para el cachorro, todo magnífico. Volvería sin dudarlo","Ir a coche es complicado ya que aparcar es una odisea. Es una zona céntrica y el tráfico es horrible al igual que aparcar. Aunque de esto no tiene la culpa el alojamiento, volvería en trasporte, está bien comunicado.","['•Con una mascota', '•Viaje de ocio', '•Pareja', '•Estudio', '•Estancia de 2 noches', '•Enviado por móvil']",ValenciaAbastos
Viviana,Argentina,8.0,Escrito en 6 de mayo de 2023,la ubicación,falto lavarropa,"['•Viaje de ocio', '•Pareja', '•Estudio', '•Estancia de 3 noches', '•Enviado por móvil']",ValenciaAbastos
Albert,España,7.0,Escrito en 12 de abril de 2023,nuevos y limpios,poca ventilacions y ventanas,"['•Viaje de ocio', '•Pareja', '•Estudio', '•Estancia de 3 noches', '•Enviado por móvil']",ValenciaAbastos
Ana,España,8.0,Escrito en 9 de abril de 2023,El detalle para la perrita,No ver personal,"['•Viaje de ocio', '•Pareja', '•Estudio', '•Estancia de 1 noche', '•Enviado por móvil']",ValenciaAbastos
Beatriz,España,9.0,Escrito en 1 de abril de 2023,"La accesibilidad al apartamento, te mandan un codigo y accedes sin tener que esperar a los dueños.
Está muy limpio y cuenta con todos los accesorios necesarios tanto de cocina como baño.","Hay que dejar el apartamento muy temprano, se debería ampliar el horario hasta las 12 o un poquito más si los huespedades lo necesitases. Las 11 es muy temprano.","['•Viaje de ocio', '•Grupo de amigos', '•Apartamento de 2 dormitorios con balcón', '•Estancia de 2 noches', '•Enviado por móvil']",ValenciaAbastos
Mayramoreira,España,8.0,Escrito en 21 de marzo de 2023,El barrio y la comodidad de acceso al apartamento.,Podría haber café y azúcar sin tener que pagarlos en un kit extra. Creo que vale la pena para mejor experiencia de cliente.,"['•Viaje de ocio', '•Pareja', '•Apartamento de 1 dormitorio con terraza', '•Estancia de 2 noches']",ValenciaAbastos
Gemma,España,9.0,Escrito en 20 de marzo de 2023,La ubicación era perfecta,,"['•Viaje de ocio', '•Persona que viaja sola', '•Estudio', '•Estancia de 4 noches', '•Enviado por móvil']",ValenciaAbastos
Jaime,España,8.0,Escrito en 19 de marzo de 2023,si mucho es ideal,,"['•Viaje de ocio', '•Pareja', '•Estudio', '•Estancia de 2 noches', '•Enviado por móvil']",ValenciaAbastos
Яна,España,9.0,Escrito en 21 de febrero de 2023,Me encantó q el estudio estaba súper limpio y cuidado. Tb la ubicación 😍,Nos dejaron muy poco jabón en la ducha. Se nos acabó en 2 días y no pudimos contactar a nadie para q nos lo resuelven ya q en la página no había esa opción.,"['•Viaje de ocio', '•Pareja', '•Estudio', '•Estancia de 3 noches', '•Enviado por móvil']",ValenciaAbastos
Alexandra,España,7.0,Escrito en 18 de febrero de 2023,"Limpio, funcional, tal como descrito, fácilmente accesible.",No iba el agua caliente.,"['•Viaje de negocios', '•Persona que viaja sola', '•Estudio', '•Estancia de 1 noche', '•Enviado por móvil']",ValenciaAbastos
Cecilia,España,8.0,Escrito en 16 de febrero de 2023,"Para lo que buscábamos, todo bien","El televisor en un lateral de la cama. Muy incómodo de mirar, era uno de los estudios, supongo que en otros espacios puede ser diferente 
La falta de cualquier cajón o mesilla para poder dejar algún efecto personal","['•Viaje de ocio', '•Pareja', '•Estudio', '•Estancia de 2 noches', '•Enviado por móvil']",ValenciaAbastos
Melvin,España,9.0,Escrito en 8 de febrero de 2023,"Instalaciones muy cómodas, limpias y acogedoras, muy buena ubicación.",Que un momento no me cogia el pin de acceso y me lo tuvieron que cambiar,"['•Viaje de ocio', '•Familia con niños pequeños', '•Apartamento de 2 dormitorios con balcón', '•Estancia de 1 noche', '•Enviado por móvil']",ValenciaAbastos
Margarita,España,9.0,Escrito en 24 de enero de 2023,"La ubicación es excelente, bien comunicado y se llega dando un paseo al centro. La decoración del apartamento y la luz natural que entra por los ventanales .lo hace muy agradable.",Esperaba que hubiera 2 camas en una de las habitaciones para que mis hijas durmieran juntas. Una durmió en el sofá.,"['•Viaje de ocio', '•Grupo de amigos', '•Apartamento de 2 dormitorios con balcón', '•Estancia de 2 noches', '•Enviado por móvil']",ValenciaAbastos
Nurihache,España,7.0,Escrito en 22 de enero de 2023,La cama era muy cómoda y el cuarto de baño muy amplio,No funcionaba el sistema de apertura de la puerta principal y teníamos que llamar por teléfono cada vez que queríamos entrar  para que nos abrieran la puerta.,"['•Viaje de ocio', '•Pareja', '•Estudio', '•Estancia de 2 noches', '•Enviado por móvil']",ValenciaAbastos
Juana,España,7.0,Escrito en 16 de enero de 2023,ubicación,el sofá cama incomodo,"['•Viaje de ocio', '•Grupo', '•Apartamento de 2 dormitorios con terraza', '•Estancia de 1 noche', '•Enviado por móvil']",ValenciaAbastos
Beatriz,España,7.0,Escrito en 2 de enero de 2023,estaba nuevo y muy limpio,"que te dejen una cafetera de cápsulas y no lo avisen, nosotros llevábamos un paquete de café y no pudimos tomar café. además poner una TV en por lo menos una de las habitaciones no estaría mal","['•Viaje de ocio', '•Familia con niños pequeños', '•Apartamento de 2 dormitorios con terraza', '•Estancia de 1 noche', '•Enviado por móvil']",ValenciaAbastos
Alexandra,España,7.0,Escrito en 1 de enero de 2023,Buena localización.Relativamente fácil aparcar en la calle . Bien equipado y cómodo. La cocina y los utensilios de la cocina muy limpios y relucientes.,"Nos faltó AGUA CALIENTE para las duchas. Era apartamento para 6 personas pero no había agua caliente para todos.....es un incordio!
La tapiceria de los sillones y del sofá ya manchada y desgastada.","['•Viaje de ocio', '•Familia con niños pequeños', '•Apartamento de 2 dormitorios con terraza', '•Estancia de 1 noche', '•Enviado por móvil']",ValenciaAbastos
Alicia,España,9.0,Escrito en 27 de diciembre de 2022,"Ubicación, limpieza, disponibilidad","Falta un poco de calidez
Sería mejor dos camas que cama nido en el segundo dormitorio.","['•Viaje de ocio', '•Familia con niños pequeños', '•Apartamento de 2 dormitorios con terraza', '•Estancia de 2 noches', '•Enviado por móvil']",ValenciaAbastos
Lena,España,1.0,Escrito en 15 de diciembre de 2025,Nada.,"Voici une traduction fidèle, claire et naturelle en espagnol :
La peor experiencia de mi vida.
Una habitación que no correspondía en absoluto a la que había elegido. Cuando intenté explicarlo, no hicieron ningún esfuerzo por resolver el problema y simplemente me dijeron que era así.
Las habitaciones que eliges no tienen nada que ver con las que te asignan.
Además, había un olor horrible que impregnaba toda la habitación. Las paredes estaban llenas de manchas de no sé qué.
La mañana de la salida pagué 15 € por el late check-out. Cinco minutos después vi en mis correos que había sido rechazado, pero no se efectuó ningún reembolso, por lo que tuvimos que abandonar el alojamiento a las 11:00 (hora normal), a pesar de haber pagado esos 15 € adicionales.
Experiencia horrible, lugar a evitar.","['•Viaje de ocio', '•Pareja', '•Estudio', '•Estancia de 1 noche', '•Enviado por móvil']",ValenciaAbastos
Luis,España,10.0,Escrito en 28 de noviembre de 2025,"Excelente en todo, probablemente me hospedaré nuevamente cada vez que lo necesite!",,"['•Viaje de ocio', '•Pareja', '•Estudio', '•Estancia de 1 noche', '•Enviado por móvil']",ValenciaAbastos
Miriam,España,10.0,Escrito en 30 de junio de 2024,"Inmueble bonito y moderno, comodo","Faltaban espejos, ibamos un grupo de 6 personas y una cama de matrimonio en el colchon tenia un hueco y era incomodo a la hora de dormir","['•Viaje de ocio', '•Grupo', '•Apartamento de 2 dormitorios con terraza', '•Estancia de 2 noches', '•Enviado por móvil']",ValenciaAbastos
Sonia,España,1.0,Escrito en 20 de junio de 2024,,"Absolutamente NADA!!!..el apartamento en el que nos instalaron no sé correspondía con ninguna de las fotos que se muestran en Booking. Es engañosa la forma de alquiler, suponía haber alquilado un apartamento de 2 habitaciones y nos instalaron en un estudio que, por supuesto, no sale en ninguna de las fotos de publicidad, si lo hubiese visto desde luego no lo hubiera alquilado. Reclamamos y nadie se responsabilizó por lo que decidimos irnos. También reclamos que nos reembolsaran parte de lo abonado y tampoco lo gestionaron.","['•Viaje de ocio', '•Pareja', '•Estudio', '•Estancia de 1 noche', '•Enviado por móvil']",ValenciaAbastos
Aguiar,España,10.0,Escrito en 17 de junio de 2024,"La habitación muy cómoda y muy limpia!
Muy cerca de todo en Valencia.
Colchón super confortable, la mini cocina es estupenda si quieres comer algo rápido y salir.
Los detalles de ambientador en el baño, botellas de agua, las papas y las cápsulas de café de bienvenida sin duda marcan la diferencia!
Volveremos seguro!!!",No hay quejas!,"['•Viaje de ocio', '•Pareja', '•Estudio', '•Estancia de 1 noche', '•Enviado por móvil']",ValenciaAbastos
Ferran,España,6.0,Escrito en 31 de mayo de 2024,,En la reserva decía que era un apartamento con terraza y en nuestro caso había un balcon de una habitación trasera. En las fotos de booking unicamente se observaba una unica foto de una terraza que daba a suponer que era esa y resulta ser que no.,"['•Viaje de ocio', '•Familia con niños pequeños', '•Apartamento de 2 dormitorios con terraza', '•Estancia de 2 noches']",ValenciaAbastos
Carla,España,2.0,Escrito en 30 de mayo de 2024,Nada,No se correspondía a la foto anunciada. Habían manchas de regla en la cama.En ningún momento se dice que hay que pagar extra por una llave .Caro y malo en definitiva,"['•Viaje de ocio', '•Pareja', '•Estudio', '•Estancia de 1 noche', '•Enviado por móvil']",ValenciaAbastos
Ceballos,Argentina,6.0,Escrito en 25 de mayo de 2024,"Buenas ubicación, lindo y seguro el barrio",El colchón estaba muy vencido y usado. Pedí el cambio pero no tuve respuesta,"['•Viaje de ocio', '•Pareja', '•Estudio', '•Estancia de 5 noches', '•Enviado por móvil']",ValenciaAbastos
Yesika,España,4.0,Escrito en 21 de mayo de 2024,El personal era rápido ayudando y contestando a las dudas.,"No era un apartamento, era una habitación  con una mini cocina, lo q daba al exterior era la puerta y una mini ventana que estaba pegada a la puerta y tanto la puerta como la ventana dan a un patio interior. Las fotos no se corresponden con el apartamento que me tocó. No había limpieza supongo que tendría que pedirla no lo sé, el cambio de toallas tuve que solicitarlo.","['•Viaje de ocio', '•Pareja', '•Estudio', '•Estancia de 4 noches', '•Enviado por móvil']",ValenciaAbastos
Araceli,España,10.0,Escrito en 19 de mayo de 2024,"Ubicación y limpieza, muy cómodo y amplio el apartamento, muy atentos y siempre al pendiente. La entrada con el móvil muy cómodo, seguro repetiremos en nuestra próxima visita a Valencia. Calidad precio muy buena",,"['•Viaje de ocio', '•Familia con niños pequeños', '•Apartamento de 2 dormitorios con balcón', '•Estancia de 5 noches']",ValenciaAbastos
Scarlet,España,10.0,Escrito en 16 de mayo de 2024,"El piso está exactamente 
Muy bonito y cómodo 
Impecable",Todo excelente,"['•Viaje de ocio', '•Familia con niños pequeños', '•Apartamento de 2 dormitorios con balcón', '•Estancia de 1 noche', '•Enviado por móvil']",ValenciaAbastos
Ricardo,Costa Rica,10.0,Escrito en 19 de abril de 2024,Muy buena atención y la ubicación.,"Por las noches hay mal olor que sube por las tuberías de la ducha, dejamos correr el agua por unos instantes y así se aplacó el olor.","['•Viaje de ocio', '•Familia con niños pequeños', '•Apartamento de 2 dormitorios con terraza', '•Estancia de 3 noches', '•Enviado por móvil']",ValenciaAbastos
Monica,España,10.0,Escrito en 4 de abril de 2024,"Muy limpio, amplio y cerca del centro",,"['•Viaje de ocio', '•Familia con niños pequeños', '•Apartamento de 2 dormitorios con balcón', '•Estancia de 1 noche', '•Enviado por móvil']",ValenciaAbastos
Leire,España,10.0,Escrito en 2 de abril de 2024,Lo espacioso y cómodo que era.,La ducha...se salía bastante agua para afuera.,"['•Viaje de ocio', '•Familia con niños pequeños', '•Apartamento de 2 dormitorios con terraza', '•Estancia de 1 noche', '•Enviado por móvil']",ValenciaAbastos
Maria,España,2.0,Escrito en 2 de abril de 2024,"Me ha gustado el baño limpio y un pac de bienvenida,",No me gusto la habitación con ventanas al patio interior. En las fotos sale muy luminosa y bonita. En realidad es oscura y pequeña. Como 10metros habitación y 10 para baño. Al abrir ventana me pareció inseguro en la planta 0. Sin abrir -falta el aire.,"['•Viaje de ocio', '•Persona que viaja sola', '•Estudio', '•Estancia de 3 noches', '•Enviado por móvil']",ValenciaAbastos
Silvia,España,10.0,Escrito en 29 de marzo de 2024,"La facilidad de acceso, la limpieza y la ubicación",,"['•Viaje de ocio', '•Familia con niños pequeños', '•Apartamento de 2 dormitorios con balcón', '•Estancia de 1 noche', '•Enviado por móvil']",ValenciaAbastos
Jhoselin,España,4.0,Escrito en 23 de marzo de 2024,La ubicación,"Que solicitamos una mejora en cuanto a seguridad y no llegó nadie en todo el fin de semana.Estuvimos con la puerta de la terraza abierta todo el fin de semana y la persiana no bajaba, terraza que era compartida con el piso de al lado y se accedía desde una de las habitaciones y si pasaba algo nadie se responsabilizaba, perdimos muchas hora en esperar a que llegara alguien a arreglarlo para que el último día nos dijeran que no llegaría nadie y no ofrecieran cambio ni solución Eso sin contar que tú no sabes quién está en el piso de al lado y que era un primer piso","['•Viaje de ocio', '•Grupo', '•Apartamento de 2 dormitorios con terraza', '•Estancia de 2 noches', '•Enviado por móvil']",ValenciaAbastos
Victor,España,10.0,Escrito en 22 de marzo de 2024,"Muy buena ubicación, limpieza excelente. Personal muy amable. Totalmente equipado",,"['•Viaje de ocio', '•Grupo de amigos', '•Apartamento de 2 dormitorios con terraza', '•Estancia de 2 noches', '•Enviado por móvil']",ValenciaAbastos
Lucía,España,10.0,Escrito en 15 de marzo de 2024,"Bien ubicado, limpio y cómodo",,"['•Viaje de ocio', '•Grupo de amigos', '•Estudio', '•Estancia de 2 noches', '•Enviado por móvil']",ValenciaAbastos
Marta,España,10.0,Escrito en 11 de marzo de 2024,"La ubicación es excelente. Está todo nuevo y muy limpio. La única pega es la dificultad para aparcar, aunque hay un parking a 200 metros.","Sólo una pequeña pega, al no haber armarios, sólo se puede colgar la ropa; falta alguna cajonera para poder poner ropa y no tener que dejarla dentro de la metala.","['•Viaje de ocio', '•Familia con niños pequeños', '•Apartamento de 2 dormitorios con balcón', '•Estancia de 2 noches']",ValenciaAbastos
Sara,España,5.0,Escrito en 7 de marzo de 2024,....,"Es la tercera vez que escribo mi opinión en todas las consultas quee habéis hecho y veo que es en balde.
Una noche se fue la luz, había una avería en la bomba de presión, nos tocó esperar media hora en la calle a las 00:00 y se nos atendió bien. Una vez dentro volvió suceder lo mismo y mi pareja que es electricista lo arregló.
Ni unas gracias, ni un detalle, ni nada ..pero ya de antes pagamos por llevar perro y cuando pedí la cama de perro que por previo pago dejáis se me denegó. Gracias a que alguien de personal nos dió.","['•Viaje de negocios', '•Pareja', '•Estudio', '•Estancia de 4 noches', '•Enviado por móvil']",ValenciaAbastos
Olivia,España,10.0,Escrito en 4 de marzo de 2024,"Muy buena zona, apartamento amplio y comodo",,"['•Viaje de negocios', '•Grupo', '•Apartamento de 2 dormitorios con balcón', '•Estancia de 1 noche']",ValenciaAbastos
Javier,España,10.0,Escrito en 28 de febrero de 2024,Apartamento espacioso,,"['•Viaje de ocio', '•Familia con niños pequeños', '•Apartamento de 2 dormitorios con balcón', '•Estancia de 2 noches']",ValenciaAbastos
Veronica,España,5.0,Escrito en 27 de febrero de 2024,"La ubicación perfecta, zona de muchos bares y restauración, cerca del centro. Apartamentos limpios y con todo lo necesario.","Pack de bienvenida solo para 2 personas cuando la reserva se hizo para  4 personas (la verdad esto es un plus que ponen , solo comentarlo).Lo que si tuvimos que llamar mucho, contratamos el parking con ellos, tanto para saber donde estaba el parking, como para dejarlo, pues nos dijeron que dejaban una tarjeta para salir y no fue así, tuvimos que volver a llamar para saber como salir del parking.Por otro lado en la noche se escucha un ruido que molesta, descubrimos que era el calentador que al estar en una pequeña habitación cerrada hace eco y se oye un zumbido.No estaría de más que dejaran unas mantas por si alguien necesita, solo estaba el edredón.La habitación de 2 camas si las abres no hay espacio para salir la persona que duerme dentro, muy pequeña esa habitación para usar las 2 camas individuales.","['•Viaje de ocio', '•Grupo', '•Apartamento de 2 dormitorios con balcón', '•Estancia de 1 noche']",ValenciaAbastos
Deivis,Venezuela,10.0,Escrito en 18 de febrero de 2024,"Me gusto la tecnologia para el ingreso, el apartamento esta impecable, todos los servicios y detalles que nos dejaron y la rápida respuesta frente a las dudas que presentamos.",,"['•Viaje de ocio', '•Familia con niños pequeños', '•Apartamento de 2 dormitorios con terraza', '•Estancia de 6 noches']",ValenciaAbastos
Munoz,España,10.0,Escrito en 29 de enero de 2024,"El apartamento está muy bien, es ideal para 5 personas. Lo mejor es que puedes hacer el ingreso y la salida con código, así no tienes que contactar con nadie. Incluso el early check in.",,"['•Viaje de ocio', '•Grupo', '•Apartamento de 2 dormitorios con terraza', '•Estancia de 1 noche']",ValenciaAbastos
Paula,España,9.0,Escrito en 23 de junio de 2025,,,"['•Viaje de ocio', '•Grupo', '•Apartamento de 2 dormitorios con balcón', '•Estancia de 1 noche', '•Enviado por móvil']",ValenciaAbastos
Paulino,España,9.0,Escrito en 16 de junio de 2025,,,"['•Viaje de ocio', '•Pareja', '•Estudio', '•Estancia de 1 noche', '•Enviado por móvil']",ValenciaAbastos
Maria,España,8.0,Escrito en 2 de junio de 2025,,,"['•Viaje de ocio', '•Familia con niños pequeños', '•Apartamento de 2 dormitorios con balcón', '•Estancia de 1 noche', '•Enviado por móvil']",ValenciaAbastos
José,España,8.0,Escrito en 29 de mayo de 2025,,,"['•Viaje de ocio', '•Pareja', '•Estudio', '•Estancia de 1 noche', '•Enviado por móvil']",ValenciaAbastos
Sabina,España,9.0,Escrito en 11 de mayo de 2025,,,"['•Pareja', '•Apartamento de 2 dormitorios con balcón', '•Estancia de 1 noche', '•Enviado por móvil']",ValenciaAbastos
Montserrat,España,9.0,Escrito en 30 de marzo de 2025,,,"['•Viaje de ocio', '•Pareja', '•Estudio', '•Estancia de 2 noches', '•Enviado por móvil']",ValenciaAbastos
Olga,España,9.0,Escrito en 13 de marzo de 2025,,,"['•Viaje de ocio', '•Pareja', '•Estudio', '•Estancia de 1 noche', '•Enviado por móvil']",ValenciaAbastos
Iria,España,9.0,Escrito en 13 de marzo de 2025,,,"['•Viaje de negocios', '•Grupo', '•Apartamento de 2 dormitorios con balcón', '•Estancia de 2 noches', '•Enviado por móvil']",ValenciaAbastos
Maria,España,9.0,Escrito en 9 de marzo de 2025,,,"['•Viaje de ocio', '•Grupo', '•Apartamento de 2 dormitorios con balcón', '•Estancia de 1 noche', '•Enviado por móvil']",ValenciaAbastos
Maria,España,8.0,Escrito en 15 de febrero de 2025,,,"['•Viaje de negocios', '•Pareja', '•Estudio', '•Estancia de 1 noche', '•Enviado por móvil']",ValenciaAbastos
Carrizo,España,8.0,Escrito en 10 de febrero de 2025,,,"['•Viaje de ocio', '•Pareja', '•Estudio', '•Estancia de 1 noche', '•Enviado por móvil']",ValenciaAbastos
Lorena,España,8.0,Escrito en 8 de febrero de 2025,,,"['•Viaje de ocio', '•Familia con niños pequeños', '•Apartamento de 2 dormitorios con balcón', '•Estancia de 1 noche', '•Enviado por móvil']",ValenciaAbastos
Sánchez,España,9.0,Escrito en 27 de enero de 2025,,,"['•Viaje de negocios', '•Persona que viaja sola', '•Estudio', '•Estancia de 1 noche']",ValenciaAbastos
Ibertrasa,España,9.0,Escrito en 26 de diciembre de 2024,,,"['•Viaje de negocios', '•Grupo', '•Apartamento de 2 dormitorios con terraza', '•Estancia de 4 noches']",ValenciaAbastos
Montserrat,España,9.0,Escrito en 18 de diciembre de 2024,,,"['•Viaje de negocios', '•Familia con niños pequeños', '•Apartamento de 2 dormitorios con balcón', '•Estancia de 1 noche']",ValenciaAbastos
Samuel,España,8.0,Escrito en 1 de noviembre de 2024,,,"['•Familia con niños pequeños', '•Estudio', '•Estancia de 2 noches', '•Enviado por móvil']",ValenciaAbastos
Patricia,España,9.0,Escrito en 25 de octubre de 2024,,,"['•Pareja', '•Estudio', '•Estancia de 4 noches', '•Enviado por móvil']",ValenciaAbastos
Jose,España,9.0,Escrito en 2 de octubre de 2024,,,"['•Viaje de ocio', '•Pareja', '•Estudio', '•Estancia de 1 noche', '•Enviado por móvil']",ValenciaAbastos
Fernando,España,9.0,Escrito en 16 de septiembre de 2024,,,"['•Viaje de ocio', '•Pareja', '•Estudio', '•Estancia de 1 noche', '•Enviado por móvil']",ValenciaAbastos
Ahmed,España,8.0,Escrito en 9 de septiembre de 2024,,,"['•Viaje de negocios', '•Grupo de amigos', '•Apartamento de 2 dormitorios con balcón', '•Estancia de 1 noche', '•Enviado por móvil']",ValenciaAbastos
Vallcanera,España,8.0,Escrito en 5 de septiembre de 2024,,,"['•Grupo de amigos', '•Apartamento de 2 dormitorios con balcón', '•Estancia de 1 noche', '•Enviado por móvil']",ValenciaAbastos
Kulak,España,8.0,Escrito en 3 de septiembre de 2024,,,"['•Pareja', '•Apartamento de 2 dormitorios con balcón', '•Estancia de 1 noche', '•Enviado por móvil']",ValenciaAbastos
Terrones,España,9.0,Escrito en 19 de agosto de 2024,,,"['•Viaje de ocio', '•Grupo de amigos', '•Apartamento de 2 dormitorios con terraza', '•Estancia de 1 noche', '•Enviado por móvil']",ValenciaAbastos
Toni,España,9.0,Escrito en 11 de agosto de 2024,,,"['•Viaje de ocio', '•Pareja', '•Apartamento de 2 dormitorios con balcón', '•Estancia de 1 noche', '•Enviado por móvil']",ValenciaAbastos
Alba,España,9.0,Escrito en 28 de julio de 2024,,,"['•Viaje de ocio', '•Familia con niños pequeños', '•Apartamento de 2 dormitorios con balcón', '•Estancia de 1 noche', '•Enviado por móvil']",ValenciaAbastos
Nicolás,Paraguay,10.0,Escrito en 6 de junio de 2025,,,"['•Viaje de ocio', '•Familia con niños pequeños', '•Apartamento de 2 dormitorios con balcón', '•Estancia de 1 noche', '•Enviado por móvil']",ValenciaAbastos
Cristina,España,10.0,Escrito en 5 de junio de 2025,,,"['•Viaje de ocio', '•Familia con niños pequeños', '•Apartamento de 2 dormitorios con balcón', '•Estancia de 2 noches', '•Enviado por móvil']",ValenciaAbastos
Renato,España,10.0,Escrito en 19 de abril de 2025,,,"['•Viaje de negocios', '•Pareja', '•Estudio', '•Estancia de 5 noches', '•Enviado por móvil']",ValenciaAbastos
Marta,España,10.0,Escrito en 11 de abril de 2025,,,"['•Viaje de negocios', '•Grupo', '•Apartamento de 2 dormitorios con balcón', '•Estancia de 1 noche', '•Enviado por móvil']",ValenciaAbastos
Chilli,España,10.0,Escrito en 5 de abril de 2025,,,"['•Viaje de ocio', '•Grupo', '•Apartamento de 2 dormitorios con balcón', '•Estancia de 1 noche', '•Enviado por móvil']",ValenciaAbastos
Kattia,Perú,10.0,Escrito en 23 de marzo de 2025,,,"['•Viaje de ocio', '•Familia con niños pequeños', '•Apartamento de 2 dormitorios con balcón', '•Estancia de 1 noche', '•Enviado por móvil']",ValenciaAbastos
Juan,España,10.0,Escrito en 2 de marzo de 2025,,,"['•Viaje de ocio', '•Grupo de amigos', '•Apartamento de 2 dormitorios con balcón', '•Estancia de 2 noches', '•Enviado por móvil']",ValenciaAbastos
Maria,España,10.0,Escrito en 16 de febrero de 2025,,,"['•Grupo', '•Apartamento de 2 dormitorios con balcón', '•Estancia de 1 noche', '•Enviado por móvil']",ValenciaAbastos
G,España,10.0,Escrito en 6 de enero de 2025,,,"['•Viaje de ocio', '•Familia con niños pequeños', '•Apartamento de 2 dormitorios con balcón', '•Estancia de 3 noches', '•Enviado por móvil']",ValenciaAbastos
Ortega,España,10.0,Escrito en 17 de diciembre de 2024,,,"['•Viaje de ocio', '•Pareja', '•Estudio', '•Estancia de 1 noche', '•Enviado por móvil']",ValenciaAbastos
Juan,Venezuela,10.0,Escrito en 30 de octubre de 2024,,,"['•Viaje de negocios', '•Persona que viaja sola', '•Apartamento de 1 dormitorio con terraza', '•Estancia de 1 noche', '•Enviado por móvil']",ValenciaAbastos
Smart,España,10.0,Escrito en 28 de octubre de 2024,,,"['•Viaje de negocios', '•Grupo', '•Apartamento de 2 dormitorios con terraza', '•Estancia de 1 noche']",ValenciaAbastos
Guidolin,España,10.0,Escrito en 12 de octubre de 2024,,,"['•Viaje de ocio', '•Pareja', '•Estudio', '•Estancia de 1 noche', '•Enviado por móvil']",ValenciaAbastos
Claudia,España,5.0,Escrito en 21 de septiembre de 2024,,,"['•Viaje de ocio', '•Pareja', '•Estudio', '•Estancia de 1 noche', '•Enviado por móvil']",ValenciaAbastos
Cardona,Colombia,10.0,Escrito en 19 de septiembre de 2024,,,"['•Viaje de ocio', '•Pareja', '•Estudio', '•Estancia de 4 noches', '•Enviado por móvil']",ValenciaAbastos
Eduardo,España,10.0,Escrito en 17 de septiembre de 2024,,,"['•Viaje de ocio', '•Pareja', '•Estudio', '•Estancia de 1 noche', '•Enviado por móvil']",ValenciaAbastos
Manufras,España,10.0,Escrito en 3 de septiembre de 2024,,,"['•Viaje de ocio', '•Pareja', '•Estudio', '•Estancia de 1 noche', '•Enviado por móvil']",ValenciaAbastos
Jessica,España,10.0,Escrito en 13 de agosto de 2024,,,"['•Viaje de ocio', '•Grupo de amigos', '•Apartamento de 2 dormitorios con balcón', '•Estancia de 1 noche', '•Enviado por móvil']",ValenciaAbastos
Edgar,España,10.0,Escrito en 12 de agosto de 2024,,,"['•Viaje de ocio', '•Grupo de amigos', '•Apartamento de 2 dormitorios con balcón', '•Estancia de 1 noche', '•Enviado por móvil']",ValenciaAbastos
Carol,Colombia,1.0,Escrito en 11 de julio de 2024,,,"['•Persona que viaja sola', '•Estudio', '•Estancia de 1 noche', '•Enviado por móvil']",ValenciaAbastos
José,España,10.0,Escrito en 1 de julio de 2024,,,"['•Viaje de ocio', '•Familia con niños pequeños', '•Apartamento de 2 dormitorios con terraza', '•Estancia de 2 noches', '•Enviado por móvil']",ValenciaAbastos
Ramirez,Colombia,10.0,Escrito en 3 de junio de 2024,,,"['•Persona que viaja sola', '•Apartamento de 2 dormitorios con terraza', '•Estancia de 1 noche', '•Enviado por móvil']",ValenciaAbastos
Juan,España,10.0,Escrito en 30 de mayo de 2024,,,"['•Viaje de ocio', '•Pareja', '•Estudio', '•Estancia de 1 noche', '•Enviado por móvil']",ValenciaAbastos
Ferrer,España,10.0,Escrito en 26 de mayo de 2024,,,"['•Viaje de negocios', '•Persona que viaja sola', '•Estudio', '•Estancia de 5 noches', '•Enviado por móvil']",ValenciaAbastos
De,España,10.0,Escrito en 30 de abril de 2024,,,"['•Viaje de ocio', '•Persona que viaja sola', '•Estudio', '•Estancia de 2 noches']",ValenciaAbastos
Carmen,España,10.0,Escrito en 14 de diciembre de 2025,"Muy cómodo y limpio. Todo muy bien organizado. Detalle de bienvenida. 
Desayuno en un horno cafetería cercano.",,"['•Pareja', '•Estudio Familiar', '•Estancia de 1 noche', '•Enviado por móvil']",ValenciaJardinBotanico
Alejandro,España,8.0,Escrito en 9 de diciembre de 2025,"El personal muy amable, se bloqueó la puerta por un descuido y llamamos por teléfono y lo solucionaron al momento.","La tapa del baño no se mantenía arriba, necesitaba un ajuste. Pero todo estaba perfecto.","['•Viaje de ocio', '•Pareja', '•Estudio Familiar', '•Estancia de 1 noche', '•Enviado por móvil']",ValenciaJardinBotanico
Jose,España,10.0,Escrito en 5 de diciembre de 2025,La ubicación.,,"['•Familia con niños pequeños', '•Apartamento de 2 dormitorios', '•Estancia de 3 noches', '•Enviado por móvil']",ValenciaJardinBotanico
Ana,España,8.0,Escrito en 3 de diciembre de 2025,La amplitud y la buena comunicación con los sitios a los que teníamos que ir.,,"['•Viaje de ocio', '•Grupo de amigos', '•Apartamento de 2 dormitorios', '•Estancia de 2 noches', '•Enviado por móvil']",ValenciaJardinBotanico
Jairo,España,8.0,Escrito en 28 de noviembre de 2025,Era bastante amplio,El no tener una recepción personal,"['•Viaje de ocio', '•Familia con niños pequeños', '•Apartamento de 2 dormitorios', '•Estancia de 1 noche', '•Enviado por móvil']",ValenciaJardinBotanico
Silvia,España,8.0,Escrito en 12 de noviembre de 2025,La ubicación y la facilidad para acceder,Ruidoso por ser planta baja con ventana a la calle,"['•Viaje de ocio', '•Familia con niños pequeños', '•Estudio Familiar', '•Estancia de 2 noches', '•Enviado por móvil']",ValenciaJardinBotanico
Isabel,España,10.0,Escrito en 29 de octubre de 2025,"Genial el piso, super espacioso. Tienes varias tiendas al lado, paradas de autobuses y la catedral a unos 15 minutos andando.",,"['•Viaje de ocio', '•Familia con niños pequeños', '•Apartamento de 2 dormitorios', '•Estancia de 2 noches', '•Enviado por móvil']",ValenciaJardinBotanico
Sylvia,Chile,9.0,Escrito en 29 de septiembre de 2025,"La limpieza 
Es muy confortable",Un poco lejos del centro,"['•Viaje de ocio', '•Familia con niños pequeños', '•Apartamento de 2 dormitorios', '•Estancia de 2 noches', '•Enviado por móvil']",ValenciaJardinBotanico
Claudia,España,10.0,Escrito en 28 de septiembre de 2025,Regalo de. Bienvenida y detalles para la mascota plato bocaditos cama,,"['•Viaje de ocio', '•Familia con niños pequeños', '•Estudio con terraza', '•Estancia de 2 noches', '•Enviado por móvil']",ValenciaJardinBotanico
Jesús,España,7.0,Escrito en 22 de septiembre de 2025,,"En un apartamento para 6 personas hay, en el salón, una mesa con 4 sillas y un sofá de 2 plazas (o 3 muy apretados). El inmueble, escalera, está deteriorado.Mucho jaleo nocturno en los apartamentos contiguos.","['•Viaje de ocio', '•Grupo', '•Apartamento de 3 dormitorios con terraza', '•Estancia de 2 noches']",ValenciaJardinBotanico
Miguel,España,8.0,Escrito en 12 de septiembre de 2025,Cómodo y super limpio todo! Céntrico !!Muy recomendable!,,"['•Viaje de ocio', '•Grupo de amigos', '•Estudio Familiar', '•Estancia de 1 noche', '•Enviado por móvil']",ValenciaJardinBotanico
Aida,España,8.0,Escrito en 7 de septiembre de 2025,La ubicación,"Que había hormigas el segundo día en la terraza y después entraron en el apartamento,tuve que comprar spray para que se acabasen","['•Viaje de ocio', '•Persona que viaja sola', '•Estudio con terraza', '•Estancia de 6 noches', '•Enviado por móvil']",ValenciaJardinBotanico
Manuel,España,9.0,Escrito en 29 de agosto de 2025,"Si me gusta y cómodo, lo recomiendo 100%",,"['•Viaje de ocio', '•Pareja', '•Estudio Familiar', '•Estancia de 2 noches', '•Enviado por móvil']",ValenciaJardinBotanico
Elena,España,7.0,Escrito en 6 de agosto de 2025,Las instalaciones y la limpieza,Me pareció abusivo pagar 20 euros por mi mascota. Dicen que te dan una cama y los comederos y unas chuches y no le habían dejado nada. Se lo pedimos y solo nos dieron un comedero y la cama.cuebtas con lo que pone en la página y al final no cumplen con ello. Si no lo tienen disponible al menos que te lo digan para llevarlo tú de tu casa,"['•Viaje de ocio', '•Familia con niños pequeños', '•Apartamento de 2 dormitorios', '•Estancia de 1 noche', '•Enviado por móvil']",ValenciaJardinBotanico
Leonardo,España,10.0,Escrito en 5 de agosto de 2025,"Todo excelente, volvería sin pensarlo.",Muy bien todo.,"['•Viaje de ocio', '•Familia con niños pequeños', '•Apartamento de 2 dormitorios', '•Estancia de 1 noche', '•Enviado por móvil']",ValenciaJardinBotanico
Nadia,Uruguay,9.0,Escrito en 1 de agosto de 2025,"Estaba muy limpio. Nos resultó cómodo en cuanto a su ubicación (con un super enfrente) y el apartamento está muy lindo. Los baños están muy bien, las sábanas y toallas impecables.","El sillón cama es más bien para niños, muy fino el colchón.","['•Viaje de ocio', '•Familia con niños pequeños', '•Apartamento de 2 dormitorios', '•Estancia de 3 noches', '•Enviado por móvil']",ValenciaJardinBotanico
Samuel,España,10.0,Escrito en 29 de junio de 2025,"Ubicación perfecta. A un paso del centro y con todos los servicios al lado. 
Todo muy limpio y muy práctico. El apartamento tiene todo lo necesario para estar como en casa.
Fantástica la atención de Libere. Nos facilitaron un aparcamiento y el early check-in a un precio razonable y de manera muy sencilla.",Una pena que no haya parking más cercano,"['•Viaje de ocio', '•Familia con niños pequeños', '•Estudio Familiar', '•Estancia de 1 noche', '•Enviado por móvil']",ValenciaJardinBotanico
Veroll,España,10.0,Escrito en 10 de junio de 2025,"Excelente apartamento moderno recién remodelado muy buena ubicación puedes ir caminado al. Centro de valencia
Nos esperaron con cápsulas de café y zumos  
Todo perfecto",El baño habitación principal  al no tener mampara se sale el agua,"['•Viaje de ocio', '•Familia con niños pequeños', '•Apartamento de 2 dormitorios', '•Estancia de 2 noches', '•Enviado por móvil']",ValenciaJardinBotanico
Oscar,Ecuador,7.0,Escrito en 30 de mayo de 2025,Bien ubicado y cómodo para estancia corta,,"['•Viaje de ocio', '•Grupo', '•Apartamento de 2 dormitorios', '•Estancia de 1 noche', '•Enviado por móvil']",ValenciaJardinBotanico
Fatima,Portugal,10.0,Escrito en 11 de mayo de 2025,comodo,,"['•Viaje de negocios', '•Persona que viaja sola', '•Estudio con terraza', '•Estancia de 1 noche', '•Enviado por móvil']",ValenciaJardinBotanico
Mari,España,9.0,Escrito en 16 de abril de 2025,"Todo estaba muy bien, pequeño pero con todo lo necesario. Moderno, bonito,muy limpio, olía muy bien. Una zona tranquila, a unos 10-12 minutos del centro caminando.","Era una planta baja y se escuchan los ruidos de la calle. Y un aparato que había encima de la puerta de entrada, (como un router) cada x tiempo destellaba una luz verde, que a mí para dormir me molestaba.","['•Viaje de ocio', '•Familia con niños pequeños', '•Estudio Familiar', '•Estancia de 1 noche', '•Enviado por móvil']",ValenciaJardinBotanico
Lourdes,España,7.0,Escrito en 6 de abril de 2025,"Muy bien situado , limpio, acogedor, en general todo fue genial a no ser por el inconveniente de los vecinos de arriba","Los vecino muy ruidosos y escandalosos , estuvimos en el 201 , y justo los de arriba empezaron a chillar y berrear a altas horas d ela madrugada, incluso movieron muebles , parecía que rompían cosas . Muy escandalosos. Descansamos poco","['•Viaje de ocio', '•Grupo', '•Apartamento de 2 dormitorios', '•Estancia de 1 noche', '•Enviado por móvil']",ValenciaJardinBotanico
Esperanza,España,7.0,Escrito en 3 de abril de 2025,"El apartamento estaba muy bien, pero el colchón no era nada cómodo. Por todo lo demás bien.",,"['•Familia con niños pequeños', '•Estudio Familiar', '•Estancia de 1 noche', '•Enviado por móvil']",ValenciaJardinBotanico
Andres,España,10.0,Escrito en 30 de marzo de 2025,Pequeño y práctico,,"['•Viaje de negocios', '•Persona que viaja sola', '•Estudio con terraza', '•Estancia de 1 noche', '•Enviado por móvil']",ValenciaJardinBotanico
Ana,España,8.0,Escrito en 18 de marzo de 2024,"Todo, es pequeño pero muy acogedor, y los detalles de bienvenida excelentes, el pack con las patatitas y el agua un detalles, la ducha perfecta y buena presión, la cama cómoda, la tele grande y la cocina perfecta y con muchos utensilios, muy muy limpio y a un paseo del centro unos 15 minutos.",Bueno por decir algo que en peticiones pedimos una habitación tranquila y nos la dieron en el bajo a pie de calle que se escuchaba la música de una barraca que teníamos detrás y la gente que pasaba por la calle justo delante de la ventana. Imagino que los pisos más altos estarian cogidos.,"['•Viaje de ocio', '•Pareja', '•Estudio Familiar', '•Estancia de 1 noche', '•Enviado por móvil']",ValenciaJardinBotanico
Victor,España,10.0,Escrito en 6 de marzo de 2024,La rapidez del check in y check out,Todo estuvo bien,"['•Viaje de ocio', '•Pareja', '•Estudio con terraza', '•Estancia de 1 noche', '•Enviado por móvil']",ValenciaJardinBotanico
Natalia,España,9.0,Escrito en 2 de marzo de 2024,"Estaba todo muy nuevo y muy limpio. Bien dotado de accesorios de cocina y electrodomésticos así como mobiliario. Muy bien insonorizado, a pesar de estar en el centro, no se oía ruido","Faltaba presión en la ducha del baño principal por lo que el aseo resultaba demasiado entretenido. Echamos de menos una fregona porque en el baño tipo suite el plato de ducha, es demasiado plano y rebosa el agua","['•Viaje de ocio', '•Familia con niños pequeños', '•Apartamento de 2 dormitorios', '•Estancia de 3 noches', '•Enviado por móvil']",ValenciaJardinBotanico
Víctor,España,9.0,Escrito en 28 de febrero de 2024,"Cómodo y limpio, grande y muy práctico",,"['•Viaje de negocios', '•Persona que viaja sola', '•Apartamento de 2 dormitorios', '•Estancia de 1 noche', '•Enviado por móvil']",ValenciaJardinBotanico
Lorena,Italia,10.0,Escrito en 4 de febrero de 2024,Todo me gustó! Más aún que la realidad supera las fotos! Cuando te pasa eso…es lo más …limpieza ubicación y muy bien precio,Nada,"['•Viaje de ocio', '•Persona que viaja sola', '•Estudio con terraza', '•Estancia de 1 noche', '•Enviado por móvil']",ValenciaJardinBotanico
El,España,7.0,Escrito en 14 de enero de 2024,La ubicación,Todo bien,"['•Viaje de ocio', '•Grupo de amigos', '•Estudio Familiar', '•Estancia de 1 noche', '•Enviado por móvil']",ValenciaJardinBotanico
Satorre,España,10.0,Escrito en 18 de diciembre de 2023,"Tranquilidad pese a estar muy cerca de una calle muy transitada, bien situado, andando a 8 minutos del centro, limpio. 100% recomendable!",Hice una llamada al interfono porque al principio no nos aclarábamos para entrar y no contestó nadie,"['•Viaje de ocio', '•Familia con niños pequeños', '•Estudio Familiar', '•Estancia de 1 noche', '•Enviado por móvil']",ValenciaJardinBotanico
Joaquin,España,9.0,Escrito en 12 de diciembre de 2023,"Ubicación.Limpieza.","Añadí parking y no recibí aviso de que tenía que pagar antes de finalizar el check in, tuve que llamar y entonces me dijeron que tenía que pagarlo.","['•Viaje de ocio', '•Familia con niños pequeños', '•Apartamento de 2 dormitorios', '•Estancia de 1 noche']",ValenciaJardinBotanico
Lara,España,8.0,Escrito en 18 de noviembre de 2023,"El piso estaba muy bien, muy agradable.","No nos dejaron hacer early cheking por ser el piso más grande (y te lo avisan si lo pides, no te avisan antes, o sea es engañoso), a parte de eso llegamos a las 15h (hora de entrada) cansadas y hartas de andar con maletas y nos hicieron esperar casi 30 minutos más para terminar la limpieza, cuando la salida de la casa es a las 11h, que había tiempo de sobra, la casa no es tan grande.
Luego la ducha de una habitación no se podía usar la salida del techo porque caía agua por todo el techo del  baño literal","['•Viaje de negocios', '•Grupo de amigos', '•Apartamento de 3 dormitorios con terraza', '•Estancia de 4 noches', '•Enviado por móvil']",ValenciaJardinBotanico
Lidia,España,9.0,Escrito en 11 de noviembre de 2023,Ubicación excelente y limpio. La cama era cómoda también!,"El lavamanos es pequeño y un poco incómodo. Como sugerencia, un espejo fuera del baño estaría genial.","['•Viaje de ocio', '•Familia con niños pequeños', '•Estudio Familiar', '•Estancia de 1 noche', '•Enviado por móvil']",ValenciaJardinBotanico
Jorge,Argentina,8.0,Escrito en 23 de octubre de 2023,"Ubicación, limpieza, instalaciones",Me parece un poco elevado el precio,"['•Viaje de ocio', '•Grupo de amigos', '•Estudio Familiar', '•Estancia de 6 noches', '•Enviado por móvil']",ValenciaJardinBotanico
Enara,España,7.0,Escrito en 16 de octubre de 2023,La ubicscion,Al ser apartamentos turísticos los ruidos de inquilinos a ciertas horas de la mañana o de madrugada.,"['•Viaje de ocio', '•Persona que viaja sola', '•Estudio con terraza', '•Estancia de 4 noches', '•Enviado por móvil']",ValenciaJardinBotanico
Francisco,España,7.0,Escrito en 28 de septiembre de 2023,Estado,Muy ruidoso el apartamento de al lado.,"['•Viaje de ocio', '•Familia con niños pequeños', '•Apartamento de 3 dormitorios con terraza', '•Estancia de 1 noche', '•Enviado por móvil']",ValenciaJardinBotanico
Cynthia,España,10.0,Escrito en 19 de septiembre de 2023,El apartamento en general estaba genial con todas las comodidades e instalaciones necesarias.,Todo estuvo bien,"['•Viaje de ocio', '•Grupo de amigos', '•Apartamento de 2 dormitorios', '•Estancia de 1 noche', '•Enviado por móvil']",ValenciaJardinBotanico
Karin,España,10.0,Escrito en 10 de septiembre de 2023,En el que nos alojamos fue muy amplio y estaba todo muy limpio,Falto alguna sabanas y no estaba abierto el sofa cama y nos creo un poco de confusión,"['•Viaje de ocio', '•Grupo', '•Apartamento de 2 dormitorios', '•Estancia de 1 noche', '•Enviado por móvil']",ValenciaJardinBotanico
Susana,España,9.0,Escrito en 17 de agosto de 2023,"Apartamento coqueto,  con todo lo que se necesita para tener una estancia acogedora.Ubicación  excelente,  cerca del centro historico de Valencia..perfecto para ir andando a todas partes",La única queja es que el colchón es un pelin.,"['•Viaje de ocio', '•Familia con niños pequeños', '•Estudio Familiar', '•Estancia de 1 noche', '•Enviado por móvil']",ValenciaJardinBotanico
Javier,España,10.0,Escrito en 25 de julio de 2023,Excelente todo en general muy lindo el piso excelente servicio,,"['•Viaje de ocio', '•Familia con niños pequeños', '•Apartamento de 2 dormitorios', '•Estancia de 1 noche', '•Enviado por móvil']",ValenciaJardinBotanico
Diliem,España,10.0,Escrito en 2 de julio de 2023,"Espectacular, pase nada más una noche pero fue fantástico, ha quedado como nuestro hotel y por gusto volveremos...",Todo es fácil de reservar y estancia excepcional,"['•Viaje de ocio', '•Familia con niños pequeños', '•Apartamento de 2 dormitorios', '•Estancia de 1 noche', '•Enviado por móvil']",ValenciaJardinBotanico
Martha,Colombia,8.0,Escrito en 19 de junio de 2023,"Camas  super cómodas, baños amplios y limpios, aire acondicionado en varios espacios (menos en una habitación), útil y cómodo el sofacama del salón. Fácil de llegar! No se oía el ruido de la calle y cortinas oscuras que te permitían dormir muy bien!! Muy práctico el sistema de la llave con código, no tienes que estar pensando si dejaste o sacaste las llaves del piso 👌🏼","En la cocina no hay nada para preparar un desayuno (aceite y sal) que para una noche no vale la pena comprar. Uno de los lavamanos no funciona bien el desagüe y demora para quedar limpio, el piso tenia un poco de polvo, el ascensor no funciona bien, uno de los huéspedes se quedo encerrado por 45min 😣. Falta poner más especificaciones en la información que tienen en Booking pues lo elegí porque admiten mascotas pero se refiere SOLO a perros y en mi caso quería llevar a mi gata, quien quedo por fuera de la estadía. Por otro lado, no específica desde el inicio que cobran un depósito de casi el 40% de la reserva, lo cual entiendo pero me parece exagerado! Aunque lo devuelvan sale costo entrar ahí para tan poco tiempo.","['•Viaje de ocio', '•Familia con niños pequeños', '•Apartamento de 3 dormitorios con terraza', '•Estancia de 1 noche', '•Enviado por móvil']",ValenciaJardinBotanico
Conchi,España,8.0,Escrito en 3 de junio de 2023,La ubicación estupenda,"Que hay muy poco espacio ,cuando se habré la cama supletoria para pasar al baño","['•Viaje de ocio', '•Grupo', '•Estudio Familiar', '•Estancia de 3 noches', '•Enviado por móvil']",ValenciaJardinBotanico
Eva,España,8.0,Escrito en 8 de mayo de 2023,En general todo bien.,Falta de luz y poco espacio.,"['•Viaje de ocio', '•Familia con niños pequeños', '•Estudio con terraza', '•Estancia de 1 noche']",ValenciaJardinBotanico
Arturo,España,10.0,Escrito en 19 de abril de 2023,"Genial el apartamento, la atención personalizada espectacular, la ubicación buenísima. Muy cómodo todo. Gracias, volveremos a repetir.",,"['•Viaje de ocio', '•Familia con niños pequeños', '•Apartamento de 2 dormitorios', '•Estancia de 2 noches', '•Enviado por móvil']",ValenciaJardinBotanico
Lydia,España,10.0,Escrito en 14 de abril de 2023,"la casa esta genial , dos habitaciones grandes las camas muy cómodas y dos baños , todo súper limpio",,"['•Viaje de ocio', '•Grupo de amigos', '•Apartamento de 2 dormitorios', '•Estancia de 1 noche', '•Enviado por móvil']",ValenciaJardinBotanico
Teresa,España,10.0,Escrito en 3 de abril de 2023,La limpieza y la decoración,,"['•Viaje de ocio', '•Familia con niños pequeños', '•Apartamento de 2 dormitorios', '•Estancia de 1 noche', '•Enviado por móvil']",ValenciaJardinBotanico
Sergio,España,10.0,Escrito en 27 de marzo de 2023,"Muy buena ubicación, zona tranquila. Me sorprendió mucho el apartamento, bastante amplio y con mobiliario bastante moderno.","Las paredes son de papel, pero por suerte pasada la medianoche no se escuchaban ruidos.","['•Viaje de negocios', '•Persona que viaja sola', '•Estudio con terraza', '•Estancia de 1 noche']",ValenciaJardinBotanico
Alejandro,Costa Rica,8.0,Escrito en 24 de noviembre de 2025,,,"['•Viaje de ocio', '•Persona que viaja sola', '•Estudio con terraza', '•Estancia de 1 noche']",ValenciaJardinBotanico
Christina,España,9.0,Escrito en 17 de noviembre de 2025,,,"['•Viaje de ocio', '•Grupo', '•Apartamento de 3 dormitorios con terraza', '•Estancia de 1 noche']",ValenciaJardinBotanico
Yuliia,España,10.0,Escrito en 16 de noviembre de 2025,,,"['•Viaje de ocio', '•Persona que viaja sola', '•Estudio con terraza', '•Estancia de 1 noche', '•Enviado por móvil']",ValenciaJardinBotanico
Roberto,Perú,10.0,Escrito en 2 de noviembre de 2025,,,"['•Viaje de negocios', '•Persona que viaja sola', '•Estudio con terraza', '•Estancia de 1 noche', '•Enviado por móvil']",ValenciaJardinBotanico
Alvaro,España,10.0,Escrito en 27 de octubre de 2025,,,"['•Viaje de negocios', '•Grupo', '•Apartamento de 3 dormitorios con terraza', '•Estancia de 2 noches', '•Enviado por móvil']",ValenciaJardinBotanico
Octavio,España,10.0,Escrito en 15 de octubre de 2025,,,"['•Grupo de amigos', '•Estudio Familiar', '•Estancia de 1 noche', '•Enviado por móvil']",ValenciaJardinBotanico
Jose,España,8.0,Escrito en 13 de octubre de 2025,,,"['•Viaje de ocio', '•Persona que viaja sola', '•Estudio con terraza', '•Estancia de 1 noche', '•Enviado por móvil']",ValenciaJardinBotanico
Eneko,España,8.0,Escrito en 13 de octubre de 2025,,,"['•Viaje de ocio', '•Familia con niños pequeños', '•Apartamento de 3 dormitorios con terraza', '•Estancia de 1 noche', '•Enviado por móvil']",ValenciaJardinBotanico
Pilar,España,10.0,Escrito en 11 de octubre de 2025,,,"['•Grupo de amigos', '•Estudio con terraza', '•Estancia de 1 noche', '•Enviado por móvil']",ValenciaJardinBotanico
Rita,España,10.0,Escrito en 9 de septiembre de 2025,,,"['•Viaje de ocio', '•Grupo', '•Apartamento de 2 dormitorios', '•Estancia de 1 noche']",ValenciaJardinBotanico
Gaviria,España,10.0,Escrito en 1 de septiembre de 2025,,,"['•Viaje de ocio', '•Familia con niños pequeños', '•Apartamento de 2 dormitorios', '•Estancia de 1 noche', '•Enviado por móvil']",ValenciaJardinBotanico
Gisselle,Bolivia,10.0,Escrito en 23 de agosto de 2025,,,"['•Viaje de ocio', '•Familia con niños pequeños', '•Apartamento de 2 dormitorios', '•Estancia de 1 noche', '•Enviado por móvil']",ValenciaJardinBotanico
Anna,España,9.0,Escrito en 11 de agosto de 2025,,,"['•Viaje de ocio', '•Familia con niños pequeños', '•Apartamento de 3 dormitorios con terraza', '•Estancia de 1 noche', '•Enviado por móvil']",ValenciaJardinBotanico
Olivia,España,9.0,Escrito en 4 de agosto de 2025,,,"['•Viaje de ocio', '•Familia con niños pequeños', '•Apartamento de 2 dormitorios', '•Estancia de 1 noche', '•Enviado por móvil']",ValenciaJardinBotanico
Javier,España,8.0,Escrito en 4 de agosto de 2025,,,"['•Viaje de ocio', '•Familia con niños pequeños', '•Apartamento de 2 dormitorios', '•Estancia de 1 noche']",ValenciaJardinBotanico
Andoni,España,7.0,Escrito en 24 de julio de 2025,,,"['•Persona que viaja sola', '•Estudio con terraza', '•Estancia de 1 noche', '•Enviado por móvil']",ValenciaJardinBotanico
Carolina,España,8.0,Escrito en 20 de julio de 2025,,,"['•Viaje de ocio', '•Familia con niños pequeños', '•Apartamento de 2 dormitorios', '•Estancia de 1 noche', '•Enviado por móvil']",ValenciaJardinBotanico
Maria,España,9.0,Escrito en 15 de julio de 2025,,,"['•Viaje de ocio', '•Grupo', '•Estudio Familiar', '•Estancia de 2 noches']",ValenciaJardinBotanico
Antonio,España,8.0,Escrito en 27 de junio de 2025,,,"['•Viaje de ocio', '•Grupo', '•Apartamento de 2 dormitorios', '•Estancia de 2 noches']",ValenciaJardinBotanico
Rubén,España,9.0,Escrito en 12 de junio de 2025,,,"['•Viaje de ocio', '•Familia con niños pequeños', '•Apartamento de 2 dormitorios', '•Estancia de 1 noche', '•Enviado por móvil']",ValenciaJardinBotanico
Beatriz,España,8.0,Escrito en 2 de junio de 2025,,,"['•Viaje de ocio', '•Grupo', '•Apartamento de 2 dormitorios', '•Estancia de 1 noche', '•Enviado por móvil']",ValenciaJardinBotanico
Almudena,España,8.0,Escrito en 31 de mayo de 2025,,,"['•Viaje de ocio', '•Pareja', '•Estudio con terraza', '•Estancia de 1 noche', '•Enviado por móvil']",ValenciaJardinBotanico
Álvaro,España,9.0,Escrito en 9 de mayo de 2025,,,"['•Viaje de ocio', '•Familia con niños pequeños', '•Apartamento de 3 dormitorios con terraza', '•Estancia de 1 noche', '•Enviado por móvil']",ValenciaJardinBotanico
Maria,España,9.0,Escrito en 29 de abril de 2025,,,"['•Viaje de ocio', '•Familia con niños pequeños', '•Estudio Familiar', '•Estancia de 1 noche', '•Enviado por móvil']",ValenciaJardinBotanico
Carlos,España,8.0,Escrito en 27 de abril de 2025,,,"['•Viaje de negocios', '•Persona que viaja sola', '•Estudio con terraza', '•Estancia de 1 noche']",ValenciaJardinBotanico
Marga,España,10.0,Escrito en 8 de febrero de 2024,,,"['•Viaje de ocio', '•Pareja', '•Estudio Familiar', '•Estancia de 1 noche', '•Enviado por móvil']",ValenciaJardinBotanico
Blanca,España,8.0,Escrito en 25 de diciembre de 2023,,,"['•Con una mascota', '•Viaje de ocio', '•Familia con niños pequeños', '•Apartamento de 3 dormitorios con terraza', '•Estancia de 1 noche', '•Enviado por móvil']",ValenciaJardinBotanico
Teresa,España,9.0,Escrito en 9 de octubre de 2023,,,"['•Viaje de ocio', '•Grupo de amigos', '•Apartamento de 2 dormitorios', '•Estancia de 1 noche', '•Enviado por móvil']",ValenciaJardinBotanico
José,España,8.0,Escrito en 12 de septiembre de 2023,,,"['•Viaje de ocio', '•Grupo', '•Apartamento de 2 dormitorios', '•Estancia de 1 noche', '•Enviado por móvil']",ValenciaJardinBotanico
Rosa,España,10.0,Escrito en 4 de septiembre de 2023,,,"['•Viaje de ocio', '•Grupo', '•Apartamento de 3 dormitorios con terraza', '•Estancia de 1 noche']",ValenciaJardinBotanico
Sara,España,9.0,Escrito en 31 de agosto de 2023,,,"['•Viaje de negocios', '•Persona que viaja sola', '•Estudio con terraza', '•Estancia de 2 noches']",ValenciaJardinBotanico
Muhammad,España,9.0,Escrito en 30 de agosto de 2023,,,"['•Familia con niños pequeños', '•Apartamento de 2 dormitorios', '•Estancia de 1 noche', '•Enviado por móvil']",ValenciaJardinBotanico
Iolanda,España,10.0,Escrito en 18 de agosto de 2023,,,"['•Viaje de ocio', '•Familia con niños pequeños', '•Estudio Familiar', '•Estancia de 1 noche', '•Enviado por móvil']",ValenciaJardinBotanico
Marvin,España,10.0,Escrito en 13 de agosto de 2023,,,"['•Viaje de ocio', '•Grupo de amigos', '•Apartamento de 2 dormitorios', '•Estancia de 1 noche', '•Enviado por móvil']",ValenciaJardinBotanico
Custodio,España,10.0,Escrito en 29 de julio de 2023,,,"['•Viaje de ocio', '•Grupo de amigos', '•Estudio Familiar', '•Estancia de 1 noche', '•Enviado por móvil']",ValenciaJardinBotanico
Ana,España,9.0,Escrito en 2 de julio de 2023,,,"['•Viaje de ocio', '•Grupo', '•Apartamento de 2 dormitorios', '•Estancia de 1 noche', '•Enviado por móvil']",ValenciaJardinBotanico
Ana,España,10.0,Escrito en 4 de junio de 2023,,,"['•Viaje de ocio', '•Familia con niños pequeños', '•Apartamento de 2 dormitorios', '•Estancia de 2 noches', '•Enviado por móvil']",ValenciaJardinBotanico
Jose,España,8.0,Escrito en 9 de mayo de 2023,,,"['•Viaje de ocio', '•Pareja', '•Estudio Familiar', '•Estancia de 3 noches', '•Enviado por móvil']",ValenciaJardinBotanico
Pedro,España,9.0,Escrito en 8 de mayo de 2023,,,"['•Viaje de ocio', '•Grupo', '•Apartamento de 2 dormitorios', '•Estancia de 2 noches']",ValenciaJardinBotanico
Marina,España,9.0,Escrito en 17 de abril de 2023,,,"['•Viaje de ocio', '•Grupo', '•Apartamento de 3 dormitorios con terraza', '•Estancia de 2 noches', '•Enviado por móvil']",ValenciaJardinBotanico
Belciug,España,9.0,Escrito en 30 de marzo de 2023,,,"['•Viaje de ocio', '•Familia con niños pequeños', '•Apartamento de 3 dormitorios con terraza', '•Estancia de 4 noches', '•Enviado por móvil']",ValenciaJardinBotanico
Castelló,España,8.0,Escrito en 20 de marzo de 2023,,,"['•Viaje de ocio', '•Grupo', '•Apartamento de 3 dormitorios con terraza', '•Estancia de 2 noches']",ValenciaJardinBotanico
Marina,España,10.0,Escrito en 15 de marzo de 2023,,,"['•Viaje de ocio', '•Grupo', '•Estudio Familiar', '•Estancia de 2 noches']",ValenciaJardinBotanico
Roberto,España,9.0,Escrito en 30 de enero de 2023,,,"['•Viaje de ocio', '•Familia con niños pequeños', '•Apartamento de 2 dormitorios', '•Estancia de 1 noche', '•Enviado por móvil']",ValenciaJardinBotanico
Alicia,España,7.0,Escrito en 29 de enero de 2023,,,"['•Viaje de ocio', '•Grupo de amigos', '•Estudio Familiar', '•Estancia de 2 noches', '•Enviado por móvil']",ValenciaJardinBotanico
Jon,España,10.0,Escrito en 27 de enero de 2023,,,"['•Viaje de ocio', '•Grupo de amigos', '•Estudio Familiar', '•Estancia de 1 noche', '•Enviado por móvil']",ValenciaJardinBotanico
Aurea,España,9.0,Escrito en 26 de enero de 2023,,,"['•Viaje de ocio', '•Grupo de amigos', '•Estudio Familiar', '•Estancia de 1 noche', '•Enviado por móvil']",ValenciaJardinBotanico
Lantana,España,10.0,Escrito en 16 de enero de 2023,,,"['•Viaje de ocio', '•Pareja', '•Estudio Familiar', '•Estancia de 1 noche', '•Enviado por móvil']",ValenciaJardinBotanico
Eva,España,10.0,Escrito en 16 de enero de 2023,,,"['•Viaje de ocio', '•Grupo', '•Apartamento de 2 dormitorios', '•Estancia de 1 noche', '•Enviado por móvil']",ValenciaJardinBotanico
Laura,España,9.0,Escrito en 15 de enero de 2023,,,"['•Viaje de ocio', '•Grupo', '•Apartamento de 3 dormitorios con terraza', '•Estancia de 1 noche']",ValenciaJardinBotanico
