username,country,score,date_written,positive,negative,tags
Helenca,España,9.0,Escrito en 3 de enero de 2026,Las instalaciones eran nuevas y modernas,,"['•Viaje de ocio', '•Grupo', '•Apartamento de 1 dormitorio', '•Estancia de 1 noche', '•Enviado por móvil']"
Andrea,España,9.0,Escrito en 2 de enero de 2026,"El apartamento está muy nuevo y limpio. Tal cual se muestra en la foto. Todo muy bonito y cuidado al detalle. 
Además te dejan un pack de bienvenida con dos botellitas de agua, una bolsita pequeña de patatas fritas y dos cápsulas de café.",Lo peor que tiene el apartamento es el sofá cama. Está muy usado y es súper incómodo. No lo recomiendo para dormir. Hasta para sentarse se hunde.,"['•Viaje de ocio', '•Familia con niños pequeños', '•Apartamento de 1 dormitorio', '•Estancia de 1 noche', '•Enviado por móvil']"
Xavier,España,9.0,Escrito en 1 de enero de 2026,Instalaciones nuevas y comodas,,"['•Viaje de ocio', '•Familia con niños pequeños', '•Apartamento de 1 dormitorio', '•Estancia de 3 noches', '•Enviado por móvil']"
Raquel,España,8.0,Escrito en 29 de diciembre de 2025,Muy amplio y preparado,La persona que duerme en el sofá cama está algo más incómodo,"['•Viaje de ocio', '•Familia con niños pequeños', '•Apartamento de 2 dormitorios', '•Estancia de 2 noches', '•Enviado por móvil']"
Juan,España,8.0,Escrito en 22 de diciembre de 2025,La ubicación,"Las habitaciones, se suponía que constaba el apartamento de dos habitaciones grandes y eso no fue lo que encontramos","['•Viaje de ocio', '•Grupo', '•Apartamento de 2 dormitorios', '•Estancia de 1 noche']"
Isaac,España,10.0,Escrito en 21 de diciembre de 2025,"Alojamiento genial. Cocina completamente equipada, lavadora, microondas con grill. Baño nuevo, todo impecable.",,"['•Viaje de ocio', '•Familia con niños pequeños', '•Apartamento Estudio', '•Estancia de 3 noches', '•Enviado por móvil']"
Montero,España,7.0,Escrito en 12 de diciembre de 2025,"Lo que mas me gustó fue la ubicación ya que no estabas en pleno centro, pero muy cerquita para llegar andando.","No me gustó pagar un precio de 4 personas por un apartamento, y que tengan un sofá cama, que menos mal que íbamos personas jóvenes, porque sino, es imposible dormir ahí, por lo incómodo que era. Y tampoco me gustó el parking, ya que es un añadido a la reserva, no es barato a mi parecer, y el primer día que llegamos un poco mas tarde, nos las vimos y nos las deseamos para poder aparcar.","['•Viaje de ocio', '•Familia con niños pequeños', '•Apartamento de 1 dormitorio', '•Estancia de 3 noches', '•Enviado por móvil']"
Gómez,España,7.0,Escrito en 11 de diciembre de 2025,,"En mi reserva pone escritorio, y no tuve, viajo por trabajo y era una necesidad, tuve que trabajar en la encimera de la isla de la cocina con sillas altas sin respaldo y he acabado con dolor de espalda.Tampoco había tostadora. Compre algo de pan para tostar y no lo pude hacer en la tostadora.","['•Viaje de negocios', '•Persona que viaja sola', '•Apartamento Estudio', '•Estancia de 2 noches']"
Cristina,España,9.0,Escrito en 10 de diciembre de 2025,"Ubicación excelente. Muy limpio, la cama muy cómoda.
La cocina pequeña pero tenía de todo, hasta lavavajillas y lavadora
Luminoso",Lo único malo fue que el nórdico del sofá cama era de 90cm cuando la cama era mucho más ancha,"['•Viaje de ocio', '•Familia con niños pequeños', '•Apartamento de 1 dormitorio', '•Estancia de 3 noches', '•Enviado por móvil']"
Manuel,España,10.0,Escrito en 8 de diciembre de 2025,Limpieza y decoración,Almohadas,"['•Viaje de ocio', '•Familia con niños pequeños', '•Apartamento de 1 dormitorio', '•Estancia de 2 noches', '•Enviado por móvil']"
Jose,España,8.0,Escrito en 8 de diciembre de 2025,"Me gusto, la limpieza, centrico. A 10 minutos ( o menos) del centro historico. Servicios como ( supermercado, cafeterias, restaurantes)  a 1 minuto","El tener que hacer el check-in uno mismo, aunque no me resulto complicado, creo que seria mucho mejor el que habria alguna persona para poder hacerlo .El tener la salida a las 11h, normalmente las salida suele ser entre las 12 y 13 horas, aunque comprendo que hay que realizar limpieza, pero una hora mas estaria muy bien. Y el no tener una consigna o un lugar para poder dejar maletas, bien como servicio del alojamiento o bien de pago.","['•Viaje de ocio', '•Grupo', '•Apartamento de 1 dormitorio', '•Estancia de 2 noches']"
Elalbarracin,España,7.0,Escrito en 8 de diciembre de 2025,Buena ubicación. Los baños perfectos. Las camas bien. El sofá cama una castaña.,El olor a humo de la habitación. Pero como no hay recepción no puedes protestar a nadie.,"['•Viaje de ocio', '•Familia con niños pequeños', '•Apartamento de 2 dormitorios', '•Estancia de 2 noches', '•Enviado por móvil']"
Gemma,España,8.0,Escrito en 7 de diciembre de 2025,"Todo, la ubicación, lo fácil que es acceder y lo bien comunicado que está con todo","Hacía muchísima calor, aunque es diciembre pero en el apartamento hacía mucha calor .. por todo para mi fué perfecto ! Lo único la calefacción demasiado alta","['•Viaje de ocio', '•Grupo', '•Apartamento de 1 dormitorio', '•Estancia de 1 noche', '•Enviado por móvil']"
Ane,España,9.0,Escrito en 3 de diciembre de 2025,Centrico y acogedor.,"Al ser el octavo piso las ventanas solo se abre en batiente, por lo que pasamos un poco de calor.","['•Viaje de negocios', '•Pareja', '•Apartamento de 1 dormitorio', '•Estancia de 5 noches', '•Enviado por móvil']"
Dolores,España,9.0,Escrito en 2 de diciembre de 2025,"La ubicación, la limpieza y la comodidad del apartamento. Muy fácil y muy rápido contactar con la conserjería 24 horas.",Nada,"['•Viaje de ocio', '•Pareja', '•Apartamento Estudio', '•Estancia de 3 noches', '•Enviado por móvil']"
Elixabete,España,8.0,Escrito en 2 de diciembre de 2025,,El sofa cama es muy incomodo.,"['•Viaje de ocio', '•Familia con niños pequeños', '•Apartamento de 2 dormitorios', '•Estancia de 2 noches', '•Enviado por móvil']"
Sanz,España,7.0,Escrito en 1 de diciembre de 2025,La ubicación,Un poco caro para lo que ofrece.,"['•Viaje de ocio', '•Pareja', '•Apartamento Estudio', '•Estancia de 5 noches', '•Enviado por móvil']"
Touriño,España,10.0,Escrito en 28 de noviembre de 2025,Nos encantó,Nos gusto todo,"['•Viaje de ocio', '•Familia con niños pequeños', '•Apartamento de 1 dormitorio', '•Estancia de 1 noche', '•Enviado por móvil']"
Gloriadp,España,7.0,Escrito en 23 de noviembre de 2025,"El apartamento en general, bien distribuido y con todo lo necesario. Buena ubicación. Personal amable.","El sofá cama era bastante incómodo,","['•Viaje de ocio', '•Familia con niños pequeños', '•Apartamento de 1 dormitorio', '•Estancia de 2 noches', '•Enviado por móvil']"
Arantxa,España,9.0,Escrito en 20 de noviembre de 2025,"Nos hospedamos con nuestra mascota y la sorpresa fue que nos pusieron una camita, y boles para la comida y elagua además de un poco de comida. Todo un detalle. Gracias.",,"['•Viaje de ocio', '•Pareja', '•Apartamento Estudio', '•Estancia de 1 noche', '•Enviado por móvil']"
Maria,España,8.0,Escrito en 16 de noviembre de 2025,"Bien ubicado. Bastante nuevo, la habitación principal cómoda.","Sofá cama incómodo y no dejan ropa de abrigo (mantas, etc) en noviembre. La falta de personal hace perder calidez a la estancia y detalles como poder dejar el coche en el parking un ratito más resulten imposibles.","['•Viaje de ocio', '•Grupo', '•Apartamento de 1 dormitorio', '•Estancia de 2 noches', '•Enviado por móvil']"
Rocio,España,10.0,Escrito en 16 de noviembre de 2025,"Estaba todo muy limpio, lo cual se agradece muchísimo, pack de bienvenida, más que de agradecer se nota la calidad de la habitación solo entrar. Para nosotros un 10, de echo, volvemos en una dos o tres semanas",,"['•Viaje de ocio', '•Familia con niños pequeños', '•Apartamento de 1 dormitorio', '•Estancia de 1 noche', '•Enviado por móvil']"
Marisa,España,9.0,Escrito en 15 de noviembre de 2025,"Muy buena ubicación, comodidad y buen trato",La única pega el sofá cama,"['•Viaje de ocio', '•Familia con niños pequeños', '•Apartamento de 1 dormitorio', '•Estancia de 5 noches', '•Enviado por móvil']"
Miriam,España,8.0,Escrito en 9 de noviembre de 2025,"La ubicación, se aparca fácil por la zona. Para ir en familia haces uso de la cocina y lavadora.","No había detergente para la lavadora ni lavavajillas, pedimos y no les quedaba. En 7 días no pasaron a limpiar ninguna vez.","['•Viaje de ocio', '•Familia con niños pequeños', '•Apartamento de 1 dormitorio', '•Estancia de 7 noches', '•Enviado por móvil']"
Sheila,España,9.0,Escrito en 4 de septiembre de 2025,Está muy equipado,Le faltaba un poco más de papel higiénico,"['•Viaje de ocio', '•Familia con niños pequeños', '•Apartamento de 1 dormitorio', '•Estancia de 3 noches', '•Enviado por móvil']"
Rafael,España,9.0,Escrito en 1 de septiembre de 2025,La ubicación,El sofá cama muy ruidoso,"['•Viaje de ocio', '•Familia con niños pequeños', '•Apartamento de 1 dormitorio', '•Estancia de 1 noche', '•Enviado por móvil']"
Laura,España,9.0,Escrito en 1 de septiembre de 2025,"Muy bien situado, apartamento cómodo y con todo lo necesario para pasar unos dias (horno, microondas, lavadora...)",,"['•Viaje de ocio', '•Familia con niños pequeños', '•Apartamento de 2 dormitorios', '•Estancia de 1 noche', '•Enviado por móvil']"
Juan,España,8.0,Escrito en 31 de agosto de 2025,La ubicación.,Nos dieron habitación a una zona interior,"['•Viaje de ocio', '•Familia con niños pequeños', '•Apartamento de 1 dormitorio', '•Estancia de 4 noches', '•Enviado por móvil']"
Ocaña,España,9.0,Escrito en 30 de agosto de 2025,Muy buena ubicación. Instalaciones nuevas y modernas. Muy acogedoras y a 5 minutos del centro de la ciudad.,"Es sofá cama es muy incómodo e inapropiado para un establecimiento de estas características. El desayuno lo sirven en una cafetería independiente enfrente del edificio de apartamentos, aunque es cierto que desayunamos estupendamente.","['•Viaje de ocio', '•Familia con niños pequeños', '•Apartamento de 1 dormitorio', '•Estancia de 1 noche', '•Enviado por móvil']"
Gonzalo,España,9.0,Escrito en 30 de agosto de 2025,"Limpieza, acceso, ubicación",El colchón no era muy cómodo,"['•Familia con niños pequeños', '•Apartamento de 1 dormitorio', '•Estancia de 4 noches', '•Enviado por móvil']"
Enrique,España,10.0,Escrito en 30 de agosto de 2025,"Ubicación muy buena, apartamento muy cómodo y excelente para viajar con perro",,"['•Viaje de ocio', '•Familia con niños pequeños', '•Apartamento de 1 dormitorio', '•Estancia de 4 noches', '•Enviado por móvil']"
Rincon,España,9.0,Escrito en 30 de agosto de 2025,La instalación  y la atención muy bien.,,"['•Viaje de ocio', '•Familia con niños pequeños', '•Apartamento de 1 dormitorio', '•Estancia de 1 noche', '•Enviado por móvil']"
Carol,España,8.0,Escrito en 29 de agosto de 2025,"Todo impecable, limpio, cómodo, bonito, muy céntrico, acceso fácil y automatizado...",La única pega es que me parece caro.,"['•Viaje de ocio', '•Familia con niños pequeños', '•Apartamento de 1 dormitorio', '•Estancia de 1 noche', '•Enviado por móvil']"
Blanca,España,10.0,Escrito en 29 de agosto de 2025,"Limpieza, ubicación y silencio",,"['•Viaje de ocio', '•Familia con niños pequeños', '•Apartamento de 1 dormitorio', '•Estancia de 3 noches', '•Enviado por móvil']"
Laura,España,9.0,Escrito en 29 de agosto de 2025,La limpieza y ubicación.,Se echa en parte una cara visible del alojamiento.,"['•Viaje de ocio', '•Familia con niños pequeños', '•Apartamento de 1 dormitorio', '•Estancia de 5 noches']"
Omisae,España,10.0,Escrito en 29 de agosto de 2025,La limpieza,,"['•Viaje de negocios', '•Familia con niños pequeños', '•Apartamento de 2 dormitorios', '•Estancia de 12 noches', '•Enviado por móvil']"
Carlos,España,8.0,Escrito en 28 de agosto de 2025,Ubicación,La cama del sofá,"['•Viaje de ocio', '•Familia con niños pequeños', '•Apartamento de 1 dormitorio', '•Estancia de 1 noche', '•Enviado por móvil']"
Gabriela,España,9.0,Escrito en 28 de agosto de 2025,"La comodidad del apartamento. Acogedor y amplio
Su ubicación.","El check-in,  para mi gusto, un poco tarde, hasta las 15:00h no es posible entrar y sin posibilidad de dejar las maletas en el hotel si llegas antes.","['•Viaje de ocio', '•Familia con niños pequeños', '•Apartamento de 1 dormitorio', '•Estancia de 1 noche', '•Enviado por móvil']"
Gilberto,España,10.0,Escrito en 28 de agosto de 2025,La comodidad y amplitud de las estancias,Nada,"['•Viaje de ocio', '•Persona que viaja sola', '•Apartamento de 2 dormitorios', '•Estancia de 3 noches', '•Enviado por móvil']"
Carlos,España,9.0,Escrito en 27 de agosto de 2025,"Muy cerca del centro, limpio y comodo",El sistema de apertura con código es incómodo,"['•Viaje de ocio', '•Familia con niños pequeños', '•Apartamento de 2 dormitorios', '•Estancia de 1 noche', '•Enviado por móvil']"
Manuel,España,9.0,Escrito en 27 de agosto de 2025,"Está ubicado en una zona tranquila donde se encuentra fácilmente aparcamiento. Además, está a 10 minutos andando del centro.",El sofá cama no es cómodo.,"['•Viaje de ocio', '•Familia con niños pequeños', '•Apartamento de 1 dormitorio', '•Estancia de 3 noches', '•Enviado por móvil']"
Eduardo,España,8.0,Escrito en 25 de agosto de 2025,La amplitud,No te ayudan con el check in,"['•Viaje de ocio', '•Familia con niños pequeños', '•Apartamento de 1 dormitorio', '•Estancia de 1 noche', '•Enviado por móvil']"
Estrella,España,8.0,Escrito en 25 de agosto de 2025,"La ubicación, limpieza del apartamento, silencia y desayuno","Por ponerle una pega, cuando abres el sofá cama queda muy estrecho y no se puede pasar","['•Viaje de ocio', '•Familia con niños pequeños', '•Apartamento de 1 dormitorio', '•Estancia de 1 noche', '•Enviado por móvil']"
Rubio-bañón,España,8.0,Escrito en 25 de agosto de 2025,Las instalaciones eran muy buenas y muy céntrico,"La limpieza del apartamento, estuvimos cinco noches y no nos cambiaron las toallas ni limpiaron la habitación.","['•Viaje de ocio', '•Grupo', '•Apartamento de 1 dormitorio', '•Estancia de 1 noche']"
Elena,España,8.0,Escrito en 23 de agosto de 2025,"El personal fue muy amable  y la ubicación es fantástica. A 10 minutos  a pie del centro histórico de Vitoria.
El apartamento para 5 personas es espacioso y estaba muy limpio.",El sofa-cama es bastante incómodo para dormir en él. Tuve que pedir material de limpieza como pastilla para el lavavajillas y trapo de cocina porque no estaba en la habitación. Aunque es verdad que la recepcionista me los proporcionó inmediatamente.,"['•Familia con niños pequeños', '•Apartamento de 2 dormitorios', '•Estancia de 1 noche', '•Enviado por móvil']"
Loli,España,8.0,Escrito en 23 de agosto de 2025,"La ubicacion y que aunque haya parking, se puede aparcar con suerte fuera
El apartamento está nuevo y tiene de casi todo","Que no tuviera una escoba para poder recoger lo básico, ni escobilla de wc, así como algo para fregar los cacharros, cosa que hoy día hay en casi todos los apartamentos turísticos
En mi caso con pelo largo he tenido que recoger los pelos con algo de papel","['•Viaje de ocio', '•Familia con niños pequeños', '•Apartamento de 1 dormitorio', '•Estancia de 4 noches', '•Enviado por móvil']"
Andrea,España,9.0,Escrito en 23 de agosto de 2025,"Me pareció muy cómodo el check-in online y autónomo. Muy bien el parking en el edificio. Genial ubicación, muy cómoda.
El apartamento bien decorado y equipado, para unos días genial.","Difícil contar con alguien si se necesita, demasiado autónomo todo. Vistas feas","['•Viaje de ocio', '•Familia con niños pequeños', '•Apartamento de 1 dormitorio', '•Estancia de 1 noche', '•Enviado por móvil']"
Laura,España,10.0,Escrito en 23 de agosto de 2025,"Es un edificio entero dividido en apartamentos. Hay personal de asistencia durante el día, en recepción, y asistencia on line o telefónica por la noche. En todo momento, nuestras dudas fueron resueltas. Las instalaciones son nuevas, de excelente calidad, insonorizado todo y la limpieza excelente. Y la ubicación es perfecta. Es una avenida grande con comercio y lugares donde desayunar. En 5 minutos andando se accede al casco viejo de Vitoria.","Éramos cuatro y, para el sofá cama, sólo había 1 almohada. El colchón se hundía un poco hacia el centro, pero estuvimos sólo una noche y es asumible.","['•Viaje de ocio', '•Grupo', '•Apartamento de 1 dormitorio', '•Estancia de 1 noche']"
Amelia,España,8.0,Escrito en 22 de agosto de 2025,Que estaba muy limpio y era todo nuevo y espacioso.,"Que no había ningún utensilio para la limpieza del hogar, escoba, mocho, bayeta, ademanes había un lavaplatos pero no había ninguna pastilla, ni estropajo ni jabón para lavar los platos, por lo que si querías barrer o fregar tenías que comprar las cosas para hacerlo.","['•Viaje de ocio', '•Familia con niños pequeños', '•Apartamento de 2 dormitorios', '•Estancia de 4 noches', '•Enviado por móvil']"
Jose,España,8.0,Escrito en 31 de julio de 2025,La ubicación y la limpieza,"Que éramos 2 parejas y había dos camas,una de matrimonio y una pequeña. Una persona  tuvo q dormir en el sofá cama","['•Familia con niños pequeños', '•Apartamento de 2 dormitorios', '•Estancia de 2 noches', '•Enviado por móvil']"
Juan,España,10.0,Escrito en 29 de julio de 2025,Proximidad con el centro,Parking muy justo para coche grande,"['•Viaje de ocio', '•Familia con niños pequeños', '•Apartamento Estudio', '•Estancia de 1 noche', '•Enviado por móvil']"
Javier,España,10.0,Escrito en 28 de julio de 2025,Apartamento muy limpio y cómodo. A 20 minutos andando del centro. Aparcamiento gratuito en calles próximas.,,"['•Viaje de ocio', '•Familia con niños pequeños', '•Apartamento de 1 dormitorio', '•Estancia de 1 noche', '•Enviado por móvil']"
Rut,España,8.0,Escrito en 28 de julio de 2025,El apartamento en sí,Los colchones,"['•Viaje de ocio', '•Familia con niños pequeños', '•Apartamento de 1 dormitorio', '•Estancia de 4 noches', '•Enviado por móvil']"
Jesus,España,9.0,Escrito en 28 de julio de 2025,La ubicación y la limpieza,"el sofa cama era muy blando para dormir, muy incómodo","['•Viaje de ocio', '•Familia con niños pequeños', '•Apartamento de 1 dormitorio', '•Estancia de 2 noches']"
Carolina,España,7.0,Escrito en 28 de julio de 2025,La situación y las instalaciones.,"Que todo fuera por la aplicación o por mail, aunque puedes llamarlos del telefonillo de la entrada, por nosotros no, pero vimos gente mayor liada. La relación calidad-precio es excesiva. No vino nadie a limpiar y todavía no tengo claro si es por no pedirlo por la aplicación. Te dejaban un kit de limpieza, pero era escaso para los 5 días que íbamos. Y lo peor es la wifi compartida, va fatal y además la televisión no es smart, y no hubo manera de conectar el crome cast por la wifi, lo comunicamos y nada.","['•Viaje de ocio', '•Familia con niños pequeños', '•Apartamento de 1 dormitorio', '•Estancia de 5 noches', '•Enviado por móvil']"
Jose,España,9.0,Escrito en 27 de julio de 2025,Ubicación y equipamiento,"La nevera, por la parte posterior, a veces vibraba en exceso","['•Viaje de ocio', '•Familia con niños pequeños', '•Apartamento de 1 dormitorio', '•Estancia de 2 noches']"
Sara,España,9.0,Escrito en 27 de julio de 2025,"Un apartamento bonito y moderno ideal para viajar una familia de cuatro miembros algunos días. Equipada con una cocina totalmente nueva con todos los pequeños electrodomésticos modernísimos. 
Cuenta con un dormitorio con armario y cómoda de tres cajones y una cama muy confortable, tanto colchón como almohadas. El sofá cama del salón quizás no tan cómodo, pero adecuado para dos niños o adolescentes.","Echamos en falta más luz artificial sobre todo en el baño y la falta estropajo, bayeta, una escoba con recogedor y fregona con cubo para mantener limpio el apartamento durante nuestra estancia.","['•Viaje de ocio', '•Familia con niños pequeños', '•Apartamento de 1 dormitorio', '•Estancia de 4 noches', '•Enviado por móvil']"
Sergio,España,9.0,Escrito en 26 de julio de 2025,"Es un apartahotel muy comodo, bien ubicado y muy limpio. Con cocina bien equipada. Los muebles y el apartamento muy nuevo. Se entra fácil de manera on lline, con la clave que te envían o su aplicación. Y el garage, aunque de pago, es un punto a favor de la instalación.","Por decir algo, que no había cafetera en la cocina.
La echamos en falta.","['•Viaje de ocio', '•Familia con niños pequeños', '•Apartamento de 1 dormitorio', '•Estancia de 2 noches', '•Enviado por móvil']"
Pedro,España,8.0,Escrito en 25 de julio de 2025,"Muy nuevo y todo lo necesario para unos dias, buena ubicación.",El sofá cama muy incómodo para dos personas,"['•Viaje de ocio', '•Grupo', '•Apartamento de 1 dormitorio', '•Estancia de 5 noches', '•Enviado por móvil']"
Laura,España,9.0,Escrito en 25 de julio de 2025,Luminoso..céntrico..muy bien equipado..nos obsequiaron con dos botellas de agua y un snack y un pack de limpieza..cama y sofá cama muy cómodo..no vimos a nadie del personal..rodeado de bares y cafeterías muy ricas,Tuvimos un poco de dificultad al abrir la puerta del edificio pero se resolvió sin problema,"['•Viaje de ocio', '•Familia con niños pequeños', '•Apartamento de 1 dormitorio', '•Estancia de 1 noche', '•Enviado por móvil']"
Ceballos,España,8.0,Escrito en 25 de julio de 2025,,No me gustó que no tienen persianas y entra claridad a las habitaciones.,"['•Viaje de ocio', '•Familia con niños pequeños', '•Apartamento de 1 dormitorio', '•Estancia de 1 noche', '•Enviado por móvil']"
Maria,España,7.0,Escrito en 25 de julio de 2025,"Muy bien ubicado, muy bien equipado, con lavadora, lavavajillas, horno microondas... decoración muy moderna y apartamento amplio, cafeterías para desayunar y en la misma calle hay zona de aparcamiwnto gratuito.",Que el sofá  se hundía cuando te sentabas y las tapicerias de sillones y cojines estaba con cercos de manchas al igual.que una de las fundas de almohada interiores que tenia unos cercos amarillos increibles de suciedad.,"['•Viaje de ocio', '•Familia con niños pequeños', '•Apartamento de 1 dormitorio', '•Estancia de 1 noche', '•Enviado por móvil']"
Noelia,España,9.0,Escrito en 25 de julio de 2025,Estaba muy cuidado.,Que no tuviera una escoba ni fregona,"['•Familia con niños pequeños', '•Apartamento con terraza', '•Estancia de 2 noches', '•Enviado por móvil']"
M,España,8.0,Escrito en 25 de julio de 2025,"Esta a 10 mins de la catedral de Vitoria, es una finca de pisos turísticos que están muy limpios y nuevos y se accede con código",El sofá cama era horrible....no es nada intuitivo para abrirlo y se cerraba cada dos por tres..no descansaron nada las personas que durmieron ahí,"['•Viaje de ocio', '•Familia con niños pequeños', '•Apartamento de 1 dormitorio', '•Estancia de 1 noche', '•Enviado por móvil']"
María,España,8.0,Escrito en 25 de julio de 2025,"Bonito, buena ubicación, cocina bien equipada, buen detalle de bienvenida y el kit de limpieza.","Eché de menos una escoba y recogedor en el apartamento para el día a día a parte de la limpieza que se haga por parte de la empresa.
El sofá cama es incómodo para dormir más de un día.","['•Viaje de ocio', '•Familia con niños pequeños', '•Apartamento de 1 dormitorio', '•Estancia de 3 noches', '•Enviado por móvil']"
Aurora,España,8.0,Escrito en 25 de julio de 2025,"Mal el horario de entradas,,debe ser cuando el cliente llegue, sea 8hs , 12"",,,,o 3de la mañanas, cada usuario es diferente y su estancia termina en 24hs, no cuando ustedes digan,,un  hotel está para éso dar servicio de hospedaje, no a su conveniencia,, mucho ruido las hb de frente a la calle gastéiz,,debería tener otro tipo de ventanas.","Garaje y desayunos, por el precio de estancia, debería incluir","['•Familia con niños pequeños', '•Apartamento de 1 dormitorio', '•Estancia de 2 noches', '•Enviado por móvil']"
Teresa,España,7.0,Escrito en 24 de julio de 2025,"La ubicación y la comodidad de tener parking a 14€/día. Estaba todo muy bien equipado, con un kit de bienvenida y un kit de limpieza, el apartamento tiene todo lo necesario para estar en Vitoria unos días. Para los precios que hay de alojamientos en el País Vasco en general, este está muy bien.",El check in y todo el acceso al hotel es digital. Tener que estar poniendo el código para abrir cada puerta es un poco jaleo pero bueno. El sofá cama deberían renovarlo...,"['•Viaje de ocio', '•Familia con niños pequeños', '•Apartamento de 1 dormitorio', '•Estancia de 2 noches']"
Monica,España,7.0,Escrito en 24 de julio de 2025,Ubicación y lavabo y cama habitación muy cómoda,"Sofá cama incómodo, aire solo iba en la habitación y faltaba la plancha para la ropa","['•Familia con niños pequeños', '•Apartamento de 1 dormitorio', '•Estancia de 2 noches', '•Enviado por móvil']"
Alberto,España,10.0,Escrito en 23 de julio de 2025,"Espectacular apartamento, nuevo,bien equipado ,muy limpio, centrico",Nada,"['•Viaje de ocio', '•Familia con niños pequeños', '•Apartamento de 1 dormitorio', '•Estancia de 2 noches', '•Enviado por móvil']"
Samaniegomiron,España,7.0,Escrito en 22 de julio de 2025,"El apartamento muy bonito, amplio, bien decorado y equipado con casi de todo, bien climatizado, las camas cómodas, incluso el sofá cama, lo mejor la ubicación y el parking al lado aunque debes contratarlo como extra.","Todos los extras que hay, si quieres que te cambien las sabanas y toallas un extra de 37 euros, no había cepillo ni recogedor para barrer pequeñas cosas supongo para que se necesite contratar el servicio de limpieza extra.El sistema de acceso con códigos da muchos problemas, nos fallaba mucho.El menaje de la cocina es muy escaso, solo había un cazo una cazuela grande y un escurridor de pasta, se hubiera agradecido tener una pequeña sartén para hacer una tortilla.","['•Viaje de ocio', '•Familia con niños pequeños', '•Apartamento de 1 dormitorio', '•Estancia de 6 noches']"
Texenery,España,9.0,Escrito en 22 de julio de 2025,Es muy cómodo y moderno.,Ni un mísero detalle en la habitación. El sofá cama bastante incómodo.,"['•Viaje de ocio', '•Grupo', '•Apartamento de 2 dormitorios', '•Estancia de 1 noche']"
Maria,España,10.0,Escrito en 21 de julio de 2025,"Todo perfecto, muy limpio y todo muy bien organizado. esta a 15 minutos del centro caminando.",Me gusto todo,"['•Viaje de ocio', '•Familia con niños pequeños', '•Apartamento de 1 dormitorio', '•Estancia de 1 noche', '•Enviado por móvil']"
Carlos,España,10.0,Escrito en 21 de julio de 2025,"Ubicacion espectacular, sin necesidad de coger transporte para vsisitar la ciudad.",,"['•Viaje de ocio', '•Familia con niños pequeños', '•Apartamento de 1 dormitorio', '•Estancia de 5 noches']"
Maria,España,9.0,Escrito en 21 de julio de 2025,Camas y diseño,,"['•Viaje de ocio', '•Grupo', '•Apartamento de 1 dormitorio', '•Estancia de 2 noches', '•Enviado por móvil']"
Aurora,España,10.0,Escrito en 26 de mayo de 2025,Perfecta ubicación. Perfectas las instalaciones,Nada,"['•Viaje de ocio', '•Pareja', '•Apartamento Estudio', '•Estancia de 1 noche', '•Enviado por móvil']"
Jose,España,8.0,Escrito en 26 de mayo de 2025,Era bastante funcional y estaba muy limpio.  Andando se iba al centro en 10 minutos y tenías de todo alrededor.,"La insonorizacion de la ventana del dormitorio no era demasiado buena.  Hubo un problema con una alarma que se encendió en el pasillo en el que estábamos y nadie vino a informar que pasaba.  Al día siguiente en recepción tampoco sabían que había ocurrido.  Ni se habían enterado del suceso,  lo cual me da que pensar en el sistema de seguridad si ocurre algo de verdad.","['•Familia con niños pequeños', '•Apartamento de 1 dormitorio', '•Estancia de 2 noches', '•Enviado por móvil']"
Rebeca,España,9.0,Escrito en 25 de mayo de 2025,"La atención del personal excelente, muy amables. 
La ubicación. Apartamento moderno y bonito.","Por decir algo el sofá cama se movía un poco, pero era muy comodo.","['•Viaje de negocios', '•Familia con niños pequeños', '•Apartamento de 1 dormitorio', '•Estancia de 4 noches', '•Enviado por móvil']"
Oihane,España,7.0,Escrito en 25 de mayo de 2025,,No los iba la clave de abajo,"['•Viaje de ocio', '•Grupo', '•Apartamento de 1 dormitorio', '•Estancia de 1 noche', '•Enviado por móvil']"
Anie,España,7.0,Escrito en 25 de mayo de 2025,"El primer punto destacable es la ubicación, que es estupenda. Está a escasos minutos del centro y cuenta con paradas cercanas de autobús y tranvía. 
En cuanto al apartamento, la cocina esta muy bien equipada. La habitación principal es muy espaciosa y la cama es cómoda. El baño está muy limpio y hay toallas de sobra.","Un par de puntos a destacar: 
1. Tanto el sofá cama como las almohadas son muy incómodas, y en nuestro caso, faltaba una de las mesitas de noche de la habitación. 
2. Además, nuestra estancia se vio significativamente afectada por un problema con el aire acondicionado: 
Pasamos la tarde fuera, y al volver al apartamento al anochecer quisimos encender el aire acondicionado para cenar y dormir. Tratamos de ponerlo en marcha y esperar un rato para ver si se encendía, pero nada. Hacia las 21:30 nos pusimos en contacto con recepción a través de WhatsApp para solicitar ayuda, ya que no lo conseguíamos (o no funcionaba). Recibimos una respuesta pidiendo la foto del panel de control del aire acondicionado. Así lo hicimos, y nos respondieron diciendo que pasarían el aviso a la persona que se encontraba en recepción para que nos ayudara indicando que debíamos esperar. Sin embargo, tras esperar más de una hora sin recibir ninguna solución ni contacto por parte del personal, decidimos desistir y avisar de que ya no era necesario que vinieran ya que eran las 23:00 pasadas y queriamos irnos a dormir. Una pena.","['•Viaje de ocio', '•Familia con niños pequeños', '•Apartamento de 1 dormitorio', '•Estancia de 1 noche', '•Enviado por móvil']"
Carlos,Argentina,8.0,Escrito en 24 de mayo de 2025,La habitación espaciosa y los servicios incluidos,"El sistema automático. No por lo automático sino por cierta dificultad que presenta el sistema. Código largo, etc,. Es el camino pero habría que darle una vuelta de tuerca.","['•Viaje de ocio', '•Pareja', '•Apartamento Estudio', '•Estancia de 1 noche', '•Enviado por móvil']"
Koldo,España,9.0,Escrito en 24 de mayo de 2025,Si,Todo,"['•Viaje de ocio', '•Familia con niños pequeños', '•Apartamento de 1 dormitorio', '•Estancia de 2 noches', '•Enviado por móvil']"
Orenes,España,10.0,Escrito en 24 de mayo de 2025,Apartamento,La gestión de la entrada,"['•Viaje de ocio', '•Pareja', '•Apartamento de 2 dormitorios', '•Estancia de 1 noche', '•Enviado por móvil']"
Enol,España,8.0,Escrito en 23 de mayo de 2025,Las habitaciones,La ubicación,"['•Viaje de ocio', '•Familia con niños pequeños', '•Apartamento de 1 dormitorio', '•Estancia de 2 noches', '•Enviado por móvil']"
Maite,España,8.0,Escrito en 23 de mayo de 2025,La limpieza y la ubicación. Decorado con gusto.,"Muy pocos detalles en el apartamento, menaje escueto, no dejan ni un rollo de servilletas por si lo puedes necesitar.","['•Viaje de ocio', '•Grupo de amigos', '•Apartamento de 1 dormitorio', '•Estancia de 1 noche', '•Enviado por móvil']"
Jose,España,9.0,Escrito en 22 de mayo de 2025,"El apartamento, la ubicación y la app del apartamento",,"['•Viaje de ocio', '•Familia con niños pequeños', '•Apartamento Estudio', '•Estancia de 2 noches', '•Enviado por móvil']"
Paya,España,9.0,Escrito en 21 de mayo de 2025,Estaba muy limpio  es cómodo y muy centrico,No había fregona ni escoba y recogedor y falta de mantenimiento,"['•Familia con niños pequeños', '•Apartamento Estudio', '•Estancia de 5 noches', '•Enviado por móvil']"
Silvia,España,7.0,Escrito en 21 de mayo de 2025,"Lo mejor fue la ubicación, facilidad en contactar con el alojamiento y la atención del personal. La amplitud de las habitaciones y luminosidad un plus.",EL sofa-cama del apartamento resultó muy incómodo.,"['•Viaje de ocio', '•Familia con niños pequeños', '•Apartamento de 1 dormitorio', '•Estancia de 1 noche']"
Dolores,España,9.0,Escrito en 21 de mayo de 2025,"El alojamiento en si y la ubicación ...la limpieza,todo muy nuevo",Todo bien,"['•Viaje de ocio', '•Pareja', '•Apartamento de 1 dormitorio', '•Estancia de 1 noche', '•Enviado por móvil']"
Jose,España,9.0,Escrito en 19 de mayo de 2025,"La ubicación, muy cerca del centro y al lado de un Supermercado. La cama amplia y muy cómoda.","Echamos en falta mocho, recogedor y escoba para la limpieza 🧹 del apartamento o quizá un pequeño aspirador.
Bastante complicado aparcar en la zona.","['•Viaje de ocio', '•Pareja', '•Apartamento de 1 dormitorio', '•Estancia de 3 noches', '•Enviado por móvil']"
Tomas,España,8.0,Escrito en 15 de mayo de 2025,Ubicacion,Que en las imágenes de la reserva el apartamento tenía terraza y en realidad no la tenía.,"['•Viaje de ocio', '•Familia con niños pequeños', '•Apartamento Estudio', '•Estancia de 1 noche', '•Enviado por móvil']"
Ariadna,España,10.0,Escrito en 15 de mayo de 2025,apartamento muy nuevo. todo en perfecto estado. limpieza espectacular. moderno y luminoso. bien equipado. tiene un día justo encima que facilita poder comprar. se aparca en la calle sin pagar.,me gustó todo de este apartamento.,"['•Viaje de ocio', '•Familia con niños pequeños', '•Apartamento de 2 dormitorios', '•Estancia de 1 noche', '•Enviado por móvil']"
Patricia,España,10.0,Escrito en 14 de mayo de 2025,"nos gustó mucho el alojamiento. Tenía de todo, muy completo. Las camas muy cómodas y cerca del centro.hay supermercados cerca y muchos bares y tiendas.nos dejaron un detalle al llegar y se agradece.volveremos sin duda.",nada,"['•Viaje de ocio', '•Familia con niños pequeños', '•Apartamento de 1 dormitorio', '•Estancia de 1 noche']"
Julio,España,9.0,Escrito en 12 de mayo de 2025,La ubicación,El sofá cama un poco incómodo,"['•Viaje de ocio', '•Grupo', '•Apartamento de 1 dormitorio', '•Estancia de 2 noches', '•Enviado por móvil']"
Inéscg19,España,10.0,Escrito en 12 de mayo de 2025,"La ubicación era perfecta, en el centro de la ciudad.",,"['•Viaje de ocio', '•Familia con niños pequeños', '•Apartamento de 1 dormitorio', '•Estancia de 3 noches', '•Enviado por móvil']"
Alvaizq,España,8.0,Escrito en 12 de mayo de 2025,"La ubicación, muy cerca del centro pero zona tranquila. Todo muy limpio y ordenado. Se nota desgaste en la habitación pero nada fuera de lo normal.","El precio, no sé si era por la maratón pero, a pesar de estar muy bien, me parece un precio exagerado.","['•Viaje de ocio', '•Familia con niños pequeños', '•Apartamento de 1 dormitorio', '•Estancia de 1 noche']"
Eder,España,10.0,Escrito en 12 de mayo de 2025,"Todas las estancias, la facilidad de contactar con personal del hotel y la limpieza",El sofá cama quizás era demasiado básico para el precio pagado,"['•Viaje de ocio', '•Familia con niños pequeños', '•Apartamento de 1 dormitorio', '•Estancia de 1 noche', '•Enviado por móvil']"
Noelia,España,8.0,Escrito en 11 de mayo de 2025,el apartamento tenía todo lo necesario y era muy bonito.,"el horario de check in a las 15, pero si pagas puedes entrar a las 12. y check out a las 11, pero pagando puedes salir más tarde....la calefacción no se podía bajar, había 25°C en la habitación y no tuvimos manera de bajarla.","['•Viaje de ocio', '•Familia con niños pequeños', '•Apartamento de 1 dormitorio', '•Estancia de 1 noche', '•Enviado por móvil']"
Andreina,España,10.0,Escrito en 10 de mayo de 2025,Cocina y baños 10/10,El sofá el salón sus asientos estaban un poco dañados,"['•Viaje de ocio', '•Familia con niños pequeños', '•Apartamento de 2 dormitorios', '•Estancia de 1 noche', '•Enviado por móvil']"
Gutiérrez,España,10.0,Escrito en 9 de mayo de 2025,"Todo, la limpieza,la comodidad,la ubicación",,"['•Viaje de ocio', '•Familia con niños pequeños', '•Apartamento de 1 dormitorio', '•Estancia de 1 noche', '•Enviado por móvil']"
Eduardo,España,8.0,Escrito en 17 de marzo de 2025,"Muy cómodo para cocinar, descansar, etc",No había personal presencial.,"['•Viaje de negocios', '•Familia con niños pequeños', '•Apartamento Estudio', '•Estancia de 1 noche', '•Enviado por móvil']"
Samvasco,España,10.0,Escrito en 16 de marzo de 2025,"Ubicación,todo andando en cinco minutos,y muy cómodo para estar",,"['•Viaje de ocio', '•Pareja', '•Apartamento de 1 dormitorio', '•Estancia de 4 noches', '•Enviado por móvil']"
Juan,España,9.0,Escrito en 12 de marzo de 2025,El equipamiento de la habitación y poner llevar el perrito,No funcionaba la entrada al hotel con el teléfono. Hemos tenido que acceder con el código. En la habitación sí funcionaba bien,"['•Viaje de ocio', '•Pareja', '•Apartamento Estudio', '•Estancia de 1 noche', '•Enviado por móvil']"
Pedro,España,9.0,Escrito en 10 de marzo de 2025,"Alojamiento, desayuno y parking",,"['•Viaje de ocio', '•Familia con niños pequeños', '•Apartamento de 1 dormitorio', '•Estancia de 2 noches', '•Enviado por móvil']"
Macarena,España,8.0,Escrito en 8 de marzo de 2025,"Localización, la habitación y la disposición. Pusieron todo lo necesario oara nuestro bebé, tanto cuna como trona. Genial","Falta de servilletas/papel cocina y algunos básicos como aceite,sal, vinagre. Falta consigna equipaje","['•Viaje de ocio', '•Familia con niños pequeños', '•Apartamento de 1 dormitorio', '•Estancia de 1 noche', '•Enviado por móvil']"
Daniel,España,10.0,Escrito en 5 de marzo de 2025,La ubicación y la limpieza,La ausencia de mampara en la ducha,"['•Viaje de ocio', '•Familia con niños pequeños', '•Apartamento Estudio', '•Estancia de 4 noches', '•Enviado por móvil']"
Carlos,España,7.0,Escrito en 3 de marzo de 2025,La ubicación y la facilidad para el chekin,"Poca o ninguna flexibilidad en los horarios. Después de pagar 24h de parking, tienes q salir antes de las 11:00La relación calidad/precio no se corresponde","['•Viaje de ocio', '•Pareja', '•Apartamento de 1 dormitorio', '•Estancia de 1 noche', '•Enviado por móvil']"
Teresa,España,7.0,Escrito en 3 de marzo de 2025,Los apartamentos son cómodos y el acceso a las instalaciones es muy sencillo. La limpieza es óptima y los baños son amplios y cómodos; estan muy bien equipados. El apartamento en general está bien.,"Nuestra cama se movía mucho porque tenía las patas sueltas. Las almohadas son muy incómodas, extremadamente finas. Los apartamentos no estan preparados del todo ya que por ejemplo en la cocina apenas hay enchufes (tuvimos que enchufar el tostador en el mueble de la tele y la cafetera en un enchufe a la altura del suelo ya que en la encimera no había ningún enchufe). Las ventanas no se pueden abrir completamente, lo que dificulta que se pueda ventilar. El resto de las estancias estan muy bien y en general los apartamentos son cómodos y amplios.","['•Viaje de ocio', '•Grupo', '•Apartamento de 2 dormitorios', '•Estancia de 2 noches']"
Pablo,España,7.0,Escrito en 2 de marzo de 2025,"Muy buena ubicación y apartamentos, por norma general, bien cuidados","Demasiado olor a ambientador al entrar para disimular olores. Limpieza mejorable: machas en el suelo de nuestro apartamento y no habían lavado una toalla, que estaba totalmente sucia dentro de un cajón (seguramente no lo habría visto el personal de limpieza).","['•Viaje de ocio', '•Familia con niños pequeños', '•Apartamento de 1 dormitorio', '•Estancia de 2 noches', '•Enviado por móvil']"
Jose,España,9.0,Escrito en 2 de marzo de 2025,Estaba todo limpio y amplio y bien equipado,El sofá cama era incómodo,"['•Viaje de ocio', '•Grupo de amigos', '•Apartamento de 1 dormitorio', '•Estancia de 1 noche', '•Enviado por móvil']"
Aitor,España,8.0,Escrito en 1 de marzo de 2025,Que tiene dos baños.,Que el sofá cama estaba roto. Y al que le tocó el sofá-cama no pudo descansar en condiciones óptimas.,"['•Viaje de ocio', '•Grupo de amigos', '•Apartamento de 2 dormitorios', '•Estancia de 1 noche', '•Enviado por móvil']"
Alicia,España,8.0,Escrito en 27 de febrero de 2025,"Perfecta ubicación Habitaciones tranquilas, sin ruido Todo muy limpioFácil acceso",La cama me resultó incómoda,"['•Viaje de ocio', '•Familia con niños pequeños', '•Apartamento de 1 dormitorio', '•Estancia de 3 noches', '•Enviado por móvil']"
Eworo,Reino Unido,10.0,Escrito en 27 de febrero de 2025,Todo,El checkin,"['•Viaje de ocio', '•Pareja', '•Apartamento de 1 dormitorio', '•Estancia de 1 noche', '•Enviado por móvil']"
Ruben,España,9.0,Escrito en 26 de febrero de 2025,"La habitación estaba limpia, y el baño también. Tiene servicios alrededor es fácil hacer el check in. Repetiremos seguro. Un acierto",,"['•Viaje de ocio', '•Familia con niños pequeños', '•Apartamento de 1 dormitorio', '•Estancia de 1 noche', '•Enviado por móvil']"
Vanesa,España,10.0,Escrito en 25 de febrero de 2025,"Es cómodo, moderno y bien ubicado. Tiene alrededor mucho parking gratuito",,"['•Viaje de ocio', '•Pareja', '•Apartamento Estudio', '•Estancia de 1 noche', '•Enviado por móvil']"
Naiara,España,10.0,Escrito en 24 de febrero de 2025,"Apartamento amplio, impecable y en una ubicación perfecta, a un paso de cebra de la parte vieja pero en una zona muy tranquila para descansar bien por la noche. Tenía todo lo necesario para unas vacaciones. Repetiría y lo recomendaría seguro. Parking de pago en el mismo edificio, lo que facilita la llegada y salida.",,"['•Viaje de ocio', '•Familia con niños pequeños', '•Apartamento de 1 dormitorio', '•Estancia de 2 noches', '•Enviado por móvil']"
Sai0a,España,8.0,Escrito en 23 de febrero de 2025,La ubicación del apartamento,"Los pocos ascensores de los que dispone para tantos apartamentos. Que no haya nadie por su surge algo es otra de las cosas que a mí personalmente no me gusta pero todo ha ido genial con el código que se proporciona.","['•Viaje de ocio', '•Pareja', '•Apartamento Estudio', '•Estancia de 2 noches', '•Enviado por móvil']"
Laia,España,9.0,Escrito en 23 de febrero de 2025,Es pequeño pero tiene de todo.,,"['•Viaje de ocio', '•Grupo', '•Apartamento de 1 dormitorio', '•Estancia de 1 noche', '•Enviado por móvil']"
María,España,8.0,Escrito en 21 de febrero de 2025,Comodidad del sofá y cama. Mobiliario y apartamento muy nuevo. Las ventanas insonorizan muy bien para ser una avenida con mucho tráfico. El agua de la ducha sale caliente rápido. El aire acondicionado centralizado suma mucho. El casco viejo queda muy cerca y realmente el apartamento está muy bien comunicado con el resto de la ciudad.,"La tele no es smart tv. Fueron hospitalarios y considero que la atención fue adecuada excepto por varios detalles con los que abusaron de confianza: se cobraron el early check-in por sólo consultarlo y, estando allí pedí el kit de limpieza que se les olvidó dejarme, me dijeron que subirían, esperé bastantes horas y finalmente entraron mientras estaba durmiendo sin previo aviso.","['•Viaje de ocio', '•Persona que viaja sola', '•Apartamento de 1 dormitorio', '•Estancia de 2 noches', '•Enviado por móvil']"
Alzate,España,7.0,Escrito en 21 de febrero de 2025,,"El día anterior pido que miren a ver si hay posibilidad de alargar la hora de salida de las 11am a las 14pm (es una opción que tienen si pagas 15€), lo hacen delante de mi y me confirman que si se puede sin problema, así que me cobran y todo perfecto hasta aquí. Al día siguiente, me llaman a las 10:30 diciéndome que había habido una confusión y un problema con el sistema y que no puedo quedarme hasta las 14pm. A lo cual respondí medio dormida, entre que me quedé otra vez dormida y recogia me dieron las 12 del mediodía mas o menos y me cobran una penalización de 45€ por salir mas tarde. Ósea, tienen un error y encima de que pretenden que me vaya corriendo a prisas de la habitación todavía me cobran por no haber salido a la hora habiendo sido de ellos el problema, enfin.","['•Viaje de ocio', '•Persona que viaja sola', '•Apartamento con terraza', '•Estancia de 1 noche', '•Enviado por móvil']"
Manuel,España,10.0,Escrito en 20 de febrero de 2025,Todo,Nada,"['•Viaje de ocio', '•Grupo', '•Apartamento Ático', '•Estancia de 5 noches', '•Enviado por móvil']"
Andrea,España,8.0,Escrito en 20 de febrero de 2025,Muy nuevo y bien equipado,"- En la alarma de incendios del techo había un calcetín puesto… entiendo que el personal de limpieza no hizo el trabajo en profundidad 
- No se pueden dejar las maletas, aunque haya un chico nos dijo que nos buscáramos la vida","['•Viaje de ocio', '•Pareja', '•Apartamento de 1 dormitorio', '•Estancia de 2 noches', '•Enviado por móvil']"
Elena,España,8.0,Escrito en 20 de febrero de 2025,Mucho,Dificultad para la entrada con el código muy lioso,"['•Viaje de ocio', '•Familia con niños pequeños', '•Apartamento de 1 dormitorio', '•Estancia de 1 noche', '•Enviado por móvil']"
Iñigo,España,9.0,Escrito en 20 de febrero de 2025,Estaba todo perfecto,Nada,"['•Viaje de ocio', '•Pareja', '•Apartamento de 1 dormitorio', '•Estancia de 1 noche', '•Enviado por móvil']"
Merce,España,7.0,Escrito en 19 de febrero de 2025,,No me gustó que tener que hacer el checking  obligstoriamente antes de llegar para que me diesen el código de la habitación. Si por cualquier motivo no puedo hacer ese checking ¿que me quedo en la calle?,"['•Viaje de ocio', '•Pareja', '•Apartamento de 1 dormitorio', '•Estancia de 1 noche', '•Enviado por móvil']"
Maria,España,8.0,Escrito en 22 de enero de 2025,"Un apartamento como en casa
Tenía de todo","No tenía champú! Especifico 
Había solo un frasco en la ducha","['•Viaje de ocio', '•Pareja', '•Apartamento de 1 dormitorio', '•Estancia de 2 noches', '•Enviado por móvil']"
Diego,España,10.0,Escrito en 22 de enero de 2025,"La situación, la limpieza, la relación calidad- precio. Todo excelente","Es un edificio automatizado, entras con código. No hay nadie en recepción.  Eso sí, llamamos porque no conseguíamos que arrancara el aire caliente y en unos minutos vinieron al apartamento","['•Viaje de ocio', '•Familia con niños pequeños', '•Apartamento de 1 dormitorio', '•Estancia de 1 noche', '•Enviado por móvil']"
Gloria,España,7.0,Escrito en 21 de enero de 2025,"Me gustó la limpieza y que fuera un piso alto.El silencio  y la comodidad de la cama de esa habitación.","El baño muy pequeño en proporción a la habitación,hace perder calidad.","['•Viaje de negocios', '•Persona que viaja sola', '•Apartamento Estudio', '•Estancia de 1 noche', '•Enviado por móvil']"
Adrian,España,7.0,Escrito en 20 de enero de 2025,"La ubicación
La accesibilidad","La tv no está conectada a internet y no hay espacio para poder conectar el hdmi.
Por otro lado, no nos cambiaron las toallas en 4 días.
No tenían fregona, al ser ducha abierta se agradecería","['•Viaje de ocio', '•Pareja', '•Apartamento Estudio', '•Estancia de 3 noches', '•Enviado por móvil']"
Barmi08,España,8.0,Escrito en 20 de enero de 2025,"El apartamento muy completo. 
Muy buena ubicación.
Cama cómoda 
Zona de aparcamiento gratis por la zona","El sofá, era sofá cama, muy incómodo, hasta para sentarse.
Que la tele no tenga Internet , ni la opción de poder poner un Netflix, Amazon video, etc..
Que te engañen por wasap, que para aparcar es difícil porque es una zona peatonal, para que cojas parking,  y que luego veas que se puede aparcar gratis y sin problemas.
Que te cobren 20e por noche, por traer tu mascota, alegando que el suplemento es por la limpieza extra y que luego, no pasen ni un solo dia a ordenar/limpiar, el apartamento.. 3 noches nos costaron 75 por persona y pagamos 60e por mi perra.. Es un absurdo !!!","['•Viaje de ocio', '•Familia con niños pequeños', '•Apartamento de 1 dormitorio', '•Estancia de 3 noches', '•Enviado por móvil']"
María,España,8.0,Escrito en 19 de enero de 2025,O amplo espazo.,Difícil a entrada cos códigos,"['•Viaje de ocio', '•Familia con niños pequeños', '•Apartamento de 1 dormitorio', '•Estancia de 2 noches', '•Enviado por móvil']"
Maria,España,10.0,Escrito en 18 de enero de 2025,"Muy buena ubicación,cerca hay de todo comercios, transporte, restaurantes.Si te surge alguna consulta contestan muy rápido por whatsApp. Una estadía estupenda ☺️",,"['•Viaje de ocio', '•Persona que viaja sola', '•Apartamento de 1 dormitorio', '•Estancia de 2 noches', '•Enviado por móvil']"
Funandplay,España,10.0,Escrito en 18 de enero de 2025,Todo muy limpio y nuevo. Muy centrico,Todo,"['•Familia con niños pequeños', '•Apartamento de 1 dormitorio', '•Estancia de 1 noche', '•Enviado por móvil']"
Susana,España,9.0,Escrito en 17 de enero de 2025,,"Qué no me recibiera nadie, estar pendiente del móvil y el mail para entrar","['•Viaje de ocio', '•Pareja', '•Apartamento de 1 dormitorio', '•Estancia de 1 noche', '•Enviado por móvil']"
Maria,España,10.0,Escrito en 17 de enero de 2025,"Está genial, lo recomiendo!!! Muy limpio y calidad precio de 10. Y el desayuno está genial, lo recomiendo.",Lo único que no me gustó es el sofá cama q tienen es super incómodo para dormir ahí.,"['•Familia con niños pequeños', '•Apartamento de 1 dormitorio', '•Estancia de 1 noche', '•Enviado por móvil']"
Ikuska,España,10.0,Escrito en 16 de enero de 2025,"Todo perfecto 
Me encanta la cantidad de almohadas de la habitación","Haría falta una manta extra.
El termostato es difícil de entender.
La TV no tiene acceso a las apps de Samsung para poder ver Netflix por ejemplo, porque está capada, no veo la necesidad.","['•Viaje de ocio', '•Pareja', '•Apartamento de 1 dormitorio', '•Estancia de 3 noches', '•Enviado por móvil']"
Antonio,España,8.0,Escrito en 15 de enero de 2025,"Ubicación,  comodidad,  limpieza,  terraza muy buena,  moderno, equipado","La rigidez en horarios de entrada y salida al ser todo automatizado, no vimos en ningún momento a nadie, si querías entrar un poco antes tenías que pagar un extra de 15€ (la entrada es a las 15:00).No había jabón en la ducha y no pudimos decirlo a nadie.","['•Viaje de ocio', '•Pareja', '•Apartamento de 1 dormitorio', '•Estancia de 1 noche', '•Enviado por móvil']"
José,España,9.0,Escrito en 15 de enero de 2025,"Amplitud, ubicación y limpieza",,"['•Familia con niños pequeños', '•Apartamento de 2 dormitorios', '•Estancia de 1 noche', '•Enviado por móvil']"
Colmenares,España,10.0,Escrito en 14 de enero de 2025,Todooo fue el mejor que he estado,Todo fue el mejor todo confort me encantó lo recomiendo 💯,"['•Viaje de ocio', '•Familia con niños pequeños', '•Apartamento de 2 dormitorios', '•Estancia de 2 noches', '•Enviado por móvil']"
Regina,España,8.0,Escrito en 14 de enero de 2025,"El apartamento cumplió nuestras expectativas. Cerca del centro y con paradas de tranvía cerca. El barrio estupendo, y con un supermercado DIA justo al lado. Cocina con todo lo necesario: platos, copas, vasos, tazas... tostadora de pan y cafetera de cápsulas. Baño completo y con secador de pelo. Salita de estar con sofá, televisión y un sillón de lectura al lado de la ventana que permite pasar un rato viendo la calle principal. Hay una mesa redonda con 2 sillas para los desayunos/comidas... El dormitorio con 2 camas juntas, cómodas. Calefacción en el apartamento. Las fotos reflejan lo que es. Estupendo.","No me gusta y lo hacen ya en la mayoría de los hoteles y casas, que como ropa de cama pongan sólo FUNDA NÓRDICA sustituyendo las colchas... para mi, dan demasiado calor y no hay otra opción, o te axfisias con la funda nórdica o pasas frío solo con la sábana. Me gustaría que pusieran otro tipo de ropa de cama, como colcha tradicional o mantita para las personas que pasamos calor y que no queremos pasar frio. Y eso que apagamos la calefacción... En mi opinión es excesivo lo nórdico...","['•Viaje de ocio', '•Pareja', '•Apartamento de 1 dormitorio', '•Estancia de 3 noches']"
Malara,España,10.0,Escrito en 11 de enero de 2025,Todo,Nada,"['•Viaje de ocio', '•Pareja', '•Apartamento Estudio', '•Estancia de 2 noches', '•Enviado por móvil']"
Sebastian,España,7.0,Escrito en 7 de enero de 2025,"Buena ubicación, comodo y amplio","Necestita algun arreglo, cortinas con agujeros, tapa wc rota...","['•Viaje de ocio', '•Familia con niños pequeños', '•Apartamento de 1 dormitorio', '•Estancia de 3 noches', '•Enviado por móvil']"
Olga,España,8.0,Escrito en 7 de enero de 2025,La ubicación y que era grande,Faltaba limpieza y uno de los baños tenía olor muy desagradable a tuberías,"['•Viaje de ocio', '•Familia con niños pequeños', '•Apartamento de 2 dormitorios', '•Estancia de 3 noches', '•Enviado por móvil']"
Ana,España,8.0,Escrito en 7 de enero de 2025,La decoración y limpieza,Almohadas incómodas.,"['•Viaje de ocio', '•Familia con niños pequeños', '•Apartamento de 1 dormitorio', '•Estancia de 1 noche', '•Enviado por móvil']"
T,España,10.0,Escrito en 6 de enero de 2025,,Me habría gustado que hubiera dos camas individuales en vez de sofá cama.,"['•Viaje de ocio', '•Familia con niños pequeños', '•Apartamento de 1 dormitorio', '•Estancia de 4 noches', '•Enviado por móvil']"
Tomás,España,9.0,Escrito en 6 de enero de 2025,"Súper limpio , cómodo y ubicación perfecta.",,"['•Viaje de ocio', '•Familia con niños pequeños', '•Apartamento con terraza', '•Estancia de 1 noche', '•Enviado por móvil']"
Inmaculada,España,10.0,Escrito en 6 de enero de 2025,"Ubicación, limpieza, posibilidad de parking. Útiles de cocina y electrodomésticos completos. Nuevo todo",Colchón del sofá cama incómodo y apenas luz en el cuarto de baño. No posibilidad de una segunda almohada aunque la ped.í,"['•Familia con niños pequeños', '•Apartamento de 1 dormitorio', '•Estancia de 1 noche', '•Enviado por móvil']"
Sonia,España,10.0,Escrito en 5 de enero de 2025,Todo perfecto,.,"['•Viaje de ocio', '•Grupo de amigos', '•Apartamento de 2 dormitorios', '•Estancia de 1 noche', '•Enviado por móvil']"
Mauro,Andorra,10.0,Escrito en 5 de enero de 2025,"La ubicación, y el apartamento en general muy bien equipado!",,"['•Viaje de ocio', '•Familia con niños pequeños', '•Apartamento de 1 dormitorio', '•Estancia de 1 noche', '•Enviado por móvil']"
Virginia,España,9.0,Escrito en 5 de enero de 2025,Esta muy bien todo,"Todo me gustó pero si tengo que poner algo sería que hace mucho calor y las ventanas solo son oscilobatientes
El colchón del sofá cama muy fino","['•Viaje de ocio', '•Familia con niños pequeños', '•Apartamento de 1 dormitorio', '•Estancia de 1 noche', '•Enviado por móvil']"
Carmena,España,8.0,Escrito en 17 de noviembre de 2024,El apartamento en general.. que no hubiera at,"Que no hubiera atención personal 
Y problemas para hacer el chekin..","['•Viaje de ocio', '•Familia con niños pequeños', '•Apartamento de 1 dormitorio', '•Estancia de 1 noche', '•Enviado por móvil']"
Isabel,España,9.0,Escrito en 14 de noviembre de 2024,"La ubicación, el apartamento en general y los detalles de bienvenida",La cama,"['•Viaje de ocio', '•Familia con niños pequeños', '•Apartamento de 1 dormitorio', '•Estancia de 1 noche', '•Enviado por móvil']"
Irene,España,8.0,Escrito en 13 de noviembre de 2024,Es un apartamento amplio y espacioso. Muy cerca del centro y muy bien equipado.,La cama un poco incómoda.,"['•Viaje de ocio', '•Pareja', '•Apartamento de 1 dormitorio', '•Estancia de 1 noche', '•Enviado por móvil']"
Beatrizc84,España,9.0,Escrito en 13 de noviembre de 2024,"Apartamento nuevo, con muy buena ubicación, a 13 min andando del centro. En avenida con muchos comercios y restaurantes. Un supermercado día justo al lado. Luminoso, limpio, amplio para 2 personas.","Echamos en falta q la TV tuviera netflix, prime, o alguna de estas. La cocina tenía todo lo necesario excepto algún cuchillo que cortará. Los que hay son malisimos. Y también nos falto una cafetera de las que no son de cápsulas, una italiana de toda la vida. La que hay te limita. Y por último comentar que quizás de precio esta algo caro, más de 100€ la noche en temporada baja.","['•Viaje de ocio', '•Pareja', '•Apartamento de 1 dormitorio', '•Estancia de 3 noches', '•Enviado por móvil']"
Rafael,España,10.0,Escrito en 11 de noviembre de 2024,"Todo perfecto, incluido el aparcamiento.",,"['•Viaje de ocio', '•Familia con niños pequeños', '•Apartamento de 1 dormitorio', '•Estancia de 3 noches', '•Enviado por móvil']"
Raquel,España,9.0,Escrito en 11 de noviembre de 2024,"El alojamiento estaba muy bien ubicado, a 10 minutos del centro histórico. Estaba bien equipado y era bastante nuevo todo",Las almohadas de la cama eran demasiado finas y el colchón del sofá cama con poco grosor,"['•Viaje de ocio', '•Grupo', '•Apartamento de 1 dormitorio', '•Estancia de 2 noches', '•Enviado por móvil']"
Maria,España,10.0,Escrito en 11 de noviembre de 2024,La habitación y su ubicación,"Me da pena que no haya personal, aunque tengo que decir que todo funcionó muy bien","['•Viaje de ocio', '•Pareja', '•Apartamento Estudio', '•Estancia de 1 noche', '•Enviado por móvil']"
Angel,España,10.0,Escrito en 9 de noviembre de 2024,,,"['•Viaje de negocios', '•Pareja', '•Apartamento Estudio', '•Estancia de 1 noche', '•Enviado por móvil']"
Ana,España,8.0,Escrito en 8 de noviembre de 2024,Si,,"['•Grupo de amigos', '•Apartamento Estudio', '•Estancia de 1 noche', '•Enviado por móvil']"
Sara,Francia,10.0,Escrito en 6 de noviembre de 2024,"La limpieza y la comodidad, bastante bien equipado!!",Nada,"['•Viaje de ocio', '•Familia con niños pequeños', '•Apartamento de 1 dormitorio', '•Estancia de 1 noche', '•Enviado por móvil']"
María,España,9.0,Escrito en 6 de noviembre de 2024,Todo menos la cama.,"La cama horrible, todo lo demás estupendo y maravilloso pero cero descanso","['•Viaje de ocio', '•Pareja', '•Apartamento de 1 dormitorio', '•Estancia de 1 noche', '•Enviado por móvil']"
Susana,Francia,9.0,Escrito en 6 de noviembre de 2024,¡Apartamento muy equipado y muy amplio! Me encanta alojarme ahí cada vez que voy a Vitoria.,Falta una tostadora de pan. No se podía abrir la ventana de la habitación.,"['•Viaje de negocios', '•Persona que viaja sola', '•Apartamento de 1 dormitorio', '•Estancia de 1 noche']"
Mauro,España,8.0,Escrito en 6 de noviembre de 2024,"Está cerca de lo que me interesaba, apartamentos limpios y cómodos","Por fechas, posiblemente estaba más caro de lo normal","['•Viaje de ocio', '•Pareja', '•Apartamento de 1 dormitorio', '•Estancia de 1 noche', '•Enviado por móvil']"
Alicia,España,8.0,Escrito en 6 de noviembre de 2024,"Fue muy cómodo hacer el check in y la recepción estaba 24 horas. Estaba todo digitalizado, respondían rápido y la ubicación del apartamento estaba muy bien. Además nos dejaron un detalle de bienvenida",El sofá era un poco incómodo lo demás estaba muy bien.,"['•Viaje de ocio', '•Pareja', '•Apartamento de 1 dormitorio', '•Estancia de 2 noches', '•Enviado por móvil']"
Rafael,España,10.0,Escrito en 5 de noviembre de 2024,El apartamento es grande y está muy limpio. El desayuno muy bueno y completo,,"['•Viaje de ocio', '•Pareja', '•Apartamento de 1 dormitorio', '•Estancia de 1 noche', '•Enviado por móvil']"
Jorge,Argentina,9.0,Escrito en 5 de noviembre de 2024,"El desayuno está ubicado frente al apartamento, no es todo lo cómodo que debería ser.",,"['•Viaje de ocio', '•Pareja', '•Apartamento de 1 dormitorio', '•Estancia de 3 noches']"
Merce,España,9.0,Escrito en 4 de noviembre de 2024,"Todo: ubicación, limpieza, camas cómodas con sábanas y toallas de excelente calidad. Muchos detalles. 
Además un agradecimiento a su personal por su profesionalidad y rapidez en gestionar cualquier solicitud. Aunque es todo on line hay personal en el edificio y la atención es excelente. Accesibilidad total.",,"['•Viaje de ocio', '•Pareja', '•Apartamento Estudio', '•Estancia de 2 noches', '•Enviado por móvil']"
Leyre,España,10.0,Escrito en 4 de noviembre de 2024,Apartamento muy completo.,Sofá cama algo incómodo para dormir y pasamos bastante calor en el apartamento pese a ser el mes de Octubre.,"['•Viaje de ocio', '•Familia con niños pequeños', '•Apartamento de 1 dormitorio', '•Estancia de 3 noches', '•Enviado por móvil']"
Esther,España,8.0,Escrito en 3 de noviembre de 2024,"La ubicación es perfecta, está muy cerca del casco antiguo. 
El apartamento impecable, el único problema es que en el baño no había mampara de ducha ni cortina, con lo que la ducha está abierta totalmente .",,"['•Viaje de ocio', '•Familia con niños pequeños', '•Apartamento Estudio', '•Estancia de 1 noche', '•Enviado por móvil']"
Santiago,España,10.0,Escrito en 3 de noviembre de 2024,"La ubicación excelente.
Muy fácil todo el proceso tanto de CheckIn como de ChekOut, como la entrada al hotel y a la habitación.","Agua Caliente tardaba mucho en llegar al Octavo Piso, y cuando llegaba, lo hacía con poca presión.","['•Viaje de ocio', '•Grupo de amigos', '•Apartamento de 1 dormitorio', '•Estancia de 2 noches', '•Enviado por móvil']"
Rodriguez,España,9.0,Escrito en 3 de noviembre de 2024,Ubicación y limpieza,Falta horno,"['•Viaje de ocio', '•Grupo', '•Apartamento de 1 dormitorio', '•Estancia de 2 noches', '•Enviado por móvil']"
Rafael,España,10.0,Escrito en 3 de noviembre de 2024,Esta impecable y muy bien situado,,"['•Viaje de ocio', '•Pareja', '•Apartamento de 1 dormitorio', '•Estancia de 1 noche', '•Enviado por móvil']"
Luque,España,8.0,Escrito en 2 de noviembre de 2024,Excelente ubicación,,"['•Viaje de ocio', '•Familia con niños pequeños', '•Apartamento de 1 dormitorio', '•Estancia de 2 noches', '•Enviado por móvil']"
José,España,8.0,Escrito en 2 de noviembre de 2024,Buena atención frente al check-in,La presión del agua.,"['•Viaje de negocios', '•Persona que viaja sola', '•Apartamento Estudio', '•Estancia de 1 noche']"
Patricia,España,8.0,Escrito en 2 de noviembre de 2024,La situación y el desayuno.,"Quizás el mobiliario está un poco desgastado y poca presión del agua, pero estuvimos a gusto.","['•Viaje de ocio', '•Pareja', '•Apartamento de 1 dormitorio', '•Estancia de 1 noche', '•Enviado por móvil']"
Blanca,España,9.0,Escrito en 26 de septiembre de 2024,"Buena localizacion, comodo, amplio, sofa-cama grande, todo muy limpio. ¡Repetiriamos!",No hay recepción. Todo online.,"['•Viaje de ocio', '•Grupo', '•Apartamento de 1 dormitorio', '•Estancia de 2 noches', '•Enviado por móvil']"
Fernandez,España,9.0,Escrito en 26 de septiembre de 2024,El desayuno perfecto. Y la ubicación muy buena.,La única pega que le pongo al apartamento es el calor que hacía y que el aire acondicionado no funcionaba. Por lo demás todo perfecto.,"['•Viaje de ocio', '•Familia con niños pequeños', '•Apartamento de 1 dormitorio', '•Estancia de 2 noches', '•Enviado por móvil']"
Enrique,España,9.0,Escrito en 25 de septiembre de 2024,"Amplitud, limpieza y ubicación a solo 10min andando del centro",,"['•Viaje de ocio', '•Familia con niños pequeños', '•Apartamento de 1 dormitorio', '•Estancia de 2 noches', '•Enviado por móvil']"
Rosa,España,8.0,Escrito en 25 de septiembre de 2024,"Limpieza, comodidad y Apartamento muy acogedor, con muy buena ubicacion",,"['•Viaje de ocio', '•Grupo', '•Apartamento de 2 dormitorios', '•Estancia de 4 noches']"
Maiquez,España,7.0,Escrito en 25 de septiembre de 2024,"La ubicación a 5 minutos a pie de la plaza del ayuntamiento.
Apartamento limpio y bien equipado.","El sofá cama incomodísimo, a pesar de utilizarlo dos niños con poco peso se hundía.","['•Viaje de ocio', '•Familia con niños pequeños', '•Apartamento de 1 dormitorio', '•Estancia de 2 noches', '•Enviado por móvil']"
Jose,España,10.0,Escrito en 24 de septiembre de 2024,La situación y las instalaciones en general.,,"['•Viaje de ocio', '•Pareja', '•Apartamento Estudio', '•Estancia de 1 noche', '•Enviado por móvil']"
Tamara,España,8.0,Escrito en 24 de septiembre de 2024,"Las instalaciones amplias y limpias.
Ubicación perfecta, cerca del centro y fácil aparcar",Que la tv no tuviera smart tv. Algo de ruido por las noches en la calle porque hay un pub debajo.,"['•Viaje de ocio', '•Pareja', '•Apartamento de 1 dormitorio', '•Estancia de 2 noches', '•Enviado por móvil']"
Diaz,España,7.0,Escrito en 23 de septiembre de 2024,Estaba limpio,Se oye a los vecinos,"['•Viaje de ocio', '•Pareja', '•Apartamento Estudio', '•Estancia de 3 noches', '•Enviado por móvil']"
Ana,España,8.0,Escrito en 22 de septiembre de 2024,El lavabo muy amplio,el cubre colchones tenía 1 mancha de sangre seca y estaba amarillento,"['•Viaje de ocio', '•Familia con niños pequeños', '•Apartamento de 1 dormitorio', '•Estancia de 2 noches', '•Enviado por móvil']"
Nicolai,España,10.0,Escrito en 22 de septiembre de 2024,"Las habitaciones son amplias y muy cómodas, con todo tipo de accesorios. Te dejan un kit de bienvenida con agua y un snack.","Si viajas con mascota, el precio de 20€/noche me parece excesivo, a pesar de que es de los pocos sitios donde te dejan una cama para el animal, comedero y bebedero","['•Viaje de ocio', '•Pareja', '•Apartamento Estudio', '•Estancia de 1 noche', '•Enviado por móvil']"
Paloma,España,9.0,Escrito en 21 de septiembre de 2024,La ubicación y lo completo que era el apartamento,,"['•Viaje de ocio', '•Familia con niños pequeños', '•Apartamento de 1 dormitorio', '•Estancia de 1 noche', '•Enviado por móvil']"
Paloma,España,10.0,Escrito en 21 de septiembre de 2024,"El apartamento tenía 2 habitaciones y 2 baños, todo impoluto y muy amplio. La cocina completamente equipada. Nos ha parecido tranquilo y las camas comodísimas. Muy bien situado para visitar la ciudad, facilidad de aparcamiento gratuito en los alrededores. Nos hemos quedado encantados con nuestra estancia.",--,"['•Viaje de ocio', '•Familia con niños pequeños', '•Apartamento de 2 dormitorios', '•Estancia de 1 noche', '•Enviado por móvil']"
Antonio,España,9.0,Escrito en 21 de septiembre de 2024,fuimos con mascota y muy comodo el parquing en el mismo edificio,,"['•Viaje de ocio', '•Grupo', '•Apartamento de 1 dormitorio', '•Estancia de 1 noche', '•Enviado por móvil']"
Yosleidy,España,10.0,Escrito en 21 de septiembre de 2024,"Lo limpio, cómodo y céntrico que estaba",Que la ducha no tenía buen desagüe y el agua se estancaba,"['•Viaje de ocio', '•Familia con niños pequeños', '•Apartamento de 1 dormitorio', '•Estancia de 2 noches', '•Enviado por móvil']"
Pedro,España,8.0,Escrito en 21 de septiembre de 2024,Buena ubicacion,Sofá cama incómodo no se notaba estable y faltaba cabecera para la 3 persona,"['•Viaje de ocio', '•Familia con niños pequeños', '•Apartamento de 1 dormitorio', '•Estancia de 2 noches', '•Enviado por móvil']"
Chelo,España,10.0,Escrito en 21 de septiembre de 2024,Las sábanas de algodón y el desayuno,"Que no haya empleados, hubo una chica cuando llegamos que nos ayudó con un problema con la tele y ya, nunca vimos a nadie más. La tele dejó  de funcionar al día siguiente.. El sofá cama incomodísimo","['•Viaje de ocio', '•Familia con niños pequeños', '•Apartamento de 2 dormitorios', '•Estancia de 2 noches', '•Enviado por móvil']"
Fabian,Argentina,10.0,Escrito en 20 de septiembre de 2024,Estaba todo impecable,Que no podías usar el aire acondicionado en modo frío porque me contestaron que ya estaban en periodo invernal,"['•Viaje de ocio', '•Pareja', '•Apartamento de 1 dormitorio', '•Estancia de 5 noches', '•Enviado por móvil']"
Toni,España,8.0,Escrito en 20 de septiembre de 2024,Apartamento muy completo para el precio,El baño se inunda cuando te duchas,"['•Viaje de ocio', '•Familia con niños pequeños', '•Apartamento Estudio', '•Estancia de 1 noche', '•Enviado por móvil']"
Maria,España,9.0,Escrito en 18 de septiembre de 2024,La ubicación y limpieza,Colchones un poco duros,"['•Viaje de ocio', '•Pareja', '•Apartamento Estudio', '•Estancia de 3 noches', '•Enviado por móvil']"
Luis,España,9.0,Escrito en 18 de septiembre de 2024,"Ubicación excelente, confort, limpieza, supermercado justo al lado, transporte público casi en la puerta.",Nada,"['•Viaje de ocio', '•Pareja', '•Apartamento de 1 dormitorio', '•Estancia de 2 noches', '•Enviado por móvil']"
Susana,España,10.0,Escrito en 18 de septiembre de 2024,"El apartamento está genial con todo lo que puedas necesitar , tiene una ubicación buenísima estás en el casco histórico en 10 minutos.",El sillón cama muy incómodo,"['•Viaje de ocio', '•Familia con niños pequeños', '•Apartamento de 1 dormitorio', '•Estancia de 2 noches', '•Enviado por móvil']"
Elia,España,9.0,Escrito en 17 de septiembre de 2024,"La situación, la limpieza y la comodidad.",,"['•Viaje de ocio', '•Familia con niños pequeños', '•Apartamento de 1 dormitorio', '•Estancia de 1 noche', '•Enviado por móvil']"
Iratibelas1,España,10.0,Escrito en 17 de septiembre de 2024,"Es la segunda vez que me quedo aquí y todo genial. El regalo de llegada, un detalle!",,"['•Viaje de ocio', '•Persona que viaja sola', '•Apartamento Estudio', '•Estancia de 1 noche', '•Enviado por móvil']"
Adela,España,10.0,Escrito en 17 de septiembre de 2024,"Muy nuevo y limpio, y las toallas muy suaves, un gusto secarse con ellas.",Encontrar algunos pelos de mascotas en las colchas,"['•Viaje de ocio', '•Pareja', '•Apartamento de 1 dormitorio', '•Estancia de 1 noche', '•Enviado por móvil']"
Ana,España,10.0,Escrito en 17 de septiembre de 2024,Todo y el regalo de bienvenida han sorpresa!,Nada,"['•Viaje de ocio', '•Familia con niños pequeños', '•Apartamento de 1 dormitorio', '•Estancia de 1 noche', '•Enviado por móvil']"
Laura,España,10.0,Escrito en 28 de agosto de 2024,"Fantástico. Un apartamento muy moderno, cómodo y bien equipado. Muy céntrico y genial que tuviera párquing en el mismo edificio. Un detalle que te dejen cápsulas de Nexpresso de bienvenida, junto con una para la lavadora y otra para el lavavajillas. Mejor que una habitación de hotel, pero mucho mas barato. Muy buena relación calidad-precio. Totalmente recomendable. Si vamos a otro destino que tenga Líbere repetiremos seguro.",,"['•Viaje de ocio', '•Familia con niños pequeños', '•Apartamento de 1 dormitorio', '•Estancia de 1 noche', '•Enviado por móvil']"
Rouzaud,Venezuela,8.0,Escrito en 27 de agosto de 2024,Muy bonito el apartamento,El sofá cama no era cómodo,"['•Viaje de ocio', '•Familia con niños pequeños', '•Apartamento de 2 dormitorios', '•Estancia de 2 noches', '•Enviado por móvil']"
Mª,España,7.0,Escrito en 27 de agosto de 2024,La ubicación y el apartamento hacia agradable la estancia,El sofá cama era un poco incómodo,"['•Viaje de ocio', '•Familia con niños pequeños', '•Apartamento de 1 dormitorio', '•Estancia de 1 noche', '•Enviado por móvil']"
Carmen,España,8.0,Escrito en 27 de agosto de 2024,"Amplio, luminoso, nuevo y bien equipado",La limpieza no era óptima y el sofá cama no era cómodo.,"['•Viaje de ocio', '•Familia con niños pequeños', '•Apartamento de 1 dormitorio', '•Estancia de 1 noche', '•Enviado por móvil']"
Cristóbal,España,10.0,Escrito en 27 de agosto de 2024,"De los mejores apartahoteles en los que me he quedado. Muy buena opción para quedarte en vitoria. Cerca del centro y se puede aparcar facilmente en las próximidades del apartamento (nosotros fuimos en verano)
Todo tiene una gran calidad, las camas muy comodas, es un sitio en el que se podría vivir una temporada perfectamente sin ningún tipo de problema. Todo complemtanete equipado y encima, te dan hasta un kit de limpieza gratuito el primer día que incluye: trapo, estropajo, bayeta, jabón friegaplatos, una pastilla para el lavavajillas y otra para la lavadora (que también es secadora). Si volvemos a vitoria probablemente reservemos en el mismo sitio porque nos ha gustado muchísimo.","Por ponerle una pega, las habtiaciones disponen de chromecast para que puedas poenr tus plataformas desde el movil pero tienen el inconveniente que como va a la misma red wifi del edificio entonces cualquier inquilino que esté conectado a la red puede quitarte la serie/película o ponerte otra, lo cual que lo hace totalmente inusable y es una pena. Pero solo por poner una pega, es un sitio genial para quedarse","['•Viaje de ocio', '•Familia con niños pequeños', '•Apartamento de 1 dormitorio', '•Estancia de 2 noches', '•Enviado por móvil']"
El,Países Bajos,9.0,Escrito en 27 de agosto de 2024,Esta limpio  moy cercano a todo  y hay todo  que necesitas  solo  la sofá  no esta cómoda para dormir,,"['•Familia con niños pequeños', '•Apartamento de 1 dormitorio', '•Estancia de 1 noche', '•Enviado por móvil']"
José,España,7.0,Escrito en 27 de agosto de 2024,Esta muy cerca del centro de la ciudad y bien equipado.,"El sofá cama presenta una estructura frágil, lo cual puede resultar incómodo para personas de mayor tamaño.","['•Viaje de ocio', '•Familia con niños pequeños', '•Apartamento de 2 dormitorios', '•Estancia de 2 noches', '•Enviado por móvil']"
Canditrece,España,9.0,Escrito en 26 de agosto de 2024,Apartamento para disfrutar de el,,"['•Viaje de ocio', '•Familia con niños pequeños', '•Apartamento de 1 dormitorio', '•Estancia de 1 noche', '•Enviado por móvil']"
Manuel,España,8.0,Escrito en 26 de agosto de 2024,De 10,"Aplicación, la información no es exacta","['•Viaje de ocio', '•Pareja', '•Apartamento Estudio', '•Estancia de 3 noches', '•Enviado por móvil']"
Juan,España,8.0,Escrito en 26 de agosto de 2024,La ubicación y comodidad. Estaba bastante limpio y ademas te dejaban kits de limpieza con todo lo necesario para alojarte cómodamente. La gestión por la página muy fácil.,"Que tenia olor a tabaco, imagino que de algún cliente anterior. No me gusto haber elegido pago a la llegada y me cobraron antes.","['•Viaje de ocio', '•Familia con niños pequeños', '•Apartamento de 1 dormitorio', '•Estancia de 1 noche', '•Enviado por móvil']"
Francisco,España,9.0,Escrito en 26 de agosto de 2024,Ubicación perfecta cerca de la parte antigua. Parking. Tranquilo. Limpio. Cómodo. Muy bien de precio.,Nada que comentar,"['•Viaje de ocio', '•Familia con niños pequeños', '•Apartamento de 1 dormitorio', '•Estancia de 3 noches', '•Enviado por móvil']"
Sabela,España,7.0,Escrito en 25 de agosto de 2024,"Acceso directo parking-habitación.
Supermercado en el local de abajo.",,"['•Viaje de ocio', '•Pareja', '•Apartamento Estudio', '•Estancia de 2 noches', '•Enviado por móvil']"
Veronica,España,9.0,Escrito en 25 de agosto de 2024,"Apartamento muy cómodo en general y práctico. La ubicación muy buena. Lo que más nos gustó fue el sistema de check-in y el uso de las llaves digitales, lo que facilita el ingreso.",El sofá cama no era muy cómodo y bastante ruidoso para dormir.,"['•Viaje de ocio', '•Familia con niños pequeños', '•Apartamento de 1 dormitorio', '•Estancia de 4 noches', '•Enviado por móvil']"
Rosa,España,9.0,Escrito en 25 de agosto de 2024,"Limpieza,  Ubicacion",El sofá- cama un poco incómodo,"['•Viaje de ocio', '•Familia con niños pequeños', '•Apartamento de 1 dormitorio', '•Estancia de 6 noches', '•Enviado por móvil']"
Gloria,España,7.0,Escrito en 25 de agosto de 2024,"Estaba limpio y bien situado, el sofá cama del salón para no pegar el ojo.Bastante incómodo.",,"['•Viaje de ocio', '•Familia con niños pequeños', '•Apartamento de 2 dormitorios', '•Estancia de 1 noche', '•Enviado por móvil']"
Leonor,España,9.0,Escrito en 25 de agosto de 2024,"Perfecta ubicación, estancia muy agradable y personal muy atento a nuestras necesidades. Se cumplieron de sobra nuestras expectativas. Muchas gracias!",,"['•Persona que viaja sola', '•Apartamento Estudio', '•Estancia de 6 noches', '•Enviado por móvil']"
Angeles,España,9.0,Escrito en 24 de agosto de 2024,"La situación era estupenda, la cocina muy bien equipada.
Fácil aparcamiento en el exterior
El personal muy amable","El sofá cama era incómodo, se hundía. 
Había determinadas horas en el día en que dos ascensores eran insuficientes, aunque entiendo que esto no depende de la dirección de los apartamentos","['•Viaje de ocio', '•Familia con niños pequeños', '•Apartamento de 1 dormitorio', '•Estancia de 7 noches', '•Enviado por móvil']"
Vicente,España,10.0,Escrito en 24 de agosto de 2024,"Estuvimos muy cómodos y con un detalle de bienvenida,todo muy limpio y la cocina con utensilios para poder cocinar cualquier alimento.100% recomendable",,"['•Viaje de ocio', '•Familia con niños pequeños', '•Apartamento de 1 dormitorio', '•Estancia de 1 noche', '•Enviado por móvil']"
Javier,España,8.0,Escrito en 24 de agosto de 2024,"Instalaciones, ubicación, parking","Sin personal físico 
Check in demasiado tarde ( 15h)
Check out demasiado pronto (11h)","['•Viaje de ocio', '•Familia con niños pequeños', '•Apartamento de 1 dormitorio', '•Estancia de 1 noche', '•Enviado por móvil']"
M,España,9.0,Escrito en 23 de agosto de 2024,"El espacio, aunque reducido, estaba muy bien aprovechado.","La ducha, la no tener cortina ni mampara, se salpicaba todo de agua.","['•Viaje de ocio', '•Pareja', '•Apartamento Estudio', '•Estancia de 5 noches', '•Enviado por móvil']"
Rene,España,7.0,Escrito en 23 de agosto de 2024,Ubicación,Nada,"['•Viaje de ocio', '•Familia con niños pequeños', '•Apartamento de 1 dormitorio', '•Estancia de 1 noche', '•Enviado por móvil']"
Jose,España,8.0,Escrito en 23 de agosto de 2024,La zona fácil aparcamiento. El apartamento estaba muy bien.,El sofá cama es bastante incómodo. La cama de la habitación muy cómoda. El resto muy bien todo.,"['•Con una mascota', '•Viaje de ocio', '•Familia con niños pequeños', '•Apartamento de 1 dormitorio', '•Estancia de 7 noches', '•Enviado por móvil']"
Violeta,España,10.0,Escrito en 23 de agosto de 2024,"Es un sitio ideal para alojarte, está nuevo, limpio y es ideal para mascotas",,"['•Viaje de ocio', '•Grupo', '•Apartamento de 1 dormitorio', '•Estancia de 4 noches']"
Joaquín,España,8.0,Escrito en 23 de agosto de 2024,"Apartamento moderno con detalle de kit de bienvenida con agua, patatas y cápsulas de café.Cerca de tranvía y centro.","Éramos 4 y solo habían 3 almohadas, aunque había cojines no es lo mismo.","['•Viaje de ocio', '•Familia con niños pequeños', '•Apartamento de 1 dormitorio', '•Estancia de 1 noche', '•Enviado por móvil']"
Olmos,España,10.0,Escrito en 22 de agosto de 2024,Su limpieza y muy bien equipado,El sofá cama supletorio,"['•Viaje de ocio', '•Familia con niños pequeños', '•Apartamento de 1 dormitorio', '•Estancia de 3 noches', '•Enviado por móvil']"
María,España,8.0,Escrito en 9 de agosto de 2024,Situación,,"['•Viaje de ocio', '•Familia con niños pequeños', '•Apartamento de 1 dormitorio', '•Estancia de 1 noche', '•Enviado por móvil']"
Manuel,España,7.0,Escrito en 8 de agosto de 2024,,"La cama sofá mal, incomoda","['•Familia con niños pequeños', '•Apartamento de 1 dormitorio', '•Estancia de 2 noches', '•Enviado por móvil']"
Jacobo,España,7.0,Escrito en 7 de agosto de 2024,La ubicación y la tranquilidad del lugar,El sofá cama deberían cambiarlo. Al abrirlo como cama se movía mucho y se levantaba de un lado con el peso y colchón fino. Para el precio que tiene el apartamento no pueden poner ese sofá,"['•Viaje de ocio', '•Familia con niños pequeños', '•Apartamento de 1 dormitorio', '•Estancia de 2 noches', '•Enviado por móvil']"
Jose,España,10.0,Escrito en 7 de agosto de 2024,"La ubicación perfecta, bastante limpio, con todos los enseres que hace falta para pasar unos días, con el parking debajo del hotel muy cómodo para salir y entrar.",Que no hay TV en la habitación y el sofá cama podía ser un poco más cómodo.,"['•Familia con niños pequeños', '•Apartamento de 1 dormitorio', '•Estancia de 6 noches', '•Enviado por móvil']"
Leonardo,España,8.0,Escrito en 7 de agosto de 2024,Ubicación,,"['•Viaje de ocio', '•Familia con niños pequeños', '•Apartamento de 2 dormitorios', '•Estancia de 5 noches', '•Enviado por móvil']"
Susana,España,10.0,Escrito en 6 de agosto de 2024,"Muy céntrico, limpio y bien equipado.",No tenemos ninguna queja lo utilizamos solo para dormir y poco más.,"['•Viaje de ocio', '•Familia con niños pequeños', '•Apartamento de 1 dormitorio', '•Estancia de 2 noches', '•Enviado por móvil']"
Isabel,España,10.0,Escrito en 5 de agosto de 2024,"Muy limpio con todo lo necesario,muy buena ubicacion con todo lo que necesitamos cerca,ideal",,"['•Viaje de ocio', '•Familia con niños pequeños', '•Apartamento de 1 dormitorio', '•Estancia de 3 noches', '•Enviado por móvil']"
Victor,España,8.0,Escrito en 5 de agosto de 2024,La ubicación es perfecta para visitar Vitoria y se aparca relativamente bien por la zona (no es de pago). La habitación está equipada con lo justo pero bien.,"Había una butaca en el salón llena de manchas ""raras"" así que ni la tocamos. El sofa-cama es para niños, como intente dormir ahí un adulto a la mañana siguiente tendrán que cambiarle la espalda por una nueva. La cocina bien pero todo está contado: 4 tenedores, 4 cuchillos, 4 cucharas... Hay congelador, cafetera, etc.","['•Viaje de ocio', '•Familia con niños pequeños', '•Apartamento de 1 dormitorio', '•Estancia de 1 noche', '•Enviado por móvil']"
Juan,España,9.0,Escrito en 4 de agosto de 2024,"La ubicación fenomenal (10 minutos andando hasta la Plaza de España). La comodidad del apartamento, fenomenal para familias con niños, mucho mejor que una habitación de hotel. Además, parking en el propio edificio con ascensor directo.
Justo debajo hay un Día para hacer compras, y al lado de una parada de tranvía.",,"['•Viaje de ocio', '•Familia con niños pequeños', '•Apartamento de 1 dormitorio', '•Estancia de 2 noches', '•Enviado por móvil']"
Isabel,España,10.0,Escrito en 4 de agosto de 2024,"Comodidad y diseño Buen emplazamiento",,"['•Viaje de ocio', '•Familia con niños pequeños', '•Apartamento de 1 dormitorio', '•Estancia de 1 noche', '•Enviado por móvil']"
Alicia,España,10.0,Escrito en 4 de agosto de 2024,"Muy nuevo y limpio, cocina muy completa",,"['•Viaje de ocio', '•Familia con niños pequeños', '•Apartamento de 1 dormitorio', '•Estancia de 3 noches', '•Enviado por móvil']"
Francisco,España,8.0,Escrito en 4 de agosto de 2024,"La ubicación es excelente, el apartamento es bastante amplio y cómodo. Muy tranquilo a pesar de ser un edificio muy grande, apenas se escucha ningún ruido. En nuestro caso tuvimos el desayuno incluido y muy correcto para el precio que cuesta.","Supongo que debimos tenerlo en cuenta porque en la descripción ya se comenta que aceptan mascotas, eso no nos molesta en absoluto pero sí el hecho de que nuestro apartamento oliera a perro muchísimo. Incluso dejando las ventanas abiertas no conseguimos ventilar lo suficiente. Hasta el punto que acabamos comprando un ambientador en el supermercado que hay justo al lado.","['•Viaje de ocio', '•Familia con niños pequeños', '•Apartamento de 1 dormitorio', '•Estancia de 1 noche', '•Enviado por móvil']"
Daniel,España,10.0,Escrito en 3 de agosto de 2024,Todo perfecto,,"['•Viaje de ocio', '•Familia con niños pequeños', '•Apartamento de 1 dormitorio', '•Estancia de 1 noche']"
Yolanda,España,10.0,Escrito en 3 de agosto de 2024,Comodidad y ubicación,Me gustó todo,"['•Viaje de ocio', '•Familia con niños pequeños', '•Apartamento de 1 dormitorio', '•Estancia de 6 noches', '•Enviado por móvil']"
Joaquín,España,9.0,Escrito en 3 de agosto de 2024,"Las instalaciones de la habitación, muy amplia , luminosa , muy bien equipado y nuevo el apartamento; todo muy limpio y a estrenar el kit de cocina . 
Íbamos con mascota y también tuvo su kit de bienvenida.
El aislamiento acústico perfecto y muy bien ubicado .","La parte más negativa fue el sofá-cama. Tuvimos que hacer uso de el , ya que íbamos  4 y a parte de dificultar el paso era muy incómodo dormir en el. Llegamos incluso a turnarnos para dormir  ya que sólo se podía descansar bien en la cama. 
Sería el aspecto más negativo de nuestra instancia . 
Por lo demás para repetir .","['•Viaje de ocio', '•Familia con niños pequeños', '•Apartamento de 1 dormitorio', '•Estancia de 5 noches', '•Enviado por móvil']"
Ingles,España,9.0,Escrito en 3 de agosto de 2024,"Todo en general muy bien, muy buenos detalles de bienvenida y muy bien situado.","Por poner algo a mejorar diría que el sofá cama podría ser mejor, mas confortable.","['•Viaje de ocio', '•Familia con niños pequeños', '•Apartamento de 1 dormitorio', '•Estancia de 1 noche', '•Enviado por móvil']"
Susana,España,9.0,Escrito en 3 de agosto de 2024,"Moderno, limpio, centrico y practico.",,"['•Viaje de ocio', '•Familia con niños pequeños', '•Apartamento de 2 dormitorios', '•Estancia de 2 noches', '•Enviado por móvil']"
Reme,España,10.0,Escrito en 2 de agosto de 2024,"La ubicación buenísima, la limpieza excelente, y el trato del personal excelente. 
Un apartamento a recomendar.",No puede señalar ningun aspecto negativo.,"['•Viaje de ocio', '•Familia con niños pequeños', '•Apartamento de 1 dormitorio', '•Estancia de 4 noches', '•Enviado por móvil']"
María,España,10.0,Escrito en 2 de agosto de 2024,La ubicación!,Nada! Estaba todo bien,"['•Viaje de ocio', '•Grupo', '•Apartamento de 1 dormitorio', '•Estancia de 1 noche', '•Enviado por móvil']"
David,España,7.0,Escrito en 2 de agosto de 2024,"El diseño moderno, nuevo, limpio",El sofá cama fue horrible. No se sujetaba siendo inestable e incómodo. Me parece muy caro para lo que se ofrece,"['•Viaje de ocio', '•Familia con niños pequeños', '•Apartamento de 1 dormitorio', '•Estancia de 1 noche', '•Enviado por móvil']"
Helena,España,7.0,Escrito en 1 de agosto de 2024,"Espacio. Camas muy cómodas. Climatización excelente. Baño amplio y cómodo con buena ducha. Cocina bien resuelta, con lavadora/secadora , lavavajillas y horno","Sofá muy ajado e incómodo. Como cama, aunque esta vez no lo he usado, es una tortura.
El menaje de cocina es muy justo","['•Viaje de ocio', '•Pareja', '•Apartamento de 1 dormitorio', '•Estancia de 6 noches', '•Enviado por móvil']"
Beatrice,España,9.0,Escrito en 1 de agosto de 2024,"El apartamento es muy nuevo y cómodo, estupenda la situación. El check in automático funcionó perfectamente. Para 4 personas es una opción ideal.",Por decir algo: me hubiera gustado que las ventanas se pudieran abrir un poco más... Pero realmente todo es estupendo.,"['•Viaje de ocio', '•Familia con niños pequeños', '•Apartamento de 1 dormitorio', '•Estancia de 1 noche', '•Enviado por móvil']"
Montse,España,8.0,Escrito en 30 de julio de 2024,Muy limpio y práctico,Podría facilitar cápsulas de café de cortesia.,"['•Viaje de ocio', '•Familia con niños pequeños', '•Apartamento de 1 dormitorio', '•Estancia de 1 noche', '•Enviado por móvil']"
Leticia,España,10.0,Escrito en 30 de julio de 2024,"Iluminación, amplitud y equipamiento muy completo. Ideal para familias con bebés.",,"['•Familia con niños pequeños', '•Apartamento de 1 dormitorio', '•Estancia de 1 noche', '•Enviado por móvil']"
Esther,España,10.0,Escrito en 30 de julio de 2024,"El apartamento está súper nuevo, limpio y totalmente acondicionado con todo tipo de detalles. Es super cómodo estar allí, te sientes en casa.","No es céntrico, pero está en una zona comercial buena y a 10 minutos del centro.","['•Viaje de ocio', '•Familia con niños pequeños', '•Apartamento de 1 dormitorio', '•Estancia de 2 noches', '•Enviado por móvil']"
Ana,España,9.0,Escrito en 6 de julio de 2024,"Cómodo , tranquilo muy luminoso y bien comunicado",Nada,"['•Viaje de ocio', '•Familia con niños pequeños', '•Apartamento de 1 dormitorio', '•Estancia de 1 noche', '•Enviado por móvil']"
Isabel,España,10.0,Escrito en 6 de julio de 2024,Me pareció un acierto el incluir en el pack de bienvenida 2 cápsulas de café. Por sugerir incluiría también 2 azucarillos. Las camas muy cómodas salvo el sofá cama.,"El sofá cama me causó inquietud. El chaval durmió con miedo a que se cerrase. No se si no supimos abrirlo bien o si tenía algún sistema de seguridad que evitase el cierre al moverse, la cuestión es que no durmió tranquilo por ese motivo.","['•Viaje de ocio', '•Grupo', '•Apartamento de 1 dormitorio', '•Estancia de 1 noche']"
Alejandro,España,7.0,Escrito en 6 de julio de 2024,"El apartamento estaba bien equipado y la ubicación era muy buena, todo limpio 2 baños genial","El sofá-cama fue horrible después de 5 noches acabé con la espalda destrozada imposible descansar bien, una auténtica pena que con lo bien que está el apartamento se lo carguen por no gastar en un sofá en condiciones","['•Viaje de ocio', '•Familia con niños pequeños', '•Apartamento de 2 dormitorios', '•Estancia de 5 noches', '•Enviado por móvil']"
Félix,España,9.0,Escrito en 5 de julio de 2024,"La privacidad, la tranquilidad y el sistema de acceso.",,"['•Viaje de negocios', '•Familia con niños pequeños', '•Apartamento de 1 dormitorio', '•Estancia de 2 noches', '•Enviado por móvil']"
Cesca,España,10.0,Escrito en 4 de julio de 2024,La ubicación,No habia ni aceite ni sal,"['•Viaje de ocio', '•Familia con niños pequeños', '•Apartamento de 1 dormitorio', '•Estancia de 1 noche', '•Enviado por móvil']"
Vanessa,España,8.0,Escrito en 4 de julio de 2024,Ubicacion,"Muy muy JUSTo el espacio para preparar desayuno…. Unico Enchufe para conectar cafetera peligroso …. O cafetera o torradora… 
Sofa cama malísimo para dormir","['•Viaje de ocio', '•Familia con niños pequeños', '•Apartamento de 2 dormitorios', '•Estancia de 2 noches', '•Enviado por móvil']"
Martí,España,10.0,Escrito en 4 de julio de 2024,Nos encantó la distribución lo iluminado que era y la comodidad de estar en pleno centro.,"El sofá cama realmente incómoda el ambiente y la noche, es difícil de montar y se notan los muelles por la noche. Nosotros dormimos dos noches y aún nos turnamos … si alguien viene más días no lo recomiendo para nada!","['•Viaje de ocio', '•Grupo', '•Apartamento de 1 dormitorio', '•Estancia de 2 noches', '•Enviado por móvil']"
Gonzalo,Chile,9.0,Escrito en 4 de julio de 2024,Espectacular el apart Hotel. No puedo hablar del personal porque es todo automatizado.,Mi esposa no pudo viajar por problemas con su pasaporte no pude cambiar las fechas pese a que tenían disponibilidad. Tuve que pagar de nuevo. Al margen de eso el hotel es espectacular.,"['•Viaje de ocio', '•Pareja', '•Apartamento Estudio', '•Estancia de 1 noche', '•Enviado por móvil']"
Fe,España,9.0,Escrito en 3 de julio de 2024,"Todo estupendo, el apartamento muy cómodo, muy limpio, se puede aparcar cerca de forma gratuita.","No funcionaba el tostador, por decir una pega.Pero todo genial","['•Viaje de ocio', '•Familia con niños pequeños', '•Apartamento de 1 dormitorio', '•Estancia de 1 noche', '•Enviado por móvil']"
Dr,España,8.0,Escrito en 3 de julio de 2024,Buena ubicación y cómodo.,No había ni unas cápsulas de cafe ni nada de bienvenida.,"['•Viaje de ocio', '•Grupo de amigos', '•Apartamento de 2 dormitorios', '•Estancia de 2 noches', '•Enviado por móvil']"
M,España,10.0,Escrito en 2 de julio de 2024,Apartamento nuevo y perfectamente equipado.,Nada.,"['•Viaje de ocio', '•Familia con niños pequeños', '•Apartamento de 1 dormitorio', '•Estancia de 1 noche', '•Enviado por móvil']"
Maricarmen,España,7.0,Escrito en 1 de julio de 2024,Agradable a la vista  por estar reformado,El sofá cama no muy cómodo pero sin más,"['•Viaje de ocio', '•Familia con niños pequeños', '•Apartamento de 1 dormitorio', '•Estancia de 1 noche', '•Enviado por móvil']"
Maria,España,9.0,Escrito en 30 de junio de 2024,"La cama de la habitación preincipal muy cómoda, céntrico, muy práctico, limpio, muy nuevo, te dejan detallitos como 2 capsulas de cafe, agua, un set para limpiar los platos. La ducha muy bien. No hay recepcion te dan un codigo para entrar y habitaciones.Silencioso.","El sofà cama no es muy cómodo, está bien para una persona y  una noche pero para más igual se hace incomodo....","['•Viaje de ocio', '•Familia con niños pequeños', '•Apartamento de 1 dormitorio', '•Estancia de 2 noches', '•Enviado por móvil']"
Manuel,España,9.0,Escrito en 30 de junio de 2024,"Limpieza, situación..",,"['•Viaje de ocio', '•Familia con niños pequeños', '•Apartamento de 1 dormitorio', '•Estancia de 2 noches', '•Enviado por móvil']"
Elena,España,10.0,Escrito en 27 de junio de 2024,Apartamento con todo lo necesario. Colchones cómodos y grandes toallas. Ducha muy bien. Parking no muy caro. Ubicación perfecta tanto para el centro como para el Azkena Rock,Eché de menos la terraza que entendí que íbamos a tener,"['•Viaje de ocio', '•Grupo de amigos', '•Apartamento de 1 dormitorio', '•Estancia de 3 noches', '•Enviado por móvil']"
Fátima,Austria,10.0,Escrito en 26 de junio de 2024,"Precioso, sencillo, cómodo, céntrico",,"['•Viaje de ocio', '•Familia con niños pequeños', '•Apartamento de 1 dormitorio', '•Estancia de 1 noche', '•Enviado por móvil']"
Saida,España,7.0,Escrito en 26 de junio de 2024,La ubicación y la limpieza,"El menaje no era muy bueno, faltaban platos pequeños y la tostadora no funcionaba bien","['•Viaje de ocio', '•Familia con niños pequeños', '•Apartamento de 1 dormitorio', '•Estancia de 1 noche', '•Enviado por móvil']"
Ada,España,7.0,Escrito en 24 de junio de 2024,"Muy buena ubicación y limpieza, por regla general. El apartamento es bastante completo y la recepción online es súper atenta.","Los servicios de “early check in” y “late check out” son un timo.
Quisimos entrar antes y contratar el servicio y no nos dieron oportunidad para entrar hasta 10 minutos antes de la entrada oficial y nos lo querían cobrar. Y la salida más tarde, prácticamente igual.","['•Viaje de ocio', '•Pareja', '•Apartamento de 1 dormitorio', '•Estancia de 3 noches', '•Enviado por móvil']"
Manuel,España,10.0,Escrito en 22 de junio de 2024,"Ubicación, y las apartamentos.",El check in es todo vía web.. es tedioso introducir todo lo que te piden. Por suerte que una chica en recepción ( no está todo el tiempo ahí) nos ayudó.,"['•Viaje de ocio', '•Familia con niños pequeños', '•Apartamento de 2 dormitorios', '•Estancia de 2 noches', '•Enviado por móvil']"
Patricia,España,8.0,Escrito en 20 de junio de 2024,"La ubicación, distribución y comodidad.",No teníamos aire y hacía mucho calor y las ventanas no se podían abrir. No teníamos estropajos y jabón o alguna pastilla para dejar el desayuno fregado. En otros sitios que hemos estado dejan un paquete de cortesía para 1 uso y nos hubiera gustado tenerlo para dejar todo bien.,"['•Viaje de ocio', '•Familia con niños pequeños', '•Apartamento de 2 dormitorios', '•Estancia de 1 noche', '•Enviado por móvil']"
Syra,España,10.0,Escrito en 20 de junio de 2024,"La decoración y la comodidad La limpieza muy buena Y la ubicación genial","Nada, todo me gustó","['•Viaje de ocio', '•Grupo', '•Apartamento de 1 dormitorio', '•Estancia de 1 noche', '•Enviado por móvil']"
Monica,España,10.0,Escrito en 20 de junio de 2024,Todo,,"['•Familia con niños pequeños', '•Apartamento de 1 dormitorio', '•Estancia de 1 noche', '•Enviado por móvil']"
Marta,España,10.0,Escrito en 17 de junio de 2024,,Que no hay recepción. No hay trato humano,"['•Viaje de ocio', '•Grupo', '•Apartamento Estudio', '•Estancia de 1 noche', '•Enviado por móvil']"
Evitadinamita,España,8.0,Escrito en 16 de junio de 2024,"Ubicación, tamaño de habitación, personal super amable. Tuvimos dos consultas y nos las solucionaron enseguida.","Mucho de tiempo de espera en los ascensores, por poner un pero.","['•Viaje de ocio', '•Familia con niños pequeños', '•Apartamento de 1 dormitorio', '•Estancia de 2 noches', '•Enviado por móvil']"
Lopez,España,9.0,Escrito en 16 de junio de 2024,La ubicación del sitio.,A los alrededores no hay mucho sitio para aparcar y el parking que ofrece el hotel resulta caro.,"['•Viaje de ocio', '•Grupo', '•Apartamento de 1 dormitorio', '•Estancia de 2 noches']"
Alicia,España,8.0,Escrito en 2 de mayo de 2024,"Estaba todo muy limpio y los apartamentos bien insonorizados. Muy próximo al centro, pero sin jaleo. Buen secador en el baño. Con un supermercado Día al lado","Puesto que no hay personal (que particularmente ya no me gusta este hecho), el sistema de check in debería ser algo más sencillo. Había un olor muy fuerte a tubería en el baño. Se echó en falta amenities.","['•Viaje de ocio', '•Grupo', '•Apartamento de 1 dormitorio', '•Estancia de 2 noches', '•Enviado por móvil']"
Daniel,España,9.0,Escrito en 29 de abril de 2024,"Apartamento excepcional totalmente equipado, moderno,limpio","Que tienes que dejar la habitación a las 11,y la chica de la limpieza se pone a hacer ruido a las 9 de la mañana sin respetar el sueño y descanso de los demás","['•Viaje de ocio', '•Familia con niños pequeños', '•Apartamento Estudio', '•Estancia de 1 noche', '•Enviado por móvil']"
María,España,8.0,Escrito en 29 de abril de 2024,Tiene una muy buena situación para ir al casco histórico andando.,En nuestro apartamento el menaje era escaso y la tostadora no funcionaba,"['•Familia con niños pequeños', '•Apartamento de 1 dormitorio', '•Estancia de 3 noches', '•Enviado por móvil']"
Enrique,España,9.0,Escrito en 29 de abril de 2024,"Muy buena ubicación, limpio y luminoso. Baño muy espacioso. Atención telefónica y por WhatsApp rápida y educada.","En las fotos aparece un horno, se nos dijo el apartamento tenía horno, y luego no fue así.
El sofá cama no es nada cómodo.","['•Viaje de ocio', '•Familia con niños pequeños', '•Apartamento de 1 dormitorio', '•Estancia de 2 noches', '•Enviado por móvil']"
Milagros,España,10.0,Escrito en 28 de abril de 2024,La limpieza y el personal estuvo pendiente de todo.,El sofa cama no era muy comodo.,"['•Viaje de ocio', '•Familia con niños pequeños', '•Apartamento de 1 dormitorio', '•Estancia de 2 noches', '•Enviado por móvil']"
Marisa,España,10.0,Escrito en 27 de abril de 2024,"Siempre que vamos a Vitoria-Gasteiz nos quedamos allí, así que, evidentemente, nos encanta. Además ya han incluido trapo de cocina en el kit de limpieza 😋",,"['•Viaje de ocio', '•Familia con niños pequeños', '•Apartamento de 1 dormitorio', '•Estancia de 3 noches', '•Enviado por móvil']"
Jose,España,8.0,Escrito en 27 de abril de 2024,La amplitud de la habitación,El sofá cama.,"['•Viaje de ocio', '•Familia con niños pequeños', '•Apartamento de 1 dormitorio', '•Estancia de 1 noche', '•Enviado por móvil']"
Marcos,España,9.0,Escrito en 24 de abril de 2024,"Muy bien ubicado a 5 minutos andando del centro de Vitoria y con el tranvía no es necesario utilizar el coche. Justo debajo de los apartamentos hay un supermercado DIA y en la calle trasera un Telepizza, por lo que es fácil organizar comidas y cenas en el apartamento. Menaje de cocina completo para 6: cubiertos, platos, vasos, copas, etc. El desayuno incluido en una cafetería enfrente es cómodo si no conoces la zona, pero poco variado, vimos en la zona otras cafeterías por mejor precio y variedad. En los alrededores hay varios bares de pintxos típicos (Kanijo, Point, Kotarro...)","Habitación de 2 dormitorios y 2 baños para 5 personas, pero una de las habitaciones era individual y había que convertir el sofá del salón en cama, y no tenía almohadas.","['•Viaje de ocio', '•Familia con niños pequeños', '•Apartamento de 2 dormitorios', '•Estancia de 1 noche']"
Ana,España,10.0,Escrito en 24 de abril de 2024,La ubicación resulta muy cómoda tanto para visitar la ciudad como para hacer rutas por poblaciones cercanas.,"En las ventanas hay cortinas para evitar que entre la luz solar pero no hay cortinas menos tupidas que te permitan tener privacidad pero poder aprovechar la luz solar, así que siempre debes encender la luz de las lámparas.","['•Viaje de ocio', '•Pareja', '•Apartamento Estudio', '•Estancia de 3 noches']"
Isabel,España,10.0,Escrito en 23 de abril de 2024,"Instalación, ubicación y había de todo lo que pudiera hacer falta",No vimos a una sola persona en ningún momento,"['•Viaje de ocio', '•Familia con niños pequeños', '•Apartamento de 1 dormitorio', '•Estancia de 1 noche', '•Enviado por móvil']"
Isabel,España,8.0,Escrito en 23 de abril de 2024,El concepto,"Hora de check in muy tarde, con respecto a un hotel","['•Viaje de ocio', '•Familia con niños pequeños', '•Apartamento Estudio', '•Estancia de 2 noches', '•Enviado por móvil']"
Carlos,España,10.0,Escrito en 22 de abril de 2024,.,.,"['•Viaje de ocio', '•Familia con niños pequeños', '•Apartamento de 1 dormitorio', '•Estancia de 1 noche']"
Eva,España,9.0,Escrito en 22 de abril de 2024,"Ubicación excelente y estaba todo muy limpio y con detallitos como agua, café y artículos de limpieza.",,"['•Viaje de ocio', '•Grupo', '•Apartamento de 1 dormitorio', '•Estancia de 4 noches']"
Mercedes,España,10.0,Escrito en 21 de abril de 2024,"Está en lugar excepcional, repetiremos",,"['•Viaje de ocio', '•Grupo de amigos', '•Apartamento de 1 dormitorio', '•Estancia de 1 noche', '•Enviado por móvil']"
Ainara,España,9.0,Escrito en 19 de abril de 2024,La ubicación y la comodidad,El fregadero atascado,"['•Viaje de negocios', '•Familia con niños pequeños', '•Apartamento Estudio', '•Estancia de 5 noches', '•Enviado por móvil']"
Ignacio,España,9.0,Escrito en 16 de abril de 2024,"La ubicación, el silencio y el confort.",El no encontrar personal en la entrada y tener que hacerlo todo de forma impersonal.,"['•Viaje de negocios', '•Persona que viaja sola', '•Apartamento de 1 dormitorio', '•Estancia de 3 noches']"
Gheorghita,España,10.0,Escrito en 16 de abril de 2024,Ubicación y limpieza,Me está gustando todo por esto lo repetimos,"['•Viaje de negocios', '•Grupo de amigos', '•Apartamento de 1 dormitorio', '•Estancia de 4 noches', '•Enviado por móvil']"
Eva,España,9.0,Escrito en 8 de abril de 2024,"La cama era muy cómoda. En la cama de matrimonio hay 4 almohadas, 2 para esa cama y 2 para el sofá -cama, 2 de ellos eran muy cómodos.Esta muy cerca del centro. Los baños son amplios. Tenia lo necesario para pasar un buen fin de semana.","Lo único, tiene una lampara encima de una mesa, con la que nos golpeamos varias veces mas de una de nosotras.El almohadón de la cama individual y 2 de los de la cama de matrimonio, eran un poquito blandos para mi gusto.","['•Viaje de ocio', '•Grupo', '•Apartamento de 2 dormitorios', '•Estancia de 2 noches']"
David,España,9.0,Escrito en 8 de abril de 2024,"Apartamento cómodo, situado cerca del casco antiguo y totalmente equipado, con instalaciones modernas. Proceso check-in fácil y rápido.. Aparcamiento gratuito en las inmediaciones.",,"['•Viaje de ocio', '•Familia con niños pequeños', '•Apartamento de 1 dormitorio', '•Estancia de 2 noches', '•Enviado por móvil']"
Nagorem,España,8.0,Escrito en 7 de abril de 2024,Camas,"No había pasta dientes , cambio de toallas  o aspirar habitacion","['•Viaje de ocio', '•Pareja', '•Apartamento de 1 dormitorio', '•Estancia de 3 noches', '•Enviado por móvil']"
Virginia,España,8.0,Escrito en 6 de abril de 2024,La ubicación,La limpieza y el sofá cama,"['•Viaje de ocio', '•Grupo', '•Apartamento de 1 dormitorio', '•Estancia de 2 noches', '•Enviado por móvil']"
José,España,8.0,Escrito en 6 de abril de 2024,No lo tenía incluido,"El sofá cama, no se podía dormir en el tuvimos que poner el colchón en el suelo","['•Viaje de ocio', '•Familia con niños pequeños', '•Apartamento de 1 dormitorio', '•Estancia de 3 noches', '•Enviado por móvil']"
David,España,9.0,Escrito en 5 de abril de 2024,El precio y la ubicación muy buena,Al entrar no olía muy bien la verdad para ser un edificio bastante nuevo pero bueno ventilamos y se fue el olor,"['•Viaje de ocio', '•Familia con niños pequeños', '•Apartamento con terraza', '•Estancia de 1 noche', '•Enviado por móvil']"
Faust,España,8.0,Escrito en 4 de abril de 2024,,Agua caliente de la ducha tarda mucho en llegar,"['•Viaje de negocios', '•Familia con niños pequeños', '•Apartamento de 1 dormitorio', '•Estancia de 1 noche', '•Enviado por móvil']"
Carl,España,9.0,Escrito en 4 de abril de 2024,Nuevo y limpio.,,"['•Viaje de negocios', '•Grupo de amigos', '•Apartamento de 2 dormitorios', '•Estancia de 3 noches', '•Enviado por móvil']"
Arantxa,España,10.0,Escrito en 5 de marzo de 2024,"Un apartamento nuevo, limpio, moderno y con un gusto excepcional en la decoración, cuidando los detalles en todo momento, instalaciones muy cuidadas y limpias, ubicación perfecta, código para entrar tanto en el edificio, parking y puerta del apartamento. Una maravilla, de 10.",,"['•Viaje de ocio', '•Familia con niños pequeños', '•Apartamento de 1 dormitorio', '•Estancia de 1 noche']"
Kepa,España,9.0,Escrito en 5 de marzo de 2024,La ubicación,,"['•Viaje de ocio', '•Familia con niños pequeños', '•Apartamento de 1 dormitorio', '•Estancia de 1 noche', '•Enviado por móvil']"
Julia,España,9.0,Escrito en 4 de marzo de 2024,,No tiene consigna para dejar las maletas,"['•Viaje de ocio', '•Grupo', '•Apartamento de 2 dormitorios', '•Estancia de 2 noches', '•Enviado por móvil']"
Asuncion,España,10.0,Escrito en 4 de marzo de 2024,"Ubicación perfecta, apartamento amplio, muy limpio y cómodo y a buen precio. Totalmente recomendable",,"['•Viaje de ocio', '•Pareja', '•Apartamento de 1 dormitorio', '•Estancia de 2 noches']"
Itxaso,España,10.0,Escrito en 4 de marzo de 2024,Muy completo. Tiene de todo,,"['•Viaje de ocio', '•Familia con niños pequeños', '•Apartamento de 1 dormitorio', '•Estancia de 2 noches', '•Enviado por móvil']"
Sanchez,España,10.0,Escrito en 4 de marzo de 2024,"Su limpieza, estaba todo muy nuevo y su ubicación.Detalle de bienvenida con agua y un snack genial",No tengo ninguna pega.,"['•Viaje de ocio', '•Familia con niños pequeños', '•Apartamento de 1 dormitorio', '•Estancia de 1 noche', '•Enviado por móvil']"
Ana,España,9.0,Escrito en 4 de marzo de 2024,"Apartamento nuevo, limpio, bien ubicado. En 10 minutos estás en el centro de Vitoria y no tuvimos problemas para aparcar","No había edredón para el sofá cama. Pero llamamos y nos lo trajeron.
No pudimos configurar la app para entrar a la habitación.
Faltaba algo más de iluminación en el espejo del baño","['•Viaje de ocio', '•Familia con niños pequeños', '•Apartamento de 1 dormitorio', '•Estancia de 1 noche', '•Enviado por móvil']"
Cristina,España,8.0,Escrito en 4 de marzo de 2024,El apartamento está muy bien ubicado y es amplio y limpio.,El sofa cama es muy incómodo.,"['•Viaje de ocio', '•Grupo de amigos', '•Apartamento de 2 dormitorios', '•Estancia de 1 noche', '•Enviado por móvil']"
Natalia,España,8.0,Escrito en 4 de marzo de 2024,"Limpieza 
Decoración
Toallas","Sofá cama incómodo 
No hay personal en todo el hotel.totañmente digitalizado","['•Viaje de ocio', '•Familia con niños pequeños', '•Apartamento de 1 dormitorio', '•Estancia de 2 noches', '•Enviado por móvil']"
Montse,España,10.0,Escrito en 3 de marzo de 2024,"Todo!!! El sitio genial!!! Todo detalle, muy bonito decorado. Genial.","El código para entrar, complicado y no había manera, menos mal q estaba una chica.","['•Viaje de ocio', '•Familia con niños pequeños', '•Apartamento de 1 dormitorio', '•Estancia de 1 noche', '•Enviado por móvil']"
Sandra,España,10.0,Escrito en 3 de marzo de 2024,"Alojamiento moderno y reformado, buena ubicación para ir andando al centro de la ciudad","No tiene cafetería, solo una máquina de vending.
A pesar de tener una hora de check out, el personal de limpieza quiso acceder a la habitación a las 9 de la mañana.","['•Viaje de ocio', '•Grupo', '•Apartamento de 1 dormitorio', '•Estancia de 2 noches', '•Enviado por móvil']"
Ane,España,9.0,Escrito en 2 de marzo de 2024,Está muy bien ubicado. Es muy moderno. Está muy nuevo y tiene parking directo,"Por decir algo, que las plazas de parking son un poco pequeñas de largo","['•Viaje de negocios', '•Persona que viaja sola', '•Apartamento de 1 dormitorio', '•Estancia de 1 noche', '•Enviado por móvil']"
Natalia,España,10.0,Escrito en 2 de marzo de 2024,"Alojamiento cómodo, muy bien ubicado con todo lo necesario. Nos sorprendió gratamente",Que lo había Nadie a quien preguntar nada todo online. Pero en realidad no tuvimos ningún problema.,"['•Viaje de ocio', '•Familia con niños pequeños', '•Apartamento de 1 dormitorio', '•Estancia de 1 noche', '•Enviado por móvil']"
Jose,España,10.0,Escrito en 2 de marzo de 2024,Orden y limpieza,,"['•Familia con niños pequeños', '•Apartamento de 2 dormitorios', '•Estancia de 6 noches', '•Enviado por móvil']"
Jose,España,10.0,Escrito en 2 de marzo de 2024,Limpieza ordenado y cerca del centro,,"['•Familia con niños pequeños', '•Apartamento de 2 dormitorios', '•Estancia de 9 noches', '•Enviado por móvil']"
Jose,España,9.0,Escrito en 2 de marzo de 2024,"Nos pusieron en una habitación superior porque había disponibilidad sin cobrarnos más. Todo el hotel cuenta con un olor muy agradable. Te dan un kit de bienvenida con unos cafés, agua y una bolsa de patatas. La cocina está totalmente equipada. Tiene un supermercado justo al lado de la entrada. El apartamento en general es muy acogedor. El baño no tiene bidet pero cuenta con ducha higiénica para el inodoro.",No había consigna para dejar las maletas. La cama no era cómoda y el edredón estaba manchado.,"['•Viaje de ocio', '•Pareja', '•Apartamento Estudio', '•Estancia de 2 noches']"
Miguel,España,9.0,Escrito en 1 de marzo de 2024,"Era muy cómodo, bien situado y estaba limpio en general. La cama bastante cómoda.","La pared, ya que tenía manchas.","['•Viaje de ocio', '•Pareja', '•Apartamento Estudio', '•Estancia de 2 noches', '•Enviado por móvil']"
Eva,España,10.0,Escrito en 29 de febrero de 2024,La limpieza y la comodidad fueron lo mejor del apartamento. Aparte todo está digitalizado haciendo la entrada y salida más ágil y fácil para todos.,,"['•Viaje de ocio', '•Pareja', '•Apartamento de 1 dormitorio', '•Estancia de 2 noches']"
Abio,España,9.0,Escrito en 29 de febrero de 2024,Muy bonito y limpio,,"['•Viaje de ocio', '•Grupo', '•Apartamento de 1 dormitorio', '•Estancia de 2 noches', '•Enviado por móvil']"
Maite,España,10.0,Escrito en 29 de febrero de 2024,"Estaba limpio, la decoración es genial y el detalle de bienvenida nos encantó!",,"['•Viaje de ocio', '•Grupo de amigos', '•Apartamento de 1 dormitorio', '•Estancia de 2 noches', '•Enviado por móvil']"
Carla,España,9.0,Escrito en 27 de febrero de 2024,Apartamento muy bonito y nuevo,Comodidad de la cama,"['•Viaje de ocio', '•Pareja', '•Apartamento Estudio', '•Estancia de 1 noche', '•Enviado por móvil']"
Ismary,España,10.0,Escrito en 27 de febrero de 2024,La limpieza y el comfort de la habitación,"Que no hay nadie en la recepción, pero la atención telefónica fue muy buena","['•Viaje de ocio', '•Familia con niños pequeños', '•Apartamento de 1 dormitorio', '•Estancia de 1 noche']"
Arce,Argentina,10.0,Escrito en 27 de febrero de 2024,Muy lindos apartamentos,,"['•Viaje de negocios', '•Pareja', '•Apartamento de 1 dormitorio', '•Estancia de 5 noches', '•Enviado por móvil']"
Anton,España,10.0,Escrito en 26 de febrero de 2024,"Situación, limpeza, ammenities, temperatura, amplitude",A billa da pula do baño estaba solta.,"['•Viaje de ocio', '•Familia con niños pequeños', '•Apartamento de 1 dormitorio', '•Estancia de 1 noche', '•Enviado por móvil']"
Esteban,España,8.0,Escrito en 26 de febrero de 2024,"El apartamento era muy cómodo.
La cocina muy completa, con todo tipo de electrodomésticos, muy nuevos y bonitos.
Además les hice una petición, y la cumplieron.","Que todo es por el móvil, no había ningún trabajador en recepción, todo funciona por correos.
Contratamos el desayuno, y no sabíamos dónde era, menos mal que vimos a una trabajadora del hotel, en un despacho en la entrada, y por casualidad, y muy amablemente nos informó.","['•Viaje de ocio', '•Familia con niños pequeños', '•Apartamento Estudio', '•Estancia de 2 noches', '•Enviado por móvil']"
Blas,España,10.0,Escrito en 28 de enero de 2024,"Apartamento amplio, cálido moderno de instalaciones, muy cómodo y bien ubicado.
Aportaba una camita, comedero y bebedero para el perro",,"['•Viaje de ocio', '•Familia con niños pequeños', '•Apartamento de 1 dormitorio', '•Estancia de 1 noche', '•Enviado por móvil']"
Azabalatxa,España,7.0,Escrito en 27 de enero de 2024,La ubicación era la necesaria para lo que queríamos y el apartamento estaba bien.,,"['•Familia con niños pequeños', '•Apartamento Estudio', '•Estancia de 1 noche', '•Enviado por móvil']"
Veronica,España,10.0,Escrito en 26 de enero de 2024,Muy confortable y espacioso,No tiene consiga a pesar de estar señalizada,"['•Viaje de ocio', '•Grupo de amigos', '•Apartamento de 1 dormitorio', '•Estancia de 3 noches', '•Enviado por móvil']"
Ines,España,9.0,Escrito en 26 de enero de 2024,Todo perfecto,,"['•Viaje de ocio', '•Pareja', '•Apartamento Estudio', '•Estancia de 3 noches', '•Enviado por móvil']"
Herrero,España,9.0,Escrito en 25 de enero de 2024,"Todo estaba limpio y en muy buenas condiciones, además de muy bien situado",Nada,"['•Viaje de ocio', '•Familia con niños pequeños', '•Apartamento de 2 dormitorios', '•Estancia de 2 noches', '•Enviado por móvil']"
Raquel,España,7.0,Escrito en 24 de enero de 2024,"La ducha, una maravilla. La habitación muy cómoda. El check in facilísimo",Hacia mucho calor en el apartamento.,"['•Viaje de ocio', '•Familia con niños pequeños', '•Apartamento con terraza', '•Estancia de 1 noche', '•Enviado por móvil']"
Begoña,España,8.0,Escrito en 24 de enero de 2024,"Ubicación a 12 minutos del centro, sofá muy cómodo, instalación muy limpia,cuarto de baño amplio.","El sistema para el checking es poco cómodo cuando vas de viaje, porque a través de su web debes de hacerlo así como el pago, aunque es verdad que si tienes algún problema telefónicamente te lo resuelven. Los utensilios de la cocina son escasos. Hay lavavajillas pero no proporcionan el líquido necesario,ni estropajos, ni galletas, ni papel de cocina. Hay cafetera de cápsulas pero éstas las debes de comprar tú, llamé para saber si podían proporcionar una cafetera italiana y me dijeron que no y que las cápsulas las podía adquirir en el super( qué amabilidad...) En la mayoría de apartamentos a los que he ido normalmente te dan un desayuno, leche, café, o fruta.. aquí no.","['•Familia con niños pequeños', '•Apartamento de 1 dormitorio', '•Estancia de 2 noches', '•Enviado por móvil']"
Ángel,España,10.0,Escrito en 23 de enero de 2024,"Decoración, Ducha , cama  y ubicación",Nada,"['•Viaje de ocio', '•Familia con niños pequeños', '•Apartamento de 1 dormitorio', '•Estancia de 1 noche', '•Enviado por móvil']"
Ildefonsa,España,10.0,Escrito en 22 de enero de 2024,"Me gustó la ubicación , limpieza y confort recomendable 100x 100","Que sea todo digital en ninguna hora en dos días de mi estancia vi una recepcionista aunque no me ha hecho falta ,pero habrá persona que lo necesita.","['•Familia con niños pequeños', '•Apartamento de 1 dormitorio', '•Estancia de 2 noches', '•Enviado por móvil']"
Sharoyantonio,España,10.0,Escrito en 22 de enero de 2024,Museos,,"['•Viaje de ocio', '•Pareja', '•Apartamento de 1 dormitorio', '•Estancia de 7 noches', '•Enviado por móvil']"
Irene,España,10.0,Escrito en 22 de enero de 2024,"En general el apartamento es muy cómodo. El baño y la ducha genial. Hay toallas y secador. La cocina equipada con lo necesario. El sofá cama no era lo más cómodo, pero se dormía bien. Para nosotros las almohadas muy bien.
Tuvimos que ampliar la reserva un día más y después de varias llamadas todo se resolvió sin problema. Muy amables. 
Volveríamos sin duda.","Hacía mucho calor en el apartamento. Quitamos la calefacción, pero aún así, por la noche se notaba.","['•Viaje de ocio', '•Grupo de amigos', '•Apartamento de 1 dormitorio', '•Estancia de 2 noches', '•Enviado por móvil']"
Massaccesi,España,10.0,Escrito en 22 de enero de 2024,Todo muy bien.,,"['•Viaje de negocios', '•Familia con niños pequeños', '•Apartamento de 1 dormitorio', '•Estancia de 1 noche', '•Enviado por móvil']"
Maria,España,9.0,Escrito en 22 de enero de 2024,El diseño y la equipación del apartamento,"Eramos tres pero el apartamento
Se preparó para dos, tuvimos que pedir edredón para la cama del sillón y solo dejaron dos juegos de toallas","['•Viaje de ocio', '•Grupo de amigos', '•Apartamento de 1 dormitorio', '•Estancia de 1 noche', '•Enviado por móvil']"
Raul,España,9.0,Escrito en 22 de enero de 2024,Práctico y espacioso,El sofá cama podría ser más cómodo,"['•Viaje de ocio', '•Familia con niños pequeños', '•Apartamento de 1 dormitorio', '•Estancia de 1 noche', '•Enviado por móvil']"
Guillermo,España,10.0,Escrito en 21 de enero de 2024,Un alojamiento excelente.,,"['•Viaje de negocios', '•Persona que viaja sola', '•Apartamento de 1 dormitorio', '•Estancia de 2 noches']"
Osane,España,9.0,Escrito en 21 de enero de 2024,El apartamento estaba precioso … limpio y con todo los utensilios de cocina necesarios.La ubicación perfecta y con muchos sitios para aparcar en la calle de forma gratuita.La cama muy cómoda y con dos almohadas para mayor comodidad.,"Si tengo que decir algo que no nos gusto es la hora de salida de los apartamentos,las 11 es una hora muy temprana ya que muchos de los que nos alojamos disfrutamos de la noche de la ciudad y resulta muy temprano","['•Viaje de ocio', '•Pareja', '•Apartamento de 1 dormitorio', '•Estancia de 1 noche', '•Enviado por móvil']"
Jose,España,9.0,Escrito en 20 de enero de 2024,Todos bien,La cama sofa no muy confortable,"['•Viaje de ocio', '•Familia con niños pequeños', '•Apartamento de 1 dormitorio', '•Estancia de 1 noche', '•Enviado por móvil']"
Roberto,España,10.0,Escrito en 20 de enero de 2024,"Lo limpio y ordenado que estaba, la ubicación y distancia al centro histórico.",,"['•Viaje de ocio', '•Pareja', '•Apartamento de 1 dormitorio', '•Estancia de 1 noche', '•Enviado por móvil']"
Alejandro,España,8.0,Escrito en 19 de enero de 2024,Buena ubicación y amplitud,Se echa de menos personal físico.,"['•Viaje de ocio', '•Persona que viaja sola', '•Apartamento de 1 dormitorio', '•Estancia de 1 noche', '•Enviado por móvil']"
Francisco,España,9.0,Escrito en 19 de enero de 2024,"Las instalaciones nuevas y confortables, todo muy limpio",El tramite de la llave con código o aplicación. Depender del móvil para entrar en la habitación,"['•Viaje de negocios', '•Persona que viaja sola', '•Apartamento Estudio', '•Estancia de 2 noches', '•Enviado por móvil']"
Nuria,España,7.0,Escrito en 18 de enero de 2024,Su practicidad muy cómodo,Que no hubiera unos sobrecitos de café y azúcar el resto todo perfecto,"['•Viaje de ocio', '•Familia con niños pequeños', '•Apartamento de 1 dormitorio', '•Estancia de 2 noches', '•Enviado por móvil']"
Jesica8,España,8.0,Escrito en 17 de enero de 2024,La ubicación y la limpieza,La cocina podría ser más completa,"['•Viaje de ocio', '•Familia con niños pequeños', '•Apartamento de 1 dormitorio', '•Estancia de 1 noche', '•Enviado por móvil']"
Violeta,Argentina,10.0,Escrito en 17 de enero de 2024,"Impecable todo. Desde la entrada, el personal y el piso. Super recomendable",,"['•Viaje de ocio', '•Familia con niños pequeños', '•Apartamento de 1 dormitorio', '•Estancia de 1 noche', '•Enviado por móvil']"
Luciamedina84,España,10.0,Escrito en 16 de enero de 2024,"Es un apartamento con todo lo necesario para estar cómodo. La ubicación es inmejorable, cruzas la calle y estás en el centro.
Justo pegado tienes un supermercado.
Es un apartamento super grande.",La cafetera era Nespresso y te cobran por darte cápsulas. Me gustaría que los apartamentos tengan cafeteras tipo italiana.,"['•Viaje de ocio', '•Pareja', '•Apartamento de 1 dormitorio', '•Estancia de 1 noche', '•Enviado por móvil']"
Maria,España,10.0,Escrito en 16 de enero de 2024,Todo perfecto,"Sería un detalle dejar, al menos, dos cápsulas para la cafetera nesspreso, sobre todo si solo se va a estar una noche.","['•Viaje de ocio', '•Familia con niños pequeños', '•Apartamento de 1 dormitorio', '•Estancia de 1 noche', '•Enviado por móvil']"
Bárbara,España,7.0,Escrito en 13 de diciembre de 2023,"Está bien situado, es amplio, y tiene todos los utensilios necesarios aunque para un día no probamos muchos de ellos.","Habíamos hecho la reserva para 3 personas pero para la persona que estaba en el sofá cama, no había edredón. Por suerte ese día había una chica trabajando y se lo pedimos y cuando volvimos de pasear nos lo había dejado en la habitación. El agua de la ducha salió un momento tibia pero luego salió completamente helada.","['•Viaje de ocio', '•Grupo', '•Apartamento de 1 dormitorio', '•Estancia de 1 noche']"
Jaime,España,9.0,Escrito en 13 de diciembre de 2023,Buen desayuno en una cafetería muy próxima,"El sofá cama no fuimos capaces de colocarlo adecuadamente, pese a las explicaciones de un empleado, y al final echamos el coclhón al suelo y dormimos muy bien así,El sistema de climatización no funcionaba muy bien y la temperatura era a ratos excesiva, de casi 26ºC en diciembre, pese a poner el termostato en 21ºC","['•Viaje de ocio', '•Familia con niños pequeños', '•Apartamento de 1 dormitorio', '•Estancia de 2 noches']"
Lucía,España,9.0,Escrito en 12 de diciembre de 2023,"La ubicación muy buena, cerca del centro.
Las instalaciones muy bien equipado.  Muy cómodo para ir con niños. Estaba muy limpio",Éramos 4 personas y sólo había 2 toallas de baño (supongo q con los bebés no cuentan) y no había nadie por la noche en recepción para pedirle,"['•Viaje de ocio', '•Familia con niños pequeños', '•Apartamento de 1 dormitorio', '•Estancia de 2 noches', '•Enviado por móvil']"
Igor,España,10.0,Escrito en 12 de diciembre de 2023,Localizacion,Ruido,"['•Viaje de negocios', '•Familia con niños pequeños', '•Apartamento de 1 dormitorio', '•Estancia de 9 noches', '•Enviado por móvil']"
Miguel,España,9.0,Escrito en 11 de diciembre de 2023,La cocina estaba muy bien equipada. En general todo estaba muy bien en la habitación. Resultaba fácil aparcar en los alrededores,"la ducha era abierta y no tenia ni plato ni mampara, por lo que era fácil que se mojara todo el baño","['•Viaje de ocio', '•Pareja', '•Apartamento Estudio', '•Estancia de 4 noches', '•Enviado por móvil']"
Raquel,España,7.0,Escrito en 10 de diciembre de 2023,"Ubicación, instalaciones","El sofá cama es muy malo, no se puede dormir se notan los hierros 
Las almohadas de la cama demasiado blandas, parece que no tienes almohada","['•Viaje de ocio', '•Familia con niños pequeños', '•Apartamento de 1 dormitorio', '•Estancia de 3 noches', '•Enviado por móvil']"
Sara,España,10.0,Escrito en 10 de diciembre de 2023,"Ubicación, limpieza, modernidad, economización muy buena del espacio, equipamiento, y comodidad, fácil check in y check out.",Me gustó todo,"['•Viaje de ocio', '•Grupo', '•Apartamento de 2 dormitorios', '•Estancia de 5 noches', '•Enviado por móvil']"
Marta,España,8.0,Escrito en 10 de diciembre de 2023,Totalmente nuevo y la ubicación perfecta.,El sofá cama muy incómodo!!!,"['•Viaje de ocio', '•Familia con niños pequeños', '•Apartamento de 1 dormitorio', '•Estancia de 1 noche', '•Enviado por móvil']"
Elena,España,10.0,Escrito en 10 de diciembre de 2023,Decoración y ubicación muy bien equipado.,Que no tuviera terraza,"['•Viaje de ocio', '•Grupo de amigos', '•Apartamento Estudio', '•Estancia de 4 noches', '•Enviado por móvil']"
Silvia,España,8.0,Escrito en 10 de diciembre de 2023,La ubicación,"No conseguimos hablar con nadie en la recepción. 
El servicio de limpieza diario, no estaba incluido en el precio.
Para desayunar hay que salir fuera del edificio.","['•Viaje de ocio', '•Familia con niños pequeños', '•Apartamento de 1 dormitorio', '•Estancia de 2 noches', '•Enviado por móvil']"
Casdur,España,10.0,Escrito en 10 de diciembre de 2023,"La ubicación. El apartamento muy completo, con todo lo necesario. Nos encantó.",,"['•Viaje de ocio', '•Familia con niños pequeños', '•Apartamento de 1 dormitorio', '•Estancia de 2 noches', '•Enviado por móvil']"
Begoña,España,10.0,Escrito en 10 de diciembre de 2023,Todo muy limpio.,Nada,"['•Viaje de ocio', '•Familia con niños pequeños', '•Apartamento de 1 dormitorio', '•Estancia de 1 noche', '•Enviado por móvil']"
Juani,España,10.0,Escrito en 10 de diciembre de 2023,"El apartamento muy cómodo, limpio y bien equipado",,"['•Viaje de ocio', '•Familia con niños pequeños', '•Apartamento de 1 dormitorio', '•Estancia de 1 noche', '•Enviado por móvil']"
Raúl,España,8.0,Escrito en 9 de diciembre de 2023,Estaba bien localizado,"No había nadie y todo el trato era online o por teléfono, por lo que varios días, al haber problemas para entrar al aparcamiento, tenías que resolverlo por teléfono, tardando mucho más.","['•Viaje de ocio', '•Familia con niños pequeños', '•Apartamento de 1 dormitorio', '•Estancia de 3 noches', '•Enviado por móvil']"
Rocio,España,7.0,Escrito en 8 de diciembre de 2023,La limpieza y que era nuevo,Q no habia personal,"['•Viaje de ocio', '•Familia con niños pequeños', '•Apartamento de 1 dormitorio', '•Estancia de 1 noche', '•Enviado por móvil']"
Julio,Guatemala,7.0,Escrito en 8 de diciembre de 2023,La ubicación,La segunda habitación la cama es muy pequeña y el sofá cama es malo y ruidoso,"['•Viaje de ocio', '•Grupo', '•Apartamento de 2 dormitorios', '•Estancia de 4 noches', '•Enviado por móvil']"
M,España,9.0,Escrito en 8 de diciembre de 2023,Ubicación,"Sin recepción física. 
Falta de tv en habitación.","['•Viaje de ocio', '•Familia con niños pequeños', '•Apartamento de 1 dormitorio', '•Estancia de 2 noches', '•Enviado por móvil']"
Mar2728,España,10.0,Escrito en 7 de diciembre de 2023,"Buena zona. Todo nuevo. Muy amables. Lavadora con secadora (Vitoria es una ciudad muy húmeda, la secadora viene genial). Admite mascotas. Todo perfecto. Muy recomendable",No hubo nada que no me gustara.,"['•Viaje de ocio', '•Familia con niños pequeños', '•Apartamento Estudio', '•Estancia de 4 noches']"
Cristina,España,8.0,Escrito en 7 de diciembre de 2023,"El alojamiento es como en las fotos, muy nuevo y limpio.","Hubo problemas con el agua caliente sábado y domingo. Habíamos alargado la hora del check out hasta las 14h pero no nos pudimos duchar. Llamamos y no lo solucionaron, tampoco nos descontaron lo que habíamos pagado de más siendo que los servicios del apartamento no iban bien.","['•Viaje de ocio', '•Grupo', '•Apartamento de 2 dormitorios', '•Estancia de 2 noches', '•Enviado por móvil']"
Lara,España,8.0,Escrito en 7 de diciembre de 2023,"El apto esta muy bien ubicado, a escasos metros de la catedral. Para aparcar muy bien, a escasos metros en zona blanca. El apto es minimalista y moderno, con todo lo necesario. Entrada sin contacto, muy bien.","Tienes que pagar 15euros/dia por mascota para que te dejen snacks... Es cierto que debes avisar esto con 24h de antelación, y no lo hicimos, pero no nos dejaron nada en los dias que estuvimos.","['•Viaje de ocio', '•Pareja', '•Apartamento Estudio', '•Estancia de 5 noches']"
Raquel,España,10.0,Escrito en 6 de diciembre de 2023,"El apartamento es muy cómodo y moderno. Tiene todo lo necesario. Entrada muy práctica con código tanto para portal como garaje. Todo muy limpio. Cama cómoda, salvo las almohadas que eran muy bajas.No se escuchaba ningún ruído del exterior.La ubicación estupenda, a 10 min caminando del centro y con muchos servicios alrededor. Íbamos con una mascota y no tuvimos ningún problema. Te ponen comedero, bebedero y una mini cama, se agradece","La única pega es q pedimos una cuna para nuestro bebé y el colchón de la misma estaba muy encorvado y era muy fino, con lo cual tuvimos que meterla en la cama con nosotros porque ahí no podía descansar","['•Con una mascota', '•Viaje de ocio', '•Familia con niños pequeños', '•Apartamento de 1 dormitorio', '•Estancia de 2 noches', '•Enviado por móvil']"
Angel,España,9.0,Escrito en 5 de diciembre de 2023,Muy bien equipado,,"['•Viaje de ocio', '•Pareja', '•Apartamento Estudio', '•Estancia de 1 noche', '•Enviado por móvil']"
José,España,9.0,Escrito en 5 de diciembre de 2023,La situación. Aparcamiento en el mismo edificio. Limpieza. Que haya recepción. Es parecido a un hotel. El precio.,El check in virtual. Pero se palia con una persona en recepción.,"['•Viaje de ocio', '•Familia con niños pequeños', '•Apartamento de 1 dormitorio', '•Estancia de 2 noches', '•Enviado por móvil']"
Angel,España,9.0,Escrito en 4 de diciembre de 2023,Los apartamentos están muy bien equipados,El desagüe del lavamanos del baño,"['•Viaje de ocio', '•Pareja', '•Apartamento Estudio', '•Estancia de 1 noche', '•Enviado por móvil']"
Mikel,España,7.0,Escrito en 26 de noviembre de 2023,"Alojamiento muy bien situado, con facilidades para el aparcamiento y grupos con mascota. Cama comodísima.",Una ducha sin mampara acaba resultando incómoda.,"['•Pareja', '•Apartamento Estudio', '•Estancia de 2 noches', '•Enviado por móvil']"
Ana,España,9.0,Escrito en 11 de octubre de 2023,"Amplitud maravillosa, todo al detalle, precioso, comodo, me ha encantado 😍",,"['•Viaje de ocio', '•Familia con niños pequeños', '•Apartamento Estudio', '•Estancia de 1 noche', '•Enviado por móvil']"
Andy,España,9.0,Escrito en 11 de octubre de 2023,EXCELENTE,,"['•Familia con niños pequeños', '•Apartamento de 1 dormitorio', '•Estancia de 2 noches', '•Enviado por móvil']"
Almudena,España,7.0,Escrito en 10 de octubre de 2023,Apartamento amplio y con todas las comodidades. Buena ubicación.,La falta de recepción y no poder contactar con nadie en persona. Tampoco el check out tan temprano. Difícil abrir el sofá cama.,"['•Viaje de ocio', '•Familia con niños pequeños', '•Apartamento de 1 dormitorio', '•Estancia de 2 noches', '•Enviado por móvil']"
Montserrat,España,10.0,Escrito en 10 de octubre de 2023,La ubicación y la facilidad de acceder,El sofá cama un poco incómodo y con algo de movilidad. Pero cálidad precio super bien,"['•Viaje de ocio', '•Familia con niños pequeños', '•Apartamento de 1 dormitorio', '•Estancia de 3 noches', '•Enviado por móvil']"
Andrea,España,10.0,Escrito en 10 de octubre de 2023,La habitación estaba super nueva y muy limpio.,Nada,"['•Viaje de ocio', '•Familia con niños pequeños', '•Apartamento de 1 dormitorio', '•Estancia de 3 noches', '•Enviado por móvil']"
Paula,España,8.0,Escrito en 9 de octubre de 2023,Localizacion-limpieza- organizacion,"El sofa cama era un poco incomodo
Nos toco un apartamento que daba a un patio interior y no pudimos abrir las ventanas","['•Viaje de ocio', '•Familia con niños pequeños', '•Apartamento de 1 dormitorio', '•Estancia de 4 noches', '•Enviado por móvil']"
Maria,España,9.0,Escrito en 9 de octubre de 2023,"La tranquilidad
La limpieza
Ubicación",Era más pequeño de lo que parecía en las fotos,"['•Viaje de ocio', '•Pareja', '•Apartamento Estudio', '•Estancia de 5 noches', '•Enviado por móvil']"
Eva,España,7.0,Escrito en 9 de octubre de 2023,"El apartamento está nuevo, muy bien equipado y céntrico.","No te dejan entran hasta las 15 h y a pesar de solicitar entrada temprana que había que pagar, no me lo solucionaron. Tampoco tiene sitio para guardar las maletas","['•Viaje de ocio', '•Familia con niños pequeños', '•Apartamento de 1 dormitorio', '•Estancia de 1 noche', '•Enviado por móvil']"
Maria,España,8.0,Escrito en 8 de octubre de 2023,"La ubicación, las instalaciones, la comodidad de la cama.","El Chromecast del televisor no funcionaba correctamente (se cortaba la trasmisión todo el rato). El baño era para minusválidos, lo que resultó incómodo porque cada vez que nos duchábamos se quedaba todo mojado. Tambien nos hubiese gustado que nos indicaran antes la planta del apartamento (nos tocó en la 6).","['•Viaje de ocio', '•Pareja', '•Apartamento Estudio', '•Estancia de 3 noches', '•Enviado por móvil']"
Maria,España,9.0,Escrito en 7 de octubre de 2023,La ubicación,Nada,"['•Viaje de ocio', '•Familia con niños pequeños', '•Apartamento de 1 dormitorio', '•Estancia de 1 noche', '•Enviado por móvil']"
Janire,España,10.0,Escrito en 7 de octubre de 2023,La seguridad y facilidad para hacer el check in y check out. La limpieza y buen estado de las instalaciones.,"Check out a las 11:00 horas, demasiado rápido.","['•Viaje de ocio', '•Grupo de amigos', '•Apartamento de 2 dormitorios', '•Estancia de 1 noche', '•Enviado por móvil']"
Maria,Argentina,10.0,Escrito en 7 de octubre de 2023,Muy equipado,,"['•Viaje de ocio', '•Grupo', '•Apartamento de 1 dormitorio', '•Estancia de 2 noches', '•Enviado por móvil']"
Sara,España,9.0,Escrito en 6 de octubre de 2023,"en general muy bien, muy espacioso y cómodo",se escuchaba mucho a los de las habitaciones cercanas,"['•Viaje de ocio', '•Familia con niños pequeños', '•Apartamento de 1 dormitorio', '•Estancia de 2 noches', '•Enviado por móvil']"
Oscar,México,9.0,Escrito en 4 de octubre de 2023,La amplitud y servicios del hotel. La ubicación. La relación calidad/precio. La ciudad (Vitoria) muy verde.,,"['•Viaje de ocio', '•Familia con niños pequeños', '•Apartamento de 1 dormitorio', '•Estancia de 4 noches', '•Enviado por móvil']"
Esther,España,8.0,Escrito en 4 de octubre de 2023,La comodidad y ubicación del apartamento.,No funcionaba el aire acondicionado y uno de los días hizo mucho calor.,"['•Viaje de ocio', '•Familia con niños pequeños', '•Apartamento Ático', '•Estancia de 2 noches', '•Enviado por móvil']"
Alberto,España,8.0,Escrito en 4 de octubre de 2023,Las instalaciones,El sofá cama no era cómodo,"['•Viaje de ocio', '•Grupo de amigos', '•Apartamento de 1 dormitorio', '•Estancia de 3 noches', '•Enviado por móvil']"
Maria,España,7.0,Escrito en 3 de octubre de 2023,,No tener recepción y no estar claro la forma de entrar a los apartamentos. Perdiendo tiempo en conseguirlo.,"['•Viaje de ocio', '•Familia con niños pequeños', '•Apartamento Estudio', '•Estancia de 1 noche', '•Enviado por móvil']"
Amalia,España,9.0,Escrito en 3 de octubre de 2023,Bien equipado con menaje de cocina y muy limpio,El sofá cama era incómodo,"['•Viaje de ocio', '•Grupo', '•Apartamento de 1 dormitorio', '•Estancia de 4 noches', '•Enviado por móvil']"
Javier,España,9.0,Escrito en 2 de octubre de 2023,"Ubicación, limpieza","No nos termino de encajar el tema de los accesos mediante llave digital y código, ya que a veces no funcinaba","['•Viaje de ocio', '•Grupo', '•Apartamento de 1 dormitorio', '•Estancia de 2 noches', '•Enviado por móvil']"
Natalia,España,8.0,Escrito en 30 de septiembre de 2023,Muy céntrico y a la vez tranquilo,"Eramos 4 y solo había 3 camas,. Una persona tuvo que dormir en  el sofá cama y no era muy cómodo.","['•Viaje de ocio', '•Familia con niños pequeños', '•Apartamento de 2 dormitorios', '•Estancia de 2 noches', '•Enviado por móvil']"
Inma,España,10.0,Escrito en 28 de septiembre de 2023,Super limpio súper cómodo y tal cual la foto,,"['•Familia con niños pequeños', '•Apartamento de 1 dormitorio', '•Estancia de 1 noche', '•Enviado por móvil']"
Julián,España,9.0,Escrito en 27 de septiembre de 2023,"Insinorizacion, menaje","Escasos productos de limpieza, en función de la estancia, ambiente muy frio","['•Viaje de ocio', '•Familia con niños pequeños', '•Apartamento de 2 dormitorios', '•Estancia de 8 noches', '•Enviado por móvil']"
Ana,España,9.0,Escrito en 27 de septiembre de 2023,"El apartamento era muy amplio, moderno, muy limpio y cuidado. Todo al detalle. Tenía hasta Chromecast en la televisión y además estaba muy bien insonorizada. El detalle de hacer el check in online es fantástico. Volvería a repetir sin duda.","Por poner alguna pega diría que no se podía abrir la ventana normal, solo abatida y que la cama doble son dos camas juntas.","['•Viaje de ocio', '•Pareja', '•Apartamento Estudio', '•Estancia de 1 noche', '•Enviado por móvil']"
Lucía,España,9.0,Escrito en 27 de septiembre de 2023,Todo muy nuevo y limpio y viajé con mascota y le dejaron unas cookies para él.,Camas individuales.,"['•Viaje de ocio', '•Pareja', '•Apartamento Estudio', '•Estancia de 2 noches', '•Enviado por móvil']"
Maria,España,10.0,Escrito en 26 de septiembre de 2023,"La amplitud de la estancia, el diseño minimalista y la disposición de utensilios básicos en la cocina","La cama, quizá es algo pequeña para una pareja, en relación con el resto de la estancia","['•Viaje de ocio', '•Pareja', '•Apartamento de 1 dormitorio', '•Estancia de 3 noches']"
Silvia,España,10.0,Escrito en 31 de agosto de 2023,"Ubicación, limpieza del apartamento , que admitan mascotas y las acojan como uno más con su camita y comedero/bebedero",Que no hubiera una persona presencial en recepción,"['•Viaje de ocio', '•Familia con niños pequeños', '•Apartamento de 1 dormitorio', '•Estancia de 2 noches', '•Enviado por móvil']"
Juan,España,9.0,Escrito en 31 de agosto de 2023,"La habitación es espectacular, amplia y dotada con todo (lavavajillas, cocina, frigo y congelador...).
La ubicación no puede ser mejor. Alrededores con bares, pizzerías, supermercados y la catedral.","Excesiva digitalización para mi gusto. Aunque todo fue bien, escanear DNIs en una aplicaciòn no es lo mejor en un mundo con tanto ciberataque.
Es cierto que ofrece opción a que a la llegada haya un empleado.","['•Viaje de ocio', '•Familia con niños pequeños', '•Apartamento de 1 dormitorio', '•Estancia de 1 noche', '•Enviado por móvil']"
Ana,España,10.0,Escrito en 30 de agosto de 2023,"Cómodo, céntrico, bien equipado y moderno.",El parking es pequeño para furgoneta,"['•Viaje de ocio', '•Familia con niños pequeños', '•Apartamento Estudio', '•Estancia de 1 noche', '•Enviado por móvil']"
Marta,Alemania,7.0,Escrito en 30 de agosto de 2023,"Buena relación calidad-precio. Céntrico. Da a una avenida grande y pasan bastantes coches, si es verano por la noche mejor ventana cerrada (hay aire acondicionado si se quiere).","El sofá-cama, el colchón era ridículo, muy incómodo. Las camas bien.","['•Viaje de ocio', '•Familia con niños pequeños', '•Apartamento de 1 dormitorio', '•Estancia de 1 noche']"
Inma,España,8.0,Escrito en 30 de agosto de 2023,"Está súper bien ubicado, limpio y moderno. Tuvimos un percance con la cama y tanto la recepcionista como el chico que subió nos atendieron genial.",El sofá cama es horriblemente incómodo y es bastante difícil de montar. Deberían poner unas instrucciones.,"['•Viaje de ocio', '•Grupo', '•Apartamento de 2 dormitorios', '•Estancia de 1 noche', '•Enviado por móvil']"
Josep,España,8.0,Escrito en 29 de agosto de 2023,,2 ascensores para un  edificio de 9 plantas y un poco lentos,"['•Viaje de ocio', '•Familia con niños pequeños', '•Apartamento de 1 dormitorio', '•Estancia de 1 noche', '•Enviado por móvil']"
Ascensión,España,10.0,Escrito en 29 de agosto de 2023,Nos gustó mucho la ubicación. Está a un paseo del centro. El apartamento es muy acogedor y cómodo. Lástima que sólo estuviésemos una noche.,Me cuesta un poco hacerme a la tecnología... Me resulta más cómodo que haya recepcionista presencial.,"['•Viaje de ocio', '•Familia con niños pequeños', '•Apartamento de 1 dormitorio', '•Estancia de 1 noche', '•Enviado por móvil']"
Inmaculada,España,10.0,Escrito en 28 de agosto de 2023,"El diseño del interior, las instalaciones, la limpieza...",Nada.,"['•Viaje de ocio', '•Familia con niños pequeños', '•Apartamento de 1 dormitorio', '•Estancia de 1 noche', '•Enviado por móvil']"
Raul,España,8.0,Escrito en 28 de agosto de 2023,La cama de matrimonio era muy cómoda. Estaba limpio,"La taza del inodoro estaba un poco desajustada.
El sofá cama era un poco incómodo","['•Viaje de ocio', '•Familia con niños pequeños', '•Apartamento Estudio', '•Estancia de 1 noche', '•Enviado por móvil']"
Eliyah,España,9.0,Escrito en 27 de agosto de 2023,Todo excelente organización.  Muy pulcro y ordenado.  La tecnología se impone y al principio un poco perdida pero vas comprendiendo y siempre hay alguien en el tlf que te orienta en todo.,Todo ha estado muy bien . Ubicación Excelente! Pulcritud,"['•Familia con niños pequeños', '•Apartamento de 2 dormitorios', '•Estancia de 1 noche', '•Enviado por móvil']"
Judit,España,8.0,Escrito en 27 de agosto de 2023,"Buena ubicación y alojamiento limpio y cómodo.
La alfombrilla con comedero y bebedero para perros.",Reservamos cama doble y nos dieron apartamento con dos camas individuales juntas.,"['•Viaje de ocio', '•Pareja', '•Apartamento Estudio', '•Estancia de 3 noches', '•Enviado por móvil']"
Rosinag,España,8.0,Escrito en 27 de agosto de 2023,"Apartamentos totalmente automatizados, sin recepción, entras con código. Son modernos y están muy limpios. En concreto nuestro estudio era un poco pequeño porque viajábamos con perro grande y se nos quedó justo, pero para los pocos días que estuvimos, bien. Baño amplio y cocina con todo el menaje. Ubicación muy buena en una avenida tranquila pero a escasos 7min andando del centro.","Nos faltó que hubiera algo básico para cocinar como aceite,  lavavajillas o incluso cápsulas de café ya que había cafetera. Si para dos días tengo que comprarlo todo no resulta cómodo ni práctico.","['•Viaje de ocio', '•Familia con niños pequeños', '•Apartamento Estudio', '•Estancia de 2 noches', '•Enviado por móvil']"
Natalia,España,10.0,Escrito en 27 de agosto de 2023,Me ha gustado la disposición del apartamento y el buen gusto con el que esta decorado.,"El sofa cama del comedor no es muy comodo ni confortable como cama, si que lo es como sofà.","['•Viaje de ocio', '•Familia con niños pequeños', '•Apartamento de 1 dormitorio', '•Estancia de 4 noches', '•Enviado por móvil']"
Rolán,España,10.0,Escrito en 27 de agosto de 2023,La ubicación y la amplitud de la estancia. Además de ser virtual atendieron rápidamente cada vez que lo necesitamos.,"El colchón de la habitación era de muelles,algo quizás anticuado y por debajo de la calidad del apartamento.","['•Viaje de ocio', '•Familia con niños pequeños', '•Apartamento de 1 dormitorio', '•Estancia de 3 noches', '•Enviado por móvil']"
Nadia,España,8.0,Escrito en 26 de agosto de 2023,Ubicación y es un apartamento muy práctico.,No es un apartahotel. El servicio de limpieza es a partir de una semana de estancia.,"['•Viaje de ocio', '•Familia con niños pequeños', '•Apartamento de 1 dormitorio', '•Estancia de 4 noches', '•Enviado por móvil']"
Ester,España,10.0,Escrito en 26 de agosto de 2023,Limpieza,Faltaban productos de limpieza como jabón platos lavadora,"['•Viaje de ocio', '•Familia con niños pequeños', '•Apartamento de 1 dormitorio', '•Estancia de 4 noches', '•Enviado por móvil']"
Maria,España,9.0,Escrito en 26 de agosto de 2023,"Diseño, espacio, ubicación",El precio,"['•Viaje de ocio', '•Familia con niños pequeños', '•Apartamento con terraza', '•Estancia de 5 noches', '•Enviado por móvil']"
Joan,España,9.0,Escrito en 26 de agosto de 2023,"El apartamento se ve nuevo y en muy buenas condiciones. Bastante amplio para cuatro personas (dos adultos y dos niños).
Todo muy limpio y camas muy confortables.
Baño muy amplio y cocina completa y moderna.
A 5 minutos del centro histórico.",No hay parquing gratuito.,"['•Viaje de ocio', '•Familia con niños pequeños', '•Apartamento de 1 dormitorio', '•Estancia de 1 noche', '•Enviado por móvil']"
Jose,España,10.0,Escrito en 26 de agosto de 2023,"Estaba impecable! Limpísimo, moderno, muy buen decorado, completamente equipado incluso con secadora, dejaban hasta kit de limpieza, el parking muy amplio y cómodo. 
La ubicación, excelente en todos los aspectos",,"['•Viaje de ocio', '•Familia con niños pequeños', '•Apartamento de 1 dormitorio', '•Estancia de 1 noche', '•Enviado por móvil']"
Laura,España,8.0,Escrito en 26 de agosto de 2023,"Habitación amplia, camas cómodas y cerca del centro.","Que te dejen entrar en tu habitación antes de las 15h sólo si pagas un suplemento, sino no (la hora de entrada se fija para que al personal de la limpieza le dé tiempo a limpiar lo del anterior cliente, no para hacer negocio) y que al no haber personal físico, no hay una consigna para guardar tus maletas al menos.","['•Viaje de ocio', '•Familia con niños pequeños', '•Apartamento de 1 dormitorio', '•Estancia de 1 noche', '•Enviado por móvil']"
Carmen,España,9.0,Escrito en 26 de agosto de 2023,No Aplicable.,"La presión del agua, sobretodo en la ducha.","['•Viaje de ocio', '•Familia con niños pequeños', '•Apartamento de 1 dormitorio', '•Estancia de 1 noche', '•Enviado por móvil']"
Ana,España,8.0,Escrito en 25 de agosto de 2023,Comodidad.,No vi ningún responsable en ningún momento.,"['•Pareja', '•Apartamento de 1 dormitorio', '•Estancia de 2 noches', '•Enviado por móvil']"
Mt,Países Bajos,10.0,Escrito en 24 de agosto de 2023,Todo estupendo,El sofá cama era un poco incómodo. Es la única pega que podría poner al alojamiento.,"['•Viaje de ocio', '•Familia con niños pequeños', '•Apartamento de 1 dormitorio', '•Estancia de 7 noches', '•Enviado por móvil']"
Gustavo,España,8.0,Escrito en 24 de agosto de 2023,"Moderno, sin contacto, en orden y con todo funcionando correctamente",El parking es adicional,"['•Viaje de ocio', '•Familia con niños pequeños', '•Apartamento de 1 dormitorio', '•Estancia de 2 noches', '•Enviado por móvil']"
Domingo,España,9.0,Escrito en 24 de agosto de 2023,La ubicación céntrica del hotel y la distribución del apartamento.,Que faltaban tazas de café y que las ventanas no se pudieran abrir un poco más.,"['•Viaje de ocio', '•Familia con niños pequeños', '•Apartamento de 1 dormitorio', '•Estancia de 22 noches', '•Enviado por móvil']"
Ylenia,España,8.0,Escrito en 8 de agosto de 2023,"Esta muy bien localizado, hay zona de aparcamiento gratuito por los alrededores. Es muy nuevo, esta muy bien equipado y las camas son muy comodas.","Lo unico que almenos en el que estuve yo la costernq iba muy dura, tenias que hacer mucha fuerza para tirar de ella","['•Viaje de ocio', '•Grupo', '•Apartamento de 1 dormitorio', '•Estancia de 3 noches', '•Enviado por móvil']"
Maria,España,10.0,Escrito en 7 de agosto de 2023,La situación y la cama,El holor a humedad del baño,"['•Viaje de ocio', '•Familia con niños pequeños', '•Apartamento Estudio', '•Estancia de 1 noche', '•Enviado por móvil']"
Esperanza,España,10.0,Escrito en 7 de agosto de 2023,"La ubicación, la comodidad de las camas y la limpieza",Me pareció muy práctico.No encontramos ninguna cosa mejorable,"['•Viaje de ocio', '•Familia con niños pequeños', '•Apartamento de 2 dormitorios', '•Estancia de 4 noches', '•Enviado por móvil']"
Cristina,España,7.0,Escrito en 7 de agosto de 2023,Que tengan un kit de bienvenida con el pago de la tarifa de mascota. Hay una máquina con cosas que puedes necesitar en la recepción pero hay supermercado  cerca. La ubicación es muy buena,Qué las fotos confunden y parece que haces una reserva con habitación con terraza y luego no es así y la habitación no tenía ninguna vista. No me gusta que no haya recepción es muy impersonal.  Cuando hice la reserva no ponía que había que pagar por la mascota,"['•Viaje de ocio', '•Familia con niños pequeños', '•Apartamento de 1 dormitorio', '•Estancia de 1 noche', '•Enviado por móvil']"
Maria,España,10.0,Escrito en 7 de agosto de 2023,Apartamento muy cuidado,"Que no haya nadie en recepción, tendría q haber alguien al menos de 3 a 5. Aunque nosotros no tuvimos problema para entrar","['•Viaje de ocio', '•Familia con niños pequeños', '•Apartamento de 1 dormitorio', '•Estancia de 1 noche', '•Enviado por móvil']"
Raúl,España,9.0,Escrito en 6 de agosto de 2023,"Ubicación excepcional, edificio moderno y apartamento limpio y equipado",Espacio un poco justo para 4 adultos y cama del sofá cama un poco incómoda,"['•Viaje de ocio', '•Grupo de amigos', '•Apartamento de 1 dormitorio', '•Estancia de 2 noches', '•Enviado por móvil']"
Marta,España,8.0,Escrito en 6 de agosto de 2023,"El apartamento está muy bien ubicado, zona bastante céntrica. Está limpio y bien decorado. Tiene el menaje necesario y en muy buen estado. Las camas son cómodas.","La ducha no funcionaba correctamente. Muy difícil regular la temperatura y la presión. A parte tenía una zona rota, y salpicaba de manera continua al techo y al suelo.","['•Viaje de ocio', '•Familia con niños pequeños', '•Apartamento de 1 dormitorio', '•Estancia de 3 noches', '•Enviado por móvil']"
Manuel,España,8.0,Escrito en 6 de agosto de 2023,"La ubicación es muy céntrica, ideal para moverse por la ciudad. Buena zona para comer. Las habitaciones amplias.","El desayuno es un pack que dejan en el apartamento. Contiene un batiburrillo de cosas, algunas con poco sentido: colines que no se pueden acompañar con nada; mermelada sin mantequilla para el bollo; cápsula de café y leche, sin otra alternativa de bebida caliente. No creo que se pueda considerar que tiene el desayuno incluido. Es solo para resolver un apuro.","['•Viaje de ocio', '•Familia con niños pequeños', '•Apartamento de 1 dormitorio', '•Estancia de 2 noches', '•Enviado por móvil']"
Laura,España,8.0,Escrito en 6 de agosto de 2023,"Que está todo muy limpio. Hay lavadora -secadora, cafetera de cápsulas y es muy amplio.","Que no haya nadie en recepción y tengas que llamar a un número en el que te sale primero un contestador y al cabo de unos minutos te ponen con una centralita a la que le expones lo q te pasa/falta/dudas etc. Éramos tres y nos pusieron un juego de toallas y hasta que nos subieron los otros dos juegos tardaron muchisimo, tanto q decidimos salir a ver Vitoria sin ducharnos dos. Pero lo entiendo, pq la única chica q había, tenía una lista de quehaceres interminable. 
Poca comunicación con la centralita y el complejo:
Ejemplos: 
1-hicimos late check out y a las 11:04 ya vinieron a hacer la habitación y en esta situacion la trabajadora se tuvo q creer q aún no salíamos, pero a ella no la habían avisado.
2-  ídem al salir del parquing. No pudimos abrir la puerta pq no constaba q habíamos hecho late check out. Con lo cual, tienes q llamar al contestador y cruzar los dedos para q te lo cojan pronto...
El desayuno no vale la pena. Si te entra en la tarifa, perfecto pero si no, es mejor no añadirlo.","['•Viaje de ocio', '•Familia con niños pequeños', '•Apartamento de 1 dormitorio', '•Estancia de 1 noche', '•Enviado por móvil']"
Roser,España,10.0,Escrito en 5 de agosto de 2023,"El apartamento era muy chulo! Muy acogedor, y bien equipado. Estuvimos muy cómodos!","El edredón que se ponía en el sofá cama estaba algo sucio y un poco roto, pero como tampoco hacía mucho frío no hizo falta ponerlo... lo demás todo bien!","['•Viaje de ocio', '•Familia con niños pequeños', '•Apartamento de 1 dormitorio', '•Estancia de 1 noche', '•Enviado por móvil']"
Constanza,España,10.0,Escrito en 5 de agosto de 2023,Instalaciones geniales. Tiene amplia terraza. Muy práctico hacer check-in/out online. Información detallada por mail. Se llega en 10-15’ caminando tranquilamente al centro histórico. Ideal para familias.,,"['•Viaje de ocio', '•Familia con niños pequeños', '•Apartamento Ático', '•Estancia de 1 noche', '•Enviado por móvil']"
Luis,España,9.0,Escrito en 5 de agosto de 2023,Buena ubicación y apartamento cómodo,Sólo hay camas para 3 personas en un apartamento para 4,"['•Viaje de ocio', '•Familia con niños pequeños', '•Apartamento de 2 dormitorios', '•Estancia de 1 noche', '•Enviado por móvil']"
Beatriz,España,10.0,Escrito en 5 de agosto de 2023,Espacioso y con buen menaje para la cocina,,"['•Viaje de ocio', '•Familia con niños pequeños', '•Apartamento de 1 dormitorio', '•Estancia de 1 noche', '•Enviado por móvil']"
Xian,España,10.0,Escrito en 4 de agosto de 2023,"Buena ubicación, andando se llega al centro y encontrarás bares y tiendas, y el precio asequible, es un hotel que no tiene recepción, todo está controlado por códigos, las puertas se abren con códigos, pero cualquier duda o necesidad les puedes escribir o llamar y te lo solucionan, tuvimos un inconveniente con el lavabo del baño, mi marido lo soluciono pero les avisé del problema y enseguida me hicieron un descuento por la inconveniencia, fueron muy responsable y eso se valora, el piso muy bien, estábamos en el piso 8, y no se oía ruidos... tenías todo lo necesario, gel de ducha, toallas, neceser de cocina.. Tostadora, cafetera, lavavajillas, lavadora. Había parking público cerca, si tienes suerte pillaras uno... ofrecen parking y desayunos de pago, hay un supermercado abajo del edificio.",Nada,"['•Viaje de ocio', '•Familia con niños pequeños', '•Apartamento de 1 dormitorio', '•Estancia de 2 noches', '•Enviado por móvil']"
Mjuncia,España,8.0,Escrito en 4 de agosto de 2023,"La ubicación, pues está al lado del casco histórico para poder visitarlo sin tener que desplazarse. Pudimos aparcar por la zona sin problemas. Hicimos uso de la recepción online porque nos faltaban dos almohadas y nos atendieron muy rápido. El checking y checkout fueron muy sencillos de hacer. El apartamento está muy bien equipado.","El apartamento olía mucho a tabaco, imaginamos que porque había sido ocupado previamente por fumadores y las cortinas y el sofá estaban impregnados del olor. Quizás sería bueno distinguir entre fumadores y no fumadores a la hora de seleccionar el apartamento. Le hace falta un repaso de pintura a las paredes. Había muebles en la cocina y el salón que tenían manchas de manos, seria bueno repasar la limpieza en ese sentido.","['•Viaje de ocio', '•Familia con niños pequeños', '•Apartamento de 1 dormitorio', '•Estancia de 1 noche', '•Enviado por móvil']"
María,España,10.0,Escrito en 3 de agosto de 2023,"Todo: bonito, buena ubicación, cómodo…",Nada. Todo bien,"['•Viaje de ocio', '•Familia con niños pequeños', '•Apartamento de 1 dormitorio', '•Estancia de 3 noches', '•Enviado por móvil']"
Maria,España,10.0,Escrito en 2 de agosto de 2023,"El apartamento estaba genial,  todo tipo de detalles,  todo muy limpio y encima aparcamos el coche en la misma puerta del hotel y no tuvimos que cogerlo durante la estancia.",Nada,"['•Viaje de ocio', '•Familia con niños pequeños', '•Apartamento de 1 dormitorio', '•Estancia de 2 noches', '•Enviado por móvil']"
Nuria,España,10.0,Escrito en 2 de agosto de 2023,"Muy espacioso. La cocina muy bien equipada. Muy limpio. Cerca del centro.
Aparcamos sin problemas en los alrededores.
Todo online, fácil y cómodo.",,"['•Viaje de ocio', '•Familia con niños pequeños', '•Apartamento de 1 dormitorio', '•Estancia de 1 noche', '•Enviado por móvil']"
Zulia,España,10.0,Escrito en 2 de agosto de 2023,Todo.,,"['•Viaje de ocio', '•Familia con niños pequeños', '•Apartamento de 1 dormitorio', '•Estancia de 1 noche', '•Enviado por móvil']"
Maria,España,8.0,Escrito en 2 de agosto de 2023,"El apartamento era un ático con la terraza enorme,la cama comodísima y el sofá cama también.La ubicación bastante céntrica.
La limpieza del Interior del apartamento.","La limpieza de la terraza del ático,había mucho pelo de perro en el suelo y las esquinas estaban bastantes sucias,pero solo de la terraza,el interior estaba muy limpio","['•Familia con niños pequeños', '•Apartamento con terraza', '•Estancia de 1 noche', '•Enviado por móvil']"
Cristina,España,9.0,Escrito en 2 de agosto de 2023,Todo estaba muy limpio y la ubicación muy buena.,"El sofá cama es de una calidad medio baja, con lo que dormir varias noches en él es muy incómodo","['•Familia con niños pequeños', '•Apartamento de 1 dormitorio', '•Estancia de 1 noche', '•Enviado por móvil']"
Aranzazu,España,8.0,Escrito en 1 de agosto de 2023,Todo estaba muy nuevo.,La estancia del sofá era demasiado pequeña con el sofá abierto.,"['•Viaje de ocio', '•Familia con niños pequeños', '•Apartamento de 1 dormitorio', '•Estancia de 1 noche', '•Enviado por móvil']"
Mª,España,9.0,Escrito en 1 de agosto de 2023,Muy limpio y bien situado. Luminoso. Las camareras que estaban arreglando las habitaciones fueron muy amables. La cama principal muy cómoda.,El sofá cama no era muy cómodo.,"['•Viaje de ocio', '•Familia con niños pequeños', '•Apartamento de 1 dormitorio', '•Estancia de 1 noche']"
Ignacio,España,8.0,Escrito en 1 de agosto de 2023,"Ubicación, calidad y decoración","El desagüe de la ducha y del lavabo de cocina estaba muy tapados y se llenaba de agua. Filtraba agua por las esquinas de la ducha.
La TV no era smart como decía, no se podía conectar a internet y solo daban algunos canales locales","['•Viaje de ocio', '•Pareja', '•Apartamento Estudio', '•Estancia de 9 noches', '•Enviado por móvil']"
Cristian,España,8.0,Escrito en 1 de agosto de 2023,"Un apartamento céntrico, fácil de localizar y se puede aparcar bien. Con todo lo imprescindible y bien cuidado. Ideal para los 4.",Al ser un primer piso se escuchaba todo el ruido de la calle por la noche.,"['•Viaje de ocio', '•Familia con niños pequeños', '•Apartamento de 1 dormitorio', '•Estancia de 4 noches', '•Enviado por móvil']"
Julio,Guatemala,7.0,Escrito en 28 de junio de 2023,"La ubicación, cerca del centro, supermercados bares y restaurantes","Estaba sucio el baño y los pisos, no hay personal. Es más un apartamento que un Hotel, uno tiene q sacar su basura y hacer limpieza en la habitación","['•Viaje de ocio', '•Pareja', '•Apartamento de 1 dormitorio', '•Estancia de 3 noches', '•Enviado por móvil']"
María,España,9.0,Escrito en 28 de junio de 2023,"La ubicación es excelente, a un paso del centro histórico pero sin estar en medio del bullicio, lo que permite un buen  descanso. El apartamento en conjunto resulta muy agradable,   la cocina está muy bien equipada.  El parking en el mismo edificio es muy cómodo.",Los edredones tenían manchas que hacian pensar que no estaban limpios. Me puse en contacto via e-mail con la recepción on line (eran las 23:00 +/-) y en 10/15' trajeron a la habitación las sábanas que pedí.,"['•Viaje de ocio', '•Familia con niños pequeños', '•Apartamento de 1 dormitorio', '•Estancia de 3 noches', '•Enviado por móvil']"
Bárbara,Andorra,9.0,Escrito en 28 de junio de 2023,Muy confortable,,"['•Viaje de ocio', '•Familia con niños pequeños', '•Apartamento de 1 dormitorio', '•Estancia de 1 noche', '•Enviado por móvil']"
Guadalupe,España,8.0,Escrito en 27 de junio de 2023,la ubicación y la amplitud y confort del apartamento,"los códigos de las puertas no funcionaban siempre. Me parece un poco complicado el hacerlo todo online.el sofá cama estaba un poco estropeado","['•Viaje de ocio', '•Familia con niños pequeños', '•Apartamento de 1 dormitorio', '•Estancia de 3 noches']"
Maria,España,10.0,Escrito en 27 de junio de 2023,Esta muy bien situado y es tranquilo y cómodo.,,"['•Viaje de ocio', '•Pareja', '•Apartamento Estudio', '•Estancia de 3 noches', '•Enviado por móvil']"
Mireia,España,8.0,Escrito en 25 de junio de 2023,Su ubicación,"El sofá cama no era nada cómodo,estaba abombado completamente y era imposible dormir en él","['•Viaje de ocio', '•Familia con niños pequeños', '•Apartamento de 1 dormitorio', '•Estancia de 4 noches', '•Enviado por móvil']"
José,España,10.0,Escrito en 25 de junio de 2023,"Tenía mis dudas por lo del carácter online de todo, tanto el check in como el checkout, como la contratación de extras, todo a través de la app. Pero todo está muy bien organizado y cuando lo necesite por un problema, me atendieron estupendamente en el teléfono indicado en la APP. Todo limpio, bien dotado el apartamento y la ubicación excelente.",Nada. Todo bien,"['•Viaje de ocio', '•Familia con niños pequeños', '•Apartamento de 1 dormitorio', '•Estancia de 2 noches', '•Enviado por móvil']"
Julitog3,España,8.0,Escrito en 22 de junio de 2023,"La ubicación, cerca del centro.
Era bonito, cómodo y limpio","No tenía horno a pesar de que en algunas fotos si que venía.
Tampoco tenía tostador de pan.
No tenía ningún rollo de papel de cocina o servilletas en su defecto","['•Viaje de ocio', '•Familia con niños pequeños', '•Apartamento Estudio', '•Estancia de 2 noches', '•Enviado por móvil']"
Leire,España,9.0,Escrito en 22 de junio de 2023,Todo muy limpio y practico.,,"['•Viaje de negocios', '•Familia con niños pequeños', '•Apartamento de 1 dormitorio', '•Estancia de 1 noche', '•Enviado por móvil']"
Jessica,España,10.0,Escrito en 21 de junio de 2023,"La ubicación es excelente, muy cerca del centro de la ciudad","Nada, todo excelente","['•Viaje de ocio', '•Familia con niños pequeños', '•Apartamento de 1 dormitorio', '•Estancia de 1 noche', '•Enviado por móvil']"
Marta,España,8.0,Escrito en 18 de junio de 2023,"Muy bien ubicado, amplio y limpio.","El sofá cama no se desplegaba bien del todo y no era muy cómodo. El horario de salida cada vez más temprano, a las 11 fuera (salvo que pagues más claro).","['•Viaje de ocio', '•Grupo de amigos', '•Apartamento de 1 dormitorio', '•Estancia de 2 noches', '•Enviado por móvil']"
Sergio,España,8.0,Escrito en 17 de junio de 2023,La localización y la limpieza,"Se oía mucho el ruido del pasillo aunque no impedía dormir. También he echado en falta algo de complementos alimenticios, por ejemplo, algo de azúcar, café y aceite","['•Viaje de ocio', '•Familia con niños pequeños', '•Apartamento de 1 dormitorio', '•Estancia de 2 noches', '•Enviado por móvil']"
Natpao,España,9.0,Escrito en 17 de junio de 2023,"La ubicación es excelente para movilizarse andando por la ciudad, cerca de comercio y restauración.El edificio y departamento nuevo y limpio.Muy bien equipado,con todo lo necesario.Dos baños exactos amplios y cómodos.Las camas eran muy confortables.","El sofá cama era súper incómodo para dormir y no tenia almohadas para él,hubiese sido mejor poner una cama nido en la habitación individual o un sofá más confortable.
La llave digital no iba bien,costaba mucho que abriera la puerta..Hemos tenido que utilizar los códigos porque solo funcionaba en un móvil.","['•Viaje de ocio', '•Grupo de amigos', '•Apartamento de 2 dormitorios', '•Estancia de 1 noche', '•Enviado por móvil']"
Christophe,España,9.0,Escrito en 16 de junio de 2023,bastante acogedor,,"['•Viaje de ocio', '•Pareja', '•Apartamento de 1 dormitorio', '•Estancia de 2 noches', '•Enviado por móvil']"
Soledad,España,8.0,Escrito en 15 de junio de 2023,,"por dejar un comentario, el tema de las máquinas expendedoras, debería de haber más variedad, llegamos tarde y ya no había nada abierto.","['•Viaje de ocio', '•Familia con niños pequeños', '•Apartamento de 1 dormitorio', '•Estancia de 1 noche']"
C,España,8.0,Escrito en 14 de junio de 2023,"El apartamento es céntrico. Es cómodo y con todo lo necesario en cuanto a utensilios de cocina y accesorios básicos. Completo en cuanto a electrodomésticos.
Tuvimos un problema con la tv el primer día y nos cambiaron de habitación.
El personal a través del tlf funciona bien y rápido.
No habíamos estado en un apartamento de este tipo con el checking online, pero nos resultó sencillo.
Nos gustó mucho el apartamento y estuvimos 4 días en Vitoria muy bien.
Recomendable calidad/precio.",,"['•Viaje de ocio', '•Familia con niños pequeños', '•Apartamento de 1 dormitorio', '•Estancia de 2 noches', '•Enviado por móvil']"
Miguel,España,7.0,Escrito en 14 de junio de 2023,Ubicacion y precio,Demasiada tecnologia,"['•Viaje de ocio', '•Familia con niños pequeños', '•Apartamento Estudio', '•Estancia de 4 noches', '•Enviado por móvil']"
Rosa,España,9.0,Escrito en 12 de junio de 2023,ubicación y comodidad,el enchufe que hay en la zona de la cocina està mal situado,"['•Viaje de ocio', '•Grupo', '•Apartamento de 1 dormitorio', '•Estancia de 3 noches']"
Josefa,España,10.0,Escrito en 12 de junio de 2023,La ubicación y la habitación excelente.,El cierre de seguridad de las ventanas.,"['•Viaje de ocio', '•Familia con niños pequeños', '•Apartamento de 1 dormitorio', '•Estancia de 2 noches', '•Enviado por móvil']"
Angie,España,8.0,Escrito en 11 de junio de 2023,Habitación espaciosa y moderna. Pequeña cocina con todo lo necesario aunque no la usamos. Baño con ducha muy grande. En general muy satisfecha.,El sofá cama muy incomodo. Pero la cama comodisima.,"['•Viaje de ocio', '•Grupo', '•Apartamento de 1 dormitorio', '•Estancia de 1 noche', '•Enviado por móvil']"
María,España,10.0,Escrito en 11 de junio de 2023,"La atención del personal.  Muy amables, educados y resolutivos",,"['•Viaje de ocio', '•Familia con niños pequeños', '•Apartamento de 1 dormitorio', '•Estancia de 1 noche', '•Enviado por móvil']"
Laura,España,10.0,Escrito en 11 de junio de 2023,"Ubicación, a 10 min del centro caminando.
Muy limpio, moderno y cómodo. El sofá cama era muy grande.
Tiene todo lo necesario para cocinar y pasar unos días perfectos.
No tiene recepción o personal todo el tiempo, pero puedes contactar con ellos en todo momento. Este nuevo modelo de atención ha sido muy satisfactorio.
No tienes llave física, si no una contraseña haciendo todo muy fácil.",Todo perfecto.,"['•Viaje de ocio', '•Familia con niños pequeños', '•Apartamento de 1 dormitorio', '•Estancia de 4 noches', '•Enviado por móvil']"
Miguel,España,10.0,Escrito en 9 de junio de 2023,"Apartamento muy cómodo, tranquilo y perfectamente equipado. A 7 minutos andando de la plaza de la Virgen Blanca. El garaje en el mismo edificio. 
Con la calidad de un 4 estrellas",,"['•Viaje de ocio', '•Familia con niños pequeños', '•Apartamento de 1 dormitorio', '•Estancia de 2 noches', '•Enviado por móvil']"
Guadalupe,España,9.0,Escrito en 9 de junio de 2023,limpio y espacioso,todo estaba bien,"['•Viaje de ocio', '•Familia con niños pequeños', '•Apartamento de 2 dormitorios', '•Estancia de 2 noches', '•Enviado por móvil']"
Lagos,España,9.0,Escrito en 8 de junio de 2023,Las instalaciones,"El desayuno ""continental"".. Una vergüenza","['•Viaje de ocio', '•Pareja', '•Apartamento Estudio', '•Estancia de 3 noches', '•Enviado por móvil']"
Belén,España,10.0,Escrito en 5 de mayo de 2023,Ubicación,Sofá cama,"['•Viaje de ocio', '•Familia con niños pequeños', '•Apartamento de 2 dormitorios', '•Estancia de 2 noches', '•Enviado por móvil']"
Laura,España,10.0,Escrito en 5 de mayo de 2023,"Tuve un problema con el apartamento y me lo solucionaron super rápido.Està muy bien ubicado sin estar en pleno centro, con lo que se puede aparcar gratis en la calle con facilidad.",Todo genial,"['•Viaje de negocios', '•Persona que viaja sola', '•Apartamento Estudio', '•Estancia de 1 noche']"
Leire,España,10.0,Escrito en 4 de mayo de 2023,ubicación,las vistas,"['•Pareja', '•Apartamento de 1 dormitorio', '•Estancia de 1 noche', '•Enviado por móvil']"
Olga,España,8.0,Escrito en 4 de mayo de 2023,"Apartamento espacioso y muy cerca del centro, con utensilios de cocina y baño muy grande",El sofá cama no es muy cómodo,"['•Viaje de ocio', '•Familia con niños pequeños', '•Apartamento de 2 dormitorios', '•Estancia de 2 noches', '•Enviado por móvil']"
Francisco,España,9.0,Escrito en 4 de mayo de 2023,El apartamento fue muy cómodo y la atención telefónica muy efeciente,Que no hubiera nadie en recepción y todo fuera online,"['•Viaje de ocio', '•Familia con niños pequeños', '•Apartamento de 1 dormitorio', '•Estancia de 2 noches']"
Cristina,España,9.0,Escrito en 3 de mayo de 2023,"Ubicación, facilidad de parking en las inmediaciones y la facilidad del check in.La habitacion esta totalmente equipada para un par de dias en la ciudad.",Las vistas desde la ventana daban a un patio trasero.,"['•Viaje de ocio', '•Pareja', '•Apartamento Estudio', '•Estancia de 1 noche']"
Silvia,España,9.0,Escrito en 3 de mayo de 2023,ubicacion,lo de entran con codigos me causo cierto nerviosismo porque no llegabamos a recibir el mail con el numero de apartamento. Hubiera preferido poder ser atendido personalmente por alguien,"['•Viaje de ocio', '•Grupo', '•Apartamento de 1 dormitorio', '•Estancia de 4 noches']"
Saray,España,10.0,Escrito en 2 de mayo de 2023,todo,"poco menaje, teniendo en cuenta q hay lavavajillas…","['•Viaje de ocio', '•Familia con niños pequeños', '•Apartamento de 1 dormitorio', '•Estancia de 2 noches', '•Enviado por móvil']"
Lorena,España,8.0,Escrito en 2 de mayo de 2023,"La ubicación genial, a 6 min caminando del casco viejo. En plena calle principal de Vitoria. Apartahotel muy limpio, cómodo y nuevo. En la cocina variedad de utensilios, lavavajillas, lavadora… En el baño hay secador. 
El chek in es sencillo y en el momento que consigues el codigo de la llave es sencillo acceder.","Hay parking, pero son 14€/dia. Nosotras hemos aparcado en los alrededores, hay bastante “zona blanca”.
El desayuno que ofrecen podría ser mucho mejor y completo.
Éramos 3 personas y solamente teniamos 2 toallas, no hay personal en el hotel, es todo por internet, he intentado ponerme en contacto para solucionar el problema, pero hablar con un robot es un poco difícil…😵‍💫","['•Viaje de ocio', '•Grupo', '•Apartamento de 1 dormitorio', '•Estancia de 1 noche', '•Enviado por móvil']"
Ana,España,8.0,Escrito en 30 de abril de 2023,La habitación cómoda y amplia.,"El mantenimiento de la habitación, las cortinas estaban rotas y no se podían cerrar para tener intimidad, la cisterna del baño no tenía suficiente potencia y la escobilla se rompía.","['•Viaje de ocio', '•Familia con niños pequeños', '•Apartamento de 1 dormitorio', '•Estancia de 1 noche', '•Enviado por móvil']"
Zurineka,España,10.0,Escrito en 25 de abril de 2023,La ubicación y la limpieza.,"Tener q hacer todo on line y la incertidumbre de claves y horarios. 
Pero todo salió perfecto para la primera vez q reservábamos con este sistema y no ser expertos en las nuevas formas de hotel sin personal.","['•Viaje de ocio', '•Familia con niños pequeños', '•Apartamento de 2 dormitorios', '•Estancia de 2 noches', '•Enviado por móvil']"
María,España,10.0,Escrito en 19 de abril de 2023,Buena porque para nuestros asuntos de maravilla,,"['•Viaje de ocio', '•Pareja', '•Apartamento de 1 dormitorio', '•Estancia de 1 noche']"
Baltasar,España,8.0,Escrito en 19 de abril de 2023,Las instalaciones,El check-in on line es el peor que he visto. No llega a escanear el DNI por lo que hay que cumplimentar todos los datos de los viajeros en el hall. Cuando reservas te cargan 1 euro que no te devuelven y que no figura en el precio de la habitación,"['•Viaje de ocio', '•Pareja', '•Apartamento de 1 dormitorio', '•Estancia de 1 noche', '•Enviado por móvil']"
Raquel,España,7.0,Escrito en 18 de abril de 2023,Ubicación y sentir que había lo necesario,El horario. Quizas la salida mejor a las 12:00. Y el horario del parking que se pueda usar más tiempo,"['•Viaje de ocio', '•Familia con niños pequeños', '•Apartamento de 1 dormitorio', '•Estancia de 1 noche', '•Enviado por móvil']"
Japaspe,España,7.0,Escrito en 18 de abril de 2023,,Todo por internet. Muy impersonal. No puedes hablar con nadie si tienes problemas,"['•Viaje de negocios', '•Familia con niños pequeños', '•Apartamento de 1 dormitorio', '•Estancia de 1 noche', '•Enviado por móvil']"
Jaime,España,10.0,Escrito en 18 de abril de 2023,"Apartahotel impecable en todos los aspectos, limpieza, modernidad, servicios. Una maravilla de alojamiento",,"['•Viaje de ocio', '•Familia con niños pequeños', '•Apartamento de 2 dormitorios', '•Estancia de 1 noche', '•Enviado por móvil']"
Itsaso,España,7.0,Escrito en 17 de abril de 2023,"Ubicación perfecta. Ático con terraza espacioso luminoso y cómodo. La limpieza correcta aunque se podría mejorar. 
Ningún problema de acceso.
Todo correcto.","Quizá la limpieza de zonas comunes. Aún así, nada grave.","['•Viaje de ocio', '•Pareja', '•Apartamento con terraza', '•Estancia de 2 noches', '•Enviado por móvil']"
Soledad,España,10.0,Escrito en 17 de abril de 2023,Son apartamentos grandes limpios y muy silenciosos.,,"['•Viaje de ocio', '•Grupo', '•Apartamento de 1 dormitorio', '•Estancia de 2 noches']"
Alberto,España,8.0,Escrito en 17 de abril de 2023,"La ubicación es muy buena, cerca del casco histórico. Buena insonorización de las habitaciones.","El colchón del sofá cama, es muy mejorable.","['•Viaje de ocio', '•Familia con niños pequeños', '•Apartamento de 1 dormitorio', '•Estancia de 2 noches']"
Igor,España,8.0,Escrito en 17 de abril de 2023,todo genial,el proceso de check-in y obtención de la llave no es apto para cualquiera…,"['•Viaje de ocio', '•Grupo', '•Apartamento de 1 dormitorio', '•Estancia de 1 noche', '•Enviado por móvil']"
Antonio,España,9.0,Escrito en 16 de abril de 2023,"Buen apartamento equipado con todo lo necesario.
Buena ubicación.",Nada que detallar.,"['•Viaje de ocio', '•Pareja', '•Apartamento de 1 dormitorio', '•Estancia de 1 noche', '•Enviado por móvil']"
Marivi,España,10.0,Escrito en 15 de abril de 2023,"La relación calidad-precio, la ubicación, la limpieza y las instalaciones",Nada,"['•Viaje de ocio', '•Familia con niños pequeños', '•Apartamento de 1 dormitorio', '•Estancia de 3 noches', '•Enviado por móvil']"
Montse,España,10.0,Escrito en 15 de abril de 2023,Perfecta ubicación e instalaciones.,Todo perfecto para mi gusto.,"['•Viaje de ocio', '•Persona que viaja sola', '•Apartamento de 1 dormitorio', '•Estancia de 1 noche', '•Enviado por móvil']"
Clarissa,Argentina,8.0,Escrito en 13 de abril de 2023,,Pueden prescindir del desayuno. Me lo cobraron dos veces!  Cuando hice la reserva que lo pagué con desayuno incluido y al querer hacer el check aut no me dejaban hacerlo on line porque decía falta pagar su desayuno!,"['•Viaje de ocio', '•Familia con niños pequeños', '•Apartamento de 1 dormitorio', '•Estancia de 1 noche', '•Enviado por móvil']"
Aitor,España,10.0,Escrito en 13 de abril de 2023,La ubicación. Cerca de todo. Además tiene un supermercado justo al lado. Las instalaciones muy bien también. Todo muy limpio. Muy recomendable. Cumplió mis expectativas. Sin duda si vuelvo a dormir en Vitoria-Gasteiz repetiré.,"Por poner un pero, y sólo por poner algo malo, las almohadas y el colchón me parecieron demasiado blandas, pero es un tema muy personal, entiendo que quizá a otros huéspedes les pareciera correcto.","['•Viaje de ocio', '•Familia con niños pequeños', '•Apartamento de 1 dormitorio', '•Estancia de 3 noches', '•Enviado por móvil']"
Mercodes,España,9.0,Escrito en 27 de marzo de 2023,"Ubicación, servicios,",Todo correcto,"['•Viaje de negocios', '•Grupo', '•Apartamento de 2 dormitorios', '•Estancia de 2 noches']"
Olga,España,9.0,Escrito en 25 de marzo de 2023,"Ubicación excelente. Apartamento amplio, cómodo y son nada de ruido. Con lo necesario para, en nuestro caso, una estancia corta.",Quizá pienso que con dos ascensores se queda corto para la cantidad de apartamentos que hay,"['•Viaje de ocio', '•Pareja', '•Apartamento de 1 dormitorio', '•Estancia de 6 noches', '•Enviado por móvil']"
Alvaro,España,9.0,Escrito en 24 de marzo de 2023,"Zona blanca alrededor para aparcar, apartamento amplio, limpio, comodo y bien equipado. Aunque no veas a nadie de personal al llamar al telefonillo de la puerta en seguida me ayudaron.",Me faltó un kit de cocina al menos con un estropajo y una balleta.,"['•Viaje de ocio', '•Familia con niños pequeños', '•Apartamento de 1 dormitorio', '•Estancia de 5 noches', '•Enviado por móvil']"
Cristina,España,10.0,Escrito en 21 de marzo de 2023,todo,nada,"['•Viaje de negocios', '•Grupo', '•Apartamento de 1 dormitorio', '•Estancia de 2 noches', '•Enviado por móvil']"
José,España,10.0,Escrito en 21 de marzo de 2023,"Todo en general sobre todo el personal de portería. Que me ayudó  mucho con la informática,  muchas gracias.","No hay nada que no megustara, muchas gracias.","['•Viaje de ocio', '•Pareja', '•Apartamento de 1 dormitorio', '•Estancia de 1 noche', '•Enviado por móvil']"
Maria,España,8.0,Escrito en 20 de marzo de 2023,ubicación y comodidad del apartamento,la limpieza un poco mejorable aunque no es que estuviera muy sucio,"['•Viaje de ocio', '•Familia con niños pequeños', '•Apartamento de 1 dormitorio', '•Estancia de 2 noches', '•Enviado por móvil']"
David,España,7.0,Escrito en 20 de marzo de 2023,limpio y bien ubicado,"ajustar el precio en un establecimiento sin atención en personacuidar pequeños detalles","['•Viaje de ocio', '•Familia con niños pequeños', '•Apartamento de 1 dormitorio', '•Estancia de 2 noches']"
Montserrat,España,10.0,Escrito en 20 de marzo de 2023,"muy acogedor y todo muy bien detallado (cocina, secador, toallas…)",,"['•Viaje de ocio', '•Familia con niños pequeños', '•Apartamento de 1 dormitorio', '•Estancia de 2 noches', '•Enviado por móvil']"
Tesbos,España,9.0,Escrito en 19 de marzo de 2023,"La ubicación, limpieza y silencio","Faltaban servilletas de papel y un trapo de cocina, por ponerle alguna pega","['•Viaje de ocio', '•Familia con niños pequeños', '•Apartamento de 1 dormitorio', '•Estancia de 2 noches', '•Enviado por móvil']"
Gaizka,España,9.0,Escrito en 19 de marzo de 2023,La instalación es muy cómoda,Faltaba un poco de limpieza,"['•Viaje de ocio', '•Familia con niños pequeños', '•Apartamento de 1 dormitorio', '•Estancia de 1 noche', '•Enviado por móvil']"
Idoiai,España,9.0,Escrito en 16 de marzo de 2023,"La ubicación
La limpieza",,"['•Viaje de ocio', '•Grupo de amigos', '•Apartamento de 1 dormitorio', '•Estancia de 1 noche', '•Enviado por móvil']"
Pilar,España,8.0,Escrito en 16 de marzo de 2023,"Apartamento muy amplio, cómodo, bien ubicado.",,"['•Viaje de ocio', '•Pareja', '•Apartamento de 1 dormitorio', '•Estancia de 1 noche', '•Enviado por móvil']"
Nerea,España,10.0,Escrito en 13 de marzo de 2023,Agradable y buena ubicación,La hora de salida del apartamento,"['•Viaje de ocio', '•Grupo', '•Apartamento de 2 dormitorios', '•Estancia de 1 noche', '•Enviado por móvil']"
Carlos,España,9.0,Escrito en 12 de marzo de 2023,Apartamentos modernos y prácticos. Buena ubicación.,"Al no haber recepción física, llegamos 5 minutos antes de las 15h y no es posible entrar en la habitación hasta que sea la hora exacta independientemente de que la habitación esté lista. Es lo que tienen máquinas...","['•Viaje de ocio', '•Familia con niños pequeños', '•Apartamento de 1 dormitorio', '•Estancia de 1 noche', '•Enviado por móvil']"
Mikel,España,8.0,Escrito en 12 de marzo de 2023,La ubicación es muy buena. El entorno es tranquilo. La habitación dispone de todas las facilidades. El baño es muy amplio y la cama muy cómoda,"La ducha no tiene plato, ni está separada del propio baño por mampara. No tragaba bien el agua y todo el baño se llenaba de agua, aunque entiendo que es un problema puntual en nuestra habitación, del que dimos parte al servicio para que lo reparen","['•Viaje de ocio', '•Pareja', '•Apartamento Estudio', '•Estancia de 1 noche', '•Enviado por móvil']"
Isra,España,7.0,Escrito en 9 de marzo de 2023,"moderno, bastante limpio",no había papel de wc y aun poniendo el termostato a 15 grados hizo mucha calor toda la noche.,"['•Viaje de ocio', '•Familia con niños pequeños', '•Apartamento de 1 dormitorio', '•Estancia de 1 noche', '•Enviado por móvil']"
Pamela,España,10.0,Escrito en 8 de marzo de 2023,"La ubicación super cerca al casco antiguo, de las tiendas y a 20 min andando a la estación central de Vitoria  y la limpieza de apartamento en general. Tenia todo lo necesario para cocinar y comer.","El colchón del sofá cama. Tenía moho la parte de abajo y era un poco incómodo. Pero lo demás de lo lujo.
La forma del check-in es todo online o por app.
Recomiendo apuntar en un papel el número para abrir las puertas, porque si te quedas sin batería no podrás abrir, pero no obstante hay un telefonillo para que puedan ayudar.","['•Viaje de ocio', '•Familia con niños pequeños', '•Apartamento de 1 dormitorio', '•Estancia de 3 noches', '•Enviado por móvil']"
Gómez,España,9.0,Escrito en 7 de marzo de 2023,"Ubicación, limpieza","No hay personal, es todo virtual. No esperes que haya sal o aceite en la cocina","['•Viaje de ocio', '•Familia con niños pequeños', '•Apartamento de 1 dormitorio', '•Estancia de 1 noche', '•Enviado por móvil']"
Vanesa,España,9.0,Escrito en 7 de marzo de 2023,todo,,"['•Viaje de ocio', '•Familia con niños pequeños', '•Apartamento de 1 dormitorio', '•Estancia de 1 noche', '•Enviado por móvil']"
Naya,España,8.0,Escrito en 6 de marzo de 2023,Muy cómodo y tranquilo. Muy bien ubicado y muy limpio.,"Es muy impersonal, pero tampoco es que sea negativo. Nosotros no tuvimos ningún problema para entrar o registrarnos.","['•Viaje de ocio', '•Familia con niños pequeños', '•Apartamento de 1 dormitorio', '•Estancia de 1 noche', '•Enviado por móvil']"
Jose,España,10.0,Escrito en 3 de marzo de 2023,"Todo en general.Apartamento y ubicación de 10.",,"['•Viaje de ocio', '•Familia con niños pequeños', '•Apartamento de 1 dormitorio', '•Estancia de 1 noche', '•Enviado por móvil']"
Marina,España,9.0,Escrito en 3 de marzo de 2023,"Apartamento amplio, limpio y completamente equipado. Muy acogedor, estuvimos solo una noche y nos dio pena no poder aprovecharlo más. Cama cómoda. Hay aparcamiento gratis en las calles de alrededor. No hay recepción física, pero el acceso con claves fue rápido y sencillo. Se puede ir caminando al Casco Viejo.",,"['•Viaje de ocio', '•Pareja', '•Apartamento de 1 dormitorio', '•Estancia de 1 noche', '•Enviado por móvil']"
Daniel,España,10.0,Escrito en 1 de marzo de 2023,"La cama XL, el suelo calefactado, el pack del desayuno. Se nota que está todo cuidado con mucho detalle.",,"['•Viaje de negocios', '•Persona que viaja sola', '•Apartamento Estudio', '•Estancia de 1 noche', '•Enviado por móvil']"
Verónica,España,9.0,Escrito en 24 de febrero de 2023,"Apartamiento cómodo, nuevo y con todo lo necesario.",Se oye demasiado el ruido de la calle.,"['•Viaje de ocio', '•Grupo de amigos', '•Apartamento de 1 dormitorio', '•Estancia de 1 noche', '•Enviado por móvil']"
Sheyla,España,8.0,Escrito en 23 de febrero de 2023,"La ubicación es perfecta. Tiene parking el propio alojamiento y eso es un plus.
El alojamiento cumple con lo necesario.","Para nuestro gusto, para ser un hotel de dos estrellas el sofá -cama debería tener mejor calidad.
El colchón era muy fino y la estructura muy floja que parecía que te ibas al suelo.","['•Viaje de ocio', '•Familia con niños pequeños', '•Apartamento de 2 dormitorios', '•Estancia de 1 noche', '•Enviado por móvil']"
Garazi,España,10.0,Escrito en 7 de enero de 2023,"Ubicacion muy céntrica, muy bien equipada, simple y elegante. Top para ir en familia.",Lo unico que no nos gustó fue el sofá cama. Todo lo demás maravilloso.,"['•Viaje de ocio', '•Familia con niños pequeños', '•Apartamento de 1 dormitorio', '•Estancia de 2 noches', '•Enviado por móvil']"
Silvare,España,8.0,Escrito en 6 de enero de 2023,La ubicación y la comunicación con el personal,No hay extractor de olores en el baño y la cama del sofá no tiene funda para el nórdico,"['•Viaje de ocio', '•Familia con niños pequeños', '•Apartamento de 1 dormitorio', '•Estancia de 3 noches', '•Enviado por móvil']"
Cristina,España,9.0,Escrito en 6 de enero de 2023,Muy cerca del centro.,Las almohadas.,"['•Viaje de ocio', '•Familia con niños pequeños', '•Apartamento Estudio', '•Estancia de 2 noches', '•Enviado por móvil']"
Natalves,España,10.0,Escrito en 6 de enero de 2023,"Excepcional, nos ha gustado todo, ubicación, limpieza, decoración, cómodo, amplio, calentito y muy bien aislado. Cocina equipada con microondas, inducción, tostadora, lavavajillas, lavadora, cafetera Nespresso y todos los utensilios para cuatro personas. Plato de ducha gigante. 
Muy cómodo, rápido y práctico el chec-in.",,"['•Viaje de ocio', '•Familia con niños pequeños', '•Apartamento de 1 dormitorio', '•Estancia de 2 noches', '•Enviado por móvil']"
Silvia_ramir,España,10.0,Escrito en 5 de enero de 2023,La ubicación perfecta,La entrada a las 15 horas podía ser antes,"['•Viaje de ocio', '•Familia con niños pequeños', '•Apartamento de 1 dormitorio', '•Estancia de 2 noches', '•Enviado por móvil']"
Ana,España,8.0,Escrito en 5 de enero de 2023,diseño,faltaba limpieza en vasos platos etc,"['•Viaje de ocio', '•Familia con niños pequeños', '•Apartamento de 1 dormitorio', '•Estancia de 2 noches', '•Enviado por móvil']"
Juan,España,9.0,Escrito en 4 de enero de 2023,alojamiento nuevo con todas las comodidades.  muy cerca del centro y con zona libre de pago para aparcar en los alrededores.,algunos desperfectos efectuados por los huéspedes. pero esto no es culpa del alojamiento.,"['•Viaje de ocio', '•Familia con niños pequeños', '•Apartamento de 1 dormitorio', '•Estancia de 1 noche', '•Enviado por móvil']"
Oscar,España,10.0,Escrito en 4 de enero de 2023,"Apartamentos perfectamente equipados, modernos. de diseño y muy limpios. Ubicación excepcional.",,"['•Viaje de ocio', '•Familia con niños pequeños', '•Apartamento de 1 dormitorio', '•Estancia de 1 noche', '•Enviado por móvil']"
Alaitz,España,10.0,Escrito en 4 de enero de 2023,"La limpieza, la ubicación y la facilidad en el check-in.",,"['•Viaje de ocio', '•Familia con niños pequeños', '•Apartamento de 1 dormitorio', '•Estancia de 2 noches', '•Enviado por móvil']"
Lgarrigosa,España,7.0,Escrito en 4 de enero de 2023,"Podria mejorarse,",,"['•Viaje de ocio', '•Pareja', '•Apartamento Estudio', '•Estancia de 3 noches']"
Irene,España,9.0,Escrito en 4 de enero de 2023,ubicación y espacio limpio y en condiciones,,"['•Viaje de ocio', '•Familia con niños pequeños', '•Apartamento de 1 dormitorio', '•Estancia de 1 noche', '•Enviado por móvil']"
Ismael,España,7.0,Escrito en 4 de enero de 2023,Buena ubicación. Cocina con equipamiento correcto.,Ropa para el sofá cama escasa,"['•Viaje de ocio', '•Familia con niños pequeños', '•Apartamento de 1 dormitorio', '•Estancia de 3 noches', '•Enviado por móvil']"
Rosa,España,7.0,Escrito en 3 de enero de 2023,Buena distribución del espacio,"No pudimos alargar unas horas la estancia.
No nos dejaron suficiente gel y champú.
Vistas poco agradables.","['•Viaje de ocio', '•Familia con niños pequeños', '•Apartamento de 1 dormitorio', '•Estancia de 1 noche', '•Enviado por móvil']"
Angel,España,10.0,Escrito en 3 de enero de 2023,Todo,,"['•Viaje de ocio', '•Familia con niños pequeños', '•Apartamento de 1 dormitorio', '•Estancia de 2 noches', '•Enviado por móvil']"
Elena,España,6.0,Escrito en 1 de enero de 2026,La ubicación,"Que sea tan impersonal: no tener personas trabajando en recepción.
El sofá cama incómodo.","['•Viaje de ocio', '•Persona que viaja sola', '•Apartamento de 1 dormitorio', '•Estancia de 1 noche', '•Enviado por móvil']"
Lopez,España,4.0,Escrito en 26 de noviembre de 2025,El personal y la Ubicacion,Es un poco cutre para el precio que tiene.,"['•Viaje de negocios', '•Pareja', '•Apartamento Estudio', '•Estancia de 4 noches', '•Enviado por móvil']"
Rober,España,6.0,Escrito en 16 de noviembre de 2025,"La ubicación perfecta, lugar tranquilo y perfectamente situado.","Las camas y el sofá cama es indigno para un alojamiento de 190€ la noche. La habitación huele a perro, puesto que esta permitido el acceso de mascotas y el olor no desaparece si no se limpia a conciencia.","['•Viaje de ocio', '•Pareja', '•Apartamento de 1 dormitorio', '•Estancia de 1 noche', '•Enviado por móvil']"
Nuria,España,1.0,Escrito en 5 de noviembre de 2025,"No puedo valorar la reserva, cuando Booking me cancelo la reserva el mismo dia por la mañana. Sin ningun tipo de explicacionTenia pagado el alojamienot desde hacia 2 dias, y habia hecho el ckeking el dia antes, recibiendo el codigo para poder entrar.Hice el viaje a Vitoria, en vano. No habia disponibilidad de habitaciones en Vitoria.Booking realmente mal.",,"['•Viaje de negocios', '•Persona que viaja sola', '•Apartamento de 1 dormitorio', '•Estancia de 2 noches']"
Eva,España,6.0,Escrito en 14 de septiembre de 2025,"La localización, no muy lejos del centro pero tampoco en medio de la fiesta.
Las toallas, eran grandes y maravillosas.","Muy caro para lo pequeño que es, dormí en el sofá cama y se hundía, estaba muy trillado y no me podía mover por el ruido que hacía. Solo dos butacas para comer cuando me lo vendes como un apartamento para tres?","['•Viaje de ocio', '•Familia con niños pequeños', '•Apartamento de 1 dormitorio', '•Estancia de 1 noche', '•Enviado por móvil']"
Marina,España,6.0,Escrito en 24 de agosto de 2025,"Ubicación, zona con mucho aparcamiento y a 15 minutos andando del centro. 
Bien aislado de ruidos.","El apartamento estaba bien pero algo sucio. 
Las fundas del edredón y de las almohadas del sofá cama parecía  que estaban sin lavar y algunas toallas de la ducha tenian un color amarillento.  El resto de sábanas estaban bien. 
En el suelo habia manchas también. 
La tostadora no funcionaba y el sofá cama estaba un poco deteriorado, pero pudimos usarlo.
Únicamente pasamos una noche y no intentamos solucionarlo, así que no puedo valorar el servicio de recepción.","['•Viaje de ocio', '•Familia con niños pequeños', '•Apartamento de 2 dormitorios', '•Estancia de 1 noche', '•Enviado por móvil']"
Aplaca2,España,4.0,Escrito en 22 de agosto de 2025,El apartamento era bonito y está en una buena zona,"No entendemos como no hay un mantenimiento de la habitación diario o cada 2 dias. Solo ofrecen uno gratuito cada 8 días de estancia. Siendo así, no entendemos tampoco que no dejen un kit de limpieza básico. La estancia no incluye nada de eso, todo es a base de pagar extras. Limpieza un extra, kit de limpieza otro extra, entrada al hotel antes de las 3 otro extra y así con todo. 
Por otro lado el sofá cama está totalmente destrozado, es como un acordeón que se hunde por todos lados. Así como las almohadas, no pueden ser más incómodas, dónde apoyas la cabeza se queda sin relleno y se va para los lados.","['•Viaje de ocio', '•Familia con niños pequeños', '•Apartamento de 1 dormitorio', '•Estancia de 5 noches', '•Enviado por móvil']"
Geno,España,5.0,Escrito en 19 de agosto de 2025,Las vista,"Salía poca presión del grifo de la ducha del lavabo ,","['•Viaje de ocio', '•Familia con niños pequeños', '•Apartamento con terraza', '•Estancia de 7 noches', '•Enviado por móvil']"
Jose,España,3.0,Escrito en 11 de agosto de 2025,Situación,El acceso a la puerta de la habitación dejó de funcionar al día siguiente de entrar. El sofá cama es muy incómodo. Nos Dan información incorrecta con el horario de desayuno.,"['•Viaje de ocio', '•Familia con niños pequeños', '•Apartamento de 1 dormitorio', '•Estancia de 1 noche', '•Enviado por móvil']"
Roberto,España,6.0,Escrito en 6 de agosto de 2025,Ubicación e instalaciones,La cama sofá estaba rota e incómoda,"['•Viaje de ocio', '•Grupo de amigos', '•Apartamento de 1 dormitorio', '•Estancia de 2 noches', '•Enviado por móvil']"
Cristina,España,6.0,Escrito en 21 de julio de 2025,"La ubicación excelente, pero en el apartamento había cosas mal, como el sofá muy incómodo y los grifos del baño no iban bien.",La presión del agua en la ducha.,"['•Viaje de ocio', '•Pareja', '•Apartamento de 1 dormitorio', '•Estancia de 5 noches', '•Enviado por móvil']"
David,España,6.0,Escrito en 14 de septiembre de 2024,Limpieza y ubicación,"Para 4 personas, solo tenga una habitación y un sofá cama, siendo estw sofá bastante incómodo.","['•Viaje de ocio', '•Familia con niños pequeños', '•Apartamento de 1 dormitorio', '•Estancia de 1 noche', '•Enviado por móvil']"
Betzabe,España,1.0,Escrito en 11 de septiembre de 2024,La abitacion o el apartamento muy bien peor k había mantas un frío,La atención,"['•Viaje de negocios', '•Grupo de amigos', '•Apartamento de 1 dormitorio', '•Estancia de 2 noches', '•Enviado por móvil']"
Encarnación,España,6.0,Escrito en 11 de septiembre de 2024,"La ubicación y decoración del apartamento, así como el mensaje de cocina y las toallas",La cama supletoria del sofá cama es horrorosamente incómoda y no tenía almohada.,"['•Viaje de ocio', '•Familia con niños pequeños', '•Apartamento de 1 dormitorio', '•Estancia de 1 noche', '•Enviado por móvil']"
Adrian,España,6.0,Escrito en 8 de septiembre de 2024,La automatizacion de las llaves y el check in check out,Que no habia shampoo solo gel,"['•Viaje de ocio', '•Grupo de amigos', '•Apartamento de 1 dormitorio', '•Estancia de 2 noches', '•Enviado por móvil']"
María,España,4.0,Escrito en 2 de septiembre de 2024,,"El aire funcionaba más en la habitación que el salón, ni aunque lo aumentara de potencia. Olía a desagüe todo el apartamento. No dejan para fregar, lo tienes que solicitar, aunque gratis. Solicité salir más tarde por 15€, al mandarnos el mail para pagarlo el enlace estaba mal y no había manera de pagarlo según nos decían por Wasap. Tampoco había nadie en recepción a las 10:00 un domingo. Falta mantenimiento, se sujetaban las puertas del mueble del salón con un cartón doblado.","['•Viaje de ocio', '•Familia con niños pequeños', '•Apartamento de 1 dormitorio', '•Estancia de 2 noches', '•Enviado por móvil']"
Ana,España,6.0,Escrito en 30 de agosto de 2024,Muy limpio y nuevo. Buena ubicación,"Más que un aparthotel son apartamentos individuales pero que los duplican con un sofacama bastante incomodo para dormir. Para dos personas es caro y para cuatro es pequeño.No hay servicio de limpieza durante la estancia.","['•Viaje de ocio', '•Grupo', '•Apartamento de 1 dormitorio', '•Estancia de 3 noches', '•Enviado por móvil']"
Maria,España,5.0,Escrito en 25 de agosto de 2024,"Moderno, amplio para los 4, luminoso","El sofá cama con los muelles hundidos te clavas los hierros.  Durmiendo en el suelo con in colchón también fino y deformado salvamos la 1ra noche. Lo mejoraron algo tensando un muelle para la 2da noche, pero lo que hay q hacer es cambiar el mobiliario","['•Viaje de ocio', '•Familia con niños pequeños', '•Apartamento de 1 dormitorio', '•Estancia de 2 noches', '•Enviado por móvil']"
Ana,España,4.0,Escrito en 21 de agosto de 2024,"Fueron muy amables porque teníamos que dejar el parking a las 11:00 y nos dejaron hasta las 15;00 , la ubicación era perfecta.","La verdad me defraudó la limpieza , las paredes muy sucias y con telarañas , los muebles y sofá tampoco estaban limpios, el sofá cama muy incómodo","['•Viaje de ocio', '•Familia con niños pequeños', '•Apartamento de 2 dormitorios', '•Estancia de 1 noche', '•Enviado por móvil']"
Rosa,España,2.0,Escrito en 11 de agosto de 2024,,"Por la noche nos atendio una chica muy bien.Pero señalar que a la salida del dia siguiente una joven muy mal educada, seca y sin atendernos nos dijo que no existia la posibilidad de dejar las maletas y que debiamos salir a las 11:00.Francamente mal atendudos y sin educacion ni explicacion, no dio opcion a nada ni explicacion","['•Viaje de ocio', '•Grupo', '•Apartamento de 1 dormitorio', '•Estancia de 1 noche', '•Enviado por móvil']"
Dalila,España,6.0,Escrito en 11 de agosto de 2024,La ubicación,"El alojamiento está muy bien para dos personas. Éramos tres y el sofá cama asignado ocupaba todo el espacio, crujía en cada movimiento y no era cómodo.
Reservamos para tres, confiando en tener confort para los tres, pero no fue así.
Deberían dejar claro, al hacer la reserva, que no hay personal, que toda la relación es virtual, incluida la activación de la llave, que nos complicó la vida, porque somos mayores y nos estresa el manejo de cuentas, contraseñas, transferencias, casi en la puerta del hotel.","['•Viaje de ocio', '•Familia con niños pequeños', '•Apartamento de 1 dormitorio', '•Estancia de 4 noches', '•Enviado por móvil']"
Antonio,España,1.0,Escrito en 31 de julio de 2024,La ubicación,No es lo q esperaba 4 noches sin limpieza habitación ni contacto con recepción,"['•Pareja', '•Apartamento Estudio', '•Estancia de 4 noches', '•Enviado por móvil']"
Manolo,España,5.0,Escrito en 24 de julio de 2024,La ubicacion,,"['•Familia con niños pequeños', '•Apartamento Estudio', '•Estancia de 4 noches', '•Enviado por móvil']"
Javier,España,4.0,Escrito en 18 de julio de 2024,Su situación  y el parking,El sofá cama es una condena  y si llego a saberlo no contrato el desayuno. Mira que no tienen pan para una tostada,"['•Viaje de ocio', '•Familia con niños pequeños', '•Apartamento de 1 dormitorio', '•Estancia de 2 noches', '•Enviado por móvil']"
Adriana,España,3.0,Escrito en 17 de julio de 2024,El alojamiento bonito y limpio,Ruidos toda la noche y una señora a las 11 nos abrió la puerta,"['•Viaje de ocio', '•Pareja', '•Apartamento Estudio', '•Estancia de 1 noche', '•Enviado por móvil']"
Antoni,España,6.0,Escrito en 12 de julio de 2024,"El hotel es confortable , comodo y con sensación de limpio.  El parking ok","Hice la reserva por Booking , la reserva era no reembolsable  pero hasta que no confirme el pago con tarjeta no me salto todo el formulario impuesto por Libere Victoria. imponiendome el check in on line, firmas digitales , fotografia digital , generando hasta 11 emails con codigos de confirmación y un largo etc . no enviandome el numero de habitación hasta el mismo dia a partir de las 15h. y un largo etc Que quitan calidad de vida al viajero.  Lo peor de todo es que no avisan previamente de esta opción no pudiendo cancelar previamente. MI IDEA DE LA HOSPITALIDAD Y EL SERVICIO ES OTRA QUE TODO ESTO. Yo si viajo por trabajo y me tengo que estar preocupando de check in de iberia que no te permite hasta 24h antes , del check in de Libere y un largo etc.   mal vamos ya que yo pago por servicios y mi preocupación principal tiene que ser mi actividad profesional. y todo para ahorrarse recepcionistas y personal . Al fina yo pago el servicio como si los hubiera.","['•Viaje de negocios', '•Persona que viaja sola', '•Apartamento de 2 dormitorios', '•Estancia de 1 noche']"
Camilo,España,6.0,Escrito en 5 de julio de 2024,La ubicación y lo nuevo que se veía.,"La falta de limpieza, era muy superficial, daba asco. El aire acondicionado estaba roto, el olor de habitación 311 era insoportable, el ascensor se estropeaba, no habían sábanas de más por si te daba frío y la atención de los trabajadores fue buena, eran muy simpáticos pero que fuese todo digital y telemático era complicado y mis familiares mayores no sabían usarlo con facilidad faltaba alguien en recepción a quien poder ir a consultar físicamente las cosas.","['•Familia con niños pequeños', '•Apartamento de 1 dormitorio', '•Estancia de 3 noches', '•Enviado por móvil']"
Ramon,España,6.0,Escrito en 2 de julio de 2024,La habitacion,Que no haya nada de personal,"['•Familia con niños pequeños', '•Apartamento de 1 dormitorio', '•Estancia de 2 noches', '•Enviado por móvil']"
Elizabeth,España,5.0,Escrito en 30 de junio de 2024,La ubicación y el parking.,No funcionaba el aire acondicionado y el sofa-cama era muy incomodo.,"['•Familia con niños pequeños', '•Apartamento de 1 dormitorio', '•Estancia de 2 noches', '•Enviado por móvil']"
Raisa,España,5.0,Escrito en 23 de junio de 2024,Muy céntrico.,"Los cristales estaban sucios, una de las mesillas de noche estaba rota y tan inclinada que no se podía usar porque se caía cualquier cosa que posarás en ella. El servicio de habitaciones y el personal directamente no existen. Nos alojamos allí durante el Azkena, fecha en la que inflan los precios.","['•Viaje de ocio', '•Familia con niños pequeños', '•Apartamento Estudio', '•Estancia de 3 noches', '•Enviado por móvil']"
Kike,España,6.0,Escrito en 17 de junio de 2024,La habitación y era amplio,Pedi habitación 2 camas. Y obtuve 1 cama y sofá. No me pudieron adaptar. A pesar de que lo comunique a booking.com.,"['•Viaje de ocio', '•Familia con niños pequeños', '•Apartamento de 1 dormitorio', '•Estancia de 1 noche', '•Enviado por móvil']"
Marta,España,6.0,Escrito en 9 de junio de 2024,La ubicación y la distribución. Muy bien equipado para comer allí si querías pero también cerca de todos los lugares para poder hacer turismo de calidad. Con parking muy cómodo,El lavavajillas se estropeó. Sospecho que estaba estropeado desde el principio. Pero fuimos a ponerlo el último día (ya que no hicimos muchas comidas allí). Avisamos y nos dijeron que irian mientras estabamos en la habitación. Nos tuvimos que ir y no había venido nadie. Volvimos y el lavavajillas siguió sin funcionar. Luego nos ofrecieron una devolución del 30% de los días afectados (según ellos el último cuando la realidad es que  no lo usamos en ningun momento). De todas formas dicha ddevolución nunca llegó.,"['•Viaje de ocio', '•Pareja', '•Apartamento de 1 dormitorio', '•Estancia de 5 noches']"
Raquel,España,6.0,Escrito en 2 de junio de 2024,"La ubicación.Es bonito pero poco práctico.","No hay nadie en recepción, si tienes un problema tienes que llamar por teléfono.El sofá cama es muy incómodo, dormimos fatal. Hacía mucho calor a pesar del aire acondicionado (no funciona correctamente).La iluminación es escasa en todo el apartamento. Hace falta alguna balda en el cuarto de baño,.Por último, tienes que dejar la habitación a las 11 horas y no tienen ningún lugar donde guardarte el equipaje.","['•Viaje de ocio', '•Familia con niños pequeños', '•Apartamento de 1 dormitorio', '•Estancia de 2 noches']"
Raquel,España,6.0,Escrito en 5 de mayo de 2024,Se llega fácilmente y está limpio,No tenía agua caliente y nos dieron un apartamento adaptado que se encharcaba el baño completamente…. Tuvimos que quejarnos y nos cambiaron…. Pero no me parece que te den una habitación adaptada para maximizar beneficios….tampoco pudimos hacer el check out más tarde aunque lo ofrecían…. No nos ha gustado… no volveremos a alojarnos en ningún lugar más de esta cadena,"['•Viaje de ocio', '•Pareja', '•Apartamento Estudio', '•Estancia de 4 noches', '•Enviado por móvil']"
Carloseduardorfaria,España,2.0,Escrito en 2 de mayo de 2024,,"ME HAN COBRADO 150 EUROS DE MAS CUANDO SOY CLIENTE HABITUAL, PERO YA HE PUESTO LA RECLAMACION CON BOOKING","['•Viaje de negocios', '•Persona que viaja sola', '•Apartamento de 1 dormitorio', '•Estancia de 1 noche']"
Zoraida,España,6.0,Escrito en 29 de abril de 2024,La ubicación,Nos tocó en un bajo con las ventanas muy sucias,"['•Viaje de ocio', '•Familia con niños pequeños', '•Apartamento de 2 dormitorios', '•Estancia de 2 noches', '•Enviado por móvil']"
Monika,España,5.0,Escrito en 24 de agosto de 2023,Era confortable,Desproporcionado calidad-precio,"['•Viaje de ocio', '•Grupo de amigos', '•Apartamento de 1 dormitorio', '•Estancia de 2 noches', '•Enviado por móvil']"
Raúl,España,5.0,Escrito en 24 de agosto de 2023,La ubicación,Sofá cama incomodo,"['•Viaje de ocio', '•Familia con niños pequeños', '•Apartamento de 1 dormitorio', '•Estancia de 2 noches', '•Enviado por móvil']"
Sirguerra,España,5.0,Escrito en 23 de agosto de 2023,"La limpieza. Todo estaba perfectamente pulcro.El equipamiento de electrodomésticos, muy completo.","No entiendo que traten como críos a adultos que saben descargarse una app y con capacidad de abrir puertas mediante una clave digital: ¿a qué viene que las ventanas solo puedan abrirse dos dedos? Sin ventana a la que asomarse ni balcón, la sensación de agobio era enorme. Tampoco entiendo que no hubiese una bayeta de cocina para recoger tras la cena. ¿Debemos usar papel higiénico para arrastrar las migas? Por último, deberían revisar la, digamos, decoración de los rellanos: entiendo que en Vitoria hace considerable frío en invierno pero ¿moqueta alzul marino por todas partes? El ambiente era muy sórdido.","['•Viaje de ocio', '•Familia con niños pequeños', '•Apartamento de 1 dormitorio', '•Estancia de 1 noche']"
María,España,6.0,Escrito en 22 de agosto de 2023,"Las camas eran cómodas y la habitación espaciosa, con sitio para poner la ropa y dejar las maletas. La ubicación también bien, aunque no está en pleno centro, en unos 10 minutos andando, llegas.","La limpieza, tanto en el baño como en la cocina había suciedad (microondas, cubiertos, dispensador de jabón, ...). La ventana del salón tenía el pomo suelto y una de las puertas del mueble del salón no cerraba. Además se les olvidó poner el kit de limpieza que pedimos y las sábanas del sofá-cama, tuvimos que llamar para que lo trajeran. Otra cosa que echamos en falta fue algún tendedero para la ropa, porque no sirve de mucho que tenga lavadora, si no hay sitio para tender.","['•Viaje de ocio', '•Familia con niños pequeños', '•Apartamento de 1 dormitorio', '•Estancia de 2 noches', '•Enviado por móvil']"
Jose,España,3.0,Escrito en 14 de agosto de 2023,Situacion,"Reservamos un apartamento para no fumadores y cuando entramos el olor a tabaco era evidente, no de haber fumado  de forma puntual si no de ser un espacio en el que ae habia fumado de forma habitual.
Con el aire acondicionado tuvimos problemas. Segun nos informaron desde el telefono de la recepcion virtual estaba regulado para todo el edificio, no nos dijeron a que temperaturra. La solucion si teniamos era abrir las ventanas. Pasamos los dos dias con ellas abiertaa soportando el ruido se trafico de la calle y el sabado por la noche el ruido se la diiscoteca/pub que habia a pocos metros de la entrado. No pudimoa descansar!!","['•Viaje de ocio', '•Familia con niños pequeños', '•Apartamento de 1 dormitorio', '•Estancia de 2 noches', '•Enviado por móvil']"
Alba,España,5.0,Escrito en 13 de agosto de 2023,La ubicación.,"Para empezar era un apartamento con capacidad para 3 personas y nos metieron a 5 como se puede ver en el permiso del apartamento, lo cual dudo sea legal. A partir de ahí, sofá cama horrible, terminamos poniendo el colchón en el suelo, cubiertos insuficientes para 5, sillas y espacio insuficiente, cables sueltos, cuadro con cristal roto… Es una pena, porque podrían estar bien los apartamentos, primero si no metieran a más personas de su capacidad, al menos podrían poner un sofá cama decente, y luego darles un repasito, por seguridad.","['•Viaje de ocio', '•Familia con niños pequeños', '•Apartamento de 2 dormitorios', '•Estancia de 3 noches', '•Enviado por móvil']"
Raquel,España,5.0,Escrito en 11 de agosto de 2023,Muy centrico,Tuve un problema ya que se estropeó la tele .Avise ayer y nadie de mantenimiento a venido no se han puesto en contacto con nosotros. Que un complejo bastante grande no haya nadie personalmente que te pueda aclarar las dudas.,"['•Viaje de ocio', '•Familia con niños pequeños', '•Apartamento Estudio', '•Estancia de 4 noches', '•Enviado por móvil']"
Gema,España,1.0,Escrito en 11 de agosto de 2023,,"No funcionaba el aire acondicionado  y estabamos a a 36 grados.
No nos cambiaron de habitación..decían que estaba lleno y no habia..fue muy desagradable. No nos daban solución.","['•Viaje de ocio', '•Familia con niños pequeños', '•Apartamento de 1 dormitorio', '•Estancia de 1 noche', '•Enviado por móvil']"
Jairo,España,4.0,Escrito en 11 de agosto de 2023,Limpieza y está cuidado,"Que no se pueda abrir una ventana me parece claustrofóbico,hay gente que no lo lleva nada bien,en un apartamento tan Pequeño,sin una terraza y encima sin abrir una ventana ya que son abatibles y demasiado poco,es pésimo,lo digo sin ser fumador.","['•Viaje de ocio', '•Familia con niños pequeños', '•Apartamento de 1 dormitorio', '•Estancia de 1 noche', '•Enviado por móvil']"
Lmateo,España,4.0,Escrito en 10 de agosto de 2023,Ubicación y precio,"Falta de limpieza abismal, bastante sucio y descuidado. Mucho polvo acumulado de meses, manos y dedos en paredes y muebles. Sofá cama incomodísimo. Sábanas pequeñas para las camas.","['•Viaje de ocio', '•Familia con niños pequeños', '•Apartamento de 1 dormitorio', '•Estancia de 2 noches', '•Enviado por móvil']"
Ana,España,5.0,Escrito en 7 de agosto de 2023,,Hice reserva para dos adultos y dos niños. Cuando llegamos la cama de los niños no estaba abierta y nos costó algo de trabajo abrirla. Además solo pusieron toallas para 2 cuando éramos 4,"['•Viaje de ocio', '•Familia con niños pequeños', '•Apartamento de 1 dormitorio', '•Estancia de 1 noche', '•Enviado por móvil']"
Ester,España,5.0,Escrito en 3 de agosto de 2023,Buena ubicación y tiendas cerca.,"El edificio para lo grande que es solo tiene dos ascensores, con lo qual siempre hay que esperar. Si a esto le sumas que se estropea uno de ellos, pues misión imposible subir y bajar al 8 piso.
La segunda  noche se nos estropeó el aire acondicionado. No nos dieron ninguna solución. A las 22h estábamos a 27°. Al ser un 8 piso, las ventanas solo.se abrían un poco de manera que no pasaba aire. Un bochorno toda la tarde y noche en el apartamento que no se podía aguantar y no se ofreció ningún ventilador o alternativa para poder estar en condiciones adecuadas.
El suelo de los ascensores del parking menos 2 estaba sucísimo, como con moho negro. El priner día que lleguemos había un vómito y el tercer día seguía allí.","['•Viaje de ocio', '•Familia con niños pequeños', '•Apartamento de 2 dormitorios', '•Estancia de 3 noches', '•Enviado por móvil']"
Rodrigo,España,6.0,Escrito en 3 de agosto de 2023,céntrico y bien ubicado y bastante completo de menaje y demás .,"La ducha sin mampara,se sale el agua por todos los sitios.
La tele no funcionaban la mitad de canales y las almohadas no me gustaron (aunque esto va en cada persona).
check out a las 11:00 
No tiene persianas,para los que le guste dormir con oscuridad.","['•Viaje de ocio', '•Pareja', '•Apartamento Estudio', '•Estancia de 1 noche', '•Enviado por móvil']"
Blanca,España,5.0,Escrito en 2 de agosto de 2023,Ubicación y habitación principal.,"No hay recepción, es todo online. Nos aceptaron el early check in y al llegar nos los cancelaron. El sofá cama no se monta bien y se mueve mucho. No hay plancha. Los ascensores son insuficientes para todo el edificio, tuvimos que subir y bajar por las escaleras en varias ocasiones.","['•Viaje de ocio', '•Familia con niños pequeños', '•Apartamento de 1 dormitorio', '•Estancia de 3 noches', '•Enviado por móvil']"
Zafiro,Bélgica,3.0,Escrito en 1 de agosto de 2023,,,"['•Viaje de ocio', '•Familia con niños pequeños', '•Apartamento de 1 dormitorio', '•Estancia de 1 noche', '•Enviado por móvil']"
Marta,España,6.0,Escrito en 31 de julio de 2023,La situación,Muy incómodo el sofá cama,"['•Viaje de ocio', '•Familia con niños pequeños', '•Apartamento de 2 dormitorios', '•Estancia de 4 noches', '•Enviado por móvil']"
María,España,5.0,Escrito en 22 de julio de 2023,Ubicación,"La cama y el acceso, no funcionaba el móvil","['•Viaje de ocio', '•Familia con niños pequeños', '•Apartamento de 1 dormitorio', '•Estancia de 2 noches', '•Enviado por móvil']"
Maria,España,5.0,Escrito en 17 de julio de 2023,"La limpieza, la ubicación y estéticamente era bonito y moderno.","El sofá cama no era cómodo del todo se movía mucho, la ventana de la habitación no se abría entera y la del salón no se podía cerrar. La televisión no iba, no se podía conectar a internet y no había hueco para poder conectar la antena. Una de las puertas del armario de debajo de la TV no cerraba. Al no cerrarse bien la ventana del salón el aire acondicionado no iba. Había cubo para fregona pero no fregona y había escoba pero no recogedor. Éramos 4 personas y había justo 4 piezas de cada tipo de vajilla lo que hacía que estuviéramos continuamente fregando y había poco detergente y una sola pastilla de lavavajillas. La lámpara del salón no tenía bombilla. Tiene lavadora pero no tendedero.
Es todo muy moderno pero creo que añadiría a una persona física a la que poder acudir en caso de alguna incidencia como la nuestra con la ventana.","['•Viaje de ocio', '•Grupo de amigos', '•Apartamento de 1 dormitorio', '•Estancia de 2 noches', '•Enviado por móvil']"
Luis,España,5.0,Escrito en 13 de julio de 2023,"La ubicación es muy buena, cerca del centro pero en una venida muy ancha y con sitio para aparcar alrededor.Los apartamentos son aceptables. Lo malo es que todo es bastante sencillo, podrían haber empleado materiales de mayor calidad.","El desayuno es muy decepcionante. Ponen muchas cosas pero malas, sería mejor poner menos variedad pero de más calidad.El segundo día no me trajeron el desayuno, aunque lo reclamé el día anterior al ver que no me lo traían por la tarde...Al final estuve alojado sólo y no me devolvieron el dinero del desayuno de las otras 2 personas que no lo utilizaron...","['•Viaje de negocios', '•Persona que viaja sola', '•Apartamento de 1 dormitorio', '•Estancia de 3 noches']"
Aitor,España,3.0,Escrito en 9 de julio de 2023,"nosotros reservamos por una cama de matrimonio, y al llegar nos encontramos con dos individuales, si marcamos esa opcion en booking y luego nos dan otra totalmente distinta…para que pagamos por esa opcion entonces?",No reservamos lo que nos dieron.,"['•Viaje de ocio', '•Pareja', '•Apartamento Estudio', '•Estancia de 1 noche', '•Enviado por móvil']"
Erika,España,4.0,Escrito en 5 de julio de 2023,La ubicación y la limpieza.,"No había personal para atender, todo era online y la verdad que no resultó nada fácil. Te envían muchos e-mails y todo eso, pero a la hora de activar la llave me costó varios intentos (lo mismo le ocurrió a otra huésped con la que coincidí y se ofreció a ayudarme). Si llego a saber que el método es este (mea culpa que no me fijé) no hubiera reservado. Donde esté un buen trato humano y de proximidad, que se quiten las máquinas!!!!!","['•Viaje de ocio', '•Persona que viaja sola', '•Apartamento Estudio', '•Estancia de 1 noche', '•Enviado por móvil']"
Torres,España,6.0,Escrito en 1 de julio de 2023,La ubicación,"El sofá cama del salón
Bastante incómodo
Bastante caro para no incluir desayuno , ni limpieza diaria
Cualquier hotel hubiera sido mas economico y hubiera tenido la posibilidad de cancelación
Me rompí un brazo una semana antes y no hubo posibilidad de retrasarlo","['•Viaje de ocio', '•Familia con niños pequeños', '•Apartamento de 1 dormitorio', '•Estancia de 2 noches', '•Enviado por móvil']"
María,España,6.0,Escrito en 24 de junio de 2023,La ubicación,Q el aire acondicionado no funcionaba,"['•Viaje de ocio', '•Familia con niños pequeños', '•Apartamento de 1 dormitorio', '•Estancia de 2 noches', '•Enviado por móvil']"
Natuzii,España,5.0,Escrito en 20 de junio de 2023,La ubicación. Personal bastante efectivo. Cocina bastante cómoda.,"Colchón de cama incomodísimo de muelles. El colchón de cuna tan blando que fue imposible usarla para el bebé, que tuvo que dormir en cama. Ducha muy incómoda sin mampara, mojabas todo el suelo del baño escandalosamente  no había visillos, solo cortina oscura. Desayuno pésimo.","['•Viaje de ocio', '•Familia con niños pequeños', '•Apartamento Estudio', '•Estancia de 2 noches', '•Enviado por móvil']"
Matilde,España,4.0,Escrito en 15 de mayo de 2023,"Tuvimos un problema  con un sofá y no fueron capaces de solucionarlo en el momento  no hay personal cualificado para resolver  ningún problema, la limpiez mal no está muy limpio faltaba manta para el sofá y almohada etc",Q tenga q ser todo onlay todo es muy incómodo para mi y se tarda mucho en solucionar cualquier anomalia,"['•Viaje de ocio', '•Familia con niños pequeños', '•Apartamento de 1 dormitorio', '•Estancia de 2 noches', '•Enviado por móvil']"
Sagrario,España,8.0,Escrito en 14 de diciembre de 2025,,,"['•Viaje de ocio', '•Familia con niños pequeños', '•Apartamento de 2 dormitorios', '•Estancia de 1 noche', '•Enviado por móvil']"
Silvia,España,8.0,Escrito en 14 de diciembre de 2025,,,"['•Viaje de ocio', '•Familia con niños pequeños', '•Apartamento de 1 dormitorio', '•Estancia de 1 noche', '•Enviado por móvil']"
Laura,España,8.0,Escrito en 12 de diciembre de 2025,,,"['•Viaje de ocio', '•Pareja', '•Apartamento Estudio', '•Estancia de 1 noche']"
Gómez,España,7.0,Escrito en 11 de diciembre de 2025,,,"['•Viaje de negocios', '•Persona que viaja sola', '•Apartamento Estudio', '•Estancia de 1 noche']"
Torrado,España,10.0,Escrito en 10 de diciembre de 2025,,,"['•Viaje de ocio', '•Familia con niños pequeños', '•Apartamento de 1 dormitorio', '•Estancia de 1 noche']"
Eduardo,España,10.0,Escrito en 10 de diciembre de 2025,,,"['•Viaje de ocio', '•Pareja', '•Apartamento de 1 dormitorio', '•Estancia de 4 noches']"
Ana,España,7.0,Escrito en 10 de diciembre de 2025,,,"['•Viaje de ocio', '•Familia con niños pequeños', '•Apartamento de 1 dormitorio', '•Estancia de 4 noches', '•Enviado por móvil']"
Almudena,España,9.0,Escrito en 9 de diciembre de 2025,,,"['•Viaje de ocio', '•Familia con niños pequeños', '•Apartamento de 1 dormitorio', '•Estancia de 1 noche', '•Enviado por móvil']"
Leticia,España,10.0,Escrito en 6 de diciembre de 2025,,,"['•Viaje de negocios', '•Familia con niños pequeños', '•Apartamento de 1 dormitorio', '•Estancia de 2 noches', '•Enviado por móvil']"
Maria,España,10.0,Escrito en 2 de diciembre de 2025,,,"['•Familia con niños pequeños', '•Apartamento de 1 dormitorio', '•Estancia de 2 noches', '•Enviado por móvil']"
Lander,España,10.0,Escrito en 29 de noviembre de 2025,,,"['•Viaje de ocio', '•Pareja', '•Apartamento Estudio', '•Estancia de 1 noche', '•Enviado por móvil']"
Ione,España,8.0,Escrito en 29 de noviembre de 2025,,,"['•Viaje de ocio', '•Familia con niños pequeños', '•Apartamento Estudio', '•Estancia de 1 noche', '•Enviado por móvil']"
Juan,España,10.0,Escrito en 21 de noviembre de 2025,,,"['•Viaje de negocios', '•Persona que viaja sola', '•Apartamento Estudio', '•Estancia de 1 noche']"
Santiago,España,10.0,Escrito en 20 de noviembre de 2025,,,"['•Viaje de ocio', '•Grupo', '•Apartamento de 1 dormitorio', '•Estancia de 2 noches', '•Enviado por móvil']"
Legendario,España,9.0,Escrito en 17 de noviembre de 2025,,,"['•Viaje de ocio', '•Familia con niños pequeños', '•Apartamento de 1 dormitorio', '•Estancia de 3 noches', '•Enviado por móvil']"
Lara,España,10.0,Escrito en 11 de noviembre de 2025,,,"['•Viaje de ocio', '•Grupo', '•Apartamento de 1 dormitorio', '•Estancia de 2 noches', '•Enviado por móvil']"
Mcarmen,España,10.0,Escrito en 10 de noviembre de 2025,,,"['•Viaje de ocio', '•Familia con niños pequeños', '•Apartamento de 1 dormitorio', '•Estancia de 1 noche', '•Enviado por móvil']"
Daniel,España,9.0,Escrito en 8 de noviembre de 2025,,,"['•Viaje de ocio', '•Familia con niños pequeños', '•Apartamento de 1 dormitorio', '•Estancia de 2 noches', '•Enviado por móvil']"
Irune,España,9.0,Escrito en 3 de noviembre de 2025,,,"['•Viaje de ocio', '•Grupo', '•Apartamento de 1 dormitorio', '•Estancia de 1 noche', '•Enviado por móvil']"
Javier,España,10.0,Escrito en 3 de noviembre de 2025,,,"['•Viaje de ocio', '•Familia con niños pequeños', '•Apartamento de 2 dormitorios', '•Estancia de 1 noche', '•Enviado por móvil']"
Elisabet,España,10.0,Escrito en 31 de octubre de 2025,,,"['•Viaje de ocio', '•Grupo', '•Apartamento de 2 dormitorios', '•Estancia de 2 noches', '•Enviado por móvil']"
Jone,España,10.0,Escrito en 27 de octubre de 2025,,,"['•Viaje de ocio', '•Pareja', '•Apartamento Estudio', '•Estancia de 1 noche']"
Alia,España,8.0,Escrito en 26 de octubre de 2025,,,"['•Viaje de ocio', '•Grupo', '•Apartamento de 1 dormitorio', '•Estancia de 2 noches', '•Enviado por móvil']"
Rafael,España,8.0,Escrito en 26 de octubre de 2025,,,"['•Viaje de ocio', '•Grupo', '•Apartamento de 2 dormitorios', '•Estancia de 1 noche', '•Enviado por móvil']"
Yolanda,España,10.0,Escrito en 26 de octubre de 2025,,,"['•Viaje de ocio', '•Pareja', '•Apartamento Estudio', '•Estancia de 1 noche', '•Enviado por móvil']"
Paula,España,9.0,Escrito en 21 de agosto de 2025,,,"['•Viaje de ocio', '•Familia con niños pequeños', '•Apartamento de 1 dormitorio', '•Estancia de 6 noches', '•Enviado por móvil']"
Martínez,España,10.0,Escrito en 20 de agosto de 2025,,,"['•Familia con niños pequeños', '•Apartamento de 1 dormitorio', '•Estancia de 1 noche', '•Enviado por móvil']"
Victor,España,10.0,Escrito en 19 de agosto de 2025,,,"['•Familia con niños pequeños', '•Apartamento con terraza', '•Estancia de 2 noches', '•Enviado por móvil']"
Carmen,España,10.0,Escrito en 14 de agosto de 2025,,,"['•Viaje de ocio', '•Familia con niños pequeños', '•Apartamento Ático', '•Estancia de 1 noche', '•Enviado por móvil']"
Ana,España,9.0,Escrito en 13 de agosto de 2025,,,"['•Viaje de ocio', '•Grupo', '•Apartamento de 1 dormitorio', '•Estancia de 2 noches', '•Enviado por móvil']"
Pablo,España,10.0,Escrito en 13 de agosto de 2025,,,"['•Viaje de negocios', '•Familia con niños pequeños', '•Apartamento de 1 dormitorio', '•Estancia de 1 noche', '•Enviado por móvil']"
Maria,España,9.0,Escrito en 13 de agosto de 2025,,,"['•Viaje de ocio', '•Familia con niños pequeños', '•Apartamento de 1 dormitorio', '•Estancia de 1 noche', '•Enviado por móvil']"
Diego,España,10.0,Escrito en 13 de agosto de 2025,,,"['•Viaje de ocio', '•Pareja', '•Apartamento de 1 dormitorio', '•Estancia de 1 noche', '•Enviado por móvil']"
Marie,Francia,10.0,Escrito en 12 de agosto de 2025,,,"['•Viaje de ocio', '•Familia con niños pequeños', '•Apartamento de 1 dormitorio', '•Estancia de 1 noche', '•Enviado por móvil']"
Javier,España,9.0,Escrito en 11 de agosto de 2025,,,"['•Viaje de ocio', '•Familia con niños pequeños', '•Apartamento de 1 dormitorio', '•Estancia de 1 noche']"
Isabel,España,8.0,Escrito en 10 de agosto de 2025,,,"['•Viaje de ocio', '•Grupo de amigos', '•Apartamento de 2 dormitorios', '•Estancia de 1 noche', '•Enviado por móvil']"
Josep,España,8.0,Escrito en 10 de agosto de 2025,,,"['•Viaje de ocio', '•Familia con niños pequeños', '•Apartamento de 1 dormitorio', '•Estancia de 2 noches']"
Beatriz,España,9.0,Escrito en 8 de agosto de 2025,,,"['•Viaje de ocio', '•Grupo de amigos', '•Apartamento Estudio', '•Estancia de 1 noche', '•Enviado por móvil']"
Maria,Francia,8.0,Escrito en 6 de agosto de 2025,,,"['•Familia con niños pequeños', '•Apartamento de 1 dormitorio', '•Estancia de 1 noche', '•Enviado por móvil']"
Maria,España,10.0,Escrito en 5 de agosto de 2025,,,"['•Viaje de ocio', '•Familia con niños pequeños', '•Apartamento de 1 dormitorio', '•Estancia de 1 noche', '•Enviado por móvil']"
Paco,España,9.0,Escrito en 4 de agosto de 2025,,,"['•Viaje de ocio', '•Familia con niños pequeños', '•Apartamento de 1 dormitorio', '•Estancia de 1 noche', '•Enviado por móvil']"
Myriam,España,9.0,Escrito en 31 de julio de 2025,,,"['•Familia con niños pequeños', '•Apartamento de 1 dormitorio', '•Estancia de 1 noche', '•Enviado por móvil']"
Antonio,España,10.0,Escrito en 31 de julio de 2025,,,"['•Viaje de ocio', '•Familia con niños pequeños', '•Apartamento de 1 dormitorio', '•Estancia de 1 noche', '•Enviado por móvil']"
Grigore,España,8.0,Escrito en 28 de julio de 2025,,,"['•Viaje de ocio', '•Grupo de amigos', '•Apartamento de 1 dormitorio', '•Estancia de 1 noche', '•Enviado por móvil']"
Ana,España,10.0,Escrito en 28 de julio de 2025,,,"['•Viaje de ocio', '•Familia con niños pequeños', '•Apartamento de 1 dormitorio', '•Estancia de 3 noches', '•Enviado por móvil']"
Miguel,España,10.0,Escrito en 27 de julio de 2025,,,"['•Viaje de ocio', '•Grupo', '•Apartamento de 1 dormitorio', '•Estancia de 2 noches', '•Enviado por móvil']"
Angel,España,9.0,Escrito en 26 de julio de 2025,,,"['•Viaje de ocio', '•Familia con niños pequeños', '•Apartamento de 1 dormitorio', '•Estancia de 2 noches', '•Enviado por móvil']"
Laura,España,10.0,Escrito en 26 de julio de 2025,,,"['•Viaje de ocio', '•Familia con niños pequeños', '•Apartamento de 1 dormitorio', '•Estancia de 1 noche', '•Enviado por móvil']"
Castrillo,España,8.0,Escrito en 26 de julio de 2025,,,"['•Viaje de ocio', '•Grupo', '•Apartamento Estudio', '•Estancia de 1 noche', '•Enviado por móvil']"
Eduardo,España,8.0,Escrito en 25 de julio de 2025,,,"['•Viaje de ocio', '•Grupo', '•Apartamento de 1 dormitorio', '•Estancia de 1 noche', '•Enviado por móvil']"
Dolores,España,9.0,Escrito en 3 de junio de 2025,,,"['•Viaje de ocio', '•Pareja', '•Apartamento de 1 dormitorio', '•Estancia de 3 noches', '•Enviado por móvil']"
Santa,España,8.0,Escrito en 2 de junio de 2025,,,"['•Viaje de ocio', '•Grupo', '•Apartamento de 1 dormitorio', '•Estancia de 1 noche']"
Ana,España,10.0,Escrito en 2 de junio de 2025,,,"['•Pareja', '•Apartamento de 1 dormitorio', '•Estancia de 1 noche', '•Enviado por móvil']"
Mattin,España,10.0,Escrito en 1 de junio de 2025,,,"['•Viaje de negocios', '•Persona que viaja sola', '•Apartamento de 1 dormitorio', '•Estancia de 2 noches', '•Enviado por móvil']"
Olatz,España,8.0,Escrito en 1 de junio de 2025,,,"['•Viaje de ocio', '•Familia con niños pequeños', '•Apartamento de 1 dormitorio', '•Estancia de 2 noches', '•Enviado por móvil']"
Cristina,España,9.0,Escrito en 1 de junio de 2025,,,"['•Viaje de ocio', '•Grupo', '•Apartamento de 2 dormitorios', '•Estancia de 1 noche', '•Enviado por móvil']"
Leyre,España,8.0,Escrito en 31 de mayo de 2025,,,"['•Viaje de ocio', '•Grupo', '•Apartamento de 2 dormitorios', '•Estancia de 1 noche', '•Enviado por móvil']"
Jonatan,España,8.0,Escrito en 28 de mayo de 2025,,,"['•Viaje de negocios', '•Familia con niños pequeños', '•Apartamento Estudio', '•Estancia de 1 noche', '•Enviado por móvil']"
Diego,España,10.0,Escrito en 28 de mayo de 2025,,,"['•Viaje de negocios', '•Pareja', '•Apartamento con terraza', '•Estancia de 1 noche', '•Enviado por móvil']"
Ivan,España,10.0,Escrito en 27 de mayo de 2025,,,"['•Viaje de negocios', '•Persona que viaja sola', '•Apartamento de 1 dormitorio', '•Estancia de 2 noches', '•Enviado por móvil']"
Maria,España,10.0,Escrito en 27 de mayo de 2025,,,"['•Familia con niños pequeños', '•Apartamento de 1 dormitorio', '•Estancia de 1 noche', '•Enviado por móvil']"
Mercedes,España,9.0,Escrito en 20 de mayo de 2025,,,"['•Viaje de ocio', '•Familia con niños pequeños', '•Apartamento de 1 dormitorio', '•Estancia de 2 noches', '•Enviado por móvil']"
Paula,España,7.0,Escrito en 19 de mayo de 2025,,,"['•Viaje de ocio', '•Familia con niños pequeños', '•Apartamento de 1 dormitorio', '•Estancia de 2 noches', '•Enviado por móvil']"
Jonathan,España,10.0,Escrito en 19 de mayo de 2025,,,"['•Viaje de negocios', '•Familia con niños pequeños', '•Apartamento Estudio', '•Estancia de 3 noches', '•Enviado por móvil']"
Jorge,España,9.0,Escrito en 19 de mayo de 2025,,,"['•Viaje de ocio', '•Familia con niños pequeños', '•Apartamento de 1 dormitorio', '•Estancia de 3 noches', '•Enviado por móvil']"
Raquel,España,10.0,Escrito en 18 de mayo de 2025,,,"['•Viaje de ocio', '•Grupo de amigos', '•Apartamento Estudio', '•Estancia de 2 noches', '•Enviado por móvil']"
Rivas,España,8.0,Escrito en 17 de mayo de 2025,,,"['•Viaje de negocios', '•Grupo de amigos', '•Apartamento de 1 dormitorio', '•Estancia de 1 noche', '•Enviado por móvil']"
Endika,España,9.0,Escrito en 11 de mayo de 2025,,,"['•Viaje de ocio', '•Familia con niños pequeños', '•Apartamento de 1 dormitorio', '•Estancia de 1 noche', '•Enviado por móvil']"
María,España,8.0,Escrito en 9 de mayo de 2025,,,"['•Viaje de ocio', '•Familia con niños pequeños', '•Apartamento de 1 dormitorio', '•Estancia de 1 noche', '•Enviado por móvil']"
Maria,España,9.0,Escrito en 4 de mayo de 2025,,,"['•Viaje de ocio', '•Grupo', '•Apartamento de 2 dormitorios', '•Estancia de 2 noches', '•Enviado por móvil']"
Ana,España,8.0,Escrito en 1 de mayo de 2025,,,"['•Viaje de ocio', '•Grupo', '•Apartamento de 2 dormitorios', '•Estancia de 1 noche', '•Enviado por móvil']"
Héctor,España,8.0,Escrito en 1 de mayo de 2025,,,"['•Viaje de negocios', '•Familia con niños pequeños', '•Apartamento de 1 dormitorio', '•Estancia de 2 noches', '•Enviado por móvil']"
Ana,España,10.0,Escrito en 30 de abril de 2025,,,"['•Viaje de ocio', '•Grupo', '•Apartamento de 2 dormitorios', '•Estancia de 1 noche', '•Enviado por móvil']"
Belen,España,9.0,Escrito en 30 de abril de 2025,,,"['•Viaje de ocio', '•Familia con niños pequeños', '•Apartamento de 1 dormitorio', '•Estancia de 3 noches', '•Enviado por móvil']"
Elena,España,10.0,Escrito en 30 de abril de 2025,,,"['•Viaje de ocio', '•Familia con niños pequeños', '•Apartamento de 1 dormitorio', '•Estancia de 2 noches', '•Enviado por móvil']"
Alejandro,España,7.0,Escrito en 2 de marzo de 2025,,,"['•Viaje de ocio', '•Grupo de amigos', '•Apartamento de 1 dormitorio', '•Estancia de 2 noches', '•Enviado por móvil']"
Ander,España,9.0,Escrito en 2 de marzo de 2025,,,"['•Viaje de ocio', '•Grupo', '•Apartamento de 1 dormitorio', '•Estancia de 1 noche', '•Enviado por móvil']"
Blanco,España,7.0,Escrito en 2 de marzo de 2025,,,"['•Viaje de ocio', '•Familia con niños pequeños', '•Apartamento de 1 dormitorio', '•Estancia de 1 noche', '•Enviado por móvil']"
Toni,España,8.0,Escrito en 2 de marzo de 2025,,,"['•Viaje de negocios', '•Persona que viaja sola', '•Apartamento de 1 dormitorio', '•Estancia de 2 noches', '•Enviado por móvil']"
Esther,España,9.0,Escrito en 2 de marzo de 2025,,,"['•Viaje de ocio', '•Familia con niños pequeños', '•Apartamento de 2 dormitorios', '•Estancia de 3 noches', '•Enviado por móvil']"
Ana,España,10.0,Escrito en 1 de marzo de 2025,,,"['•Viaje de ocio', '•Familia con niños pequeños', '•Apartamento de 1 dormitorio', '•Estancia de 2 noches', '•Enviado por móvil']"
Jacobo,España,10.0,Escrito en 1 de marzo de 2025,,,"['•Viaje de ocio', '•Grupo', '•Apartamento de 2 dormitorios', '•Estancia de 1 noche', '•Enviado por móvil']"
Eva,España,7.0,Escrito en 27 de febrero de 2025,,,"['•Viaje de ocio', '•Grupo', '•Apartamento de 1 dormitorio', '•Estancia de 1 noche', '•Enviado por móvil']"
Miguel,España,8.0,Escrito en 27 de febrero de 2025,,,"['•Viaje de ocio', '•Grupo', '•Apartamento de 1 dormitorio', '•Estancia de 2 noches']"
David,España,8.0,Escrito en 26 de febrero de 2025,,,"['•Viaje de ocio', '•Familia con niños pequeños', '•Apartamento de 1 dormitorio', '•Estancia de 1 noche']"
Oscar,España,8.0,Escrito en 26 de febrero de 2025,,,"['•Persona que viaja sola', '•Apartamento Estudio', '•Estancia de 2 noches', '•Enviado por móvil']"
Zc88,España,9.0,Escrito en 25 de febrero de 2025,,,"['•Viaje de ocio', '•Familia con niños pequeños', '•Apartamento de 2 dormitorios', '•Estancia de 1 noche', '•Enviado por móvil']"
David,España,9.0,Escrito en 24 de febrero de 2025,,,"['•Viaje de ocio', '•Grupo', '•Apartamento de 1 dormitorio', '•Estancia de 1 noche', '•Enviado por móvil']"
Elena,España,9.0,Escrito en 21 de febrero de 2025,,,"['•Viaje de ocio', '•Familia con niños pequeños', '•Apartamento de 1 dormitorio', '•Estancia de 3 noches', '•Enviado por móvil']"
Manuel,España,10.0,Escrito en 19 de febrero de 2025,,,"['•Viaje de ocio', '•Familia con niños pequeños', '•Apartamento de 1 dormitorio', '•Estancia de 2 noches', '•Enviado por móvil']"
José,España,9.0,Escrito en 17 de febrero de 2025,,,"['•Viaje de ocio', '•Pareja', '•Apartamento Estudio', '•Estancia de 1 noche', '•Enviado por móvil']"
Anne,España,10.0,Escrito en 15 de febrero de 2025,,,"['•Viaje de ocio', '•Grupo de amigos', '•Apartamento de 1 dormitorio', '•Estancia de 1 noche', '•Enviado por móvil']"
Fátima,España,7.0,Escrito en 13 de febrero de 2025,,,"['•Viaje de ocio', '•Familia con niños pequeños', '•Apartamento de 1 dormitorio', '•Estancia de 3 noches', '•Enviado por móvil']"
Gonzlez,España,7.0,Escrito en 13 de febrero de 2025,,,"['•Viaje de ocio', '•Pareja', '•Apartamento Estudio', '•Estancia de 2 noches', '•Enviado por móvil']"
Mario,España,9.0,Escrito en 13 de febrero de 2025,,,"['•Viaje de ocio', '•Familia con niños pequeños', '•Apartamento de 1 dormitorio', '•Estancia de 3 noches', '•Enviado por móvil']"
Cristina,España,10.0,Escrito en 11 de febrero de 2025,,,"['•Viaje de ocio', '•Pareja', '•Apartamento Estudio', '•Estancia de 1 noche']"
Raquel,España,9.0,Escrito en 10 de febrero de 2025,,,"['•Viaje de ocio', '•Grupo de amigos', '•Apartamento de 2 dormitorios', '•Estancia de 2 noches', '•Enviado por móvil']"
Ibertrasa,España,8.0,Escrito en 10 de febrero de 2025,,,"['•Viaje de negocios', '•Grupo', '•Apartamento de 2 dormitorios', '•Estancia de 2 noches']"
Irune,España,8.0,Escrito en 9 de febrero de 2025,,,"['•Viaje de ocio', '•Grupo', '•Apartamento de 1 dormitorio', '•Estancia de 1 noche', '•Enviado por móvil']"
Marta,España,8.0,Escrito en 9 de febrero de 2025,,,"['•Viaje de ocio', '•Grupo', '•Apartamento de 2 dormitorios', '•Estancia de 2 noches', '•Enviado por móvil']"
Luis,Chile,8.0,Escrito en 4 de enero de 2025,,,"['•Viaje de ocio', '•Familia con niños pequeños', '•Apartamento de 2 dormitorios', '•Estancia de 9 noches', '•Enviado por móvil']"
Díaz,España,10.0,Escrito en 4 de enero de 2025,,,"['•Viaje de ocio', '•Familia con niños pequeños', '•Apartamento con terraza', '•Estancia de 1 noche', '•Enviado por móvil']"
Juan,España,8.0,Escrito en 3 de enero de 2025,,,"['•Con una mascota', '•Viaje de ocio', '•Familia con niños pequeños', '•Apartamento de 1 dormitorio', '•Estancia de 2 noches']"
Eva,España,9.0,Escrito en 31 de diciembre de 2024,,,"['•Familia con niños pequeños', '•Apartamento de 1 dormitorio', '•Estancia de 3 noches', '•Enviado por móvil']"
Elvira,España,10.0,Escrito en 28 de diciembre de 2024,,,"['•Viaje de ocio', '•Familia con niños pequeños', '•Apartamento de 1 dormitorio', '•Estancia de 1 noche', '•Enviado por móvil']"
Sergio,España,7.0,Escrito en 28 de diciembre de 2024,,,"['•Viaje de ocio', '•Familia con niños pequeños', '•Apartamento de 1 dormitorio', '•Estancia de 1 noche', '•Enviado por móvil']"
Ana,España,8.0,Escrito en 26 de diciembre de 2024,,,"['•Viaje de ocio', '•Familia con niños pequeños', '•Apartamento de 2 dormitorios', '•Estancia de 1 noche', '•Enviado por móvil']"
Gabaldon,España,7.0,Escrito en 22 de diciembre de 2024,,,"['•Viaje de ocio', '•Familia con niños pequeños', '•Apartamento de 1 dormitorio', '•Estancia de 2 noches', '•Enviado por móvil']"
Manuel,España,8.0,Escrito en 21 de diciembre de 2024,,,"['•Viaje de negocios', '•Persona que viaja sola', '•Apartamento de 1 dormitorio', '•Estancia de 1 noche', '•Enviado por móvil']"
Félix,España,8.0,Escrito en 20 de diciembre de 2024,,,"['•Viaje de ocio', '•Pareja', '•Apartamento Estudio', '•Estancia de 1 noche', '•Enviado por móvil']"
Ada,España,8.0,Escrito en 20 de diciembre de 2024,,,"['•Viaje de ocio', '•Pareja', '•Apartamento Estudio', '•Estancia de 1 noche', '•Enviado por móvil']"
Angela,España,10.0,Escrito en 19 de diciembre de 2024,,,"['•Viaje de negocios', '•Pareja', '•Apartamento de 1 dormitorio', '•Estancia de 1 noche', '•Enviado por móvil']"
Mª,España,10.0,Escrito en 19 de diciembre de 2024,,,"['•Viaje de ocio', '•Grupo de amigos', '•Apartamento de 2 dormitorios', '•Estancia de 1 noche', '•Enviado por móvil']"
Iratxe,España,9.0,Escrito en 18 de diciembre de 2024,,,"['•Viaje de ocio', '•Familia con niños pequeños', '•Apartamento de 1 dormitorio', '•Estancia de 3 noches', '•Enviado por móvil']"
Vavera,Colombia,10.0,Escrito en 17 de diciembre de 2024,,,"['•Viaje de ocio', '•Pareja', '•Apartamento Estudio', '•Estancia de 2 noches', '•Enviado por móvil']"
Almudena,España,9.0,Escrito en 17 de diciembre de 2024,,,"['•Viaje de ocio', '•Grupo', '•Apartamento de 1 dormitorio', '•Estancia de 1 noche', '•Enviado por móvil']"
Martina,España,10.0,Escrito en 17 de diciembre de 2024,,,"['•Viaje de ocio', '•Grupo de amigos', '•Apartamento de 1 dormitorio', '•Estancia de 3 noches', '•Enviado por móvil']"
Diana,España,8.0,Escrito en 16 de diciembre de 2024,,,"['•Viaje de ocio', '•Pareja', '•Apartamento de 1 dormitorio', '•Estancia de 1 noche', '•Enviado por móvil']"
Susana,España,9.0,Escrito en 16 de diciembre de 2024,,,"['•Viaje de ocio', '•Familia con niños pequeños', '•Apartamento de 1 dormitorio', '•Estancia de 1 noche', '•Enviado por móvil']"
Estibaliz,España,9.0,Escrito en 15 de diciembre de 2024,,,"['•Viaje de ocio', '•Familia con niños pequeños', '•Apartamento de 1 dormitorio', '•Estancia de 1 noche', '•Enviado por móvil']"
Maritorena,España,8.0,Escrito en 14 de diciembre de 2024,,,"['•Familia con niños pequeños', '•Apartamento de 2 dormitorios', '•Estancia de 1 noche', '•Enviado por móvil']"
Miriam,España,8.0,Escrito en 12 de diciembre de 2024,,,"['•Viaje de ocio', '•Familia con niños pequeños', '•Apartamento de 1 dormitorio', '•Estancia de 4 noches', '•Enviado por móvil']"
Jose,España,10.0,Escrito en 9 de diciembre de 2024,,,"['•Viaje de ocio', '•Familia con niños pequeños', '•Apartamento de 1 dormitorio', '•Estancia de 1 noche', '•Enviado por móvil']"
María,España,10.0,Escrito en 9 de diciembre de 2024,,,"['•Viaje de ocio', '•Familia con niños pequeños', '•Apartamento de 1 dormitorio', '•Estancia de 2 noches', '•Enviado por móvil']"
Teresa,España,8.0,Escrito en 9 de diciembre de 2024,,,"['•Viaje de ocio', '•Familia con niños pequeños', '•Apartamento de 1 dormitorio', '•Estancia de 2 noches', '•Enviado por móvil']"
Elisa,España,10.0,Escrito en 15 de octubre de 2024,,,"['•Viaje de ocio', '•Pareja', '•Apartamento de 1 dormitorio', '•Estancia de 1 noche', '•Enviado por móvil']"
Fernando,España,9.0,Escrito en 15 de octubre de 2024,,,"['•Familia con niños pequeños', '•Apartamento con terraza', '•Estancia de 3 noches', '•Enviado por móvil']"
Ricardo,España,8.0,Escrito en 14 de octubre de 2024,,,"['•Viaje de ocio', '•Familia con niños pequeños', '•Apartamento Estudio', '•Estancia de 1 noche', '•Enviado por móvil']"
Emma,España,9.0,Escrito en 13 de octubre de 2024,,,"['•Viaje de ocio', '•Familia con niños pequeños', '•Apartamento de 1 dormitorio', '•Estancia de 2 noches', '•Enviado por móvil']"
Pilar,España,9.0,Escrito en 13 de octubre de 2024,,,"['•Viaje de ocio', '•Familia con niños pequeños', '•Apartamento de 1 dormitorio', '•Estancia de 2 noches', '•Enviado por móvil']"
Marina,España,10.0,Escrito en 13 de octubre de 2024,,,"['•Viaje de ocio', '•Familia con niños pequeños', '•Apartamento de 1 dormitorio', '•Estancia de 1 noche', '•Enviado por móvil']"
Rodrigo,España,10.0,Escrito en 13 de octubre de 2024,,,"['•Viaje de ocio', '•Familia con niños pequeños', '•Apartamento de 1 dormitorio', '•Estancia de 1 noche', '•Enviado por móvil']"
Jefferson,Bélgica,10.0,Escrito en 11 de octubre de 2024,,,"['•Viaje de ocio', '•Familia con niños pequeños', '•Apartamento de 1 dormitorio', '•Estancia de 2 noches', '•Enviado por móvil']"
Miguel,España,9.0,Escrito en 10 de octubre de 2024,,,"['•Viaje de ocio', '•Familia con niños pequeños', '•Apartamento con terraza', '•Estancia de 1 noche', '•Enviado por móvil']"
Juan,España,8.0,Escrito en 10 de octubre de 2024,,,"['•Viaje de ocio', '•Familia con niños pequeños', '•Apartamento de 1 dormitorio', '•Estancia de 1 noche']"
Lexuri,España,8.0,Escrito en 8 de octubre de 2024,,,"['•Viaje de ocio', '•Grupo', '•Apartamento de 2 dormitorios', '•Estancia de 1 noche']"
Beatriz,España,7.0,Escrito en 6 de octubre de 2024,,,"['•Viaje de ocio', '•Familia con niños pequeños', '•Apartamento de 1 dormitorio', '•Estancia de 1 noche', '•Enviado por móvil']"
Josefa,España,9.0,Escrito en 5 de octubre de 2024,,,"['•Viaje de ocio', '•Familia con niños pequeños', '•Apartamento de 1 dormitorio', '•Estancia de 1 noche', '•Enviado por móvil']"
Maria,España,10.0,Escrito en 5 de octubre de 2024,,,"['•Viaje de ocio', '•Familia con niños pequeños', '•Apartamento de 1 dormitorio', '•Estancia de 2 noches', '•Enviado por móvil']"
Francisco,España,8.0,Escrito en 5 de octubre de 2024,,,"['•Viaje de negocios', '•Familia con niños pequeños', '•Apartamento de 2 dormitorios', '•Estancia de 4 noches', '•Enviado por móvil']"
Javier,España,10.0,Escrito en 4 de octubre de 2024,,,"['•Viaje de ocio', '•Persona que viaja sola', '•Apartamento de 1 dormitorio', '•Estancia de 5 noches', '•Enviado por móvil']"
Ignacio,España,9.0,Escrito en 3 de octubre de 2024,,,"['•Viaje de ocio', '•Pareja', '•Apartamento Estudio', '•Estancia de 3 noches', '•Enviado por móvil']"
Jon,España,10.0,Escrito en 2 de octubre de 2024,,,"['•Viaje de negocios', '•Persona que viaja sola', '•Apartamento de 1 dormitorio', '•Estancia de 1 noche', '•Enviado por móvil']"
Raquel,España,9.0,Escrito en 2 de octubre de 2024,,,"['•Familia con niños pequeños', '•Apartamento de 1 dormitorio', '•Estancia de 6 noches', '•Enviado por móvil']"
María,España,9.0,Escrito en 1 de octubre de 2024,,,"['•Viaje de ocio', '•Pareja', '•Apartamento de 1 dormitorio', '•Estancia de 2 noches', '•Enviado por móvil']"
Bárbara,España,7.0,Escrito en 30 de septiembre de 2024,,,"['•Viaje de ocio', '•Pareja', '•Apartamento de 1 dormitorio', '•Estancia de 3 noches']"
Maria,España,10.0,Escrito en 30 de septiembre de 2024,,,"['•Viaje de ocio', '•Grupo de amigos', '•Apartamento de 1 dormitorio', '•Estancia de 1 noche', '•Enviado por móvil']"
Kizkitza,España,9.0,Escrito en 30 de septiembre de 2024,,,"['•Viaje de ocio', '•Grupo', '•Apartamento de 2 dormitorios', '•Estancia de 2 noches', '•Enviado por móvil']"
Armando,España,8.0,Escrito en 29 de septiembre de 2024,,,"['•Viaje de ocio', '•Familia con niños pequeños', '•Apartamento de 1 dormitorio', '•Estancia de 5 noches', '•Enviado por móvil']"
Jennifer,España,8.0,Escrito en 29 de septiembre de 2024,,,"['•Viaje de ocio', '•Grupo de amigos', '•Apartamento de 2 dormitorios', '•Estancia de 1 noche', '•Enviado por móvil']"
Juan,España,10.0,Escrito en 26 de agosto de 2024,,,"['•Viaje de ocio', '•Familia con niños pequeños', '•Apartamento de 1 dormitorio', '•Estancia de 3 noches', '•Enviado por móvil']"
Ana,España,10.0,Escrito en 26 de agosto de 2024,,,"['•Viaje de ocio', '•Familia con niños pequeños', '•Apartamento de 1 dormitorio', '•Estancia de 1 noche', '•Enviado por móvil']"
Paredes,España,10.0,Escrito en 25 de agosto de 2024,,,"['•Viaje de ocio', '•Familia con niños pequeños', '•Apartamento de 2 dormitorios', '•Estancia de 1 noche', '•Enviado por móvil']"
Rafael,España,10.0,Escrito en 25 de agosto de 2024,,,"['•Viaje de ocio', '•Familia con niños pequeños', '•Apartamento de 1 dormitorio', '•Estancia de 5 noches', '•Enviado por móvil']"
Juan,España,10.0,Escrito en 25 de agosto de 2024,,,"['•Viaje de ocio', '•Familia con niños pequeños', '•Apartamento de 1 dormitorio', '•Estancia de 3 noches', '•Enviado por móvil']"
Josep,España,10.0,Escrito en 24 de agosto de 2024,,,"['•Viaje de ocio', '•Familia con niños pequeños', '•Apartamento de 1 dormitorio', '•Estancia de 1 noche', '•Enviado por móvil']"
Carolina,España,9.0,Escrito en 23 de agosto de 2024,,,"['•Viaje de ocio', '•Familia con niños pequeños', '•Apartamento de 1 dormitorio', '•Estancia de 4 noches', '•Enviado por móvil']"
Rocamora,España,10.0,Escrito en 23 de agosto de 2024,,,"['•Viaje de ocio', '•Familia con niños pequeños', '•Apartamento de 1 dormitorio', '•Estancia de 2 noches', '•Enviado por móvil']"
Maria,España,10.0,Escrito en 22 de agosto de 2024,,,"['•Viaje de ocio', '•Familia con niños pequeños', '•Apartamento con terraza', '•Estancia de 3 noches', '•Enviado por móvil']"
Deborah,España,10.0,Escrito en 22 de agosto de 2024,,,"['•Viaje de ocio', '•Grupo de amigos', '•Apartamento de 1 dormitorio', '•Estancia de 5 noches', '•Enviado por móvil']"
Víctor,España,9.0,Escrito en 21 de agosto de 2024,,,"['•Viaje de ocio', '•Familia con niños pequeños', '•Apartamento de 1 dormitorio', '•Estancia de 2 noches', '•Enviado por móvil']"
Verónica,España,9.0,Escrito en 19 de agosto de 2024,,,"['•Viaje de ocio', '•Familia con niños pequeños', '•Apartamento de 1 dormitorio', '•Estancia de 4 noches', '•Enviado por móvil']"
África,España,8.0,Escrito en 19 de agosto de 2024,,,"['•Viaje de ocio', '•Familia con niños pequeños', '•Apartamento de 1 dormitorio', '•Estancia de 5 noches', '•Enviado por móvil']"
Sandra,España,9.0,Escrito en 19 de agosto de 2024,,,"['•Viaje de ocio', '•Grupo', '•Apartamento de 1 dormitorio', '•Estancia de 1 noche', '•Enviado por móvil']"
Marta,España,9.0,Escrito en 19 de agosto de 2024,,,"['•Viaje de ocio', '•Familia con niños pequeños', '•Apartamento de 2 dormitorios', '•Estancia de 3 noches', '•Enviado por móvil']"
David,España,8.0,Escrito en 18 de agosto de 2024,,,"['•Viaje de ocio', '•Grupo de amigos', '•Apartamento Estudio', '•Estancia de 2 noches', '•Enviado por móvil']"
Daniela,España,10.0,Escrito en 17 de agosto de 2024,,,"['•Familia con niños pequeños', '•Apartamento de 1 dormitorio', '•Estancia de 1 noche', '•Enviado por móvil']"
Inés,España,9.0,Escrito en 16 de agosto de 2024,,,"['•Viaje de ocio', '•Familia con niños pequeños', '•Apartamento de 1 dormitorio', '•Estancia de 3 noches', '•Enviado por móvil']"
Lorena,España,8.0,Escrito en 16 de agosto de 2024,,,"['•Viaje de ocio', '•Familia con niños pequeños', '•Apartamento de 1 dormitorio', '•Estancia de 3 noches', '•Enviado por móvil']"
Adrián,España,9.0,Escrito en 16 de agosto de 2024,,,"['•Viaje de ocio', '•Familia con niños pequeños', '•Apartamento de 1 dormitorio', '•Estancia de 2 noches', '•Enviado por móvil']"
Manuel,España,8.0,Escrito en 15 de agosto de 2024,,,"['•Viaje de ocio', '•Familia con niños pequeños', '•Apartamento de 1 dormitorio', '•Estancia de 1 noche', '•Enviado por móvil']"
Maria,España,9.0,Escrito en 15 de agosto de 2024,,,"['•Viaje de ocio', '•Familia con niños pequeños', '•Apartamento de 1 dormitorio', '•Estancia de 1 noche', '•Enviado por móvil']"
Daniel,España,9.0,Escrito en 14 de agosto de 2024,,,"['•Viaje de ocio', '•Familia con niños pequeños', '•Apartamento de 1 dormitorio', '•Estancia de 4 noches']"
Ana,España,8.0,Escrito en 14 de agosto de 2024,,,"['•Viaje de ocio', '•Familia con niños pequeños', '•Apartamento de 1 dormitorio', '•Estancia de 3 noches', '•Enviado por móvil']"
Rosario,España,8.0,Escrito en 13 de agosto de 2024,,,"['•Viaje de ocio', '•Grupo', '•Apartamento de 1 dormitorio', '•Estancia de 1 noche']"
Ignacio,España,8.0,Escrito en 7 de julio de 2024,,,"['•Viaje de ocio', '•Grupo', '•Apartamento de 1 dormitorio', '•Estancia de 3 noches', '•Enviado por móvil']"
Santiago,España,10.0,Escrito en 7 de julio de 2024,,,"['•Viaje de ocio', '•Familia con niños pequeños', '•Apartamento de 1 dormitorio', '•Estancia de 1 noche', '•Enviado por móvil']"
Alejandra,España,8.0,Escrito en 5 de julio de 2024,,,"['•Viaje de ocio', '•Familia con niños pequeños', '•Apartamento de 1 dormitorio', '•Estancia de 1 noche', '•Enviado por móvil']"
Loli,España,10.0,Escrito en 5 de julio de 2024,,,"['•Viaje de ocio', '•Familia con niños pequeños', '•Apartamento de 1 dormitorio', '•Estancia de 1 noche', '•Enviado por móvil']"
Jose,España,10.0,Escrito en 5 de julio de 2024,,,"['•Viaje de ocio', '•Familia con niños pequeños', '•Apartamento de 2 dormitorios', '•Estancia de 2 noches', '•Enviado por móvil']"
Luis,España,9.0,Escrito en 3 de julio de 2024,,,"['•Viaje de ocio', '•Pareja', '•Apartamento Estudio', '•Estancia de 3 noches', '•Enviado por móvil']"
María,España,9.0,Escrito en 1 de julio de 2024,,,"['•Viaje de ocio', '•Familia con niños pequeños', '•Apartamento de 1 dormitorio', '•Estancia de 3 noches', '•Enviado por móvil']"
Dionisio,España,9.0,Escrito en 1 de julio de 2024,,,"['•Viaje de ocio', '•Familia con niños pequeños', '•Apartamento de 2 dormitorios', '•Estancia de 1 noche', '•Enviado por móvil']"
Agustín,España,9.0,Escrito en 1 de julio de 2024,,,"['•Viaje de ocio', '•Pareja', '•Apartamento Estudio', '•Estancia de 1 noche']"
Pastor,España,10.0,Escrito en 1 de julio de 2024,,,"['•Viaje de ocio', '•Familia con niños pequeños', '•Apartamento de 2 dormitorios', '•Estancia de 1 noche', '•Enviado por móvil']"
Emilio,España,10.0,Escrito en 30 de junio de 2024,,,"['•Viaje de ocio', '•Familia con niños pequeños', '•Apartamento de 2 dormitorios', '•Estancia de 1 noche', '•Enviado por móvil']"
Marta,España,10.0,Escrito en 30 de junio de 2024,,,"['•Viaje de ocio', '•Familia con niños pequeños', '•Apartamento de 1 dormitorio', '•Estancia de 2 noches', '•Enviado por móvil']"
Maria,España,7.0,Escrito en 30 de junio de 2024,,,"['•Viaje de ocio', '•Familia con niños pequeños', '•Apartamento con terraza', '•Estancia de 2 noches', '•Enviado por móvil']"
Albina,España,8.0,Escrito en 30 de junio de 2024,,,"['•Viaje de ocio', '•Familia con niños pequeños', '•Apartamento de 1 dormitorio', '•Estancia de 2 noches', '•Enviado por móvil']"
Cristian,España,10.0,Escrito en 30 de junio de 2024,,,"['•Viaje de negocios', '•Grupo', '•Apartamento de 1 dormitorio', '•Estancia de 3 noches', '•Enviado por móvil']"
Ángeles,España,10.0,Escrito en 30 de junio de 2024,,,"['•Viaje de ocio', '•Pareja', '•Apartamento de 1 dormitorio', '•Estancia de 2 noches', '•Enviado por móvil']"
Sofia_sss,España,8.0,Escrito en 27 de junio de 2024,,,"['•Viaje de ocio', '•Grupo de amigos', '•Apartamento de 2 dormitorios', '•Estancia de 3 noches', '•Enviado por móvil']"
Rosana,España,10.0,Escrito en 27 de junio de 2024,,,"['•Viaje de ocio', '•Familia con niños pequeños', '•Apartamento de 2 dormitorios', '•Estancia de 1 noche']"
Juan,España,8.0,Escrito en 26 de junio de 2024,,,"['•Viaje de ocio', '•Familia con niños pequeños', '•Apartamento de 1 dormitorio', '•Estancia de 1 noche', '•Enviado por móvil']"
Maria,España,7.0,Escrito en 26 de junio de 2024,,,"['•Viaje de ocio', '•Familia con niños pequeños', '•Apartamento de 1 dormitorio', '•Estancia de 1 noche', '•Enviado por móvil']"
Cruz,España,8.0,Escrito en 25 de junio de 2024,,,"['•Viaje de ocio', '•Familia con niños pequeños', '•Apartamento de 1 dormitorio', '•Estancia de 2 noches', '•Enviado por móvil']"
Azuha,España,10.0,Escrito en 24 de junio de 2024,,,"['•Viaje de ocio', '•Pareja', '•Apartamento de 1 dormitorio', '•Estancia de 5 noches', '•Enviado por móvil']"
Susana,España,10.0,Escrito en 24 de junio de 2024,,,"['•Viaje de ocio', '•Familia con niños pequeños', '•Apartamento de 1 dormitorio', '•Estancia de 3 noches', '•Enviado por móvil']"
Daniel,España,8.0,Escrito en 24 de junio de 2024,,,"['•Viaje de ocio', '•Grupo de amigos', '•Apartamento Estudio', '•Estancia de 3 noches', '•Enviado por móvil']"
Nidia,España,8.0,Escrito en 23 de junio de 2024,,,"['•Viaje de negocios', '•Pareja', '•Apartamento de 1 dormitorio', '•Estancia de 1 noche', '•Enviado por móvil']"
Eudald,España,10.0,Escrito en 6 de mayo de 2024,,,"['•Viaje de ocio', '•Grupo', '•Apartamento Ático', '•Estancia de 2 noches', '•Enviado por móvil']"
José,España,9.0,Escrito en 5 de mayo de 2024,,,"['•Viaje de ocio', '•Familia con niños pequeños', '•Apartamento de 1 dormitorio', '•Estancia de 2 noches', '•Enviado por móvil']"
Sofia,España,10.0,Escrito en 5 de mayo de 2024,,,"['•Viaje de ocio', '•Grupo', '•Apartamento de 1 dormitorio', '•Estancia de 2 noches', '•Enviado por móvil']"
Ana,España,9.0,Escrito en 4 de mayo de 2024,,,"['•Viaje de ocio', '•Familia con niños pequeños', '•Apartamento Ático', '•Estancia de 1 noche', '•Enviado por móvil']"
Roberto,España,9.0,Escrito en 3 de mayo de 2024,,,"['•Viaje de ocio', '•Familia con niños pequeños', '•Apartamento de 1 dormitorio', '•Estancia de 3 noches', '•Enviado por móvil']"
Edecio,España,9.0,Escrito en 3 de mayo de 2024,,,"['•Viaje de ocio', '•Familia con niños pequeños', '•Apartamento de 1 dormitorio', '•Estancia de 1 noche', '•Enviado por móvil']"
Pulido,España,10.0,Escrito en 3 de mayo de 2024,,,"['•Viaje de ocio', '•Grupo', '•Apartamento de 2 dormitorios', '•Estancia de 1 noche']"
Clotilde,España,8.0,Escrito en 2 de mayo de 2024,,,"['•Viaje de ocio', '•Familia con niños pequeños', '•Apartamento de 1 dormitorio', '•Estancia de 2 noches']"
Jose,España,10.0,Escrito en 2 de mayo de 2024,,,"['•Viaje de ocio', '•Familia con niños pequeños', '•Apartamento con terraza', '•Estancia de 2 noches', '•Enviado por móvil']"
Ire,España,10.0,Escrito en 1 de mayo de 2024,,,"['•Viaje de ocio', '•Pareja', '•Apartamento Estudio', '•Estancia de 1 noche']"
Pablo,España,9.0,Escrito en 30 de abril de 2024,,,"['•Viaje de ocio', '•Familia con niños pequeños', '•Apartamento de 1 dormitorio', '•Estancia de 4 noches', '•Enviado por móvil']"
Javier,España,8.0,Escrito en 30 de abril de 2024,,,"['•Viaje de negocios', '•Persona que viaja sola', '•Apartamento Estudio', '•Estancia de 1 noche', '•Enviado por móvil']"
Begoña,España,8.0,Escrito en 30 de abril de 2024,,,"['•Viaje de negocios', '•Familia con niños pequeños', '•Apartamento de 1 dormitorio', '•Estancia de 1 noche']"
David,España,9.0,Escrito en 28 de abril de 2024,,,"['•Viaje de ocio', '•Familia con niños pequeños', '•Apartamento de 1 dormitorio', '•Estancia de 1 noche', '•Enviado por móvil']"
Álvaro,España,10.0,Escrito en 27 de abril de 2024,,,"['•Viaje de ocio', '•Pareja', '•Apartamento Estudio', '•Estancia de 1 noche', '•Enviado por móvil']"
Javier,España,9.0,Escrito en 25 de abril de 2024,,,"['•Viaje de ocio', '•Pareja', '•Apartamento Estudio', '•Estancia de 1 noche', '•Enviado por móvil']"
Andrea,España,10.0,Escrito en 24 de abril de 2024,,,"['•Viaje de ocio', '•Familia con niños pequeños', '•Apartamento de 2 dormitorios', '•Estancia de 1 noche', '•Enviado por móvil']"
Alba,España,9.0,Escrito en 23 de abril de 2024,,,"['•Viaje de ocio', '•Pareja', '•Apartamento Estudio', '•Estancia de 1 noche', '•Enviado por móvil']"
Ines,España,10.0,Escrito en 23 de abril de 2024,,,"['•Viaje de ocio', '•Familia con niños pequeños', '•Apartamento de 1 dormitorio', '•Estancia de 2 noches', '•Enviado por móvil']"
Pablo,España,8.0,Escrito en 22 de abril de 2024,,,"['•Viaje de ocio', '•Familia con niños pequeños', '•Apartamento de 1 dormitorio', '•Estancia de 2 noches', '•Enviado por móvil']"
Laura,España,10.0,Escrito en 21 de abril de 2024,,,"['•Viaje de ocio', '•Familia con niños pequeños', '•Apartamento de 1 dormitorio', '•Estancia de 1 noche', '•Enviado por móvil']"
Marisol,España,9.0,Escrito en 20 de abril de 2024,,,"['•Viaje de ocio', '•Grupo', '•Apartamento de 1 dormitorio', '•Estancia de 1 noche', '•Enviado por móvil']"
Gabriel,España,10.0,Escrito en 19 de abril de 2024,,,"['•Viaje de ocio', '•Grupo de amigos', '•Apartamento de 1 dormitorio', '•Estancia de 1 noche', '•Enviado por móvil']"
Jesus,España,9.0,Escrito en 18 de abril de 2024,,,"['•Viaje de ocio', '•Grupo', '•Apartamento de 1 dormitorio', '•Estancia de 2 noches']"
Ramos,España,9.0,Escrito en 17 de abril de 2024,,,"['•Viaje de ocio', '•Grupo de amigos', '•Apartamento de 1 dormitorio', '•Estancia de 2 noches', '•Enviado por móvil']"
Ortega,España,9.0,Escrito en 5 de marzo de 2024,,,"['•Viaje de ocio', '•Grupo', '•Apartamento de 1 dormitorio', '•Estancia de 2 noches', '•Enviado por móvil']"
Leire,España,9.0,Escrito en 4 de marzo de 2024,,,"['•Viaje de ocio', '•Grupo', '•Apartamento de 1 dormitorio', '•Estancia de 1 noche', '•Enviado por móvil']"
Arzak,España,9.0,Escrito en 4 de marzo de 2024,,,"['•Viaje de negocios', '•Persona que viaja sola', '•Apartamento Estudio', '•Estancia de 1 noche']"
Mari,España,9.0,Escrito en 4 de marzo de 2024,,,"['•Viaje de ocio', '•Familia con niños pequeños', '•Apartamento de 1 dormitorio', '•Estancia de 2 noches', '•Enviado por móvil']"
Elena,España,9.0,Escrito en 4 de marzo de 2024,,,"['•Viaje de ocio', '•Familia con niños pequeños', '•Apartamento de 1 dormitorio', '•Estancia de 2 noches', '•Enviado por móvil']"
Rebeca,España,10.0,Escrito en 3 de marzo de 2024,,,"['•Viaje de ocio', '•Familia con niños pequeños', '•Apartamento de 1 dormitorio', '•Estancia de 2 noches', '•Enviado por móvil']"
Cagigas,España,8.0,Escrito en 2 de marzo de 2024,,,"['•Familia con niños pequeños', '•Apartamento con terraza', '•Estancia de 1 noche', '•Enviado por móvil']"
Belen,España,8.0,Escrito en 2 de marzo de 2024,,,"['•Viaje de ocio', '•Familia con niños pequeños', '•Apartamento Estudio', '•Estancia de 2 noches', '•Enviado por móvil']"
Rafa,España,10.0,Escrito en 2 de marzo de 2024,,,"['•Viaje de negocios', '•Familia con niños pequeños', '•Apartamento de 1 dormitorio', '•Estancia de 1 noche', '•Enviado por móvil']"
Elsa,España,10.0,Escrito en 1 de marzo de 2024,,,"['•Familia con niños pequeños', '•Apartamento Estudio', '•Estancia de 1 noche', '•Enviado por móvil']"
Dimitri,España,10.0,Escrito en 29 de febrero de 2024,,,"['•Pareja', '•Apartamento de 1 dormitorio', '•Estancia de 5 noches', '•Enviado por móvil']"
Miguel,España,9.0,Escrito en 29 de febrero de 2024,,,"['•Viaje de ocio', '•Familia con niños pequeños', '•Apartamento de 1 dormitorio', '•Estancia de 1 noche', '•Enviado por móvil']"
Agurtzane,España,9.0,Escrito en 29 de febrero de 2024,,,"['•Viaje de ocio', '•Grupo de amigos', '•Apartamento de 1 dormitorio', '•Estancia de 1 noche', '•Enviado por móvil']"
Xandre,España,10.0,Escrito en 28 de febrero de 2024,,,"['•Viaje de ocio', '•Grupo', '•Apartamento de 1 dormitorio', '•Estancia de 1 noche', '•Enviado por móvil']"
Jimenez,España,8.0,Escrito en 27 de febrero de 2024,,,"['•Viaje de ocio', '•Familia con niños pequeños', '•Apartamento de 1 dormitorio', '•Estancia de 1 noche', '•Enviado por móvil']"
Joan,España,10.0,Escrito en 27 de febrero de 2024,,,"['•Viaje de ocio', '•Grupo', '•Apartamento de 1 dormitorio', '•Estancia de 1 noche', '•Enviado por móvil']"
Noelia,España,9.0,Escrito en 26 de febrero de 2024,,,"['•Viaje de ocio', '•Familia con niños pequeños', '•Apartamento de 1 dormitorio', '•Estancia de 2 noches', '•Enviado por móvil']"
Beatriz,España,9.0,Escrito en 26 de febrero de 2024,,,"['•Viaje de ocio', '•Grupo de amigos', '•Apartamento de 1 dormitorio', '•Estancia de 2 noches', '•Enviado por móvil']"
Virginia,España,9.0,Escrito en 25 de febrero de 2024,,,"['•Viaje de ocio', '•Familia con niños pequeños', '•Apartamento de 1 dormitorio', '•Estancia de 3 noches', '•Enviado por móvil']"
Aurora,España,10.0,Escrito en 24 de febrero de 2024,,,"['•Viaje de ocio', '•Grupo de amigos', '•Apartamento de 1 dormitorio', '•Estancia de 2 noches', '•Enviado por móvil']"
Alvaro,España,10.0,Escrito en 23 de febrero de 2024,,,"['•Viaje de ocio', '•Grupo de amigos', '•Apartamento de 1 dormitorio', '•Estancia de 1 noche', '•Enviado por móvil']"
Omar,Argentina,10.0,Escrito en 23 de febrero de 2024,,,"['•Viaje de negocios', '•Persona que viaja sola', '•Apartamento de 1 dormitorio', '•Estancia de 2 noches', '•Enviado por móvil']"
Castro,España,8.0,Escrito en 23 de febrero de 2024,,,"['•Viaje de ocio', '•Pareja', '•Apartamento de 1 dormitorio', '•Estancia de 1 noche', '•Enviado por móvil']"
Monica,España,10.0,Escrito en 23 de febrero de 2024,,,"['•Viaje de ocio', '•Pareja', '•Apartamento Estudio', '•Estancia de 2 noches', '•Enviado por móvil']"
Luis,España,9.0,Escrito en 23 de febrero de 2024,,,"['•Viaje de negocios', '•Grupo', '•Apartamento de 1 dormitorio', '•Estancia de 2 noches', '•Enviado por móvil']"
Xabier,España,8.0,Escrito en 28 de enero de 2024,,,"['•Viaje de ocio', '•Familia con niños pequeños', '•Apartamento de 1 dormitorio', '•Estancia de 1 noche', '•Enviado por móvil']"
Laura,España,8.0,Escrito en 28 de enero de 2024,,,"['•Viaje de ocio', '•Familia con niños pequeños', '•Apartamento de 1 dormitorio', '•Estancia de 1 noche', '•Enviado por móvil']"
Janire,España,10.0,Escrito en 27 de enero de 2024,,,"['•Viaje de negocios', '•Pareja', '•Apartamento Estudio', '•Estancia de 1 noche', '•Enviado por móvil']"
Concepción,España,7.0,Escrito en 25 de enero de 2024,,,"['•Viaje de ocio', '•Familia con niños pequeños', '•Apartamento de 1 dormitorio', '•Estancia de 1 noche', '•Enviado por móvil']"
Marilia,España,10.0,Escrito en 24 de enero de 2024,,,"['•Viaje de ocio', '•Grupo', '•Apartamento de 1 dormitorio', '•Estancia de 1 noche', '•Enviado por móvil']"
Jose,España,9.0,Escrito en 24 de enero de 2024,,,"['•Viaje de ocio', '•Pareja', '•Apartamento de 1 dormitorio', '•Estancia de 1 noche']"
Pelayo,España,9.0,Escrito en 22 de enero de 2024,,,"['•Viaje de ocio', '•Grupo de amigos', '•Apartamento de 2 dormitorios', '•Estancia de 1 noche', '•Enviado por móvil']"
Hector,España,9.0,Escrito en 22 de enero de 2024,,,"['•Viaje de ocio', '•Familia con niños pequeños', '•Apartamento de 1 dormitorio', '•Estancia de 2 noches', '•Enviado por móvil']"
Irene,España,9.0,Escrito en 22 de enero de 2024,,,"['•Viaje de ocio', '•Grupo de amigos', '•Apartamento de 1 dormitorio', '•Estancia de 1 noche', '•Enviado por móvil']"
Nuria,España,10.0,Escrito en 22 de enero de 2024,,,"['•Viaje de ocio', '•Grupo de amigos', '•Apartamento de 1 dormitorio', '•Estancia de 2 noches', '•Enviado por móvil']"
Isidro,España,10.0,Escrito en 21 de enero de 2024,,,"['•Viaje de negocios', '•Familia con niños pequeños', '•Apartamento de 1 dormitorio', '•Estancia de 1 noche', '•Enviado por móvil']"
Irati,España,10.0,Escrito en 21 de enero de 2024,,,"['•Viaje de ocio', '•Familia con niños pequeños', '•Apartamento de 1 dormitorio', '•Estancia de 2 noches', '•Enviado por móvil']"
Onintza,España,9.0,Escrito en 20 de enero de 2024,,,"['•Viaje de ocio', '•Familia con niños pequeños', '•Apartamento de 2 dormitorios', '•Estancia de 2 noches', '•Enviado por móvil']"
Xiana,"Abjasia, ​Georgia",9.0,Escrito en 19 de enero de 2024,,,"['•Viaje de ocio', '•Pareja', '•Apartamento Estudio', '•Estancia de 1 noche', '•Enviado por móvil']"
Asier,España,8.0,Escrito en 18 de enero de 2024,,,"['•Viaje de ocio', '•Grupo', '•Apartamento de 2 dormitorios', '•Estancia de 1 noche', '•Enviado por móvil']"
Patricia,España,9.0,Escrito en 18 de enero de 2024,,,"['•Viaje de ocio', '•Familia con niños pequeños', '•Apartamento de 2 dormitorios', '•Estancia de 1 noche', '•Enviado por móvil']"
Iranzu,España,10.0,Escrito en 18 de enero de 2024,,,"['•Viaje de ocio', '•Pareja', '•Apartamento Estudio', '•Estancia de 2 noches', '•Enviado por móvil']"
Villanueva,España,10.0,Escrito en 18 de enero de 2024,,,"['•Familia con niños pequeños', '•Apartamento de 1 dormitorio', '•Estancia de 6 noches', '•Enviado por móvil']"
Joan,España,10.0,Escrito en 16 de enero de 2024,,,"['•Viaje de ocio', '•Familia con niños pequeños', '•Apartamento de 2 dormitorios', '•Estancia de 3 noches']"
Yolanda,España,10.0,Escrito en 15 de enero de 2024,,,"['•Familia con niños pequeños', '•Apartamento Estudio', '•Estancia de 1 noche', '•Enviado por móvil']"
Álvaro,España,10.0,Escrito en 15 de enero de 2024,,,"['•Viaje de ocio', '•Pareja', '•Apartamento de 1 dormitorio', '•Estancia de 1 noche', '•Enviado por móvil']"
Maria,España,10.0,Escrito en 15 de enero de 2024,,,"['•Viaje de ocio', '•Familia con niños pequeños', '•Apartamento de 1 dormitorio', '•Estancia de 2 noches', '•Enviado por móvil']"
Ines,España,10.0,Escrito en 15 de enero de 2024,,,"['•Viaje de ocio', '•Grupo de amigos', '•Apartamento de 1 dormitorio', '•Estancia de 1 noche', '•Enviado por móvil']"
Marques,España,10.0,Escrito en 14 de enero de 2024,,,"['•Viaje de ocio', '•Pareja', '•Apartamento de 1 dormitorio', '•Estancia de 2 noches', '•Enviado por móvil']"
Eva,España,9.0,Escrito en 14 de enero de 2024,,,"['•Viaje de ocio', '•Pareja', '•Apartamento Estudio', '•Estancia de 2 noches', '•Enviado por móvil']"
Diana,España,10.0,Escrito en 8 de diciembre de 2023,,,"['•Viaje de ocio', '•Familia con niños pequeños', '•Apartamento de 1 dormitorio', '•Estancia de 2 noches', '•Enviado por móvil']"
Victoria,España,8.0,Escrito en 8 de diciembre de 2023,,,"['•Viaje de ocio', '•Familia con niños pequeños', '•Apartamento de 1 dormitorio', '•Estancia de 1 noche', '•Enviado por móvil']"
Garcia,España,10.0,Escrito en 8 de diciembre de 2023,,,"['•Viaje de ocio', '•Familia con niños pequeños', '•Apartamento de 1 dormitorio', '•Estancia de 1 noche', '•Enviado por móvil']"
Plasencia,España,9.0,Escrito en 7 de diciembre de 2023,,,"['•Viaje de ocio', '•Pareja', '•Apartamento Estudio', '•Estancia de 4 noches', '•Enviado por móvil']"
Patricia,España,10.0,Escrito en 6 de diciembre de 2023,,,"['•Viaje de ocio', '•Familia con niños pequeños', '•Apartamento de 1 dormitorio', '•Estancia de 1 noche', '•Enviado por móvil']"
Jose,España,9.0,Escrito en 5 de diciembre de 2023,,,"['•Viaje de negocios', '•Familia con niños pequeños', '•Apartamento con terraza', '•Estancia de 1 noche', '•Enviado por móvil']"
Alba,España,10.0,Escrito en 5 de diciembre de 2023,,,"['•Viaje de ocio', '•Familia con niños pequeños', '•Apartamento de 1 dormitorio', '•Estancia de 1 noche', '•Enviado por móvil']"
Marta,España,9.0,Escrito en 4 de diciembre de 2023,,,"['•Viaje de negocios', '•Familia con niños pequeños', '•Apartamento de 1 dormitorio', '•Estancia de 1 noche', '•Enviado por móvil']"
Maria,España,9.0,Escrito en 3 de diciembre de 2023,,,"['•Viaje de ocio', '•Grupo de amigos', '•Apartamento de 1 dormitorio', '•Estancia de 2 noches', '•Enviado por móvil']"
Olatz,España,8.0,Escrito en 3 de diciembre de 2023,,,"['•Viaje de ocio', '•Familia con niños pequeños', '•Apartamento de 1 dormitorio', '•Estancia de 1 noche', '•Enviado por móvil']"
Luis,España,9.0,Escrito en 27 de noviembre de 2023,,,"['•Viaje de negocios', '•Grupo', '•Apartamento de 2 dormitorios', '•Estancia de 1 noche']"
Teresa,España,7.0,Escrito en 26 de noviembre de 2023,,,"['•Viaje de ocio', '•Familia con niños pequeños', '•Apartamento de 1 dormitorio', '•Estancia de 1 noche', '•Enviado por móvil']"
May,España,8.0,Escrito en 23 de noviembre de 2023,,,"['•Viaje de ocio', '•Grupo', '•Apartamento de 1 dormitorio', '•Estancia de 1 noche', '•Enviado por móvil']"
David,España,10.0,Escrito en 22 de noviembre de 2023,,,"['•Viaje de ocio', '•Grupo de amigos', '•Apartamento de 1 dormitorio', '•Estancia de 1 noche', '•Enviado por móvil']"
Álvaro,España,7.0,Escrito en 21 de noviembre de 2023,,,"['•Viaje de ocio', '•Familia con niños pequeños', '•Apartamento Estudio', '•Estancia de 2 noches', '•Enviado por móvil']"
Carlos,España,9.0,Escrito en 20 de noviembre de 2023,,,"['•Viaje de ocio', '•Grupo', '•Apartamento de 1 dormitorio', '•Estancia de 1 noche']"
Álvaro,España,10.0,Escrito en 20 de noviembre de 2023,,,"['•Viaje de ocio', '•Pareja', '•Apartamento Estudio', '•Estancia de 1 noche', '•Enviado por móvil']"
David,España,9.0,Escrito en 19 de noviembre de 2023,,,"['•Viaje de ocio', '•Familia con niños pequeños', '•Apartamento de 1 dormitorio', '•Estancia de 1 noche', '•Enviado por móvil']"
Carla,España,10.0,Escrito en 18 de noviembre de 2023,,,"['•Viaje de ocio', '•Grupo', '•Apartamento Estudio', '•Estancia de 1 noche', '•Enviado por móvil']"
Aura,España,9.0,Escrito en 17 de noviembre de 2023,,,"['•Viaje de ocio', '•Grupo', '•Apartamento de 1 dormitorio', '•Estancia de 1 noche', '•Enviado por móvil']"
Ane,España,8.0,Escrito en 16 de noviembre de 2023,,,"['•Viaje de ocio', '•Pareja', '•Apartamento Estudio', '•Estancia de 1 noche', '•Enviado por móvil']"
Amigo,España,8.0,Escrito en 16 de noviembre de 2023,,,"['•Viaje de negocios', '•Pareja', '•Apartamento Estudio', '•Estancia de 4 noches']"
Vladyslav,España,9.0,Escrito en 16 de noviembre de 2023,,,"['•Viaje de ocio', '•Grupo de amigos', '•Apartamento de 2 dormitorios', '•Estancia de 3 noches', '•Enviado por móvil']"
Reformas,España,10.0,Escrito en 15 de noviembre de 2023,,,"['•Viaje de negocios', '•Familia con niños pequeños', '•Apartamento de 1 dormitorio', '•Estancia de 2 noches', '•Enviado por móvil']"
Carolina,España,8.0,Escrito en 13 de noviembre de 2023,,,"['•Viaje de ocio', '•Familia con niños pequeños', '•Apartamento de 1 dormitorio', '•Estancia de 1 noche', '•Enviado por móvil']"
Marina,España,10.0,Escrito en 23 de septiembre de 2023,,,"['•Viaje de ocio', '•Familia con niños pequeños', '•Apartamento de 1 dormitorio', '•Estancia de 2 noches', '•Enviado por móvil']"
Rafael,España,8.0,Escrito en 21 de septiembre de 2023,,,"['•Viaje de ocio', '•Familia con niños pequeños', '•Apartamento de 1 dormitorio', '•Estancia de 2 noches', '•Enviado por móvil']"
Ana,España,8.0,Escrito en 21 de septiembre de 2023,,,"['•Viaje de negocios', '•Familia con niños pequeños', '•Apartamento de 1 dormitorio', '•Estancia de 2 noches', '•Enviado por móvil']"
Miguel,España,10.0,Escrito en 19 de septiembre de 2023,,,"['•Viaje de ocio', '•Persona que viaja sola', '•Apartamento de 1 dormitorio', '•Estancia de 3 noches']"
Mªcarmen,España,9.0,Escrito en 18 de septiembre de 2023,,,"['•Viaje de negocios', '•Familia con niños pequeños', '•Apartamento de 1 dormitorio', '•Estancia de 2 noches', '•Enviado por móvil']"
Ricardo,España,8.0,Escrito en 17 de septiembre de 2023,,,"['•Viaje de ocio', '•Grupo de amigos', '•Apartamento de 2 dormitorios', '•Estancia de 4 noches', '•Enviado por móvil']"
Fernando,España,10.0,Escrito en 15 de septiembre de 2023,,,"['•Viaje de ocio', '•Familia con niños pequeños', '•Apartamento de 1 dormitorio', '•Estancia de 2 noches', '•Enviado por móvil']"
Victor,España,9.0,Escrito en 14 de septiembre de 2023,,,"['•Viaje de ocio', '•Pareja', '•Apartamento de 1 dormitorio', '•Estancia de 5 noches', '•Enviado por móvil']"
Luis,España,8.0,Escrito en 14 de septiembre de 2023,,,"['•Viaje de negocios', '•Persona que viaja sola', '•Apartamento de 1 dormitorio', '•Estancia de 1 noche', '•Enviado por móvil']"
Garcia,España,9.0,Escrito en 13 de septiembre de 2023,,,"['•Viaje de ocio', '•Familia con niños pequeños', '•Apartamento de 1 dormitorio', '•Estancia de 4 noches']"
Gema,España,10.0,Escrito en 12 de septiembre de 2023,,,"['•Viaje de ocio', '•Pareja', '•Apartamento Estudio', '•Estancia de 1 noche', '•Enviado por móvil']"
Emilio,España,9.0,Escrito en 12 de septiembre de 2023,,,"['•Viaje de ocio', '•Familia con niños pequeños', '•Apartamento de 1 dormitorio', '•Estancia de 3 noches', '•Enviado por móvil']"
Veronica,España,10.0,Escrito en 12 de septiembre de 2023,,,"['•Viaje de ocio', '•Familia con niños pequeños', '•Apartamento de 1 dormitorio', '•Estancia de 2 noches', '•Enviado por móvil']"
Enrique,España,9.0,Escrito en 12 de septiembre de 2023,,,"['•Viaje de ocio', '•Familia con niños pequeños', '•Apartamento de 1 dormitorio', '•Estancia de 2 noches', '•Enviado por móvil']"
Enrique,España,9.0,Escrito en 12 de septiembre de 2023,,,"['•Viaje de ocio', '•Familia con niños pequeños', '•Apartamento de 2 dormitorios', '•Estancia de 2 noches', '•Enviado por móvil']"
Enrique,España,9.0,Escrito en 12 de septiembre de 2023,,,"['•Familia con niños pequeños', '•Apartamento Estudio', '•Estancia de 2 noches', '•Enviado por móvil']"
Lorena,España,9.0,Escrito en 12 de septiembre de 2023,,,"['•Viaje de ocio', '•Familia con niños pequeños', '•Apartamento Estudio', '•Estancia de 2 noches', '•Enviado por móvil']"
Maria,España,10.0,Escrito en 10 de septiembre de 2023,,,"['•Viaje de ocio', '•Grupo de amigos', '•Apartamento de 1 dormitorio', '•Estancia de 4 noches', '•Enviado por móvil']"
Tomas,España,8.0,Escrito en 9 de septiembre de 2023,,,"['•Viaje de ocio', '•Familia con niños pequeños', '•Apartamento de 1 dormitorio', '•Estancia de 1 noche', '•Enviado por móvil']"
Isidro,España,7.0,Escrito en 9 de septiembre de 2023,,,"['•Viaje de ocio', '•Familia con niños pequeños', '•Apartamento Estudio', '•Estancia de 2 noches', '•Enviado por móvil']"
Ibon,España,7.0,Escrito en 9 de septiembre de 2023,,,"['•Viaje de negocios', '•Persona que viaja sola', '•Apartamento Estudio', '•Estancia de 1 noche', '•Enviado por móvil']"
Katerin,España,10.0,Escrito en 8 de septiembre de 2023,,,"['•Familia con niños pequeños', '•Apartamento de 1 dormitorio', '•Estancia de 1 noche', '•Enviado por móvil']"
Javier,España,9.0,Escrito en 8 de septiembre de 2023,,,"['•Viaje de ocio', '•Familia con niños pequeños', '•Apartamento de 1 dormitorio', '•Estancia de 1 noche', '•Enviado por móvil']"
Felipe,Estados Unidos,10.0,Escrito en 8 de septiembre de 2023,,,"['•Viaje de ocio', '•Pareja', '•Apartamento de 1 dormitorio', '•Estancia de 4 noches', '•Enviado por móvil']"
Jovi,España,9.0,Escrito en 8 de septiembre de 2023,,,"['•Viaje de ocio', '•Grupo', '•Apartamento de 1 dormitorio', '•Estancia de 2 noches']"
Sergi,España,10.0,Escrito en 13 de agosto de 2023,,,"['•Viaje de ocio', '•Familia con niños pequeños', '•Apartamento de 1 dormitorio', '•Estancia de 2 noches', '•Enviado por móvil']"
Agg2,España,9.0,Escrito en 12 de agosto de 2023,,,"['•Viaje de ocio', '•Familia con niños pequeños', '•Apartamento de 2 dormitorios', '•Estancia de 4 noches', '•Enviado por móvil']"
Alejandro,España,10.0,Escrito en 11 de agosto de 2023,,,"['•Viaje de ocio', '•Familia con niños pequeños', '•Apartamento de 1 dormitorio', '•Estancia de 2 noches', '•Enviado por móvil']"
Oscar,España,7.0,Escrito en 11 de agosto de 2023,,,"['•Viaje de ocio', '•Familia con niños pequeños', '•Apartamento de 1 dormitorio', '•Estancia de 2 noches', '•Enviado por móvil']"
Cesc2002,España,10.0,Escrito en 10 de agosto de 2023,,,"['•Viaje de ocio', '•Grupo', '•Apartamento de 1 dormitorio', '•Estancia de 1 noche']"
Mar,España,9.0,Escrito en 10 de agosto de 2023,,,"['•Viaje de ocio', '•Familia con niños pequeños', '•Apartamento de 1 dormitorio', '•Estancia de 1 noche', '•Enviado por móvil']"
Mercedes,España,9.0,Escrito en 9 de agosto de 2023,,,"['•Viaje de ocio', '•Familia con niños pequeños', '•Apartamento de 1 dormitorio', '•Estancia de 2 noches', '•Enviado por móvil']"
Helia,España,10.0,Escrito en 9 de agosto de 2023,,,"['•Viaje de ocio', '•Familia con niños pequeños', '•Apartamento de 2 dormitorios', '•Estancia de 1 noche', '•Enviado por móvil']"
Jesús,España,8.0,Escrito en 8 de agosto de 2023,,,"['•Viaje de ocio', '•Familia con niños pequeños', '•Apartamento de 1 dormitorio', '•Estancia de 1 noche', '•Enviado por móvil']"
Javier,España,7.0,Escrito en 8 de agosto de 2023,,,"['•Viaje de ocio', '•Familia con niños pequeños', '•Apartamento Estudio', '•Estancia de 1 noche', '•Enviado por móvil']"
Maria,España,9.0,Escrito en 7 de agosto de 2023,,,"['•Viaje de ocio', '•Familia con niños pequeños', '•Apartamento de 1 dormitorio', '•Estancia de 2 noches']"
Raquel,España,8.0,Escrito en 7 de agosto de 2023,,,"['•Viaje de ocio', '•Familia con niños pequeños', '•Apartamento con terraza', '•Estancia de 3 noches', '•Enviado por móvil']"
Martinez,España,9.0,Escrito en 7 de agosto de 2023,,,"['•Viaje de ocio', '•Familia con niños pequeños', '•Apartamento de 1 dormitorio', '•Estancia de 1 noche', '•Enviado por móvil']"
Jana,España,10.0,Escrito en 6 de agosto de 2023,,,"['•Viaje de negocios', '•Grupo', '•Apartamento de 1 dormitorio', '•Estancia de 2 noches', '•Enviado por móvil']"
Teresa,España,10.0,Escrito en 4 de agosto de 2023,,,"['•Viaje de ocio', '•Familia con niños pequeños', '•Apartamento de 1 dormitorio', '•Estancia de 3 noches', '•Enviado por móvil']"
Rebeca,España,8.0,Escrito en 4 de agosto de 2023,,,"['•Viaje de ocio', '•Familia con niños pequeños', '•Apartamento de 1 dormitorio', '•Estancia de 5 noches', '•Enviado por móvil']"
Maria,España,7.0,Escrito en 2 de agosto de 2023,,,"['•Viaje de ocio', '•Familia con niños pequeños', '•Apartamento de 1 dormitorio', '•Estancia de 1 noche', '•Enviado por móvil']"
Cristina,España,8.0,Escrito en 2 de agosto de 2023,,,"['•Viaje de ocio', '•Familia con niños pequeños', '•Apartamento de 1 dormitorio', '•Estancia de 1 noche', '•Enviado por móvil']"
Fernando,España,9.0,Escrito en 2 de agosto de 2023,,,"['•Viaje de ocio', '•Familia con niños pequeños', '•Apartamento de 1 dormitorio', '•Estancia de 1 noche', '•Enviado por móvil']"
Jose,España,10.0,Escrito en 1 de agosto de 2023,,,"['•Viaje de ocio', '•Familia con niños pequeños', '•Apartamento de 1 dormitorio', '•Estancia de 1 noche', '•Enviado por móvil']"
Carme,España,9.0,Escrito en 1 de agosto de 2023,,,"['•Viaje de ocio', '•Grupo de amigos', '•Apartamento de 1 dormitorio', '•Estancia de 1 noche', '•Enviado por móvil']"
Iker,España,9.0,Escrito en 31 de julio de 2023,,,"['•Viaje de ocio', '•Pareja', '•Apartamento Estudio', '•Estancia de 1 noche', '•Enviado por móvil']"
María,España,9.0,Escrito en 31 de julio de 2023,,,"['•Viaje de ocio', '•Familia con niños pequeños', '•Apartamento de 1 dormitorio', '•Estancia de 1 noche', '•Enviado por móvil']"
Shuangping,España,8.0,Escrito en 31 de julio de 2023,,,"['•Viaje de negocios', '•Familia con niños pequeños', '•Apartamento Estudio', '•Estancia de 1 noche', '•Enviado por móvil']"
Maria,España,9.0,Escrito en 31 de julio de 2023,,,"['•Viaje de ocio', '•Familia con niños pequeños', '•Apartamento de 1 dormitorio', '•Estancia de 1 noche', '•Enviado por móvil']"
Amia,España,9.0,Escrito en 14 de junio de 2023,,,"['•Viaje de ocio', '•Familia con niños pequeños', '•Apartamento de 1 dormitorio', '•Estancia de 1 noche', '•Enviado por móvil']"
Climent,España,10.0,Escrito en 13 de junio de 2023,,,"['•Viaje de ocio', '•Grupo', '•Apartamento de 1 dormitorio', '•Estancia de 1 noche', '•Enviado por móvil']"
Martinez,España,10.0,Escrito en 13 de junio de 2023,,,"['•Viaje de ocio', '•Pareja', '•Apartamento Estudio', '•Estancia de 2 noches', '•Enviado por móvil']"
Aleix,España,10.0,Escrito en 13 de junio de 2023,,,"['•Viaje de ocio', '•Grupo', '•Apartamento de 1 dormitorio', '•Estancia de 1 noche', '•Enviado por móvil']"
Luis,España,10.0,Escrito en 13 de junio de 2023,,,"['•Viaje de ocio', '•Grupo', '•Apartamento de 1 dormitorio', '•Estancia de 1 noche', '•Enviado por móvil']"
Carmen,España,10.0,Escrito en 12 de junio de 2023,,,"['•Familia con niños pequeños', '•Apartamento con terraza', '•Estancia de 3 noches', '•Enviado por móvil']"
Laura,España,10.0,Escrito en 12 de junio de 2023,,,"['•Viaje de ocio', '•Grupo', '•Apartamento de 1 dormitorio', '•Estancia de 2 noches', '•Enviado por móvil']"
Antonio,España,8.0,Escrito en 11 de junio de 2023,,,"['•Viaje de ocio', '•Familia con niños pequeños', '•Apartamento de 1 dormitorio', '•Estancia de 1 noche', '•Enviado por móvil']"
Antonio,España,9.0,Escrito en 10 de junio de 2023,,,"['•Viaje de ocio', '•Familia con niños pequeños', '•Apartamento Estudio', '•Estancia de 3 noches', '•Enviado por móvil']"
Irene,España,8.0,Escrito en 9 de junio de 2023,,,"['•Viaje de ocio', '•Familia con niños pequeños', '•Apartamento de 1 dormitorio', '•Estancia de 3 noches', '•Enviado por móvil']"
David,España,10.0,Escrito en 9 de junio de 2023,,,"['•Viaje de ocio', '•Pareja', '•Apartamento Estudio', '•Estancia de 1 noche', '•Enviado por móvil']"
Maria,España,9.0,Escrito en 6 de junio de 2023,,,"['•Viaje de negocios', '•Pareja', '•Apartamento de 1 dormitorio', '•Estancia de 1 noche', '•Enviado por móvil']"
Soraya,España,9.0,Escrito en 6 de junio de 2023,,,"['•Viaje de ocio', '•Familia con niños pequeños', '•Apartamento de 1 dormitorio', '•Estancia de 4 noches', '•Enviado por móvil']"
Jéssica,España,8.0,Escrito en 5 de junio de 2023,,,"['•Viaje de ocio', '•Persona que viaja sola', '•Apartamento de 1 dormitorio', '•Estancia de 1 noche', '•Enviado por móvil']"
Magali,España,9.0,Escrito en 5 de junio de 2023,,,"['•Viaje de ocio', '•Grupo de amigos', '•Apartamento de 1 dormitorio', '•Estancia de 2 noches', '•Enviado por móvil']"
Marta,Francia,9.0,Escrito en 4 de junio de 2023,,,"['•Viaje de ocio', '•Familia con niños pequeños', '•Apartamento de 1 dormitorio', '•Estancia de 2 noches', '•Enviado por móvil']"
F,España,10.0,Escrito en 4 de junio de 2023,,,"['•Familia con niños pequeños', '•Apartamento de 1 dormitorio', '•Estancia de 3 noches', '•Enviado por móvil']"
Juan,España,7.0,Escrito en 4 de junio de 2023,,,"['•Viaje de ocio', '•Familia con niños pequeños', '•Apartamento de 1 dormitorio', '•Estancia de 2 noches']"
Galicia,España,10.0,Escrito en 3 de junio de 2023,,,"['•Viaje de negocios', '•Persona que viaja sola', '•Apartamento Estudio', '•Estancia de 1 noche', '•Enviado por móvil']"
Trabel_er,España,10.0,Escrito en 31 de mayo de 2023,,,"['•Viaje de negocios', '•Persona que viaja sola', '•Apartamento de 1 dormitorio', '•Estancia de 2 noches', '•Enviado por móvil']"
Óscar,España,10.0,Escrito en 26 de mayo de 2023,,,"['•Familia con niños pequeños', '•Apartamento de 1 dormitorio', '•Estancia de 3 noches', '•Enviado por móvil']"
Andrea,España,9.0,Escrito en 26 de mayo de 2023,,,"['•Familia con niños pequeños', '•Apartamento de 1 dormitorio', '•Estancia de 1 noche', '•Enviado por móvil']"
Marina,España,8.0,Escrito en 24 de mayo de 2023,,,"['•Viaje de ocio', '•Grupo', '•Apartamento de 2 dormitorios', '•Estancia de 2 noches', '•Enviado por móvil']"
Ana,España,8.0,Escrito en 23 de mayo de 2023,,,"['•Viaje de ocio', '•Familia con niños pequeños', '•Apartamento de 1 dormitorio', '•Estancia de 2 noches', '•Enviado por móvil']"
M,España,10.0,Escrito en 22 de mayo de 2023,,,"['•Viaje de ocio', '•Pareja', '•Apartamento Estudio', '•Estancia de 2 noches', '•Enviado por móvil']"
María,España,10.0,Escrito en 16 de abril de 2023,,,"['•Viaje de ocio', '•Familia con niños pequeños', '•Apartamento Estudio', '•Estancia de 1 noche', '•Enviado por móvil']"
Fusinato,España,8.0,Escrito en 16 de abril de 2023,,,"['•Viaje de ocio', '•Grupo', '•Apartamento de 1 dormitorio', '•Estancia de 1 noche']"
Elena,España,10.0,Escrito en 16 de abril de 2023,,,"['•Viaje de ocio', '•Pareja', '•Apartamento de 1 dormitorio', '•Estancia de 1 noche', '•Enviado por móvil']"
Isabel,España,8.0,Escrito en 16 de abril de 2023,,,"['•Viaje de ocio', '•Familia con niños pequeños', '•Apartamento con terraza', '•Estancia de 1 noche', '•Enviado por móvil']"
Amara,España,10.0,Escrito en 15 de abril de 2023,,,"['•Viaje de ocio', '•Grupo', '•Apartamento de 2 dormitorios', '•Estancia de 2 noches', '•Enviado por móvil']"
M,España,9.0,Escrito en 15 de abril de 2023,,,"['•Viaje de ocio', '•Pareja', '•Apartamento Estudio', '•Estancia de 1 noche', '•Enviado por móvil']"
Alejandro,España,9.0,Escrito en 15 de abril de 2023,,,"['•Viaje de ocio', '•Familia con niños pequeños', '•Apartamento de 1 dormitorio', '•Estancia de 1 noche', '•Enviado por móvil']"
Diego,España,9.0,Escrito en 14 de abril de 2023,,,"['•Viaje de ocio', '•Familia con niños pequeños', '•Apartamento Estudio', '•Estancia de 3 noches', '•Enviado por móvil']"
Cati,España,7.0,Escrito en 14 de abril de 2023,,,"['•Viaje de ocio', '•Familia con niños pequeños', '•Apartamento de 1 dormitorio', '•Estancia de 2 noches', '•Enviado por móvil']"
Hibai,España,8.0,Escrito en 14 de abril de 2023,,,"['•Viaje de ocio', '•Familia con niños pequeños', '•Apartamento de 1 dormitorio', '•Estancia de 2 noches', '•Enviado por móvil']"
Vicent,España,7.0,Escrito en 13 de abril de 2023,,,"['•Viaje de ocio', '•Familia con niños pequeños', '•Apartamento de 1 dormitorio', '•Estancia de 1 noche', '•Enviado por móvil']"
Daniel,España,9.0,Escrito en 11 de abril de 2023,,,"['•Viaje de ocio', '•Persona que viaja sola', '•Apartamento de 1 dormitorio', '•Estancia de 1 noche', '•Enviado por móvil']"
Cvr,España,10.0,Escrito en 11 de abril de 2023,,,"['•Viaje de ocio', '•Familia con niños pequeños', '•Apartamento de 1 dormitorio', '•Estancia de 2 noches', '•Enviado por móvil']"
Felipedd,España,10.0,Escrito en 11 de abril de 2023,,,"['•Viaje de negocios', '•Persona que viaja sola', '•Apartamento de 1 dormitorio', '•Estancia de 1 noche', '•Enviado por móvil']"
Manuel,Tailandia,10.0,Escrito en 10 de abril de 2023,,,"['•Viaje de ocio', '•Familia con niños pequeños', '•Apartamento de 1 dormitorio', '•Estancia de 2 noches', '•Enviado por móvil']"
Yeison,España,10.0,Escrito en 10 de abril de 2023,,,"['•Viaje de ocio', '•Familia con niños pequeños', '•Apartamento de 1 dormitorio', '•Estancia de 1 noche', '•Enviado por móvil']"
Justo,España,8.0,Escrito en 10 de abril de 2023,,,"['•Viaje de ocio', '•Grupo', '•Apartamento de 2 dormitorios', '•Estancia de 4 noches', '•Enviado por móvil']"
Lea_91,España,8.0,Escrito en 10 de abril de 2023,,,"['•Viaje de ocio', '•Grupo de amigos', '•Apartamento de 1 dormitorio', '•Estancia de 2 noches', '•Enviado por móvil']"
Mikel,España,10.0,Escrito en 10 de abril de 2023,,,"['•Viaje de negocios', '•Pareja', '•Apartamento de 1 dormitorio', '•Estancia de 1 noche', '•Enviado por móvil']"
Sandra,España,9.0,Escrito en 8 de abril de 2023,,,"['•Viaje de ocio', '•Familia con niños pequeños', '•Apartamento de 2 dormitorios', '•Estancia de 1 noche', '•Enviado por móvil']"
Marta,España,9.0,Escrito en 7 de abril de 2023,,,"['•Viaje de ocio', '•Familia con niños pequeños', '•Apartamento de 1 dormitorio', '•Estancia de 1 noche', '•Enviado por móvil']"
Javier,España,10.0,Escrito en 7 de abril de 2023,,,"['•Viaje de ocio', '•Familia con niños pequeños', '•Apartamento de 1 dormitorio', '•Estancia de 1 noche', '•Enviado por móvil']"
Carlos,España,9.0,Escrito en 6 de abril de 2023,,,"['•Viaje de ocio', '•Familia con niños pequeños', '•Apartamento de 2 dormitorios', '•Estancia de 3 noches', '•Enviado por móvil']"
Nonomonono,España,10.0,Escrito en 6 de abril de 2023,,,"['•Viaje de ocio', '•Familia con niños pequeños', '•Apartamento con terraza', '•Estancia de 1 noche', '•Enviado por móvil']"
Calderón,España,10.0,Escrito en 6 de abril de 2023,,,"['•Viaje de ocio', '•Pareja', '•Apartamento de 1 dormitorio', '•Estancia de 1 noche', '•Enviado por móvil']"
Patricia,España,10.0,Escrito en 19 de febrero de 2023,,,"['•Grupo', '•Apartamento de 1 dormitorio', '•Estancia de 1 noche', '•Enviado por móvil']"
Roberto,España,7.0,Escrito en 16 de febrero de 2023,,,"['•Viaje de negocios', '•Familia con niños pequeños', '•Apartamento de 1 dormitorio', '•Estancia de 1 noche', '•Enviado por móvil']"
Roberto,España,8.0,Escrito en 15 de febrero de 2023,,,"['•Viaje de negocios', '•Grupo', '•Apartamento de 1 dormitorio', '•Estancia de 1 noche', '•Enviado por móvil']"
Lucia,España,9.0,Escrito en 15 de febrero de 2023,,,"['•Viaje de ocio', '•Familia con niños pequeños', '•Apartamento de 1 dormitorio', '•Estancia de 2 noches']"
Alejandro,España,10.0,Escrito en 14 de febrero de 2023,,,"['•Viaje de negocios', '•Grupo', '•Apartamento de 1 dormitorio', '•Estancia de 1 noche', '•Enviado por móvil']"
Rafael,España,10.0,Escrito en 12 de febrero de 2023,,,"['•Viaje de ocio', '•Grupo de amigos', '•Apartamento de 1 dormitorio', '•Estancia de 2 noches', '•Enviado por móvil']"
Marcos,España,8.0,Escrito en 12 de febrero de 2023,,,"['•Viaje de ocio', '•Familia con niños pequeños', '•Apartamento de 1 dormitorio', '•Estancia de 2 noches', '•Enviado por móvil']"
Cristina,España,10.0,Escrito en 9 de febrero de 2023,,,"['•Viaje de ocio', '•Grupo', '•Apartamento de 1 dormitorio', '•Estancia de 2 noches', '•Enviado por móvil']"
Yasmina,España,9.0,Escrito en 9 de febrero de 2023,,,"['•Viaje de ocio', '•Pareja', '•Apartamento Estudio', '•Estancia de 1 noche', '•Enviado por móvil']"
David,España,8.0,Escrito en 6 de febrero de 2023,,,"['•Viaje de ocio', '•Grupo', '•Apartamento de 1 dormitorio', '•Estancia de 1 noche', '•Enviado por móvil']"
Miguel,España,9.0,Escrito en 6 de febrero de 2023,,,"['•Viaje de ocio', '•Familia con niños pequeños', '•Apartamento de 1 dormitorio', '•Estancia de 2 noches', '•Enviado por móvil']"
Cristina,España,10.0,Escrito en 5 de febrero de 2023,,,"['•Viaje de ocio', '•Familia con niños pequeños', '•Apartamento de 1 dormitorio', '•Estancia de 2 noches', '•Enviado por móvil']"
Leire,España,10.0,Escrito en 4 de febrero de 2023,,,"['•Viaje de ocio', '•Pareja', '•Apartamento Estudio', '•Estancia de 3 noches', '•Enviado por móvil']"
Nazareth,España,10.0,Escrito en 3 de febrero de 2023,,,"['•Viaje de ocio', '•Familia con niños pequeños', '•Apartamento de 1 dormitorio', '•Estancia de 1 noche']"
Roberto,España,9.0,Escrito en 3 de febrero de 2023,,,"['•Viaje de negocios', '•Grupo', '•Apartamento de 1 dormitorio', '•Estancia de 4 noches', '•Enviado por móvil']"
Itxaso,España,8.0,Escrito en 3 de febrero de 2023,,,"['•Viaje de ocio', '•Grupo', '•Apartamento de 1 dormitorio', '•Estancia de 1 noche', '•Enviado por móvil']"
Pablo,España,8.0,Escrito en 3 de febrero de 2023,,,"['•Viaje de ocio', '•Familia con niños pequeños', '•Apartamento de 1 dormitorio', '•Estancia de 8 noches', '•Enviado por móvil']"
Iñigo,España,8.0,Escrito en 2 de febrero de 2023,,,"['•Viaje de ocio', '•Familia con niños pequeños', '•Apartamento de 1 dormitorio', '•Estancia de 1 noche', '•Enviado por móvil']"
Pablo,España,10.0,Escrito en 1 de febrero de 2023,,,"['•Viaje de ocio', '•Grupo', '•Apartamento de 2 dormitorios', '•Estancia de 1 noche', '•Enviado por móvil']"
Fontdegloria,España,10.0,Escrito en 1 de febrero de 2023,,,"['•Viaje de ocio', '•Familia con niños pequeños', '•Apartamento de 1 dormitorio', '•Estancia de 3 noches', '•Enviado por móvil']"
Nuria,España,9.0,Escrito en 1 de febrero de 2023,,,"['•Viaje de ocio', '•Familia con niños pequeños', '•Apartamento de 1 dormitorio', '•Estancia de 2 noches', '•Enviado por móvil']"
Jorge,España,9.0,Escrito en 31 de enero de 2023,,,"['•Viaje de ocio', '•Grupo', '•Apartamento de 1 dormitorio', '•Estancia de 2 noches', '•Enviado por móvil']"
Miren,España,8.0,Escrito en 30 de enero de 2023,,,"['•Viaje de ocio', '•Pareja', '•Apartamento de 1 dormitorio', '•Estancia de 1 noche', '•Enviado por móvil']"
Alejandro,España,10.0,Escrito en 30 de enero de 2023,,,"['•Viaje de negocios', '•Persona que viaja sola', '•Apartamento de 1 dormitorio', '•Estancia de 4 noches', '•Enviado por móvil']"
Elixabet,España,9.0,Escrito en 29 de enero de 2023,,,"['•Viaje de ocio', '•Familia con niños pequeños', '•Apartamento de 1 dormitorio', '•Estancia de 1 noche', '•Enviado por móvil']"
Candel,España,3.0,Escrito en 1 de noviembre de 2025,,,"['•Viaje de ocio', '•Grupo', '•Apartamento de 1 dormitorio', '•Estancia de 5 noches', '•Enviado por móvil']"
Jose,España,1.0,Escrito en 19 de octubre de 2025,,,"['•Viaje de negocios', '•Familia con niños pequeños', '•Apartamento de 1 dormitorio', '•Estancia de 4 noches', '•Enviado por móvil']"
Cristóbal,España,1.0,Escrito en 30 de septiembre de 2025,,,"['•Viaje de ocio', '•Pareja', '•Apartamento Estudio', '•Estancia de 1 noche', '•Enviado por móvil']"
García,España,3.0,Escrito en 4 de septiembre de 2025,,,"['•Familia con niños pequeños', '•Apartamento de 1 dormitorio', '•Estancia de 1 noche', '•Enviado por móvil']"
Beteta,España,6.0,Escrito en 18 de agosto de 2025,,,"['•Viaje de ocio', '•Persona que viaja sola', '•Apartamento Estudio', '•Estancia de 4 noches', '•Enviado por móvil']"
Cerezo,España,5.0,Escrito en 1 de agosto de 2025,,,"['•Viaje de ocio', '•Familia con niños pequeños', '•Apartamento de 1 dormitorio', '•Estancia de 1 noche', '•Enviado por móvil']"
Zaira,España,1.0,Escrito en 3 de julio de 2025,,,"['•Viaje de ocio', '•Grupo', '•Apartamento de 1 dormitorio', '•Estancia de 3 noches', '•Enviado por móvil']"
Antonio,España,6.0,Escrito en 4 de junio de 2025,,,"['•Viaje de negocios', '•Persona que viaja sola', '•Apartamento de 1 dormitorio', '•Estancia de 2 noches', '•Enviado por móvil']"
Urko,España,6.0,Escrito en 26 de marzo de 2025,,,"['•Viaje de ocio', '•Grupo', '•Apartamento de 1 dormitorio', '•Estancia de 1 noche']"
Carmen,España,5.0,Escrito en 9 de febrero de 2025,,,"['•Viaje de ocio', '•Familia con niños pequeños', '•Apartamento Estudio', '•Estancia de 6 noches', '•Enviado por móvil']"
Lucia,España,5.0,Escrito en 28 de enero de 2025,,,"['•Viaje de ocio', '•Pareja', '•Apartamento Estudio', '•Estancia de 3 noches', '•Enviado por móvil']"
Perez,España,6.0,Escrito en 13 de enero de 2025,,,"['•Viaje de negocios', '•Familia con niños pequeños', '•Apartamento de 1 dormitorio', '•Estancia de 2 noches', '•Enviado por móvil']"
Francisco,España,5.0,Escrito en 26 de noviembre de 2024,,,"['•Viaje de ocio', '•Familia con niños pequeños', '•Apartamento de 1 dormitorio', '•Estancia de 2 noches', '•Enviado por móvil']"
Bárbara,España,4.0,Escrito en 16 de noviembre de 2024,,,"['•Viaje de ocio', '•Familia con niños pequeños', '•Apartamento con terraza', '•Estancia de 1 noche', '•Enviado por móvil']"
Juan,España,6.0,Escrito en 16 de octubre de 2024,,,"['•Viaje de ocio', '•Pareja', '•Apartamento de 1 dormitorio', '•Estancia de 1 noche', '•Enviado por móvil']"
Jose,España,5.0,Escrito en 13 de octubre de 2024,,,"['•Viaje de ocio', '•Pareja', '•Apartamento Estudio', '•Estancia de 4 noches']"
Aina118,España,6.0,Escrito en 7 de octubre de 2024,,,"['•Viaje de ocio', '•Grupo de amigos', '•Apartamento de 1 dormitorio', '•Estancia de 1 noche', '•Enviado por móvil']"
Juan,España,6.0,Escrito en 8 de julio de 2024,,,"['•Viaje de ocio', '•Familia con niños pequeños', '•Apartamento de 1 dormitorio', '•Estancia de 1 noche', '•Enviado por móvil']"
Iñaki,San Pedro y Miquelón,5.0,Escrito en 27 de junio de 2024,,,"['•Viaje de ocio', '•Pareja', '•Apartamento de 1 dormitorio', '•Estancia de 3 noches', '•Enviado por móvil']"
Antonio,España,6.0,Escrito en 25 de mayo de 2024,,,"['•Viaje de ocio', '•Familia con niños pequeños', '•Apartamento Estudio', '•Estancia de 4 noches', '•Enviado por móvil']"
Juan,España,6.0,Escrito en 14 de mayo de 2024,,,"['•Viaje de negocios', '•Familia con niños pequeños', '•Apartamento de 1 dormitorio', '•Estancia de 1 noche', '•Enviado por móvil']"
Juan,España,5.0,Escrito en 11 de mayo de 2024,,,"['•Viaje de negocios', '•Grupo', '•Apartamento de 1 dormitorio', '•Estancia de 4 noches', '•Enviado por móvil']"
Maria,España,6.0,Escrito en 5 de abril de 2024,,,"['•Viaje de ocio', '•Familia con niños pequeños', '•Apartamento de 1 dormitorio', '•Estancia de 2 noches', '•Enviado por móvil']"
Andoni,España,1.0,Escrito en 24 de marzo de 2024,,,"['•Viaje de ocio', '•Grupo', '•Apartamento de 2 dormitorios', '•Estancia de 2 noches', '•Enviado por móvil']"
Aitor,España,5.0,Escrito en 5 de marzo de 2024,,,"['•Viaje de ocio', '•Pareja', '•Apartamento de 1 dormitorio', '•Estancia de 1 noche', '•Enviado por móvil']"
